GEOID,tract,female_clf,female_unemp,male_clf,male_unemp,unemp_rate_f,unemp_rate_f_moe,unemp_rate_m,unemp_rate_m_moe,gap_f_minus_m,cv_f,median_hh_income,pct_poverty,pct_bachelors_plus,total_pop,pct_hispanic,pct_white_nh,pct_black_nh,pct_asian_nh
06037101110,101110,1128,107,1265,9,9.48581560283688,6.70207525329981,0.711462450592885,1.55915652642891,8.774353152244,42.9505490198119,88438,13.0630630630631,28.7254901960784,4294,32.9063809967396,53.9124359571495,1.95621797857476,7.82487191429902
06037101122,101122,970,70,1276,116,7.21649484536083,5.83504815480763,9.09090909090909,6.43143670587774,-1.87441424554827,49.1532497626001,104643,6.93669658016008,38.0622837370242,4124,11.8816682832202,71.2657613967022,0.2909796314258,12.3423860329777
06037101220,101220,996,46,981,85,4.61847389558233,4.18565404518265,8.66462793068298,5.7137941643581,-4.04615403510065,55.093318739288,92317,18.8347274300548,36.7476635514019,3467,37.3233342947794,45.5148543409288,0.259590423997693,13.960196134987
06037101221,101221,843,57,742,0,6.76156583629893,6.06626378164082,0,1.88679245283019,6.76156583629893,54.5391176656877,52204,17.7001127395716,27.78198334595,3593,31.0047314222099,50.6818814361258,4.00779293069858,5.14890064013359
06037101222,101222,542,34,658,44,6.27306273062731,10.3252120410861,6.68693009118541,10.8526659463296,-0.413867360558104,100.058375223827,38125,14.9516270888303,16.6190748143918,2290,40.3930131004367,51.17903930131,0.611353711790393,1.26637554585153
06037101300,101300,1086,34,1076,139,3.13075506445672,3.27985586745085,12.9182156133829,7.24670795646409,-9.78746054892618,63.6853830154055,127566,7.80916211725611,37.6838235294118,4253,15.0246884552081,75.452621678815,0.329179402774512,4.5144603809076
06037101400,101400,995,47,1142,88,4.72361809045226,4.14660923824581,7.70577933450088,4.89912546695606,-2.98216124404861,53.3644983774764,87138,5.19610292280789,32.1220930232558,4006,27.3339990014978,59.735396904643,1.99700449326011,7.01447828257614
06037102103,102103,445,43,502,41,9.66292134831461,9.36474441355203,8.16733067729084,7.55287225031458,1.49559067102377,58.9144166824154,76594,11.3746369796709,35.1825842696629,2066,1.98451113262343,78.944820909971,10.9390125847047,7.50242013552759
06037102104,102104,891,38,1108,124,4.2648709315376,6.62733911352446,11.1913357400722,7.61788485433224,-6.9264648085346,94.4642321252646,109460,9.57844849089549,45.4234972677596,4231,12.5738596076578,71.2361143937604,1.77263058378634,12.8338454266131
06037102105,102105,330,0,400,17,0,4.24242424242424,4.25,5.09667435227375,-4.25,,70750,9.61158657011192,21.5940685820204,1519,62.4094799210007,17.5115207373272,2.96247531270573,12.9690585911784
06037102107,102107,982,111,904,83,11.3034623217923,12.8389494652064,9.18141592920354,7.58753855706202,2.12204639258872,69.048157807348,106218,13.7844611528822,33.5551663747811,3699,26.4125439307921,64.7472289808056,0.48661800486618,4.08218437415518
06037103101,103101,716,25,928,120,3.49162011173184,4.0575855572621,12.9310344827586,8.32666131014237,-9.43941437102678,70.6439211914812,112083,5.1808066759388,33.0995792426367,2876,29.346314325452,58.1015299026426,0.0695410292072323,8.20584144645341
06037103102,103102,997,33,1146,197,3.3099297893681,4.30183740209517,17.1902268760908,9.79932811489198,-13.8802970867226,79.0076796516327,73642,13.4341837886656,20.225988700565,4475,18.2346368715084,68.7821229050279,1.72067039106145,7.75418994413408
06037103201,103201,935,66,1209,87,7.05882352941176,6.67869399010823,7.19602977667494,6.60282494683039,-0.137206247263173,57.5166149097467,69347,9.44257568476694,24.7214694369166,4275,41.8947368421053,44.327485380117,2.94736842105263,9.38011695906433
06037103202,103202,671,0,507,39,0,2.08643815201192,7.69230769230769,7.57476014498216,-7.69230769230769,,122560,3.4563288183092,36.1740166865316,2146,25.4892823858341,49.3010251630941,3.07548928238583,1.72413793103448
06037103300,103300,805,69,1060,92,8.57142857142857,9.63686507155223,8.67924528301887,5.59426988991401,-0.107816711590297,68.3465607911506,120134,7.40053050397878,37.4549387166547,3781,15.1811690029093,68.7648770166623,2.08939434012166,6.79714361280085
06037103401,103401,489,12,951,97,2.45398773006135,4.33602917798199,10.1997896950578,10.8248248388437,-7.74580196499649,107.41227295001,101628,9.8334655035686,42.8795811518325,2522,17.9619349722443,65.5828707375099,0.277557494052339,11.3005551149881
06037103402,103402,936,39,1004,0,4.16666666666667,4.30783587348641,0,1.39442231075697,4.16666666666667,62.8498850843002,100059,10.1092131055727,33.3218351155571,3626,19.1947049089906,65.7473800330943,5.79150579150579,4.6607832322118
06037104103,104103,922,93,1033,132,10.0867678958785,6.32773508433344,12.7783155856728,9.82052611649393,-2.69154768979427,38.1355802709771,96607,12.503202664617,17.7624409734835,4063,71.621954221019,8.31897612601526,10.8540487324637,5.43933054393305
06037104105,104105,1207,103,1343,102,8.53355426677713,6.89101522319348,7.59493670886076,5.55875783926796,0.938617557916375,49.089358009824,60507,21.4372504773477,16.6620916826791,5766,80.9399930627818,5.08151231356226,7.40548040235865,1.92507804370447
06037104108,104108,1006,79,1476,126,7.85288270377734,7.2864693859949,8.53658536585366,6.86788541968172,-0.683702662076323,56.4055881059665,74506,14.1729094958494,10.5109489051095,4939,83.1949787406358,2.1664304515084,6.7422555173112,3.86717959101033
06037104124,104124,1248,147,1018,66,11.7788461538462,11.6806118291091,6.48330058939096,6.70791131824752,5.29554556445519,60.2832891372668,83958,9.0745962573699,26.9606193200942,3950,50.7594936708861,31.4683544303798,9.67088607594937,5.79746835443038
06037104201,104201,1004,124,1464,111,12.3505976095618,6.79238243120301,7.58196721311475,4.33047641060599,4.768630396447,33.4324539706237,107083,8.04252368846776,12.6798260287722,4337,85.4277150103758,0.230574129582661,9.43048189993083,4.79594189531935
06037104203,104203,1065,148,1394,165,13.8967136150235,7.95972656498464,11.8364418938307,7.17165337494547,2.06027172119277,34.8193082712094,74008,18.9634146341463,9.81210855949896,4992,93.8501602564103,0.821314102564103,2.96474358974359,1.10176282051282
06037104204,104204,726,11,787,46,1.51515151515152,2.6149987338112,5.84498094027954,4.7645116973273,-4.32982942512803,104.917882329203,76250,13.1854590264941,13.8061267310113,3577,77.4391948560246,12.636287391669,4.55689124965055,3.46659211629857
06037104310,104310,1042,38,1234,105,3.6468330134357,3.27377043799473,8.50891410048623,5.16666302674819,-4.86208108705052,54.5715692911615,92457,12.4082721814543,8.65093768905021,4561,94.3214207410656,1.75400131550099,1.18395088796317,0.306950230212673
06037104321,104321,551,60,726,66,10.8892921960073,9.06317121889198,9.09090909090909,6.71593768479171,1.79838310509817,50.5958190639259,58047,17.3881411422335,4.63739516526887,2749,91.7424518006548,1.01855220080029,0.945798472171699,0.873044743543107
06037104322,104322,375,16,634,22,4.26666666666667,6.22137439811184,3.47003154574133,3.79686971724599,0.796635120925342,88.6404027086604,106400,4.58404074702886,15.7198443579767,1778,89.1451068616423,2.58717660292463,1.5185601799775,2.08098987626547
06037104401,104401,707,8,681,96,1.13154172560113,2.59622809996698,14.0969162995595,7.85513883462997,-12.9653745739583,139.478211753545,77875,17.4080560420315,12.70207852194,2862,95.9818308874913,3.38923829489867,0.628930817610063,0
06037104403,104403,616,17,634,60,2.75974025974026,3.78039848285703,9.46372239747634,6.5830046260312,-6.70398213773608,83.2728576949734,88571,18.655462184874,9.22391857506361,2410,95.4771784232365,1.41078838174274,0,3.11203319502075
06037104404,104404,731,44,991,60,6.01915184678523,5.63967241825508,6.05449041372351,3.8855239609115,-0.035338566938286,56.9577305573979,83173,11.7341040462428,6.17283950617284,3477,97.2677595628415,0.977854472246189,0,1.23669830313489
06037104500,104500,755,69,726,25,9.13907284768212,6.17633616458569,3.4435261707989,4.88568844894819,5.69554667688322,41.0830695058561,75536,33.7202553685432,6.27973358705994,3472,97.5230414746544,1.3536866359447,0.144009216589862,0.777649769585254
06037104610,104610,577,30,821,14,5.19930675909879,6.15006576512679,1.70523751522534,2.40882332349433,3.49406924387345,71.9065440015837,88171,9.9344262295082,5.72576594676042,3112,97.0115681233933,1.83161953727506,0,0.44987146529563
06037104620,104620,599,43,956,45,7.17863105175292,6.70955852768946,4.7071129707113,3.95618183544845,2.47151808104162,56.8180611873329,91875,19.0053848590434,11.0264227642276,3198,95.4033771106942,3.31457160725453,0.375234521575985,0.187617260787992
06037104701,104701,918,91,998,107,9.91285403050109,7.22097223652674,10.7214428857715,5.4289844693741,-0.808588855270454,44.2823909491402,51000,33.5255948089402,7.83027121609799,4175,98.4191616766467,0.263473053892216,1.31736526946108,0
06037104703,104703,470,38,858,99,8.08510638297872,7.37374169161608,11.5384615384615,6.94191009684162,-3.45335515548281,55.4416668542562,,18.5320356853204,7.68753874767514,2493,87.645407139992,5.73606097071801,4.89370236662655,1.12314480545527
06037104704,104704,1026,40,1414,69,3.89863547758285,4.85954486336603,4.87977369165488,4.01824829643362,-0.981138214072034,75.7734503011178,79340,23.6980306345733,13.2505870513251,4570,81.3347921225383,7.68052516411379,6.08315098468271,2.88840262582057
06037104821,104821,722,77,816,75,10.6648199445983,6.31239588527615,9.19117647058824,5.26793730387481,1.4736434740101,35.9811299819949,73214,16.5501905972046,9.32889100428367,3194,93.7382592360676,3.38134001252348,0,1.28365685660614
06037104822,104822,380,48,652,61,12.6315789473684,9.944390772454,9.3558282208589,5.91164325574312,3.27575072650953,47.8580103030968,51429,22.5702441271304,7.10267229254571,2171,93.0907415937356,2.21096269000461,0,4.37586365730078
06037104823,104823,649,34,785,42,5.23882896764253,4.75147343751082,5.35031847133758,5.47139971666147,-0.111489503695053,55.1351021087882,83906,24.5749613601237,18.720503408495,3235,81.4219474497682,1.79289026275116,3.27666151468315,12.4884080370943
06037104824,104824,524,83,842,16,15.8396946564886,7.91586086519476,1.90023752969121,3.34477425204905,13.9394571267973,30.3798373557114,115625,13.6417556346382,5.56872037914692,2576,98.1366459627329,0,0,0
06037106010,106010,827,80,1043,37,9.67351874244256,6.66751377784173,3.54745925215724,2.64441115912218,6.12605949028533,41.8999536039142,145938,5.1218844152287,20.4231082180635,3653,69.7782644401862,21.2701888858473,3.20284697508897,1.64248562825075
06037106020,106020,1081,48,1690,168,4.44033302497687,4.30439375155877,9.94082840236686,8.316559113015,-5.50049537738999,58.9292001701498,124972,14.2442984151527,23.6083357122467,5176,82.9211746522411,7.1483771251932,2.45363214837713,4.82998454404946
06037106111,106111,1115,111,1349,57,9.95515695067265,8.73654898284086,4.22535211267606,4.00731513075253,5.72980483799659,53.3489532345768,109805,5.76727124515998,22.468443197756,4920,56.4024390243903,24.4308943089431,3.04878048780488,10.4674796747967
06037106112,106112,1471,33,1539,89,2.24337185588035,2.51847778756799,5.78297595841456,4.19196329627265,-3.5396041025342,68.2450184307361,114205,7.88613194845163,24.1578947368421,5292,72.9780801209373,17.7815570672714,0.90702947845805,6.76492819349962
06037106113,106113,891,144,1115,34,16.1616161616162,12.9036361127012,3.04932735426009,4.60636171952727,13.1122888073561,48.5357133418474,110032,2.82115869017632,23.1909636427815,4049,78.4144233143986,9.82958755248209,0.740923684860459,10.0024697456162
06037106114,106114,1887,83,1597,28,4.39851616322205,3.26883730329294,1.75328741390106,2.63640994674672,2.64522874932098,45.1773976732251,86346,18.4635722679201,18.4318455971049,6808,76.0869565217391,4.9647473560517,4.64159811985899,14.042303172738
06037106403,106403,1010,96,979,77,9.5049504950495,6.05651453194979,7.86516853932584,6.51834338764919,1.63978195572366,38.7353069735897,109417,8.64671973648092,18.7603305785124,3650,86.6027397260274,7.47945205479452,1.80821917808219,1.42465753424658
06037106405,106405,1164,178,1232,181,15.2920962199313,11.4910034189138,14.6915584415584,8.53694974580328,0.60053777837283,45.6798879123517,93694,24.7907434761201,16.8285912560722,4137,73.1447909112884,11.6751269035533,7.54169688179841,5.36620739666425
06037106406,106406,1581,25,2151,89,1.58127767235927,2.09306319525904,4.13761041376104,3.42035930955747,-2.55633274140178,80.4652379745784,106754,5.07246376811594,22.2098462909334,6486,69.7348134443417,15.8032685784767,2.03515263644773,12.4267653407339
06037106407,106407,504,63,465,43,12.5,7.61380454208435,9.24731182795699,7.54932904081088,3.25268817204301,37.0276208733585,32375,31.686460807601,15.1515151515152,2229,83.7595334230597,8.16509645580978,4.17227456258412,2.78151637505608
06037106408,106408,763,83,912,35,10.8781127129751,7.54106238815272,3.83771929824561,3.25916547533143,7.04039341472948,42.1417995544038,54552,28.75,7.32848232848233,3802,88.1641241451868,5.41820094687007,2.70910047343503,2.10415570752236
06037106510,106510,1513,298,1703,82,19.6959682749504,15.4211961292764,4.81503229594833,3.00695245637384,14.8809359790021,47.5964785369437,149135,8.70273204269948,38.4536610343062,5724,56.0971348707198,12.0894479385045,3.93081761006289,21.2089447938505
06037106520,106520,1171,45,1311,117,3.84286934244236,3.32305054028863,8.92448512585812,5.67759887020464,-5.08161578341577,52.5672702827151,115283,12.9032258064516,17.9320113314448,5270,84.3833017077799,5.38899430740038,5.33206831119545,1.11954459203036
06037106603,106603,876,23,1001,108,2.62557077625571,2.8516540178629,10.7892107892108,7.78962113765291,-8.16364001295508,66.0248161661926,169821,4.01903754627181,46.7286101432443,3783,25.1916468411314,46.3388844832144,8.51176315093841,18.0015860428232
06037106604,106604,1008,112,1486,61,11.1111111111111,7.21883951775861,4.1049798115747,3.69765874616994,7.00613129953641,39.4951706138769,72386,14.9220489977728,13.3824021411843,4490,87.2383073496659,6.03563474387528,2.24944320712695,3.25167037861915
06037106641,106641,535,30,581,69,5.60747663551402,4.91612037812619,11.8760757314974,11.6863504466784,-6.2685990959834,53.2953273008614,123170,8.01594331266608,44.4708680142687,2280,7.23684210526316,69.9561403508772,3.1140350877193,15.2631578947368
06037106642,106642,786,63,1057,150,8.01526717557252,6.719210089692,14.1911069063387,9.12793171698514,-6.17583973076618,50.9605744246434,139500,10.6347438752784,45.5987910842463,3621,26.1806130903065,57.1112952223143,3.34161833747584,10.4114885390776
06037106643,106643,768,23,1168,39,2.99479166666667,4.16736463447725,3.33904109589041,3.1658708313235,-0.344249429223745,84.5919397192687,211974,4.53209211170995,50.8016347060673,4082,10.5830475257227,51.9598236158746,8.03527682508574,14.0862322390985
06037106645,106645,853,72,756,53,8.44079718640094,7.47040748490964,7.01058201058201,4.77690881910652,1.43021517581893,53.8015669083749,159357,7.34966592427617,50.2999143101971,3143,26.9169583200764,54.4702513522113,0,12.9175946547884
06037106646,106646,766,63,820,65,8.22454308093995,5.79834761524599,7.92682926829268,5.45317734478254,0.297713812647264,42.8574735685669,114107,5.41237113402062,39.778779188857,3221,27.8795405153679,43.030114871158,2.29742316050916,20.6768084445824
06037106648,106648,1013,3,1264,0,0.296150049358342,1.69703394119358,0,1.10759493670886,0.296150049358342,348.347595223729,54111,11.3333333333333,9.5928226363009,4517,83.9273854328094,8.03630728359531,2.47952180650875,4.44985609918087
06037106649,106649,671,49,619,97,7.30253353204173,5.29096118917544,15.670436187399,10.6441541508683,-8.3679026553573,44.044847812626,110089,4.61351679481991,20.4250295159386,2471,70.2954269526508,9.51031970861999,0.930797248077701,15.3783893160664
06037107010,107010,644,41,985,65,6.36645962732919,6.87124063023744,6.5989847715736,5.45605194324726,-0.232525144244411,65.6101855715459,98281,3.52776807544534,13.6130536130536,2922,89.3908281998631,6.94729637234771,0.171115674195756,2.56673511293635
06037107020,107020,1096,53,1238,256,4.83576642335766,4.43377589105001,20.6785137318255,13.458207263746,-15.8427473084679,55.7368627239871,84375,20.8762366242681,16.8336025848142,4953,83.0809610337169,5.47143145568342,2.03916818090046,7.20775287704422
06037108101,108101,484,22,696,30,4.54545454545455,4.71729639820241,4.31034482758621,3.6337628336723,0.235109717868339,63.0884624683606,159531,2.64084507042254,54.0091638029782,2272,19.2341549295775,48.899647887324,2.06866197183099,22.9753521126761
06037108102,108102,660,41,894,78,6.21212121212121,6.6410416278509,8.7248322147651,7.44609228659378,-2.51271100264389,64.9875820947675,133262,11.9142857142857,58.8045234248788,3502,15.4483152484295,44.6316390633924,1.97030268418047,34.8657909765848
06037108103,108103,796,85,789,55,10.678391959799,10.1353286815348,6.97084917617237,8.19003845431984,3.70754278362663,57.6987064580847,159677,4.28258830884651,61.7696867061812,3199,8.47139731165989,53.4542044388872,4.18880900281338,30.5720537668021
06037108104,108104,366,19,351,3,5.19125683060109,6.17299192114374,0.854700854700855,4.45420616401371,4.33655597590024,72.2865155379494,144375,5.86186883343006,65.9519725557462,1723,7.54497968659315,65.1770168311085,1.6250725478816,20.0232153221126
06037108202,108202,2793,18,3700,100,0.644468313641246,1.33420586459725,2.7027027027027,2.30025439658283,-2.05823438906146,125.8506241074,181709,3.58397118415128,64.7277386290839,11154,12.1032813340506,29.4602833064372,12.6053433745741,39.5553164783934
06037108203,108203,782,20,914,21,2.55754475703325,3.47195123815653,2.29759299781182,2.8290615433804,0.259951759221432,82.5247984266993,143000,5.23747560182173,63.4920634920635,3074,4.22901756668835,38.8418998048146,6.27846454131425,47.0722186076773
06037108204,108204,599,26,467,9,4.34056761268781,4.05179916654094,1.9271948608137,4.06552606300836,2.41337275187411,56.7460299452425,179688,2.8664142779881,74.8447204968944,1849,6.76041103299081,39.1022174148188,0.75716603569497,49.8107084910763
06037109100,109100,511,8,817,71,1.56555772994129,3.58705974874947,8.69033047735618,5.53711083386061,-7.12477274741489,139.28476683974,70458,9.04723779023219,19.632949210414,2783,44.5921667265541,30.3629177146964,5.89292130794107,18.9363995688106
06037109200,109200,742,13,857,61,1.75202156334232,3.84553603151203,7.11785297549592,5.60833955564198,-5.3658314121536,133.429400766048,123533,4.78345184227537,50.687971593431,3094,22.7860374919199,37.9767291531997,4.42792501616031,31.7065287653523
06037109300,109300,747,54,1003,27,7.2289156626506,4.71003282770423,2.69192422731805,2.61785775150956,4.53699143533256,39.6081787942707,121193,4.12567438908283,26.0869565217391,3156,50.0950570342205,26.6476552598226,1.74271229404309,16.8250950570342
06037109400,109400,836,25,1179,32,2.99043062200957,3.63936340482372,2.71416454622562,2.80626949333078,0.276266075783955,73.9819527400031,82083,5.70259208731241,29.7726452544208,3670,82.125340599455,10.4359673024523,0.381471389645777,5.80381471389646
06037109500,109500,1157,92,1001,71,7.95159896283492,5.70062457352515,7.09290709290709,4.68379648325406,0.858691869927825,43.581489570296,92188,12.1510236639192,10.0610851598994,3852,88.4994807892004,4.62097611630322,1.34994807892004,5.52959501557632
06037109601,109601,1283,146,1509,114,11.3795791114575,13.894786585686,7.55467196819086,6.12719451356804,3.82490714326667,74.2266360887502,118210,5.25189651818712,16.2413609782031,5141,64.2676522077417,19.5292744602217,6.18556701030928,6.86636841081502
06037109603,109603,1173,69,931,51,5.88235294117647,4.6783321387691,5.47798066595059,4.1766455512502,0.40437227522588,48.3475053854558,84008,12.291052114061,20.0503959683225,4068,75.5162241887906,11.6764995083579,2.77777777777778,8.16125860373648
06037109604,109604,837,10,998,25,1.194743130227,2.62087794129154,2.50501002004008,2.37274557941352,-1.31026688981308,133.354093426202,108188,12.6421404682274,20.9272097053726,3052,71.2975098296199,12.9423328964613,2.39187418086501,6.02883355176933
06037109700,109700,915,88,917,62,9.61748633879781,7.67452378944404,6.76117775354417,4.91018454419403,2.85630858525365,48.5091825596939,110179,10.3212749810271,30.5847568988174,4002,40.2048975512244,37.9560219890055,0.674662668665667,11.3943028485757
06037109800,109800,857,16,1303,144,1.86697782963827,3.25231935653121,11.0514198004605,6.6959560990964,-9.1844419708222,105.89808847064,79347,9.43353644775446,23.3674963396779,4444,54.7704770477048,29.7029702970297,1.8001800180018,7.80828082808281
06037111100,111100,805,32,719,47,3.97515527950311,4.07212522254587,6.53685674547983,4.37146433923602,-2.56170146597673,62.2731915681882,108173,6.26255860683188,32.8923357664234,2989,47.2064235530278,30.4784208765473,0.869856139176982,19.3710270993643
06037111201,111201,749,27,745,114,3.60480640854473,4.89155562454008,15.3020134228188,15.3821907859927,-11.6972070142741,82.4895905162787,122125,8.6,39.4334532374101,3005,36.3394342762063,43.4608985024958,1.29783693843594,16.8386023294509
06037111202,111202,1050,124,1636,261,11.8095238095238,8.98496213036187,15.9535452322738,9.26810916921901,-4.14402142275003,46.2506629908813,109630,9.15926179084074,30.3571428571429,6046,30.1190869996692,45.7492557062521,2.51405888190539,15.7790274561694
06037111204,111204,1243,27,1802,150,2.17216411906677,2.47105310736472,8.32408435072142,3.47337415643816,-6.15192023165465,69.1549929630608,184425,1.70545106789927,54.9307958477509,6274,19.1903092126235,47.4816703857189,0.860694931463181,25.1195409627032
06037111205,111205,1458,90,949,26,6.17283950617284,4.26674907801745,2.73972602739726,4.14777867000382,3.43311347877558,42.0190486710533,114464,5.28301886792453,44.7377809489832,3975,26.3899371069182,34.2389937106918,5.71069182389937,29.2327044025157
06037111206,111206,846,65,1153,99,7.68321513002364,7.19275082728013,8.58629661751951,5.36159992196332,-0.903081487495873,56.9096768751834,153355,5.24676569238141,53.0605455755156,4177,20.6368206847019,46.301173090735,5.84151304764185,22.1211395738568
06037111302,111302,1344,81,1676,70,6.02678571428571,3.57000512887865,4.17661097852029,3.11646081107678,1.85017473576543,36.0095079981455,100975,7.43716522455707,49.9000856408793,4893,33.8851420396485,42.2235847128551,2.82035561005518,17.3717555691805
06037111303,111303,1021,61,1162,187,5.9745347698335,5.65421440058855,16.0929432013769,18.6344675521778,-10.1184084315434,57.5310469181415,111815,5.79576816927323,44.9579831932773,4424,33.4312839059675,44.8915009041591,2.26039783001808,14.8508137432188
06037111304,111304,812,35,1011,50,4.31034482758621,5.40567361269344,4.94559841740851,5.50045457186741,-0.635253589822299,76.2380716197494,45845,32.123473541384,33.3769633507853,2948,43.6906377204885,17.6051560379919,8.98914518317503,25.1017639077341
06037111401,111401,545,17,631,13,3.11926605504587,5.6954533512847,2.06022187004754,3.36029396848277,1.05904418499833,110.996677148227,142500,3.41058154787932,40.0948991696323,2287,38.0848272846524,39.7463926541321,1.88019239177962,17.1403585483166
06037111402,111402,1384,296,1668,22,21.3872832369942,19.5139964339101,1.3189448441247,2.15218670609255,20.0683383928695,55.4657255083621,59323,11.8076054870637,29.4406061956764,5888,37.398097826087,44.9048913043478,0.271739130434783,16.1854619565217
06037113101,113101,834,61,941,32,7.31414868105516,5.20909102974374,3.40063761955367,3.44833795564307,3.91351106150149,43.2944533240947,137072,13.1384867522535,53.9829302987198,3666,16.3120567375887,60.392798690671,1.25477359519913,15.5755591925805
06037113102,113102,529,28,818,16,5.29300567107751,5.50209254555504,1.9559902200489,2.64680789694075,3.33701545102861,63.1916403951067,200625,2.65193370165746,57.2797809219535,2722,16.2380602498163,47.6120499632623,2.42468772961058,18.8096987509184
06037113211,113211,1160,42,992,49,3.62068965517241,3.63370132803018,4.93951612903226,4.04814003539048,-1.31882647385984,61.0087355697642,122663,6.50916104146577,52.5830865416255,4165,14.9819927971188,44.9939975990396,11.452581032413,22.2569027611044
06037113212,113212,749,85,730,103,11.3484646194927,10.8680982076477,14.1095890410959,9.18256015392328,-2.76112442160323,58.2170967818926,92431,13.0777903043968,40.3394907638542,2769,26.3994221740701,36.0780065005417,7.43950884795955,21.2712170458649
06037113213,113213,1500,67,1425,12,4.46666666666667,3.02414794399356,0.842105263157895,1.87748873663199,3.62456140350877,41.1579359977348,133241,6.54590366405928,46.186895810956,5002,32.047181127549,35.6057576969212,4.01839264294282,20.4918032786885
06037113231,113231,619,25,757,48,4.03877221324717,4.36732962075368,6.34081902245707,5.32684818696994,-2.30204680920989,65.7356117993077,127528,3.82608695652174,55.7735426008969,2305,14.8373101952278,59.7396963123644,4.38177874186551,7.67895878524946
06037113232,113232,1316,126,1581,128,9.57446808510638,9.07095434684215,8.09614168247944,6.08012296014477,1.47832640262694,57.5933609323311,182422,6.77451971688574,41.4402870322911,5082,20.543093270366,48.7209759937033,4.40771349862259,19.6576151121606
06037113234,113234,1339,163,1337,280,12.1732636295743,8.29303219740962,20.9424083769634,12.711545049999,-8.76914474738904,41.4133556317955,65588,15.4500092404362,23.4143763213531,5411,55.7013491036777,20.901866568102,7.81740898170394,15.3945666235446
06037113235,113235,493,44,580,79,8.92494929006085,9.82668710069155,13.6206896551724,10.8491361503267,-4.69574036511156,66.9322567096012,91622,18.0011043622308,23.0022404779686,1811,36.5543898398675,44.7266703478741,0.552181115405853,1.82219768083932
06037113237,113237,1066,19,1250,51,1.78236397748593,2.17293110515921,4.08,5.21650502939123,-2.29763602251407,74.1111680722995,134926,6.82298267849599,45.9530791788856,4734,27.0384452893959,45.7118715673849,4.24588086185044,16.8567807351077
06037113238,113238,1122,39,1232,102,3.47593582887701,4.60269302725181,8.27922077922078,6.09526016378486,-4.80328495034377,80.4960108577123,73906,10.1654279549269,19.6858638743456,4171,60.4411412131383,16.5427954926876,3.33253416446895,9.78182690002398
06037113239,113239,494,40,667,30,8.09716599190283,10.3402089401607,4.49775112443778,6.65203457906446,3.59941486746505,77.6301400674675,54880,14.5007526342198,19.6732026143791,1993,62.0170597089814,18.0130456598093,8.83090817862519,8.42950326141495
06037113301,113301,1094,26,1281,24,2.37659963436929,3.22524526455268,1.87353629976581,2.5605000641968,0.503063334603479,82.497505714768,135875,8.86458818054909,47.0715835140998,4300,17.1395348837209,58.1395348837209,2.81395348837209,19.6279069767442
06037113303,113303,1048,41,1159,58,3.91221374045802,3.65318296273582,5.00431406384815,3.57103223519361,-1.09210032339013,56.7653012817428,118036,7.5485988386771,44.2748091603054,4012,35.468594217348,32.0289132602193,4.3369890329013,18.1206380857428
06037113322,113322,1162,22,1130,135,1.89328743545611,2.30949704207279,11.9469026548673,8.55152073111297,-10.0536152194111,74.1540636332849,123250,11.9469928644241,46.5608465608466,4919,28.8269973571864,44.2569627973165,13.966253303517,10.9778410245985
06037113323,113323,1168,35,999,100,2.99657534246575,3.52342605273115,10.01001001001,7.46923184564596,-7.01343466754426,71.4782740701691,90625,11.5339578454333,38.6988847583643,3416,43.7353629976581,24.5023419203747,4.50819672131148,25.2634660421546
06037113324,113324,483,12,809,23,2.48447204968944,4.56691777578335,2.84301606922126,3.51602296508379,-0.35854401953182,111.74373281172,104063,4.31893687707641,33.0357142857143,3010,58.8039867109635,18.0730897009967,16.5448504983389,5.54817275747508
06037113423,113423,706,138,841,76,19.5467422096317,17.8928313526081,9.03686087990488,5.89857992798871,10.5098813297269,55.6466188050803,113507,12.9244249726177,36.2326574172892,2739,48.9229645856152,34.3921139101862,2.51916757940854,10.0036509675064
06037113424,113424,753,33,967,100,4.38247011952191,5.37767890916072,10.3412616339193,6.12737743328393,-5.95879151439743,74.5950486984991,101563,6.81003584229391,30.1544050862852,3069,45.7152166829586,32.4209840338873,1.88986640599544,15.6402737047898
06037113425,113425,1336,27,1009,99,2.02095808383234,2.97314083219868,9.81169474727453,7.41397946741654,-7.79073666344219,89.4318620244836,73621,5.66747246843943,21.7717055971794,3723,63.8195004029009,15.0684931506849,8.24603814128391,8.67579908675799
06037113426,113426,687,40,621,67,5.82241630276565,4.5359515254371,10.7890499194847,7.65283654902056,-4.96663361671905,47.3586428263722,78581,17.9806362378977,32.5581395348837,2169,43.6145689257723,30.3826648224988,1.79806362378977,19.5942830797603
06037113427,113427,665,10,654,87,1.50375939849624,3.17275350255178,13.302752293578,10.4988209258125,-11.7989928950817,128.260247975497,65549,14.7804054054054,22.438717787555,2402,59.7002497918401,12.3646960865945,6.36969192339717,18.9841798501249
06037113428,113428,1573,227,1141,65,14.4310235219326,13.5588221079697,5.69675723049956,4.58333903797809,8.73426629143305,57.1161500631637,121835,5.94633792603336,40.3166049174806,4137,37.4909354604786,44.0657481266618,1.64370316654581,15.3009427121102
06037115101,115101,1062,72,1433,91,6.77966101694915,6.20192195303714,6.3503140265178,4.01790011818727,0.429346990431357,55.6099384846795,130637,8.73239436619718,58.4236974345411,5010,14.6107784431138,57.8443113772455,0.31936127744511,19.2015968063872
06037115103,115103,688,106,463,52,15.406976744186,8.07107861060634,11.231101511879,7.26383761474442,4.175875232307,31.8455128984181,,18.0555555555556,61.7647058823529,2647,27.7295051001133,33.62296939932,10.3891197582168,26.029467321496
06037115104,115104,1535,124,1181,39,8.07817589576547,5.37766421060037,3.30228619813717,2.94086078734237,4.7758896976283,40.468254550797,76250,24.7962747380675,52.3696682464455,4306,34.7422201579192,26.335346028797,11.0543427775197,17.3943334881561
06037115202,115202,1653,210,2129,252,12.7041742286751,9.39231161166714,11.8365429779239,10.4863784914942,0.867631250751227,44.9428024144906,68722,20.8572836262112,34.6915547461871,6118,47.6789800588428,25.2206603465185,7.81301078783916,13.3213468453743
06037115203,115203,707,32,763,0,4.52616690240453,4.31869986045611,0,1.8348623853211,4.52616690240453,58.0038146151685,80156,19.1308243727599,40.0132275132275,2232,48.7007168458781,29.5698924731183,5.06272401433692,15.994623655914
06037115204,115204,1143,96,1336,126,8.3989501312336,7.46143771403413,9.4311377245509,6.1531691365923,-1.0321875933173,54.0047068587957,111375,17.3941227312014,42.9470198675497,4654,30.704770090245,28.0403953588311,14.2028362698754,19.4026643747314
06037115301,115301,1253,11,1176,51,0.877893056664006,1.59342651799471,4.33673469387755,3.92906285371036,-3.45884163721354,110.337851729614,105926,5.37020109689214,36.650915534554,4418,25.7582616568583,39.4748755092802,2.35400633770937,28.338614757809
06037115302,115302,891,86,969,62,9.65207631874298,7.83224103486367,6.39834881320949,5.20573059179339,3.25372750553349,49.3286687075955,73547,18.2890855457227,15.1310228233305,3749,77.4339823953054,11.8698319551881,1.01360362763404,9.17578020805548
06037115401,115401,1372,84,1728,62,6.12244897959184,4.78185581035125,3.58796296296296,2.66779873769223,2.53448601662887,47.4794193935585,62116,15.8685774204824,24.9683464168144,5755,43.614248479583,27.9582971329279,9.71329278887923,18.488271068636
06037115403,115403,798,70,1116,102,8.7719298245614,7.08716242609589,9.13978494623656,7.9164232293331,-0.367855121675156,49.1146818586584,72386,24.2584434654919,37.5227686703097,3405,61.8795888399413,16.064610866373,5.40381791483113,11.6886930983847
06037115404,115404,458,21,893,125,4.58515283842795,5.68193831282821,13.9977603583427,12.7417456600104,-9.41260751991472,75.3315312570653,60774,14.8871029468044,34.2105263157895,2622,56.2547673531655,18.4591914569031,1.06788710907704,18.3829138062548
06037117101,117101,1372,101,1478,59,7.36151603498542,5.73308072544779,3.99188092016238,3.10846946358905,3.36963511482304,47.3429038208454,99375,12.4348329793396,39.2242636337125,5209,36.3217508158956,15.4156267997696,3.35956997504319,40.2572470723747
06037117102,117102,548,29,737,58,5.29197080291971,6.41152912552033,7.86974219810041,6.16892674794349,-2.5777713951807,73.6509372347792,82900,10.2552619793999,23.6494597839136,2256,60.2836879432624,27.7039007092199,2.43794326241135,5.49645390070922
06037117201,117201,1201,26,1181,121,2.16486261448793,2.46058857464739,10.2455546147333,6.04038677143884,-8.08069200024535,69.094385741209,56250,20.5912596401028,20.5604203152364,4032,60.8630952380953,23.859126984127,0.64484126984127,11.3343253968254
06037117202,117202,594,92,653,126,15.4882154882155,17.1349195965392,19.2955589586524,14.4131069384897,-3.80734347043689,67.2534838135607,86146,12.2076023391813,35.5544978581628,2786,41.6008614501077,21.9669777458722,6.24551328068916,26.2383345297918
06037117301,117301,992,17,970,71,1.71370967741935,2.7017324839501,7.31958762886598,5.26662105808299,-5.60587795144662,95.8383201887537,153321,8.67036743325403,49.4326777609682,3783,40.6026962727994,31.7472905101771,6.76711604546656,14.5651599259847
06037117302,117302,1112,36,1294,51,3.23741007194245,2.99980665522717,3.94126738794436,3.29704605858707,-0.703857316001913,56.3286896422259,105991,10.3323391563698,44.4181925575901,4698,32.0987654320988,36.2281822051937,3.66113239676458,23.4780757769264
06037117303,117303,804,35,1067,33,4.35323383084577,4.53554181334614,3.09278350515464,3.85365215523122,1.26045032569113,63.3360941021328,130724,4.36743413244719,27.4861428105641,4219,51.4813936951884,27.9924152642806,6.06778857549182,12.1355771509836
06037117404,117404,1128,22,1231,111,1.95035460992908,2.36941195750367,9.01705930138099,6.57680028161389,-7.06670469145191,73.8518012728416,121366,13.9951179820993,37.9142857142857,4924,49.10641754671,33.6108854589764,1.8480909829407,13.4037367993501
06037117405,117405,701,57,938,94,8.13124108416548,5.64767387941185,10.0213219616205,5.43388855730409,-1.89008087745499,42.2227845088008,46618,30.0178677784396,5.91106290672451,3358,88.1774865991662,5.00297796307326,1.22096486003574,1.31030375223347
06037117407,117407,690,68,958,44,9.85507246376812,6.96004526823548,4.59290187891441,4.32168912198286,5.26217058485371,42.9325159581842,56250,26.85865412871,6.28834355828221,3410,94.3988269794722,1.34897360703812,0.93841642228739,1.40762463343109
06037117408,117408,439,42,743,64,9.56719817767654,6.58713740788239,8.61372812920592,6.32318689032311,0.953470048470615,41.8548751202832,51836,38.6398763523957,18.6304750154226,2588,64.644513137558,11.2828438948995,9.77588871715611,12.8284389489954
06037117510,117510,663,68,1207,71,10.2564102564103,9.91348292705108,5.88235294117647,4.61595765696386,4.37405731523379,58.7577255554699,48636,25.1924608441731,8.08729139922978,3788,80.9134107708553,7.02217529039071,5.04223864836325,4.96304118268215
06037117520,117520,637,22,1039,91,3.45368916797488,4.49723932913015,8.75842155919153,5.44659232085884,-5.30473239121665,79.158371170376,58517,38.4012142676448,6.07058823529412,3955,85.9418457648546,6.90265486725664,0.9102402022756,5.10745891276865
06037117530,117530,1191,94,1619,181,7.89252728799328,7.13865166737508,11.1797405806053,6.08617567403909,-3.28721329261203,54.9837297797563,46127,27.891156462585,15.2624113475177,5586,68.2062298603652,8.39598997493734,3.83100608664518,16.2907268170426
06037119001,119001,1195,35,1367,45,2.92887029288703,2.56938538393546,3.29188002926116,2.65973740427207,-0.363009736374127,53.3289714946221,117474,10.1128772172311,18.236409608091,4341,68.6017046763419,7.97051370651924,0.345542501727713,21.1241649389542
06037119003,119003,810,50,911,33,6.17283950617284,5.1988134617458,3.62239297475302,4.02054423299854,2.55044653141982,51.1980413861897,99886,15.2180275095113,8.09917355371901,3417,89.8448931811531,4.15569212759731,0,5.99941469124963
06037119004,119004,565,0,692,126,0,2.47787610619469,18.2080924855491,16.529777065171,-18.2080924855491,,92961,10.192023633678,8.30546265328874,2708,90.9527326440177,4.68980797636632,0,4.35745937961595
06037119201,119201,862,67,1062,83,7.77262180974478,11.6311677860956,7.81544256120527,8.06009586975895,-0.0428207514604937,90.9682586908713,112138,9.63064295485636,16.0076775431862,3685,81.7096336499322,8.98236092265943,0.244233378561737,7.73405698778833
06037119202,119202,1070,35,1138,68,3.27102803738318,5.44380456999323,5.97539543057997,6.24295737191788,-2.70436739319679,101.170141378945,82500,10,7.55794423916695,4240,92.6179245283019,1.69811320754717,0.518867924528302,4.76415094339623
06037119310,119310,932,26,1092,143,2.78969957081545,3.22282137849152,13.0952380952381,7.79220080765506,-10.3055385244226,70.2284200316601,68429,16.3581927054981,21.4523897739904,3822,58.8697017268446,20.9576138147567,5.20669806384092,13.9194139194139
06037119320,119320,940,93,1378,138,9.8936170212766,6.27075011614618,10.0145137880987,7.16904565521875,-0.120896766822098,38.5299546306985,78173,18.8942307692308,21.7623974313236,4160,76.0096153846154,5.07211538461539,3.00480769230769,15.9134615384615
06037119340,119340,607,111,1197,88,18.2866556836903,8.9889397742945,7.35171261487051,5.3062222989771,10.9349430688198,29.8819049973809,44569,30.5023591451568,5.90295147573787,3615,90.8160442600277,3.59612724757953,3.23651452282158,2.35131396957123
06037119341,119341,687,41,665,18,5.96797671033479,6.18363967982584,2.70676691729323,3.1187410059706,3.26120979304156,62.9870332869798,50800,18.4761904761905,23.0646871686108,2625,60.1904761904762,5.1047619047619,5.63809523809524,26.2476190476191
06037119342,119342,847,158,941,42,18.6540731995277,10.3931835530565,4.46333687566419,5.27437390679414,14.1907363238636,33.8695181772106,74671,9.76744186046512,22.3204994797086,3017,75.5717600265164,8.48525024859132,0.629764666887637,14.683460391117
06037119400,119400,1096,48,1533,106,4.37956204379562,4.16106711579903,6.91454664057404,4.20791143880958,-2.53498459677842,57.7574665516177,104732,5.1358234295416,10.2088167053364,4712,83.2130730050934,6.06960950764007,1.37945670628183,9.21052631578947
06037119700,119700,1268,141,1194,8,11.1198738170347,7.28523440612487,0.670016750418761,1.59170303663447,10.4498570666159,39.8270160036488,93500,3.16241246894059,32.0432043204321,4568,47.8765323992995,31.2171628721541,0.0875656742556918,18.1479859894921
06037119801,119801,534,33,852,67,6.17977528089888,8.17035017799156,7.86384976525822,4.46958374784091,-1.68407448435934,80.371502165377,115250,16.0631741140216,22.7717078780909,2601,76.8166089965398,8.49673202614379,0,12.80276816609
06037119802,119802,627,29,737,5,4.62519936204147,5.87018593264107,0.67842605156038,2.32287530807232,3.94677331048109,77.153476150633,84479,15.506958250497,12.4469589816124,3131,75.4391568189077,4.56723091664005,1.59693388693708,18.045352922389
06037119900,119900,1002,39,1132,29,3.89221556886228,3.68661364488462,2.56183745583039,3.82960858014687,1.33037811303189,57.5790955057968,85386,1.17994100294985,19.6464989802855,4084,73.1635651322233,7.78648383937316,4.89715964740451,14.0548481880509
06037120010,120010,659,129,878,41,19.5751138088012,9.4002800442803,4.66970387243736,4.83929697097544,14.9054099363639,29.1924532842333,77885,14.8177185417483,14.8601398601399,2569,82.9505644219541,13.2347216815882,0.194628260023355,1.79057999221487
06037120020,120020,1158,100,1321,154,8.63557858376511,5.73755410095683,11.6578349735049,6.89144035479037,-3.02225638973981,40.3895905708693,48800,23.728813559322,24.6484085862324,4161,70.1514059120404,5.76784426820476,3.60490266762797,18.168709444845
06037120030,120030,480,65,839,101,13.5416666666667,10.9576439349867,12.0381406436234,6.75357129031537,1.50352602304331,49.1902650343102,51983,28.3950617283951,18.746195982958,2525,83.6039603960396,8.51485148514852,0,6.81188118811881
06037120103,120103,543,92,907,50,16.9429097605893,9.44992723497501,5.51267916207277,4.26749796173563,11.4302305985166,33.9058443808076,47500,34.9445041174364,8.70907967881408,2793,92.3379878267096,2.47046186895811,2.57787325456498,2.61367704976728
06037120104,120104,606,44,636,74,7.26072607260726,7.66887136888501,11.6352201257862,8.21644221346962,-4.3744940531789,64.2074613089847,55438,24.630333755809,27.6791181873852,2367,57.9636670891424,9.25221799746515,9.08322771440642,17.1525137304605
06037120105,120105,583,50,917,54,8.57632933104631,6.35186260652574,5.88876772082879,4.31133706865055,2.68756161021752,45.0229288705715,49118,18.8152011922504,18.2485579444153,2684,69.5976154992549,6.55737704918033,3.87481371087929,16.6915052160954
06037120106,120106,801,82,1238,208,10.2372034956305,6.8471958215552,16.8012924071082,7.84480366165316,-6.56408891147778,40.6598254360272,37033,41.8556701030928,8.37738918259455,3974,88.4499245093105,2.39053850025164,1.23301459486663,5.68696527428284
06037120107,120107,758,113,1023,14,14.9076517150396,9.61973103171499,1.36852394916911,2.25014823617825,13.5391277658705,39.2272433065603,39393,37.8546540567447,11.965811965812,4018,84.0219014435042,3.18566450970632,1.99104031856645,7.56595321055251
06037120108,120108,1331,146,1332,42,10.969196093163,6.43651464766204,3.15315315315315,3.73154017928852,7.81604294000988,35.6705708291551,59726,25.5190311418685,19.9658703071672,4684,75.7685738684885,8.83859948761742,1.5798462852263,13.0230572160547
06037120300,120300,1326,268,1463,248,20.211161387632,11.3409705736701,16.9514695830485,8.19712213311693,3.25969180458344,34.1108900346743,59579,14.359637774903,25.7606490872211,5464,40.3184480234261,20.9919472913616,8.36383601756955,27.214494875549
06037120400,120400,1287,96,1669,109,7.45920745920746,6.92371768431179,6.53085680047933,6.8532055495128,0.92835065872813,56.4261946536808,57181,17.4150787075394,16.5681871897896,6168,58.6900129701686,21.1089494163424,3.64785992217899,16.55317769131
06037121010,121010,939,81,1392,104,8.62619808306709,6.50034679254384,7.47126436781609,5.6435247855237,1.154933715251,45.8090407760041,81111,8.24008138351984,18.8313413014608,4951,63.3609371844072,28.5598868915371,0.0201979398101394,6.24116340133306
06037121020,121020,901,75,1103,119,8.32408435072142,6.24393293836604,10.7887579329102,5.83148006984077,-2.46467358218882,45.5990563523226,75070,12.8626163108922,16.7445482866044,3671,53.9907382184691,30.7000817216017,0.844456551348407,9.94279487877962
06037121101,121101,718,57,948,43,7.93871866295265,4.60486071623475,4.53586497890295,3.74034080647007,3.40285368404969,35.2614514398395,65536,15.3474903474904,19.9463327370304,3108,74.6460746460747,18.1145431145431,1.86615186615187,2.96010296010296
06037121102,121102,604,15,623,52,2.48344370860927,4.09636705106299,8.34670947030498,5.9798593804566,-5.8632657616957,100.271760844662,79743,4.19925895430218,19.5550351288056,2436,52.4220032840723,34.8932676518883,2.58620689655172,2.01149425287356
06037121210,121210,409,44,825,110,10.7579462102689,10.0691402950677,13.3333333333333,6.61116782776946,-2.57538712306438,56.8980157596394,75875,12.3697916666667,11.376404494382,3233,74.8530776368698,10.0835137643056,2.53634395298484,8.96999690689762
06037121221,121221,527,31,621,32,5.88235294117647,5.43446478686242,5.15297906602254,5.28596020031219,0.729373875153927,56.1616421742621,94792,14.3325526932084,19.3951347797502,2173,78.9231477220433,12.6553152323976,2.11688909341924,5.52231937413714
06037121222,121222,1401,152,1551,110,10.8493932905068,7.39197752079418,7.09219858156028,4.87489868549921,3.7571947089465,41.4180151441075,89500,16.7952178943309,13.8607971445568,5396,82.2646404744255,11.527057079318,3.02075611564122,2.76130467012602
06037121600,121600,657,41,660,46,6.24048706240487,6.39300313411082,6.96969696969697,5.33855492107158,-0.729209907292099,62.2759738914791,116025,12.7138413685848,31.2041884816754,2580,27.8682170542636,38.9922480620155,0,30.5038759689923
06037121801,121801,900,146,1439,102,16.2222222222222,9.18431795653762,7.08825573314802,5.19740139915244,9.1339664890742,34.4168137606023,56346,11.42578125,16.0294117647059,4126,78.9384391662627,11.9001454192923,0.533204071740184,6.64081434803684
06037121802,121802,752,78,943,107,10.3723404255319,8.60773126623297,11.3467656415695,11.2990981849728,-0.974425216037544,50.4482418533801,105781,23.740795287187,17.6379176379176,3442,72.1963974433469,17.8094131319001,5.92678675188844,2.87623474723998
06037121900,121900,947,76,685,79,8.02534318901795,5.43044839571835,11.5328467153285,8.65248216086175,-3.50750352631052,41.134495526678,56115,8.48853868194842,19.8053527980535,2797,83.2320343224884,9.9034680014301,1.17983553807651,5.68466213800501
06037122000,122000,1535,138,1469,145,8.99022801302932,6.07103120211347,9.87066031313819,6.26732505601221,-0.880432300108874,41.051199926189,101444,8.49736893393101,24.6473249933458,5131,38.4720327421555,47.3981679984409,0.643149483531475,12.7655427791853
06037122120,122120,1011,54,1232,79,5.34124629080119,5.39954867915115,6.41233766233766,4.84334969326484,-1.07109137153648,61.4538299518385,65104,21.3712451272644,12.9724208375894,4394,76.7637687756031,15.9535730541648,3.70960400546199,2.93582157487483
06037122121,122121,535,34,664,21,6.35514018691589,6.99929190969657,3.16265060240964,3.61609893403092,3.19248958450625,66.9519251151021,61583,31.5915436777024,17.1846435100548,2507,66.2145991224571,18.4682887913841,2.79218189070602,12.2058236936578
06037122122,122122,445,7,704,32,1.57303370786517,3.97310284287322,4.54545454545455,5.0118945650495,-2.97242083758938,153.541534092799,47524,30.744071954211,10.7965766951942,2446,81.6434995911693,9.28045789043336,6.2959934587081,1.18560915780867
06037122200,122200,805,63,1033,79,7.82608695652174,5.50653435111336,7.64762826718296,4.31510059684965,0.178458689338777,42.7728098870677,77316,17.9597315436242,12.4270225187656,3729,79.4582998122821,12.7648163046393,0.241351568785197,3.99570930544382
06037122410,122410,1117,63,1467,68,5.64010743061773,4.31046873453828,4.63531015678255,6.6030298559239,1.00479727383518,46.4591458144378,74479,16.0301376981034,23.0880230880231,3967,71.7670783967734,8.34383665238215,2.97453995462566,12.0494076128056
06037122420,122420,1221,128,1264,10,10.4832104832105,9.1443037054747,0.791139240506329,1.67174474649375,9.69207124270415,53.0261912252309,62949,24.1856504151586,14.8387096774194,4757,85.0325835610679,9.62791675425689,0.90393104898045,3.30039941139374
06037123010,123010,1155,44,869,109,3.80952380952381,3.58569043814768,12.5431530494822,7.50216158665556,-8.73362923995835,57.2184644385269,58619,24.8275862068966,12.2800586510264,4078,88.1069151544875,7.84698381559588,0.564001961745954,1.76557135850907
06037123020,123020,666,81,960,35,12.1621621621622,12.5373329555253,3.64583333333333,3.7041389995429,8.51632882882883,62.6654940026258,87036,13.7943262411348,14.3614457831325,2836,79.1607898448519,14.950634696756,1.37517630465444,3.31452750352609
06037123103,123103,1168,49,1367,136,4.19520547945205,3.6541251697389,9.9487929773226,7.86523739442417,-5.75358749787055,52.9497946561012,79125,13.9829476248477,27.1388499298738,4134,51.6207063376875,28.0599903241413,5.85389453313982,6.84567005321722
06037123104,123104,1133,45,1450,120,3.97175639894087,4.68238379931128,8.27586206896552,5.91849367430583,-4.30410567002465,71.6668807108366,74831,17.3184357541899,26.2440758293839,4713,46.1913855293868,30.3628262253342,3.98896668788457,14.5767027371101
06037123203,123203,553,32,783,39,5.78661844484629,6.08088817277744,4.9808429118774,6.09847602771457,0.805775532968898,63.8816709640184,60375,23.8743851683693,14.1773628938156,2643,72.909572455543,16.7612561483163,0.0756715853197125,6.31857737419599
06037123204,123204,676,153,1204,233,22.6331360946746,17.5668867646016,19.3521594684385,12.2314674689798,3.28097662623602,47.1828494064831,67019,27.6468740182218,15.4224407688869,3183,73.0757147345272,18.5045554508326,2.29343386742067,5.18378887841659
06037123205,123205,637,106,798,18,16.6405023547881,15.8840106364304,2.25563909774436,2.63312791799211,14.3848632570437,58.0266948179511,60625,30.622009569378,13.5593220338983,2744,78.7172011661808,15.2332361516035,1.56705539358601,1.6399416909621
06037123206,123206,710,64,743,133,9.01408450704225,7.63600596787878,17.9004037685061,8.3631390303478,-8.8863192614638,51.4966207940153,71346,12.8797083839611,11.7178612059158,2480,80.0403225806452,13.1048387096774,0.483870967741936,0.241935483870968
06037123301,123301,1175,21,983,47,1.78723404255319,2.40998922000025,4.78128179043744,3.80817532489469,-2.99404774788425,81.972422448988,71250,6.81106471816284,36.6966366966367,3842,37.948984903696,28.2404997397189,4.97136907860489,25.0390421655388
06037123303,123303,752,11,829,33,1.46276595744681,2.87730156139572,3.98069963811821,3.52770123595991,-2.51793368067141,119.576168785277,67115,14.2905866302865,22.5657591139825,2932,54.2291950886767,40.1091405184175,2.21691678035471,2.35334242837653
06037123304,123304,938,55,950,128,5.863539445629,5.49565838310438,13.4736842105263,7.65107289561318,-7.61014476489732,56.9762648615851,50101,16.4207074256266,24.4189748487743,4269,36.3082689154369,51.6045912391661,2.22534551417194,5.76247364722418
06037123410,123410,806,118,698,54,14.6401985111663,10.308283465012,7.73638968481375,7.69183895137541,6.9038088263525,42.8029286116104,43636,27.988614800759,26.5278406518787,3254,50.2765826674862,40.0122925629994,0.430239704978488,5.50092194222495
06037123420,123420,1159,161,1378,70,13.8912855910267,11.8932743603805,5.07982583454282,3.44228381757491,8.81145975648393,52.0466876236328,56250,14.9419729206963,30.2101274543576,4136,62.3791102514507,27.5628626692457,2.80464216634429,4.83558994197292
06037123510,123510,1217,152,1165,96,12.4897288414133,7.15829918152851,8.24034334763949,5.28459450318839,4.24938549377383,34.8410258515445,44120,20.0043066322136,21.6763893153209,4742,51.3918177983973,36.1872627583298,0.738085196119781,9.08899198650358
06037123520,123520,572,91,961,171,15.9090909090909,8.77843838458056,17.7939646201873,9.75432261529781,-1.8848737110964,33.5433164499822,65417,11.9565217391304,37.144420131291,2484,48.0676328502416,37.1980676328502,2.49597423510467,7.36714975845411
06037123601,123601,1449,71,1623,136,4.89993098688751,5.20943258962675,8.37954405422058,5.7057168131334,-3.47961306733307,64.630059697497,86607,18.0800293685756,35.8927641853201,5563,42.7467193960093,47.1148660794535,1.72568757864462,3.3255437713464
06037123602,123602,897,25,731,108,2.78706800445931,3.46417967064679,14.7742818057456,10.2286908152465,-11.9872138012862,75.5591286217672,73580,26.2108262108262,41.5254237288136,3192,25.9398496240602,55.983709273183,4.41729323308271,4.54260651629073
06037123700,123700,1193,62,1282,112,5.19698239731769,5.36327450751402,8.73634945397816,6.54452805140941,-3.53936705666047,62.7354298212004,95114,12.9361914257228,42.0674578388507,4012,26.5952143569292,50.6979062811565,12.3379860418744,4.83549351944168
06037123800,123800,1784,185,1440,91,10.3699551569507,7.85631246133076,6.31944444444445,3.98614377724097,4.05051071250623,46.0549131061007,91790,13.1922944616443,40.9276018099548,5814,30.374957000344,56.1747506019952,0.997592019263846,4.3515651874785
06037123901,123901,1051,164,1359,148,15.604186489058,10.8988434271282,10.8903605592347,7.38554086623701,4.71382592982331,42.4593537026899,54295,25.6709451575263,29.3324564288063,4289,51.7603170902308,33.6675215667988,8.4635113079972,1.60876661226393
06037123902,123902,986,91,746,137,9.22920892494929,5.36050057749146,18.3646112600536,8.85318183630384,-9.13540233510433,35.3081503684597,100135,9.68468468468468,57.5102880658436,2664,36.448948948949,44.6696696696697,6.45645645645646,9.42192192192192
06037124000,124000,1079,68,1235,155,6.30213160333642,5.53552137678326,12.5506072874494,6.9556264548218,-6.24847568411297,53.3955620020485,84464,19.2962013516663,57.8671328671329,4291,9.69470985784199,72.3374504777441,5.36005593101841,4.96387788394314
06037124102,124102,1112,207,1272,89,18.6151079136691,11.3138194733083,6.99685534591195,4.14481427876731,11.6182525677571,36.9468812073441,78090,26.3526244952894,46.5909090909091,3715,43.7954239569314,25.9488559892328,7.48317631224765,21.2920592193809
06037124103,124103,486,32,494,29,6.5843621399177,5.40415481976704,5.87044534412955,5.73793588544336,0.713916795788141,49.8939825685179,62802,16.9079328314997,16.2629757785467,1727,63.9837869137232,23.4510712217719,2.54777070063694,9.32252460914881
06037124104,124104,748,93,837,59,12.4331550802139,9.13292128793711,7.04898446833931,6.34973926677567,5.3841706118746,44.6542152719349,56250,16.7933405718422,17.5421209117939,2780,66.0791366906475,23.9208633093525,4.28057553956835,1.8705035971223
06037124105,124105,569,61,705,27,10.7205623901582,6.26861494235672,3.82978723404255,4.04535842237248,6.89077515611562,35.5457860601024,63477,25.7844474761255,31.0410094637224,2199,53.0241018644839,32.787630741246,5.09322419281492,4.1837198726694
06037124201,124201,758,38,1368,67,5.0131926121372,5.98483633694755,4.89766081871345,4.51207679904586,0.115531793423753,72.5724834971404,76587,8.61001688238604,25.4376163873371,3560,59.7191011235955,24.185393258427,4.21348314606742,8.56741573033708
06037124203,124203,696,42,673,58,6.03448275862069,4.82679203113238,8.61812778603269,5.16303925643401,-2.583645027412,48.6242184638607,82083,6.59080132764343,36.7532467532468,2109,57.325746799431,28.8288288288288,4.2674253200569,3.55618776671408
06037124204,124204,526,18,577,12,3.42205323193916,5.16080654168763,2.07972270363952,5.21558923396579,1.34233052829965,91.677954776349,60164,31.219512195122,27.8637770897833,2324,59.5955249569708,27.7969018932874,6.92771084337349,3.52839931153184
06037124300,124300,891,45,956,63,5.05050505050505,4.59803133878885,6.58995815899582,4.87138180697888,-1.53945310849077,55.3440854152092,84318,9.81697171381032,32.1370967741936,3052,51.6382699868938,34.1415465268676,5.14416775884666,6.32372214941022
06037124400,124400,1248,24,1305,130,1.92307692307692,2.17631599261031,9.96168582375479,5.84858610369178,-8.03860890067787,68.7953991585022,89250,16.7659184608337,38.0178457616316,4397,41.3236297475552,50.8755969979532,0.0454855583352286,4.41209915851717
06037124500,124500,731,47,894,79,6.42954856361149,6.04125477170523,8.83668903803132,5.34046809943525,-2.40714047441983,57.1190226749857,80495,14.8692225008957,56.4737074679629,2791,27.7678251522752,44.5360085990684,7.09423145825869,11.1071300609101
06037124600,124600,956,54,868,30,5.64853556485356,4.63770294774321,3.45622119815668,3.41733509159562,2.19231436669687,49.9115616125465,103750,2.6060808553291,54.1060735671514,2996,14.2523364485981,70.6608811748999,1.13484646194927,6.57543391188251
06037124700,124700,1422,162,1655,201,11.3924050632911,5.97041374011043,12.1450151057402,5.6836131835886,-0.752610042449042,31.8583374176781,111994,7.72966410360178,57.6837416481069,5070,13.2544378698225,62.9585798816568,11.3214990138067,8.26429980276134
06037124902,124902,937,71,939,46,7.57737459978655,7.41417807827008,4.89882854100107,4.08485308647258,2.67854605878549,59.4810125376862,75378,11.864406779661,49.6515679442509,3074,23.0644111906311,45.2504879635654,5.98568640208198,19.5510735198439
06037124903,124903,1192,79,1277,86,6.62751677852349,6.19860901215112,6.734534064213,4.89636681456648,-0.107017285689509,56.8561574582289,86600,13.4552401746725,48.265306122449,3848,24.6881496881497,44.8804573804574,10.5509355509356,11.8243243243243
06037125101,125101,1617,260,1550,67,16.0791589363018,16.4210327031762,4.32258064516129,4.47572214813489,11.7565782911405,62.0827913982602,78135,13.8677981241626,49.5852287931496,4478,34.4350156319786,32.0008932559178,12.5055828494864,8.50826261723984
06037125102,125102,536,15,945,130,2.79850746268657,5.44534685798075,13.7566137566138,5.88802217834825,-10.9581062939272,118.285954037596,120375,11.368909512761,68.6068111455108,2155,18.1438515081207,62.6914153132251,6.49651972157773,3.06264501160093
06037125200,125200,1714,237,1285,51,13.8273045507585,6.01507918366504,3.96887159533074,2.86663742182446,9.85843295542772,26.4446557675141,86109,9.17851120211997,56.832298136646,4151,30.0409539869911,47.7475307154902,9.082148879788,5.29992772825825
06037125310,125310,1952,182,1281,145,9.32377049180328,9.98536988746295,11.3192818110851,9.34457418193385,-1.99551131928181,65.1038512319306,72833,11.6724336793541,52.9167818634227,4373,20.5579693574205,51.8408415275555,15.8701120512234,8.02652641207409
06037125321,125321,945,28,810,51,2.96296296296296,2.71134037497043,6.2962962962963,5.25426716117565,-3.33333333333333,55.627804045746,69053,13.1484149855908,48.3489403647117,2776,44.3443804034582,37.4279538904899,6.15994236311239,5.22334293948127
06037125322,125322,948,101,775,55,10.6540084388186,9.59525392355209,7.09677419354839,6.95170701453852,3.55723424527018,54.7491692168129,52780,24.6656176239182,49.2998551424433,2542,39.3784421715185,38.2376081825334,7.98583792289536,6.41227380015736
06037125402,125402,1692,227,1523,124,13.4160756501182,9.42622796614345,8.14182534471438,4.13904666372045,5.27425030540383,42.7116685690578,83182,9.46774589158695,50.4872681546684,4099,17.5896560136619,44.9377897048061,21.2978775311051,8.90461088070261
06037125403,125403,1315,125,915,133,9.50570342205323,5.49123553155996,14.5355191256831,9.01461453892456,-5.02981570362983,35.1172023051737,93750,13.426265590609,65.1724137931035,2726,29.2002934702861,43.4336023477623,11.5920763022744,9.97798972853998
06037125404,125404,1103,180,1439,177,16.3191296464189,8.97081010220391,12.3002084781098,8.50236062443219,4.01892116830906,33.4171007859876,81976,23.9825092499159,69.848846459825,2973,18.6680121089808,41.8096199125463,28.3888328287925,7.19811638076018
06037125501,125501,817,77,1242,170,9.42472460220318,6.01291030772834,13.6876006441224,7.31523344714895,-4.2628760419192,38.7837817977662,67171,12.0920645826177,48.5204702067288,2911,21.5733424939883,53.0745448299554,9.68739264857437,8.21023703194778
06037125502,125502,1632,161,1220,305,9.86519607843137,5.32968921470363,25,14.9500309865315,-15.1348039215686,32.8420502497549,95662,14.4228205811784,51.4332247557003,3751,20.3412423353772,57.9845374566782,9.09090909090909,6.61157024793388
06037125600,125600,680,22,977,49,3.23529411764706,4.06003708476364,5.01535312180143,3.95874426591533,-1.78005900415437,76.2869637369238,104647,11.3703581991456,52.8828828828829,3043,21.623397962537,54.5514295103516,8.0841275057509,9.06999671376931
06037127102,127102,1565,102,1612,144,6.51757188498403,4.8614304834004,8.93300248138958,5.14368573788864,-2.41543059640555,45.3432189434509,79653,20.5760542168675,25.6072351421189,5315,62.7657572906867,27.0555032925682,4.10159924741298,6.07714016933208
06037127103,127103,966,84,1295,48,8.69565217391304,5.39408479140892,3.70656370656371,3.08358809073293,4.98908846734934,37.7094073563541,51558,10.8996539792388,26.5527303042935,3468,48.0392156862745,28.2006920415225,10.0346020761246,9.68858131487889
06037127104,127104,1438,91,1094,129,6.32823365785814,4.27890477960106,11.7915904936015,7.3675045119944,-5.46335683574333,41.104011978131,66703,15.0422278018717,24.6237592058918,4482,56.871932173137,31.4368585452923,3.03435966086569,7.0727353859884
06037127210,127210,1348,157,2197,267,11.646884272997,6.33689853771726,12.1529358215749,6.23101443264951,-0.506051548577842,33.0750942978834,67852,7.26387887527037,24.7086247086247,5608,59.7895863052782,21.0413694721826,5.0641940085592,10.3780313837375
06037127220,127220,1164,128,1582,167,10.9965635738832,7.02065908112144,10.5562579013906,6.28734405504587,0.440305672492517,38.8110142972329,54778,19.1569282136895,23.1919438510833,4792,58.7854757929883,18.9482470784641,3.52671118530885,13.5016694490818
06037127300,127300,855,35,1313,147,4.09356725146199,3.98806965610075,11.1957349581112,4.65554639653729,-7.10216770664921,59.2236136511705,76750,7.85930200604562,28.1546572934974,3740,51.8449197860963,23.5294117647059,10.5882352941176,7.9144385026738
06037127400,127400,1367,117,1716,214,8.55888807607901,5.74499715872446,12.4708624708625,10.2247720994858,-3.91197439478347,40.8043598367305,64614,18.0860560614176,19.5393374741201,5620,70.7651245551601,19.3060498220641,1.86832740213523,5.0355871886121
06037127520,127520,1066,61,1207,12,5.72232645403377,4.87739034535082,0.994200497100249,1.94370046844371,4.72812595693352,51.8142220154863,53187,22.5748368219671,9.82701509017298,4443,89.1514742291245,3.26356065721359,1.2829169480081,5.85190186810713
06037127603,127603,642,29,943,101,4.51713395638629,4.54026619336807,10.7104984093319,6.09471832679196,-6.19336445294563,61.1015804662468,62414,20.2702702702703,22.1164021164021,2677,78.6701531565185,7.17220769518117,5.90212924915951,6.27568173328353
06037127604,127604,934,104,745,8,11.134903640257,8.319790024604,1.0738255033557,2.93964802859531,10.0610781369013,45.4213460543613,48807,25.5496335776149,37.4436706267923,3021,48.0966567361801,30.883813306852,11.6186693147964,5.4617676266137
06037127605,127605,740,92,994,49,12.4324324324324,9.9554509325426,4.92957746478873,4.37787124762655,7.5028549676437,48.6786949258724,69540,28.3628194327436,17.2222222222222,3561,70.2892445942151,17.8882336422353,4.60544790789104,2.41505195169896
06037127606,127606,904,31,1004,38,3.42920353982301,3.68392270509585,3.78486055776892,3.42758351751575,-0.355657017945916,65.3057383156515,75688,23.6030267753201,29.3460264900662,3436,58.6728754365541,23.0791618160652,3.0267753201397,14.0279394644936
06037127711,127711,862,74,947,128,8.584686774942,6.71507631055006,13.5163674762408,7.0076488618902,-4.93168070129877,47.5511030945055,97813,16.632860040568,38.0200860832138,2958,50.3718728870859,26.2677484787018,4.36105476673428,12.3732251521298
06037127712,127712,1407,67,1313,13,4.76190476190476,6.49172066167804,0.99009900990099,1.66292116589757,3.77180575200377,82.8730297235495,75256,25.2661934338953,26.5292981326465,4520,79.9115044247788,9.26991150442478,3.91592920353982,3.93805309734513
06037127803,127803,1155,139,1399,82,12.034632034632,6.63169133203763,5.86132952108649,6.19631426427502,6.17330251354554,33.4985173667904,69468,27.4047186932849,37.4439461883408,5006,62.0455453455853,17.2792648821414,4.43467838593688,13.8034358769477
06037127804,127804,1158,78,1488,172,6.73575129533679,4.91293102094647,11.5591397849462,6.07088530662604,-4.82338848960945,44.3392886155094,66563,13.9648654658661,33.2565789473684,4501,51.0997556098645,18.4847811597423,4.19906687402799,16.3741390802044
06037127805,127805,811,61,785,89,7.52157829839704,6.53124177744634,11.3375796178344,9.20225598645079,-3.81600131943736,52.7862582242163,63333,24.1808650065531,26.1822376009227,3287,59.3550349863097,25.6769090355948,6.08457560085184,4.32004867660481
06037127806,127806,1133,22,1100,89,1.94174757281553,2.37617820115018,8.09090909090909,7.27514712653459,-6.14916151809356,74.3909892761301,75625,11.9556397078712,20.0884629561371,3697,66.1888017311334,22.2883418988369,1.56883959967541,6.086015688396
06037127910,127910,1144,114,1574,145,9.96503496503496,6.85342786621018,9.21219822109276,5.15032233501853,0.752836743942208,41.8083585503357,65986,19.8851257674787,13.8627953316254,5103,69.3317656280619,14.9323927101705,4.21320791691162,8.48520478150108
06037127920,127920,1213,41,1716,254,3.3800494641385,3.94396549719003,14.8018648018648,6.80382841496688,-11.4218153377263,70.9323174155461,74375,16.2239770279971,28.508495909377,4190,46.873508353222,44.7732696897375,2.52983293556086,5.03579952267303
06037128101,128101,886,17,1059,122,1.91873589164786,3.81729528492725,11.5203021718602,8.08103074394739,-9.60156628021239,120.941306005562,95990,12.671905697446,42.8934010152284,3083,31.3331170937399,52.5786571521246,11.19039896205,3.82744080441129
06037128102,128102,1233,27,1418,112,2.18978102189781,2.90229228864435,7.8984485190409,5.89816924065193,-5.70866749714309,80.5702215895189,54750,14.5454545454545,12.3351889832992,4864,80.3865131578947,12.3355263157895,1.60361842105263,4.64638157894737
06037128210,128210,1086,111,1526,114,10.2209944751381,5.54030352963332,7.47051114023591,4.54239184428602,2.75048333490221,32.9514479212562,48871,23.6814008114457,15.6661316211878,4701,86.1944267177196,8.16847479259732,2.51010423314188,1.87194213997022
06037128220,128220,690,16,933,109,2.31884057971015,3.45603871346634,11.6827438370847,6.67885003560076,-9.36390325737453,90.6028386129093,63996,17.8970223325062,28.2197802197802,3228,48.3271375464684,34.0148698884758,6.35068153655514,7.74473358116481
06037128302,128302,992,81,1336,197,8.16532258064516,5.80753883297153,14.7455089820359,7.44422003027708,-6.58018640139077,43.2367332530884,58929,30.6853959796561,20,4159,67.0353450348642,17.9850925703294,5.33782159172878,8.29526328444338
06037128303,128303,600,67,1178,125,11.1666666666667,10.0323302570142,10.6112054329372,11.6881533775921,0.555461233729485,54.6150537967474,45486,35.8143607705779,19.3755346449957,3453,76.65797856936,7.64552562988706,11.67101071532,2.43266724587315
06037128400,128400,1347,80,1645,33,5.93912397921307,4.6624432946579,2.00607902735562,2.15386638483925,3.93304495185744,47.7227288594544,137250,7.39789964994166,54.1855545482019,4285,28.144690781797,48.8448074679113,7.21120186697783,6.34772462077013
06037128500,128500,1503,110,1332,73,7.31869594145043,4.76776216596938,5.48048048048048,4.06410513882687,1.83821546096995,39.6018045617684,92368,9.85947938263073,59.4179022515102,4341,20.548260769408,62.543192812716,3.36328035014974,5.11402902557015
06037128601,128601,1092,138,1936,168,12.6373626373626,7.49134255912149,8.67768595041322,4.88523774160265,3.95967668694941,36.0360604139054,67452,11.9118522930316,23.5942028985507,5042,56.6640222134074,32.7251090836969,2.20150733835779,3.31217770725902
06037128602,128602,839,55,803,48,6.5554231227652,4.73363432359781,5.97758405977584,5.02487011786036,0.577839062989356,43.8963160817747,108693,10.5147058823529,62.3287671232877,2725,24.5137614678899,55.5229357798165,8.88073394495413,4.29357798165138
06037128703,128703,1201,55,1171,418,4.57951706910908,5.30608546241214,35.6959863364646,27.882450905696,-31.1164692673555,70.4350222752913,69604,14.4527736131934,53.16198850186,3429,13.0358705161855,57.2470107903179,13.5024788568096,2.91630212890055
06037128704,128704,809,85,905,85,10.5067985166873,8.21861864940837,9.39226519337017,8.33340179945381,1.1145333233171,47.551314052361,155469,5.47244094488189,64.1315519013361,2564,14.0795631825273,62.5585023400936,7.33229329173167,9.24336973478939
06037128801,128801,1334,196,1355,133,14.6926536731634,8.61014855469357,9.81549815498155,7.90470399944771,4.87715551818187,35.6241491593612,88571,13.4570159393781,69.885484370164,3827,18.7353018029788,58.1395348837209,8.62294225241704,10.4781813430886
06037128802,128802,988,105,1545,170,10.6275303643725,8.70980112259038,11.0032362459547,6.91220839559314,-0.375705881582222,49.8207179569796,90503,8.45860444245008,50.0148853825543,4457,26.7444469374018,45.1873457482612,7.83037917881983,16.9396455014584
06037128910,128910,1023,105,1571,173,10.2639296187683,7.30823046775535,11.0120942075111,5.42991304963163,-0.748164588742812,43.2845260877912,107625,10.4115684093437,58.4882657726303,4495,27.3637374860957,52.3915461624027,3.47052280311457,10.2113459399333
06037131021,131021,610,70,883,39,11.4754098360656,8.04418629654403,4.41676104190261,3.67038658246908,7.05864879416297,42.6135791653657,62121,9.02560899437851,17.8413011335633,3202,53.3416614615865,21.3304184884447,6.80824484697064,12.2735790131168
06037131022,131022,594,21,934,85,3.53535353535354,6.05017963926397,9.10064239828694,5.05860585594246,-5.5652888629334,104.032615594813,45784,21.246952281435,21.0578842315369,2874,62.1085594989562,10.5775922059847,5.56715379262352,17.6061238691719
06037131023,131023,788,68,811,20,8.62944162436548,6.81124960181621,2.46609124537608,2.78165757446634,6.1633503789894,47.9819836065723,90352,9.25430210325048,29.0289781392984,2615,58.6998087954111,17.2848948374761,2.79158699808795,17.9349904397706
06037131024,131024,937,39,1211,121,4.16221985058698,4.24128223405289,9.99174236168456,10.7729481125022,-5.82952251109758,61.9449996618746,96198,18.0256340332697,34.9269063611221,3679,58.7116064147866,18.7007338950802,9.13291655341125,10.4376189181843
06037131100,131100,707,6,1040,105,0.848656294200849,2.42333586790264,10.0961538461538,7.20286158584432,-9.247497551953,173.586469970331,103819,7.73789924267369,41.2449619346171,3051,45.296624057686,43.2972795804654,0.0327761389708292,8.65290068829892
06037131200,131200,858,8,1022,76,0.932400932400932,2.21696612266271,7.43639921722114,6.33285078738511,-6.5039982848202,144.540800398526,133958,8.13588352840423,40.2956785443518,3585,34.4769874476988,50.1534170153417,3.93305439330544,9.23291492329149
06037131300,131300,1161,149,1433,99,12.8337639965547,8.19275578511256,6.90858339148639,5.22172060467941,5.9251806050683,38.8069989046151,122989,8.10752688172043,18.7396898713296,4668,70.7155098543273,12.7677806341045,2.63496143958869,12.9177377892031
06037131400,131400,1417,49,1593,82,3.45800988002823,2.53238216229653,5.14752040175769,3.25960129236688,-1.68951052172946,44.5181505362469,100725,16.7561947669381,30.9591642924976,5932,57.9399865138233,22.3196223870533,1.66891436277815,12.4747134187458
06037131600,131600,1124,154,1523,241,13.7010676156584,9.94751787265615,15.8240315167433,6.59793992917801,-2.12296390108491,44.1361468790334,92973,15.459028831563,24.3530020703934,5289,60.5974664397807,15.7685762904141,2.64700321421819,12.7812440915107
06037131701,131701,1153,103,1286,56,8.93321769297485,6.41812668796605,4.35458786936236,4.39465232613769,4.57862982361248,43.6751560847809,72321,20.5678104575163,37.1844371844372,4896,45.5678104575163,21.0375816993464,5.04493464052288,24.8366013071895
06037131702,131702,985,107,936,41,10.8629441624365,6.7743456119184,4.38034188034188,5.0159622500163,6.48260228209467,37.9100100999325,79745,7.11016173329265,36.869705526422,3344,56.1602870813397,32.2966507177034,0,7.92464114832536
06037131801,131801,688,48,887,5,6.97674418604651,6.75766574870552,0.56369785794814,1.81344676521865,6.41304632809837,58.8813834233713,59955,20.3400915631131,19.5445920303605,3127,53.3098816757275,21.0105532459226,1.1512631915574,19.379597057883
06037131802,131802,591,57,922,85,9.64467005076142,8.77174371262973,9.21908893709328,8.74104727062343,0.425581113668146,55.2882262482181,99345,9.98233215547703,37.2953305033354,2264,52.0318021201414,22.9681978798587,8.74558303886926,14.8409893992933
06037131900,131900,1087,36,1232,118,3.31186752529899,4.30144998851133,9.57792207792208,5.92112245178666,-6.26605455262309,78.9543420721347,136875,7.67706785537395,34.3153665885504,4038,49.0341753343239,34.9925705794948,0.198117880138683,9.38583457157008
06037132001,132001,815,10,812,58,1.22699386503067,2.59551433690696,7.14285714285714,8.25960189079558,-5.91586327782647,128.592351646151,127039,9.02061855670103,52.6509912402029,2716,26.5463917525773,54.160530191458,2.72459499263623,12.1134020618557
06037132002,132002,974,47,1109,108,4.82546201232033,4.14775291803793,9.73850315599639,8.97056071679858,-4.91304114367606,52.2526203475256,108944,7.48042910988692,26.0504201680672,3501,52.0137103684662,32.5906883747501,2.54213081976578,4.19880034275921
06037132101,132101,1108,77,1048,135,6.94945848375451,9.10605725598248,12.881679389313,8.01681345308239,-5.93222090555846,79.6550857745122,64821,31.8648018648019,33.3843212237094,4290,55.3613053613054,30.4662004662005,2.91375291375291,5.59440559440559
06037132102,132102,1456,137,1638,16,9.40934065934066,8.2902043637153,0.976800976800977,1.90426258989856,8.43253968253968,53.5599474344706,80469,19.6188994750146,38.1983426891206,5143,43.709896947307,32.6657592844643,4.27765895391795,17.6550651370795
06037132301,132301,792,12,1027,160,1.51515151515152,3.10845104739659,15.5793573515093,10.4800815965132,-14.0642058363577,124.715969074879,51181,25.6926952141058,26.3718910382945,3604,52.857935627081,14.9833518312986,12.1254162042175,16.1487236403996
06037132302,132302,625,36,904,108,5.76,5.58480755632206,11.9469026548673,13.6089021763211,-6.18690265486726,58.9413158173132,76156,13.9807162534435,27.9352226720648,2904,56.9903581267218,21.900826446281,1.51515151515152,17.4931129476584
06037132501,132501,950,16,1705,162,1.68421052631579,2.73907314270353,9.50146627565982,5.03630067571537,-7.81725574934404,98.8647220960621,86696,9.46152169173752,23.4116390816871,5052,57.5217735550277,28.4639746634996,2.01900237529691,7.68012668250198
06037132502,132502,834,34,840,43,4.07673860911271,5.40817985771115,5.11904761904762,5.79452325397151,-1.04230900993491,80.6440550926354,73558,10.4708979233694,36.0094451003542,3495,42.9470672389127,43.7482117310444,1.37339055793991,6.55221745350501
06037132700,132700,1200,94,1390,100,7.83333333333333,5.33037442696438,7.19424460431655,4.53538741991892,0.639088729016787,41.3661599454003,93661,20.2633647798742,30.239099859353,5150,54.3883495145631,35.0291262135922,2.83495145631068,4.60194174757282
06037132900,132900,960,27,1099,35,2.8125,3.57802650134699,3.18471337579618,3.9749839904138,-0.372213375796179,77.3366079318498,126292,11.5996025832091,43.7243947858473,4026,28.3904619970194,55.4148037754595,0.720317933432688,8.1718827620467
06037133000,133000,1154,99,1123,62,8.578856152513,6.68361224369863,5.52092609082814,5.08732960619689,3.05793006168486,47.3604650101515,98042,15.0720164609053,32.8052805280528,3979,55.4661975370696,30.635838150289,1.030409650666,9.02236742900226
06037133101,133101,405,23,563,22,5.67901234567901,7.64399843425092,3.90763765541741,5.37988749139242,1.77137469026161,81.8242200573972,113993,5.23864959254948,46.4485235434956,1718,23.9231664726426,57.8579743888242,0.291036088474971,12.2817229336438
06037133102,133102,938,67,913,35,7.14285714285714,6.12995044951019,3.83351588170865,4.33476964577655,3.30934126114849,52.1697910596612,56088,20.6562054208274,33.8201383551115,3629,26.2882336731882,50.6475613116561,0.881785615872141,17.7734913199228
06037134001,134001,940,81,1272,39,8.61702127659575,5.253723218229,3.06603773584906,2.52917394998395,5.55098354074669,37.063303126836,92632,10.6775067750678,21.3394342762063,3694,70.4926908500271,12.4255549539794,6.93015701136979,7.3632918245804
06037134002,134002,1186,58,1159,158,4.89038785834739,7.67756387050954,13.6324417601381,8.86181233846009,-8.74205390179066,95.4364401050656,81023,23.9731142643764,23.3552631578947,4020,59.6517412935323,14.452736318408,7.56218905472637,10.3980099502488
06037134101,134101,1034,20,1306,49,1.93423597678917,2.79349898154129,3.75191424196018,4.17588800409778,-1.81767826517102,87.7956822770121,90227,23.7291897891232,24.6753246753247,4515,35.8582502768549,24.1196013289037,0.819490586932447,34.5293466223699
06037134103,134103,1084,96,968,27,8.85608856088561,5.35036508378114,2.78925619834711,3.02461901774656,6.0668323625385,36.7261635690144,78672,31.4306893995552,29.0343698854337,4132,48.9593417231365,22.7734753146176,3.94482090997096,18.8044530493708
06037134104,134104,1039,76,1277,48,7.31472569778633,8.80052011762584,3.75880971025842,2.6627082377844,3.55591598752791,73.1382211023296,75313,14.5858488287853,31.3544865233709,4220,40.1184834123223,21.1611374407583,1.01895734597156,33.3649289099526
06037134201,134201,944,22,1631,114,2.33050847457627,3.44155302292252,6.98957694665849,10.4479986712069,-4.65906847208222,89.7713747896894,120833,8.24295010845987,26.0136230943886,4149,43.5767654856592,24.2709086526874,4.31429260062666,25.0180766449747
06037134302,134302,989,34,1101,38,3.43781597573306,3.63963382945274,3.45140781108084,3.16234420878058,-0.0135918353477718,64.3589818939525,131250,11.6502522219553,35.9042553191489,4172,33.8446788111218,37.0565675934803,2.87631831255992,17.1140939597315
06037134303,134303,1696,116,1730,105,6.83962264150943,5.6168766368145,6.06936416184971,5.09044710113627,0.770258479659724,49.9225593545613,106840,5.85568568190404,36.4477335800185,5398,42.3119673953316,40.1444979622082,1.37087810300111,13.3197480548351
06037134304,134304,766,50,682,97,6.52741514360313,4.08941031132818,14.2228739002933,13.7419536807563,-7.69545875669012,38.0849641152266,84205,12.8395980647562,47.4153297682709,2895,38.4801381692573,34.9222797927461,4.52504317789292,16.9257340241796
06037134305,134305,873,88,1181,103,10.0801832760596,7.76484523815229,8.72142252328535,6.52985590823098,1.35876075277421,46.8272305395617,60197,10.9046187482919,18.0860805860806,3659,81.9076250341623,7.98032249248429,2.10440010931949,6.88712763050014
06037134306,134306,800,118,914,38,14.75,14.3379713679871,4.15754923413567,5.1059271761852,10.5924507658643,59.0921492678878,52038,13.0726583017216,16.8981481481482,3560,53.3988764044944,18.2022471910112,3.67977528089888,21.6011235955056
06037134421,134421,1127,173,1251,27,15.3504880212955,8.1028028041751,2.15827338129496,2.76962850915452,13.1922146400005,32.088334804383,165109,4.34167059933931,62.0859298130535,4238,9.6271826333176,59.6743747050496,1.43935818782445,17.0835299669656
06037134422,134422,1215,97,1484,152,7.98353909465021,4.66777226218579,10.2425876010782,5.49423029956672,-2.25904850642796,35.5425268608763,158839,5.11834918065952,52.6345291479821,4956,13.8216303470541,55.4681194511703,3.99515738498789,19.8143664245359
06037134423,134423,623,76,974,65,12.199036918138,12.0401423395594,6.6735112936345,5.79824969497848,5.52552562450355,59.9984696652174,124464,13.2584269662921,50.4736642667677,3560,15.7584269662921,69.4662921348315,0,14.1011235955056
06037134424,134424,691,92,672,43,13.3140376266281,9.71434254997899,6.39880952380952,5.58194106848874,6.91522810281855,44.3545044405675,157980,5.55147058823529,73.8352941176471,2748,2.62008733624454,68.3042212518195,2.54730713245997,20.9970887918486
06037134520,134520,1156,7,1515,149,0.605536332179931,2.14254108062178,9.83498349834984,9.33001371852812,-9.2294471661699,215.091401580441,54976,27.2388059701493,17.2403733955659,5092,69.5993715632365,15.5341712490181,3.96700706991359,9.24980361351139
06037134521,134521,443,51,762,37,11.5124153498871,9.7384713684091,4.85564304461942,4.35823342898626,6.65677230526771,51.4231219525029,52679,32.8777821163608,7.26552179656539,2601,92.8873510188389,1.99923106497501,1.53787004998078,2.11457131872357
06037134522,134522,1038,33,1488,82,3.17919075144509,3.69519841859958,5.51075268817204,3.99739229563907,-2.33156193672696,70.6570131437113,69318,14.8094548962856,12.1071428571429,4146,71.1529184756392,20.6464061746261,0.0482392667631452,7.50120598166908
06037134710,134710,1125,96,1594,37,8.53333333333333,7.76338273877771,2.32120451693852,3.09818041563484,6.21212881639481,55.3052531732835,62813,24.7297297297297,22.6057213930348,5198,67.275875336668,13.986148518661,5.46363986148519,10.1577529819161
06037134720,134720,1792,185,1612,98,10.3236607142857,5.86158307480954,6.07940446650124,4.24216498348486,4.24425624778447,34.5155898137146,102604,7.36631502364496,34.418356456777,5498,55.0563841396872,18.2611858857767,2.61913423062932,17.1698799563478
06037134801,134801,830,9,789,43,1.08433734939759,2.13940591452028,5.44993662864385,5.20743678633815,-4.36559927924626,119.939676396611,98804,14.2609899619245,43.0714916151809,2898,46.583850931677,28.64044168392,3.14009661835749,17.1152518978606
06037134802,134802,591,53,819,79,8.9678510998308,6.33844335042367,9.64590964590965,6.13693062888656,-0.67805854607885,42.9663361828341,83813,17.2561983471074,26.3715998155832,3025,29.6528925619835,29.1900826446281,8.49586776859504,24.0661157024793
06037134901,134901,618,64,785,85,10.3559870550162,8.13977334242048,10.828025477707,10.4673137299055,-0.472038422690826,47.7809643390564,84688,9.99563509384548,46.5346534653465,2291,26.4513312963771,56.3509384548232,0.305543430816237,12.7455259711916
06037134904,134904,1130,125,1623,117,11.0619469026549,6.56744542861718,7.20887245841035,6.01812980197922,3.85307444424452,36.0910070970816,104375,9.67248908296943,30.6537102473498,4581,42.2178563632395,22.6806374154115,3.0561012879284,24.6016153678236
06037134905,134905,1714,65,2747,83,3.79229871645274,3.04838674116908,3.02147797597379,3.25448202935228,0.770820740478952,48.8654185117026,97106,15.8373881651232,64.4019682059046,6371,14.1265107518443,43.2114267775859,22.2571024956836,14.5503060743996
06037134906,134906,836,73,916,20,8.73205741626794,7.50127199837333,2.18340611353712,3.75745960896904,6.54865130273082,52.2218710966407,67216,12.6385041551247,15.7271435338702,2888,72.0914127423823,16.6551246537396,1.28116343490305,8.06786703601108
06037134907,134907,1268,176,1662,296,13.8801261829653,20.426637106107,17.8098676293622,13.79771656995,-3.92974144639691,89.4617845072662,92759,30.0192585459798,41.4911308203991,4209,22.9745782846282,48.847707293894,18.864338322642,4.70420527441197
06037135102,135102,1201,42,1066,49,3.49708576186511,3.10740494948337,4.59662288930582,3.53297813965222,-1.0995371274407,54.0164038837679,170694,10.0850546780073,57.9883570504528,4117,26.2812727714355,46.7087685207676,7.31114889482633,9.98299732815157
06037135111,135111,1066,64,1254,61,6.00375234521576,5.83240822237121,4.86443381180223,3.88973073792005,1.13931853341353,59.0553492120793,106023,8.17562452687358,32.0152091254753,3963,34.2922028766086,52.6368912440071,1.91773908655059,6.71208680292708
06037135113,135113,1058,19,976,59,1.79584120982987,2.29944630277769,6.04508196721312,5.45664656087418,-4.24924075738325,77.8376000108399,117841,13.7690776376908,66.9134659879685,3014,16.1579296615793,44.9900464499005,11.6788321167883,22.3623092236231
06037135115,135115,928,136,1418,61,14.6551724137931,8.00807737645043,4.30183356840621,3.82110335580868,10.3533388453869,33.2178428631593,118162,6.42840566256672,69.0885072655218,4309,8.54026456254351,34.9268971919239,5.12880018565793,45.4165699698306
06037135116,135116,293,10,555,204,3.41296928327645,6.00421526051741,36.7567567567568,52.3898597381524,-33.3437874734803,106.944381235964,67056,20.3125,44.1568047337278,1536,14.5833333333333,60.3515625,1.04166666666667,11.5885416666667
06037135201,135201,639,124,811,148,19.4053208137715,11.0567694593498,18.249075215783,12.0933852883102,1.15624559798853,34.6371001300349,143125,16.5771571786609,51.7451523545706,2861,17.44145403705,61.0276127228242,2.86613072352324,10.8004194337644
06037135202,135202,1191,127,1037,95,10.6633081444165,9.7503154212013,9.16104146576664,10.7505144133177,1.50226667864982,55.5854087387251,128816,10.2883355176933,49.001996007984,4578,10.0043687199651,59.130624726955,9.1743119266055,14.7007426823941
06037135204,135204,1109,174,1306,47,15.6898106402164,11.5136942881677,3.59877488514548,4.51088646352969,12.0910357550709,44.6098835397337,140085,7.01932858596134,47.6853252647504,4915,24.6795523906409,51.3733468972533,5.41200406917599,12.0854526958291
06037135205,135205,407,0,535,105,0,3.43980343980344,19.6261682242991,12.4642536752215,-19.6261682242991,,156389,3.14465408805031,71.4192708333333,2067,6.43444605708757,67.2472181906144,1.548137397194,18.0938558297049
06037137000,137000,1006,59,1134,63,5.8648111332008,4.52614225433336,5.55555555555556,4.01160985242731,0.30925557764524,46.9146268390022,126250,8.43770599868161,52.6564344746163,4562,14.5330995177554,68.6760192897852,2.21394125383604,10.5874616396317
06037137103,137103,1416,115,1562,83,8.12146892655367,5.15651354331646,5.31370038412292,3.8166798606247,2.80776854243075,38.5971887265025,86029,18.0864197530864,53.9363484087102,4860,11.6255144032922,57.0781893004115,9.05349794238683,14.6090534979424
06037137104,137104,614,81,761,36,13.1921824104235,8.1003324484848,4.73061760840999,4.22020339864061,8.46156480201347,37.3267599037087,106599,8.93617021276596,58.4350721420644,2350,5.65957446808511,75.0212765957447,3.91489361702128,4.68085106382979
06037137202,137202,857,150,1105,136,17.5029171528588,14.0614749040996,12.3076923076923,8.47455404890273,5.1952248451665,48.8376250975213,75714,13.1780570027582,50.7597535934292,3293,19.192225933799,50.986941998178,6.25569389614334,18.7063467962344
06037137203,137203,566,56,880,91,9.89399293286219,7.5825591191716,10.3409090909091,5.3750280637881,-0.446916158046902,46.5884548572636,129732,10.2574257425743,43.8189204875218,2534,30.1894238358327,56.2746645619574,1.30228887134964,6.74822415153907
06037137301,137301,508,58,578,22,11.4173228346457,7.3960282000097,3.80622837370242,3.40837022231668,7.61109446094325,39.3793347196827,196893,1.51921358355675,62.3822341857335,2244,7.174688057041,74.6880570409982,0.623885918003565,6.37254901960784
06037137302,137302,990,71,1350,139,7.17171717171717,5.15438580838953,10.2962962962963,7.58580717804927,-3.12457912457912,43.6905856441255,181786,8.43863782394517,57.4133411010778,4669,18.1623473977297,62.3045620047119,6.70379096166203,5.59006211180124
06037137401,137401,1340,39,1311,101,2.91044776119403,2.69532935300277,7.70404271548436,5.91455276936149,-4.79359495429033,56.2971137561173,143142,10.275847546852,59.2537755404205,4829,15.6968316421619,63.1393663284324,8.57320356181404,5.17705529095051
06037137402,137402,1224,157,1311,174,12.8267973856209,8.57499796006596,13.2723112128146,13.1307991517937,-0.44551382719373,40.6396434016252,121201,7.83025568181818,55.6045666839647,5713,11.5525993348503,54.3847365657273,14.1081743392263,4.11342552074217
06037137501,137501,1496,155,1379,142,10.3609625668449,5.86588214199991,10.2973168963017,6.60567671576551,0.0636456705432522,34.4165494045764,95858,17.2558761704567,58.3247687564234,5304,11.4819004524887,53.2805429864254,6.5422322775264,19.9660633484163
06037137502,137502,1180,35,1280,38,2.96610169491525,3.01055905779278,2.96875,2.96730612728109,-0.00264830508474567,61.7014274979676,134388,4.83069977426637,50.2329644729179,4580,19.5633187772926,56.4192139737991,0.895196506550218,6.92139737991266
06037137504,137504,465,33,505,11,7.09677419354839,6.89692858168085,2.17821782178218,3.64364919768667,4.91855637176621,59.0784155932872,242188,3.44456404736276,67.2489082969432,1858,16.8460710441335,57.9117330462863,6.18945102260495,9.95694294940797
06037138000,138000,1035,13,1330,135,1.256038647343,2.42490999981033,10.1503759398496,6.63615123322863,-8.89433729250663,117.361788627715,156094,4.46765947988442,58.913362701909,4499,5.8679706601467,78.573016225828,1.73371860413425,5.37897310513448
06037139001,139001,1386,144,1630,155,10.3896103896104,8.09397823548386,9.50920245398773,7.7756700791714,0.88040793562266,47.3583832927247,127755,9.54935622317597,61.3445378151261,5592,17.8111587982833,67.4535050071531,2.64663805436338,5.90128755364807
06037139200,139200,1563,52,1501,92,3.32693538067818,3.77325463377483,6.1292471685543,8.2106842288564,-2.80231178787611,68.9454874046067,97015,7.71011396011396,49.015009380863,5616,20.8867521367521,63.1054131054131,3.27635327635328,5.71581196581197
06037139301,139301,937,27,1236,20,2.88153681963714,2.70868906204743,1.61812297734628,2.244489629317,1.26341384229086,57.143794914746,165515,5.31888076632216,61.7965367965368,4067,10.7450208999262,64.8635357757561,2.90140152446521,6.61421194984018
06037139302,139302,1349,107,1621,108,7.93180133432172,5.33634877073756,6.66255397902529,6.32491893274219,1.26924735529643,40.8984148608071,82806,16.0919540229885,40.2222810267267,5394,32.6659251019651,28.7912495365221,11.9577308120134,17.779013718947
06037139303,139303,1436,63,1435,51,4.38718662952646,3.49086175567258,3.55400696864112,3.43153986533004,0.833179660885348,48.3705068861468,69263,5.84756898817346,43.2519452642876,4715,30.4772004241782,46.0233297985154,6.76564156945917,10.9650053022269
06037139401,139401,807,39,811,41,4.83271375464684,4.19592820532059,5.05548705302096,4.19515767087037,-0.222773298374122,52.7802051546055,84575,7.78971603990791,45.4501915708812,2606,26.1703760552571,59.0176515732924,5.44896392939371,4.79662317728319
06037139402,139402,451,27,712,26,5.98669623059867,5.11796575033954,3.65168539325843,3.39255341161584,2.33501083734024,51.9689869053953,198043,10.2769679300292,66.8947368421053,2749,6.03855947617315,74.0632957439069,1.74608948708621,6.62058930520189
06037139502,139502,882,37,945,74,4.19501133786848,5.90356482247193,7.83068783068783,5.17442340704862,-3.63567649281935,85.5490704579027,132738,6.50479616306954,64.9205667668527,3336,13.9388489208633,79.7961630695444,1.82853717026379,2.51798561151079
06037139504,139504,1126,58,1041,92,5.15097690941385,4.36765576050621,8.83765609990394,5.89857298831117,-3.68667919049008,51.5457539705481,78198,13.6684552386332,49.2976588628763,3541,18.6952838181305,70.2343970629766,4.65970064953403,1.69443659983056
06037139505,139505,881,24,917,168,2.72417707150965,4.50060012916006,18.3206106870229,23.8172929717328,-15.5964336155133,100.431325070669,49500,23.7951807228916,49.4922737306843,2656,14.4954819277108,57.0783132530121,4.14156626506024,6.62650602409639
06037139506,139506,801,0,872,27,0,1.7478152309613,3.09633027522936,5.22276798774954,-3.09633027522936,,72849,4.41176470588235,57.9910532736885,3196,18.116395494368,69.6495619524406,3.16020025031289,5.16270337922403
06037139600,139600,1205,205,1377,21,17.0124481327801,16.2212762872907,1.52505446623094,2.73241595970991,15.4873936665491,57.9631934945076,89473,9.07469784030117,66.7018469656992,5047,7.7273627897761,74.2223102833366,2.37765008916188,8.36140281355261
06037139701,139701,796,211,1487,147,26.5075376884422,15.7748652201936,9.88567585743107,8.89742138204984,16.6218618310111,36.1768182061802,162188,13.128762866576,66.0893985490288,5166,9.48509485094851,77.6035617499032,2.86488579171506,5.92334494773519
06037139703,139703,650,37,702,50,5.69230769230769,4.66222125086874,7.12250712250712,5.78363423256369,-1.43019943019943,49.7895968629702,223750,2.854996243426,71.6990291262136,2663,5.21967705595193,73.9016147202403,1.68982350732257,7.13481036425084
06037139704,139704,607,52,664,56,8.5667215815486,9.26334379402386,8.43373493975904,6.4666552784202,0.132986641789563,65.7335712295123,141546,6.35901162790698,72.4101479915434,2752,4.17877906976744,82.3764534883721,0.399709302325581,3.4156976744186
06037139705,139705,708,13,1040,56,1.8361581920904,3.52961475275269,5.38461538461539,6.12928720781517,-3.54845719252499,116.856078791158,250001,1.50913423351867,77.6532137518685,3777,0.476568705321684,77.1247021445592,2.4357956049775,9.02832936192746
06037139801,139801,804,96,1121,85,11.9402985074627,8.43738223925458,7.58251561106155,5.5278953562991,4.35778289640114,42.9562773579071,232434,8.70283668410906,71.1611917494271,3631,7.24318369595153,77.5268521068576,0,8.01432112365739
06037139802,139802,678,20,1139,75,2.94985250737463,4.03978213149166,6.58472344161545,4.47286879282881,-3.63487093424082,83.2514372386428,228990,4.56349206349206,72.7954971857411,3528,6.34920634920635,75.0283446712018,4.93197278911565,10.9126984126984
06037141101,141101,1665,169,1498,128,10.1501501501502,8.03820555261232,8.54472630173565,6.97731526908368,1.6054238484145,48.1416242337351,73318,7.64099454214676,72.6227795193313,4947,17.2225591267435,53.4869617950273,5.55892460076814,7.62078027087124
06037141102,141102,820,59,1051,182,7.19512195121951,5.91277547752598,17.3168411037108,12.5813491881008,-10.1217191524912,49.9559619965103,95288,10.5700264250661,64.40097799511,2649,13.2880332200831,58.2106455266138,6.98376745941865,4.41676104190261
06037141201,141201,1119,205,1838,59,18.3199285075961,9.63900812292085,3.21001088139282,2.87568498114841,15.1099176262032,31.984728562676,77207,8.81834215167549,60.1670506912442,3978,22.272498743087,59.9547511312217,5.88235294117647,5.75666163901458
06037141202,141202,1018,32,1006,67,3.1434184675835,3.65078552565436,6.66003976143141,6.93237294373278,-3.51662129384791,70.602197285641,114621,6.73690932311622,69.865571321882,3132,10.823754789272,64.9744572158365,7.66283524904215,9.2911877394636
06037141303,141303,1025,30,1355,238,2.92682926829268,3.07863163619993,17.5645756457565,9.62334213668454,-14.6377463774638,63.9432102756824,103990,14.8949320148331,64.6159317211949,3236,13.31891223733,57.7564894932015,2.78121137206428,9.91965389369592
06037141304,141304,1026,28,883,38,2.72904483430799,2.80849700819385,4.3035107587769,4.51261900915998,-1.5744659244689,62.5600940166497,101941,8.81770145310436,64.7712697734074,3028,12.3183619550859,75.5614266842801,3.79788639365918,5.28401585204756
06037141305,141305,1030,146,1017,83,14.1747572815534,9.68839166945537,8.16125860373648,6.4881495461352,6.01349867781692,41.5499163906359,119448,11.1928365845859,66.9987546699876,3127,23.6328749600256,54.1733290693956,6.42788615286217,8.31467860569236
06037141306,141306,1271,272,997,69,21.4004720692368,22.6893306854044,6.92076228686058,6.75762077411937,14.4797097823762,64.451410917998,109222,3.73746581586144,77.613104524181,3291,12.9140079003342,73.1084776663628,1.8839258584017,6.35065329687025
06037141400,141400,1128,19,1440,160,1.68439716312057,2.64738874614683,11.1111111111111,5.44352382092102,-9.42671394799054,95.5448570037955,118441,10.5131172839506,66.0812581913499,5217,17.979681809469,65.8616062871382,1.70596128042937,9.18152194747939
06037141500,141500,736,10,624,13,1.35869565217391,2.75119457230666,2.08333333333333,4.01331814101697,-0.72463768115942,123.092960803508,206607,1.7100106875668,79.7576981322564,2807,6.80441752760955,86.2130388314927,0,5.09440684004275
06037141600,141600,976,34,1382,68,3.48360655737705,3.0206539682451,4.92040520984081,4.3366374657497,-1.43679865246376,52.7115729126983,202825,3.94395433316035,78.0390857899967,3854,7.70627919045148,77.3741567202906,0.0518941359626362,9.08147379346134
06037141700,141700,945,116,1244,248,12.2751322751323,9.65719604819447,19.935691318328,11.7134426019327,-7.6605590431957,47.8254389767518,234120,1.23685837971552,78.9112903225806,3234,11.8119975262832,81.9727891156463,0.123685837971552,2.8447742733457
06037143101,143101,536,13,628,63,2.42537313432836,4.51102076412271,10.031847133758,7.31475459136844,-7.6064739994296,113.065566030852,105375,1.01419878296146,60.8853850818678,1972,15.7707910750507,65.0101419878296,2.78904665314402,8.92494929006085
06037143102,143102,869,98,846,111,11.277330264672,8.58090198897695,13.1205673758865,8.9106713277004,-1.84323711121449,46.2552188351899,101333,7.22743977133524,50.8982035928144,2449,28.909759085341,60.0653327888934,2.65414454879543,2.44997958350347
06037143200,143200,1637,215,1667,59,13.1337813072694,11.5548157518825,3.53929214157169,3.84514005812546,9.59448916569771,53.4819633444027,95867,9.59468742844058,50.6372132540357,4367,31.1197618502404,48.9809938172659,6.02244103503549,8.63292878406229
06037143301,143301,1095,64,1208,125,5.84474885844749,4.13531014826829,10.3476821192053,6.75844705873551,-4.50293326075781,43.0106821082236,97386,22.2464822901504,57.9679144385027,4122,17.3216885007278,70.0873362445415,3.73605046094129,6.01649684619117
06037143302,143302,1072,110,1360,128,10.2611940298507,5.83659387575172,9.41176470588235,5.55721152063325,0.849429323968392,34.5776658458461,127500,5.53871589969689,53.768115942029,3629,12.8961146321301,65.3899145770185,4.24359327638468,8.37696335078534
06037143401,143401,1636,367,1655,63,22.4327628361858,9.60253929598428,3.80664652567976,3.54685673042309,18.6261163105061,26.0218054681933,131161,9.41334355828221,61.2127548353372,5216,18.8458588957055,59.9501533742331,5.44478527607362,7.26610429447853
06037143402,143402,511,35,575,96,6.84931506849315,4.16964975741889,16.695652173913,8.08361885608258,-9.84633710541989,37.0072258105263,110179,5.39440203562341,56.9023569023569,1987,13.5883241066935,70.0553598389532,5.63663814796175,4.2778057372924
06037143500,143500,1741,152,1578,21,8.73061458931649,5.89490000640006,1.33079847908745,2.10678218744949,7.39981611022903,41.0455163619521,178875,4.3146736098196,67.2692673644148,5377,9.29886553840431,76.6970429607588,4.63083503812535,2.52929142644597
06037143602,143602,1470,86,1236,215,5.85034013605442,5.03943508299392,17.3948220064725,12.1092680843995,-11.5444818704181,52.3642438114163,102388,12.3379429559205,64.5647873392681,4930,12.5557809330629,76.0446247464503,1.4604462474645,6.26774847870183
06037143603,143603,877,37,1018,68,4.21892816419612,3.8719275084978,6.67976424361493,4.15577083301342,-2.46083607941881,55.7903626871366,96458,11.6574147501983,71.4562167392356,2522,15.146708961142,55.3528945281523,12.3711340206186,12.8072957969865
06037143605,143605,802,103,717,35,12.8428927680798,11.3352278658555,4.88145048814505,4.95010947292285,7.96144227993475,53.6539247995758,96500,15.013698630137,59.9211563731932,1825,13.972602739726,53.4246575342466,7.89041095890411,12.986301369863
06037143606,143606,690,40,717,20,5.79710144927536,4.4784857645359,2.78940027894003,4.1139254558788,3.00770117033533,46.9628446433095,89176,11.5764979639325,70.5797101449275,1719,13.7289121582315,55.3228621291449,10.5293775450844,16.6375799883653
06037143700,143700,1200,187,1081,82,15.5833333333333,11.9310081008143,7.58556891766883,4.65130944274739,7.99776441566451,46.5426254278147,151125,8.69804569226535,63.6184857423796,3633,14.4508670520231,72.9699972474539,2.39471511147812,5.56014313239747
06037143801,143801,986,130,1009,214,13.184584178499,6.13977950587907,21.209117938553,11.513636599067,-8.02453376005404,28.308733190539,165880,8.60805860805861,67.8987545198875,3276,8.45543345543346,55.6776556776557,7.72283272283272,13.4615384615385
06037143802,143802,519,60,821,61,11.5606936416185,10.356073320006,7.4299634591961,6.6983655213587,4.1307301824224,54.4559478529192,161706,7.51677852348993,61.4961496149615,2235,5.59284116331096,71.5883668903803,2.50559284116331,13.2885906040268
06037143901,143901,1110,58,1248,46,5.22522522522523,4.21079542513313,3.68589743589744,4.7127460767291,1.53932778932779,48.9883966240203,212027,3.06000478125747,74.1489720256151,4189,6.20673191692528,81.9527333492481,0.47744091668656,5.72929100023872
06037143902,143902,940,37,1066,136,3.93617021276596,4.93872573850219,12.7579737335835,9.82693115696351,-8.82180352081753,76.2737565791843,160000,6.81154719429128,63.8477801268499,3083,18.4884852416477,64.3529030165423,1.97859228024651,6.90885501135258
06037181000,181000,1917,104,1737,191,5.42514345331247,4.02222033669745,10.9959700633276,5.3097100527183,-5.57082661001511,45.0701214954934,151875,6.16343490304709,57.9964061096137,5831,28.9315726290516,41.5194649288287,0.34299434059338,21.8315897787687
06037181300,181300,1094,88,1151,86,8.04387568555759,6.16353635270076,7.47176368375326,4.49959910832398,0.57211200180433,46.5799168959287,152219,6.52383245064998,55.9701492537313,4166,35.213634181469,30.8449351896303,0.648103696591455,23.2117138742199
06037181400,181400,998,127,1424,109,12.7254509018036,9.93678309882598,7.65449438202247,7.98901589806776,5.07095651978113,47.4686333323521,106075,6.74861412388527,59.9800399201597,4247,38.5684012243937,28.9851659995291,1.71886037202731,27.45467388745
06037181500,181500,823,21,1234,48,2.55164034021871,3.68453164461324,3.88978930307942,3.62496754529004,-1.3381489628607,87.7802733685539,127847,9.17836713468539,52.2169167803547,3846,33.8273530941238,30.0572022880915,0,21.4508580343214
06037181600,181600,1120,28,1232,70,2.5,2.423697059828,5.68181818181818,3.57795984711989,-3.18181818181818,58.9348829137507,94091,4.61365341335334,51.4456172556219,4251,31.545518701482,30.1340860973889,4.35191719595389,23.9002587626441
06037183101,183101,846,93,1101,120,10.9929078014184,7.34464595417688,10.8991825613079,7.77328914937081,0.0937252401105386,40.615553663651,120521,18.5311434769135,47.4234792716002,3247,56.7600862334463,27.040344933785,1.23190637511549,12.6270403449338
06037183103,183103,1100,68,1385,163,6.18181818181818,6.07697955739088,11.7689530685921,8.55579696485847,-5.58713488677388,59.7593198026995,93506,8.19288389513109,41.4034021871203,4318,55.1412691060676,26.6327003242242,1.34321445113478,9.91199629458082
06037183104,183104,663,94,590,45,14.1779788838612,9.02884245222802,7.6271186440678,4.81030731171744,6.55086023979344,38.7125560746762,94444,11.164813919768,45.826036193812,2078,45.2358036573629,27.8633301251203,1.73243503368624,19.1049085659288
06037183220,183220,877,65,896,162,7.41163055872292,8.79917354478883,18.0803571428571,10.6347766737883,-10.6687265841342,72.1709160512491,136854,3.15568022440393,48.3227561196736,2956,42.65899864682,30.6495263870095,0.91339648173207,23.6129905277402
06037183221,183221,851,121,1003,129,14.2185663924794,13.527710645429,12.8614157527418,10.0150658425186,1.35715063973766,57.8365784584394,102250,8.66039571845605,50.1247920133112,3133,57.4210022342803,27.1943823811044,3.4471752314076,10.7564634535589
06037183222,183222,1017,71,1032,39,6.98131760078663,4.51484742992021,3.77906976744186,3.10904260007662,3.20224783334477,39.3133253669152,99464,13.4582132564842,54.1755130927106,3485,41.4921090387375,39.0817790530847,1.2338593974175,15.1506456241033
06037183300,183300,798,165,854,20,20.6766917293233,18.8219183325726,2.34192037470726,3.01195005971304,18.334771354616,55.3371680183952,97361,8.58062209510189,42.9375879868606,2812,56.0455192034139,21.5504978662873,0.320056899004267,14.6870554765292
06037183401,183401,720,15,652,47,2.08333333333333,2.81907269308058,7.20858895705521,5.56723016523005,-5.12525562372188,82.2586560898893,109688,4.04085257548845,41.189307146754,2276,47.7592267135325,24.6045694200352,0.878734622144112,22.8910369068541
06037183402,183402,1043,166,987,38,15.9156279961649,8.01104707532112,3.8500506585613,3.35717586284274,12.0655773376036,30.5984622974326,102196,12.3821904452389,48.8523170203551,3183,41.9415645617342,29.7832233741753,0.345585925227773,19.7926484448633
06037183510,183510,650,70,655,58,10.7692307692308,5.22626971861745,8.85496183206107,7.48419559866352,1.9142689371697,29.5013054025301,102813,6.90817186183656,31.367144432194,2377,65.4606647034077,18.6790071518721,0,12.9154396297854
06037183520,183520,994,155,1317,153,15.5935613682093,7.52959311241211,11.6173120728929,6.87777549304274,3.97624929531632,29.353527027111,69436,19.2928730512249,31.1034217608612,3649,79.1449712249932,13.5379556042751,2.93231022197862,2.0279528637983
06037183610,183610,728,60,776,111,8.24175824175824,5.28298514318824,14.3041237113402,5.88755394022142,-6.06236546958197,38.9666989284806,80688,15.6389301634473,39.4472361809045,2694,56.6815144766147,29.0645879732739,0,8.68596881959911
06037183620,183620,799,31,1027,62,3.87984981226533,3.1786048493642,6.03700097370983,4.59388440153081,-2.1571511614445,49.8030252895773,112476,9.69922271037513,43.5604395604396,2967,57.8024941017863,28.1766093697337,0.101112234580384,11.9986518368723
06037183701,183701,943,98,1029,67,10.3923647932131,7.22538082169816,6.511175898931,4.28402392253267,3.88118889428215,42.2649594619525,71946,15.756490599821,29.8445202882063,3351,74.1271262309758,17.905102954342,0.925096985974336,4.59564309161444
06037183702,183702,721,10,959,84,1.3869625520111,2.82644189499063,8.75912408759124,6.98503553013841,-7.37216153558015,123.882346886823,93654,5.53059108192188,51.448275862069,2905,49.9483648881239,26.815834767642,2.23752151462995,9.74182444061962
06037183810,183810,1091,100,1369,149,9.16590284142988,4.59075649150729,10.8838568298028,5.83031394535907,-1.71795398837289,30.446901715711,73500,18.7887130075705,31.6491010539368,4359,69.9013535214499,21.1057582014223,3.83115393438862,2.24822206928195
06037183820,183820,903,30,1379,149,3.32225913621262,4.48169248870432,10.8049311094996,7.48186967155804,-7.48267197328701,82.0054370273557,78426,10.3896103896104,28.3005105762217,3707,76.2611275964392,11.2759643916914,4.0733746965201,6.82492581602374
06037185101,185101,722,70,737,171,9.69529085872576,11.4033449128496,23.202170963365,16.1941653508445,-13.5068801046392,71.4999133919008,85967,6.8590547887913,33.4328358208955,2427,53.1932426864442,37.7008652657602,3.41985990935311,5.06798516687268
06037185102,185102,943,217,1136,42,23.0116648992577,27.8591939103609,3.69718309859155,2.8045393014478,19.3144818006661,73.596066442005,137750,10.0426742532006,68.5133239831697,3515,23.7553342816501,64.2105263157895,1.30867709815078,8.36415362731152
06037185202,185202,1041,70,1533,130,6.72430355427474,6.71067734685453,8.48010437051533,4.40110491170017,-1.75580081624059,60.6670874344383,134875,4.83563601715103,51.2293806411454,4198,40.0190566936637,45.6884230585993,0,6.90805145307289
06037185203,185203,589,35,788,60,5.94227504244482,5.40339170977432,7.61421319796954,6.57099603614126,-1.67193815552472,55.2774245255245,88667,13.784355179704,34.9353049907579,2365,65.6236786469345,16.4904862579281,0.25369978858351,10.1479915433404
06037185204,185204,420,42,625,71,10,8.41504160239675,11.36,6.14356007491682,-1.36,51.1552680996763,128523,20.8333333333333,55.510752688172,1800,35.8333333333333,36.1666666666667,5.11111111111111,20.6111111111111
06037185310,185310,761,57,859,84,7.49014454664915,5.76764855194804,9.77881257275902,6.50931529772085,-2.28866802610988,46.8104361758914,93958,19.3603851444292,19.2405063291139,2908,83.6657496561211,7.25584594222834,0.275103163686382,7.35900962861073
06037185320,185320,519,48,769,30,9.2485549132948,7.41085892390082,3.90117035110533,5.45589517719368,5.34738456218947,48.71119277488,61618,18.5985836749907,15.3772683858644,2692,84.4353640416048,7.94947994056464,0.37147102526003,6.09212481426449
06037186100,186100,1321,38,1560,153,2.87660862982589,2.53785003942188,9.80769230769231,9.35544917361124,-6.93108367786642,53.6314174064357,105069,3.63443145589798,46.2287104622871,4711,40.5858628741244,37.8475907450647,0.275949904478879,13.5427722351942
06037186201,186201,863,43,695,22,4.98261877172654,5.79167939450912,3.16546762589928,3.81847692487162,1.81715114582726,70.6611906052361,83562,9.69563853153436,44.3972179289026,3187,34.2014433636649,26.0433009099467,0.721681832444305,35.0800125509884
06037186202,186202,437,43,752,31,9.83981693363844,6.00024355108945,4.12234042553192,3.485936928457,5.71747650810653,37.0694342521537,99188,13.3486766398159,43.0086149768058,1738,34.6950517836594,25.2013808975834,1.78365937859609,31.7031070195627
06037186203,186203,867,126,784,96,14.5328719723183,8.92019904494093,12.2448979591837,6.49083402438103,2.28797401313467,37.3127445938331,177623,10.1634117178159,62.8765792031098,2509,20.2471104025508,64.3284176962933,0.518134715025907,12.3555201275409
06037186301,186301,730,56,765,113,7.67123287671233,5.82119842124973,14.7712418300654,7.62186794934961,-7.10000895335303,46.1297747233207,69614,11.5659031167856,36.8655883993307,2663,55.4637626736763,15.9969958693203,6.9095005632745,13.8941043935411
06037186302,186302,1167,65,1768,212,5.56983718937446,3.91699719588771,11.9909502262443,5.60168241952944,-6.42111303686988,42.7508602066959,102719,11.8192819685357,48.2972905791698,4958,35.5183541750706,35.0342880193627,0.72609923356192,20.9762000806777
06037186401,186401,468,8,746,60,1.70940170940171,4.05041644224798,8.04289544235925,5.20318284267029,-6.33349373295754,144.042165271433,57011,27.279843444227,21.7592592592593,2555,72.3679060665362,6.1839530332681,2.46575342465753,16.6340508806262
06037186403,186403,581,26,903,28,4.4750430292599,7.22092701952752,3.10077519379845,2.88834592518412,1.37426783546145,98.0911526384262,105048,10.5482041587902,34.1554959785523,2658,64.033107599699,15.6884875846501,2.44544770504138,14.0707298720843
06037186404,186404,628,125,749,84,19.9044585987261,21.9703897959896,11.214953271028,8.8679447179664,8.68950532769808,67.0998409331622,79643,28.1032363785334,40.0583090379009,2441,62.3514952888161,23.6378533387956,0.327734535026628,7.49692748873413
06037187101,187101,792,60,1061,99,7.57575757575758,5.04113935234864,9.33081998114986,7.4733480674139,-1.75506240539228,40.4516957148949,91829,20.0465425531915,45.7234212629896,3026,39.3919365499009,34.6331791143424,0,19.3654990085922
06037187102,187102,1479,39,1320,159,2.6369168356998,2.29495615770688,12.0454545454545,7.74634875505363,-9.40853770975475,52.9068686345332,91944,18.1581798483207,42.8735963144256,4615,50.6608884073673,16.771397616468,1.23510292524377,26.5655471289274
06037187200,187200,919,120,955,49,13.0576713819369,4.03742703401128,5.13089005235602,3.58430113446241,7.92678132958087,18.7963295048448,96912,10.3412256267409,45.5021418372204,2872,48.1545961002786,27.4721448467967,0.835654596100279,18.4192200557103
06037187300,187300,1175,87,1201,128,7.40425531914894,6.72603145625552,10.6577851790175,6.00279179562997,-3.25352985986855,55.2219331383869,126528,8.55745721271394,71.4285714285714,3681,19.478402607987,56.7508829122521,3.80331431676175,14.2895952186906
06037188100,188100,1420,109,1339,133,7.67605633802817,4.59012379186859,9.932785660941,6.45700769372306,-2.25672932291283,36.3513331164965,93675,12.0426829268293,50.6773399014778,3954,39.5042994436014,41.1734951947395,1.59332321699545,12.2660596863935
06037188201,188201,953,67,1257,169,7.03043022035677,4.06586025582222,13.4447096260939,6.89905589165506,-6.41427940573711,35.1564199410114,92500,15.5443886097152,70.0769230769231,2994,15.0968603874416,65.063460253841,4.34201736806947,10.8884435537742
06037188202,188202,764,8,1231,49,1.04712041884817,2.57557867119716,3.98050365556458,5.04779154315562,-2.93338323671641,149.524476048224,200962,6.14290333010023,74.3306417339567,3093,10.1196249595862,56.0944067248626,11.9948270287747,16.8768186226964
06037188300,188300,1027,103,1013,56,10.0292112950341,5.06452075382283,5.52813425468904,3.88562395960355,4.50107704034504,30.6976882826809,123234,5.14773073408468,60.1197156752712,3285,21.0654490106545,41.4916286149163,0.60882800608828,30.076103500761
06037189101,189101,793,67,886,86,8.44892812105927,5.90289321278067,9.70654627539503,5.00394118956485,-1.25761815433577,42.4714813567579,106295,6.17128463476071,66.1863592699328,2382,9.151973131822,68.6817800167926,4.4080604534005,14.3576826196474
06037189102,189102,1381,164,1229,187,11.875452570601,5.54268804052586,15.2156224572823,8.31103377200399,-3.34016988668133,28.3729415967314,126071,6.20950323974082,80.4758999389872,3704,8.96328293736501,66.9816414686825,2.13282937365011,16.8196544276458
06037189201,189201,1108,158,1370,205,14.2599277978339,7.48978549809267,14.963503649635,8.54994405980848,-0.703575851801102,31.9290613361805,66771,14.9950996406403,69.6113074204947,3061,32.9630839594904,59.2943482522052,0.980071871937275,5.06370467167592
06037189202,189202,838,9,1079,34,1.07398568019093,2.52296302452646,3.15106580166821,2.79479039097388,-2.07708012147728,142.806012465598,152857,6.3802500801539,74.2255266418835,3119,12.9849310676499,69.7338890670087,1.21833921128567,8.33600512984931
06037189300,189300,642,48,976,116,7.47663551401869,5.65026707705246,11.8852459016393,8.76161580874333,-4.40861038762065,45.9406213711712,188814,9.47948983109273,72.7155727155727,2920,6.57534246575342,65.6164383561644,2.87671232876712,12.2602739726027
06037189400,189400,969,111,1117,90,11.4551083591331,7.82448462682678,8.05729632945389,4.68224467635959,3.39781202967923,41.5231830192237,118750,17.4453781512605,69.8446031079379,2977,11.6560295599597,70.8767215317434,10.984212294256,3.09035942223715
06037189501,189501,634,140,1026,66,22.0820189274448,16.3702474356696,6.4327485380117,3.97650058237636,15.6492703894331,45.0661609822603,90137,11.0913140311804,66.9157947184853,2245,5.16703786191537,78.8418708240535,9.22048997772828,2.85077951002227
06037189502,189502,898,119,659,107,13.2516703786192,11.1034422879403,16.236722306525,11.2244773790363,-2.98505192790588,50.9355632018102,68250,17.1456405260594,58.4099513250406,2053,17.2430589381393,58.1100828056503,7.54992693619094,9.40087676570872
06037189600,189600,1125,109,1282,84,9.68888888888889,6.35676759164778,6.55226209048362,6.82968231558233,3.13662679840527,39.8837932048953,85259,9.04126213592233,67.0482136663198,3296,16.8992718446602,64.5327669902913,3.91383495145631,5.43082524271845
06037189702,189702,1278,135,559,131,10.5633802816901,6.49240118449984,23.4347048300537,15.7794756831294,-12.8713245483635,37.3625519026941,81646,6.32911392405063,53.3747779751332,2459,10.6547376982513,71.0858072387149,11.6307442049614,0.691337942252948
06037189703,189703,558,0,761,45,0,2.5089605734767,5.91327201051248,4.96662600530389,-5.91327201051248,,126466,11.0749185667752,64.2857142857143,1842,6.78610206297503,60.2605863192182,7.43756786102063,17.3181324647123
06037189704,189704,677,70,851,131,10.3397341211226,8.83327933738689,15.3936545240893,10.0571648051678,-5.05392040296671,51.9333921963606,120833,16.1364684186261,71.3386727688787,2169,27.2475795297372,50.0691562932227,4.28769017980636,5.71692023974182
06037189801,189801,805,83,1123,0,10.3105590062112,6.7854282271307,0,1.246660730187,10.3105590062112,40.0063699625753,96043,3.21119802387814,67.0360110803324,2429,11.6508851379168,75.0514615067929,5.18731988472623,1.81144503911075
06037189802,189802,578,7,743,55,1.21107266435986,3.40915616712852,7.40242261103634,6.91424707431185,-6.19134994667648,171.123948293555,123056,14.6328852119959,67.197271176805,1934,23.6814891416753,55.3257497414685,8.42812823164426,3.61944157187177
06037189903,189903,904,163,988,81,18.0309734513274,10.3873303307981,8.19838056680162,5.92613894338731,9.83259288452581,35.0202197364817,101135,5.19891500904159,59.2434988179669,2212,17.7215189873418,60.3978300180832,6.46473779385172,7.68535262206148
06037189904,189904,986,70,1040,193,7.09939148073022,4.29564711534317,18.5576923076923,11.611618501427,-11.4583008269621,36.7825276224782,73279,16.371863430687,56.8193008370261,2434,22.1857025472473,49.5480690221857,9.86031224322103,7.72391125718981
06037189905,189905,710,102,865,116,14.3661971830986,10.3725186866984,13.4104046242775,7.75716265220587,0.955792558821136,43.8911035672915,80291,17.0841889117043,59.9590373783922,2446,27.5960752248569,56.4186426819297,7.39983646770237,3.84300899427637
06037189906,189906,810,16,929,73,1.97530864197531,2.81722513466931,7.85791173304629,5.45649727296004,-5.88260309107098,86.7003175943064,93878,12.8227194492255,72.6072607260726,2324,13.7693631669535,56.368330464716,10.4130808950086,12.5215146299484
06037189907,189907,966,70,1013,111,7.2463768115942,3.30791625237959,10.9575518262586,8.63211284540361,-3.71117501466443,27.7503004758896,95576,7.04960835509138,72.2070844686649,2681,21.745617306975,54.9421857515852,10.0335695635957,10.2946661693398
06037190101,190101,279,13,791,65,4.65949820788531,7.90194897874102,8.21744627054362,6.47453070999872,-3.55794806265831,103.092998132745,44000,30.7644110275689,50.2286087524494,1600,13.375,51.6875,14.0625,4.125
06037190102,190102,1225,41,998,13,3.3469387755102,3.23827511599768,1.30260521042084,2.48355131854392,2.04433356508936,58.8166212039018,78250,10.3981445689988,56.5594059405941,2629,32.9402814758463,40.0152149106124,2.62457208063903,15.6713579307722
06037190201,190201,1013,151,1103,136,14.9062191510365,8.1183958651126,12.3300090661831,7.24190887023255,2.57621008485339,33.1082953012704,52241,14.4806201550388,36.7730651508527,3674,50.789330430049,26.5922700054437,5.77027762656505,10.0707675557975
06037190202,190202,995,66,1192,179,6.63316582914573,6.01335817467207,15.0167785234899,12.3846496979771,-8.38361269434421,55.1099878769338,44386,23.1589470176608,70.2329253849191,3001,13.9286904365212,53.5821392869044,12.9290236587804,11.2629123625458
06037190302,190302,928,131,871,54,14.1163793103448,14.4404556865749,6.19977037887486,5.34724290546634,7.91660893146997,62.1858645311564,90373,11.8214716525935,41.7457305502846,2491,25.9735046166198,48.0931352870333,2.64953833801686,11.8827780008029
06037190303,190303,762,148,1357,290,19.4225721784777,3.9142120102359,21.3706705969049,26.3338811396825,-1.94809841842725,12.2510044845139,54479,23.1077147016012,38.4461353624349,2798,19.9070764832023,51.7512508934954,4.61043602573267,10.1858470335954
06037190401,190401,1117,59,983,71,5.28200537153089,4.75544793872905,7.22278738555443,5.67725502761742,-1.94078201402354,54.7301565870934,70107,6.51629072681704,50.0197706603401,2827,26.4591439688716,54.1209762999646,7.21613017332862,7.56986204457022
06037190402,190402,694,107,949,143,15.4178674351585,9.49648422665592,15.0684931506849,10.2804803244799,0.349374284473569,37.4431727597035,55987,22.9007633587786,37.9462102689487,2244,34.3137254901961,40.1960784313726,7.39750445632799,12.7450980392157
06037190510,190510,915,196,1370,157,21.4207650273224,11.0556243927696,11.4598540145985,7.29546328391147,9.96091101272386,31.3749032919304,60638,27.520366598778,44.6084724005135,4003,40.2947789158131,37.2720459655259,5.12115913065201,13.8646015488384
06037190520,190520,868,21,940,44,2.41935483870968,3.15178313585404,4.68085106382979,4.95757342549214,-2.26149622512011,79.1937403943062,55987,16.4239953407105,40.8025427095749,3434,28.4216656959814,37.798485730926,7.97903319743739,21.6656959813628
06037190701,190701,412,40,432,83,9.70873786407767,7.5863699533926,19.212962962963,13.1915297593708,-9.50422509888529,47.5012829908473,48836,34.1741741741742,35.2649006622517,1748,22.254004576659,43.649885583524,7.37986270022883,18.5926773455378
06037190702,190702,409,8,667,134,1.9559902200489,4.46217700798762,20.0899550224888,15.1188799724601,-18.1339648024399,138.68012129688,68229,11.1195158850227,68.6495176848875,1322,18.0786686838124,56.8078668683812,5.14372163388805,15.5824508320726
06037190801,190801,707,40,971,68,5.65770862800566,5.88342703277981,7.00308959835221,11.425456080275,-1.34538097034656,63.2155457777406,50781,27.0856302829842,39.391413088787,2857,39.7969898494925,34.6167308365418,10.0805040252013,11.5155757787889
06037190802,190802,775,33,1323,81,4.25806451612903,4.300879799884,6.12244897959184,4.51851382944311,-1.8643844634628,61.4015261105296,69000,22.1983530254207,56.8040435458787,2797,29.4601358598498,37.3972112978191,16.2674293886307,8.08008580622095
06037190901,190901,680,105,1247,117,15.4411764705882,11.5764536681144,9.38251804330393,5.73688860110069,6.05865842728431,45.5752699048648,40577,31.9593294861226,19.8638366039247,3673,65.8317451674381,20.2286958889191,6.37081404846175,5.11843179961884
06037190902,190902,1097,133,1393,108,12.1239744758432,7.34361997390508,7.75305096913137,4.79021738953982,4.37092350671184,36.821313670379,61270,18.5252263906856,32.8163553048995,3873,57.3973663826491,23.6767363800671,9.75987606506584,5.29305447973148
06037191000,191000,1961,216,1959,221,11.0147883732789,7.68696079749182,11.2812659520163,13.5384997564597,-0.266477578737396,42.4240969376378,68623,17.6004423147807,59.2326677137088,5426,27.5525248802064,39.1448580906745,6.96645779579801,16.1813490600811
06037191110,191110,757,0,805,78,0,1.84940554821664,9.68944099378882,6.56190176360243,-9.68944099378882,,54583,41.0837710810064,27.5,3828,28.7878787878788,56.4524555903866,1.82863113897597,8.5423197492163
06037191120,191120,869,58,1392,317,6.67433831990794,6.45020758775138,22.7729885057471,10.0722018683512,-16.0986501858392,58.7488774107111,53558,14.2896551724138,29.3946260925866,3843,55.3213635180848,25.7090814467864,4.52771272443404,9.70595888628675
06037191201,191201,2168,153,1964,159,7.05719557195572,4.75179568098137,8.09572301425662,5.02337006139806,-1.0385274423009,40.9316925377659,50250,27.4271844660194,30.5445935280189,5973,25.9166248116524,52.9549640046878,4.41988950276243,8.53842290306379
06037191203,191203,600,49,555,48,8.16666666666667,12.8628216465081,8.64864864864865,6.95663239362647,-0.481981981981983,95.7470750934166,41810,34.3444730077121,41.6666666666667,1945,40.6169665809769,23.8560411311054,4.98714652956298,28.7917737789203
06037191204,191204,390,42,623,113,10.7692307692308,9.0557318289847,18.1380417335474,11.249654772357,-7.36881096431658,51.1178956911859,60134,23.2558139534884,26.8143621084798,1568,43.1760204081633,26.594387755102,12.8188775510204,15.3698979591837
06037191301,191301,616,72,588,58,11.6883116883117,6.79807525737089,9.86394557823129,5.07506755803551,1.8243661100804,35.3564197782883,71250,17.8625188158555,46.8581687612208,1993,38.6853988961365,24.4856999498244,5.82037129954842,22.5790265930758
06037191302,191302,583,72,657,43,12.3499142367067,7.69250774408438,6.54490106544901,6.13296640762326,5.80501317125768,37.8650119452989,49730,10.3971962616822,34.185303514377,1780,40.4494382022472,28.6516853932584,9.21348314606742,18.4269662921348
06037191410,191410,1043,58,925,123,5.56088207094919,3.9020107596494,13.2972972972973,7.62734444464195,-7.73641522634811,42.6558769763581,51875,30.6992787707745,30.0272267600156,3313,67.8539088439481,15.06187745246,2.11288862058557,13.0999094476305
06037191420,191420,877,54,1156,59,6.15735461801596,5.93870313261746,5.1038062283737,5.38303495332067,1.05354838964226,58.6315731994316,75597,14.440939362075,36.431718061674,2853,59.13073957238,20.7150368033649,0.140203294777427,14.7914475990186
06037191500,191500,1446,275,1185,116,19.0179806362379,8.12071825108291,9.78902953586498,8.50186860340356,9.22895110037292,25.9575763273078,66367,20.4989363759428,28.8283522877546,5173,53.6825826406341,22.4434564082737,6.282621302919,15.426251691475
06037191610,191610,1008,67,1319,54,6.6468253968254,6.96089254349064,4.09401061410159,2.78693202703639,2.55281478272381,63.6626564790506,53641,20.9391209391209,29.4395924308588,3663,54.7638547638548,21.1575211575212,2.83920283920284,16.5711165711166
06037191620,191620,685,62,891,31,9.05109489051095,8.27845786615153,3.47923681257015,4.22224318549794,5.5718580779408,55.6009769419923,61369,26.2943786982249,30.188679245283,2838,62.5792811839323,16.9133192389006,1.97322057787174,18.3579985905567
06037191710,191710,378,37,685,75,9.78835978835979,11.2959040187095,10.9489051094891,8.76469396189241,-1.16054532112926,70.1528254180926,31563,27.4315204446209,20.258863252673,2519,80.349344978166,13.0210400952759,1.66732830488289,2.18340611353712
06037191720,191720,802,98,1370,162,12.2194513715711,8.25626218916973,11.8248175182482,5.69181597211642,0.394633853322897,41.0738929080958,38453,27.9896013864818,22.9368029739777,3462,69.844020797227,11.5540150202195,8.20335066435586,9.7631426920855
06037191810,191810,998,51,982,81,5.11022044088176,5.11122955895976,8.24847250509165,10.7720946292823,-3.13825206420989,60.8022778454239,71214,10.0323624595469,34.0230991337825,2795,57.8890876565295,24.9016100178891,9.73166368515206,3.86404293381038
06037191820,191820,1501,97,1159,33,6.46235842771486,5.58829734114138,2.84728213977567,2.8370672298506,3.61507628793919,52.5681340460202,86164,19.8887711864407,52.3411869967194,3776,27.833686440678,39.9629237288136,11.4671610169492,14.353813559322
06037191901,191901,1315,69,2169,208,5.24714828897338,5.39758680052215,9.58967266021208,4.08013729850606,-4.3425243712387,62.5331627918296,77604,13.682745825603,59.2800236057834,4328,19.731977818854,54.0896487985213,8.94177449168207,8.59519408502773
06037191902,191902,880,118,905,91,13.4090909090909,10.0127378522406,10.0552486187845,7.20111995904031,3.35384229030638,45.3928664673212,93523,19.402460456942,69.4952132288947,2845,12.688927943761,66.3620386643234,1.72231985940246,11.9859402460457
06037192001,192001,672,19,698,41,2.82738095238095,3.63560715765273,5.87392550143267,4.93846836565332,-3.04654454905171,78.1675895038438,89102,16.4705882352941,52.5383141762452,2364,10.82910321489,68.6125211505922,4.52622673434856,10.1945854483926
06037192002,192002,813,45,1049,30,5.53505535055351,5.31454793555702,2.85986653956149,2.97181213783058,2.67518881099202,58.3684899913253,133828,7.40463724756919,76.1061946902655,2680,8.2089552238806,76.865671641791,1.49253731343284,7.01492537313433
06037192300,192300,1044,124,734,31,11.8773946360153,8.32344608869206,4.22343324250681,4.08487951556513,7.65396139350851,42.6006359280053,83219,11.3033448673587,69.6623870660961,2606,22.9470452801228,56.062931696086,2.60936300844206,14.8119723714505
06037192410,192410,1267,56,1481,106,4.41988950276243,3.36201258204803,7.15732613099257,6.64948756532076,-2.73743662823014,46.2404466071955,131250,5.4222427318874,59.8224513172967,4334,14.7900323027227,49.5616059067836,4.56852791878173,21.2044300876788
06037192420,192420,1005,68,1172,107,6.76616915422886,4.80037886354021,9.1296928327645,7.34337460321153,-2.36352367853565,43.1287391190588,96667,8.15671162491972,45.959595959596,3114,26.6217084136159,23.4104046242775,2.66538214515093,37.4438021836866
06037192510,192510,1097,51,1268,16,4.64904284412033,4.11095856132453,1.26182965299685,1.7993558721472,3.38721319112348,53.7543541542763,64049,24.9172817510817,28.907622058307,4005,58.7016229712859,5.04369538077403,0,32.8589263420724
06037192520,192520,1436,223,1665,223,15.5292479108635,16.9242280227841,13.3933933933934,7.39586704880901,2.13585451747012,66.2510159628116,65479,23.7799834574028,39.8658501020706,4836,61.5384615384615,10.1736972704715,6.65839536807279,20.3473945409429
06037192610,192610,1199,139,1353,44,11.5929941618015,8.70313816385581,3.2520325203252,4.365566349942,8.3409616414763,45.6367132075096,51881,18.7315634218289,31.3104988830975,4070,55.8230958230958,19.1400491400491,4.2014742014742,16.3882063882064
06037192620,192620,787,27,936,81,3.43074968233799,4.17313179249396,8.65384615384615,6.76307203621946,-5.22309647150816,73.9447195923168,53176,25.3209505599563,25.4299754299754,3661,62.4146408085223,9.31439497405081,4.97131931166348,21.4695438404807
06037192700,192700,720,46,1041,199,6.38888888888889,5.44853892578571,19.1162343900096,9.35183049327307,-12.7273455011207,51.8428442786535,60357,16.2072401195616,41.0526315789474,3018,57.1570576540756,24.1882041086812,4.30748840291584,12.9224652087475
06037194101,194101,1001,110,1323,186,10.989010989011,8.18911510039635,14.0589569160998,8.93893232918627,-3.06994592708879,45.3014877894266,101100,8.27783063748811,70.3769559032717,3153,12.5911830003172,69.4259435458294,3.64732001268633,9.895337773549
06037194102,194102,827,82,1046,44,9.91535671100363,7.82068707345415,4.20650095602294,4.71165277873812,5.70885575498068,47.9480184576068,198158,8.52542993047933,66.3325740318907,2733,12.6234906695939,65.459202341749,3.58580314672521,16.0995243322356
06037194200,194200,1108,68,1233,101,6.13718411552347,3.90736871436015,8.19140308191403,7.06044788221834,-2.05421896639056,38.7034197703473,143466,3.98347595160814,77.0679219905851,3389,7.0227205665388,76.3647093537917,0,10.9176748303334
06037194300,194300,647,50,1023,27,7.72797527047914,7.30889319047641,2.63929618768328,3.27971808291799,5.08867908279585,57.4936643676381,228824,10.726525017135,75.9173344580346,2918,7.50514050719671,79.9862919808088,1.71350239890336,0
06037194401,194401,767,18,1002,127,2.34680573663625,3.30155669571625,12.6746506986028,9.63633602186488,-10.3278449619666,85.5215800612753,88750,12.3868312757202,73.7942808365344,2579,11.2834431950368,63.2415664986429,4.38154323381155,14.1527723924002
06037194402,194402,1345,78,1298,74,5.79925650557621,5.23159475884216,5.70107858243452,4.90272232441017,0.0981779231416935,54.8398016572575,112529,5.88754783632617,72.3297730307076,3397,15.7197527229909,63.9093317633206,2.17839269944068,15.9552546364439
06037194500,194500,642,50,743,45,7.78816199376947,5.11769227479144,6.05652759084791,5.62534089765568,1.73163440292156,39.9459992755758,128816,7.64023210831722,73.397243858598,2120,6.60377358490566,72.0283018867925,3.91509433962264,10.377358490566
06037195100,195100,1125,61,1490,59,5.42222222222222,5.11885100901243,3.95973154362416,3.76142057735861,1.46249067859806,57.3890815201454,168333,4.69884664673217,70.8879919273461,4871,12.5436255389037,63.1492506672141,2.58673783617327,12.2767398891398
06037195201,195201,941,85,1120,120,9.03294367693943,4.94819279334964,10.7142857142857,6.09936573115104,-1.68134203734629,33.3005501057895,128314,7.71812080536913,73.4162895927602,2980,14.3288590604027,64.4630872483222,1.20805369127517,9.63087248322148
06037195202,195202,979,92,1137,94,9.3973442288049,5.92272202809513,8.26737027264732,4.25174433063832,1.12997395615758,38.3133663638505,162571,6.12804878048781,74.8966553927095,3280,19.8780487804878,69.4512195121951,0.884146341463415,5.0609756097561
06037195300,195300,935,99,1089,164,10.5882352941176,5.44004533763252,15.0596877869605,8.38944477131638,-4.47145249284287,31.232951955337,95511,19.0635451505017,65.2138821630347,2990,24.9498327759197,53.9130434782609,2.30769230769231,11.7725752508361
06037195400,195400,1386,122,1700,271,8.8023088023088,7.77221614727095,15.9411764705882,7.88830505925663,-7.13886766827943,53.6762747526909,132500,9.06765868402697,67.7795031055901,4306,15.3971202972596,65.3971202972596,2.64746864839759,7.22248026010218
06037195500,195500,1668,87,1413,52,5.2158273381295,4.68133575623495,3.68011323425336,4.31793927193686,1.53571410387614,54.5607940565272,123750,6.47185722690724,67.517290722633,5111,24.8092349833692,48.3858344746625,0.469575425552729,17.4134220309137
06037195600,195600,891,41,947,53,4.60157126823794,4.21945828611383,5.59662090813094,6.16374647691592,-0.995049639893005,55.7422690032978,103239,12.2370266479663,51.1486779367144,2868,43.3054393305439,41.3179916317992,1.22036262203626,8.22873082287308
06037195710,195710,1007,46,1285,189,4.56802383316783,3.94366269035053,14.7081712062257,9.16252815157224,-10.1401473730579,52.4814104557022,64069,27.282211789254,45.1645741431965,3971,51.322085117099,23.9486275497356,6.97557290355074,14.6058927222362
06037195720,195720,573,34,655,61,5.93368237347295,6.01153258445879,9.31297709923664,6.29253051364273,-3.37929472576369,61.5878450008025,75066,12.836676217765,59.6840659340659,1745,38.7965616045845,42.8080229226361,3.61031518624642,11.1174785100287
06037195802,195802,903,21,873,59,2.32558139534884,3.03534163898361,6.75830469644903,6.37591003816568,-4.43272330110019,79.3432768852859,106845,17.5070028011205,38.1898454746137,2864,47.3114525139665,19.7276536312849,0.768156424581006,26.5013966480447
06037195803,195803,905,47,794,73,5.19337016574586,4.5441773654377,9.19395465994962,6.1307668342275,-4.00058449420377,53.1912373500759,100481,9.29590427979752,62.826420890937,2182,30.2933088909258,51.3748854262145,7.74518790100825,8.29514207149404
06037195804,195804,862,55,853,60,6.38051044083527,4.28137119522901,7.03399765533412,4.93029528923893,-0.653487214498848,40.7907374444588,73750,8.44444444444445,40.3296170625303,2475,52.9292929292929,26.7070707070707,0.606060606060606,10.7474747474747
06037195901,195901,989,149,609,86,15.0657229524773,13.5230797516194,14.1215106732348,18.4845785062139,0.944212279242439,54.5656999014772,91209,12.5521267723103,65.9712563745944,2446,28.9860997547016,40.5151267375307,1.92150449713818,18.3973834832379
06037195902,195902,516,20,699,114,3.87596899224806,5.0724973963603,16.3090128755365,16.4521258925736,-12.4330438832884,79.5564941192072,135606,6.09026644915715,79.1806581598388,1839,9.84230560087004,60.4132680804785,1.08754758020663,10.6035889070147
06037195903,195903,645,27,799,74,4.18604651162791,4.08853418068738,9.26157697121402,5.08673817119069,-5.07553045958611,59.3741876965746,94861,13.7100737100737,49.9724214009928,2035,41.2776412776413,36.019656019656,2.85012285012285,14.4963144963145
06037197200,197200,940,33,1038,102,3.51063829787234,4.44632064185145,9.82658959537572,6.21516342988359,-6.31595129750338,76.9925652268649,100392,8.03108808290156,30.3802008608321,3505,30.8701854493581,12.5249643366619,3.88017118402282,42.8530670470756
06037197300,197300,1270,48,1598,317,3.77952755905512,2.65703982100197,19.837296620776,10.8811205000955,-16.0577690617209,42.7360761483347,108696,8.38607594936709,61.5013566475731,3792,31.67194092827,46.1497890295359,0.843881856540084,10.0738396624473
06037197410,197410,1254,102,1233,136,8.13397129186603,4.74599204338156,11.0300081103001,8.69565473073286,-2.89603681843405,35.4697778318164,103385,6.80119581464873,61.4040660736976,4014,33.0842052815147,43.074240159442,1.76880916791231,11.858495266567
06037197420,197420,1089,120,1315,83,11.0192837465565,8.4806577467899,6.31178707224335,4.20919728678876,4.70749667431313,46.7853915210446,99375,8.97897897897898,50.604617075852,3445,44.6153846153846,34.6589259796807,6.53120464441219,10.188679245283
06037197500,197500,1609,59,1104,73,3.66687383467993,2.99172926953682,6.61231884057971,4.48104418387304,-2.94544500589978,49.5975724556669,81914,16.7898627243928,53.0727923627685,3790,42.5857519788918,37.3087071240106,1.60949868073879,10.5540897097625
06037197600,197600,748,32,798,94,4.27807486631016,3.64682752102449,11.7794486215539,6.27042465972214,-7.50137375524372,51.8204214613662,78591,20.4506802721088,52.3249599144842,2352,55.6122448979592,32.6530612244898,0.552721088435374,9.86394557823129
06037197700,197700,1425,104,1464,128,7.29824561403509,5.04744934138159,8.74316939890711,5.09296016713128,-1.44492378487202,42.0424088816271,62965,19.4882729211087,47.9545454545455,4690,32.0255863539446,15.4584221748401,7.76119402985075,38.7846481876333
06037199001,199001,709,55,606,48,7.7574047954866,4.48704547975794,7.92079207920792,7.38859251385905,-0.16338728372132,35.1623680038506,51324,16.0251046025105,16.0180485053582,2390,53.1380753138075,0.920502092050209,0,44.3514644351465
06037199002,199002,912,35,822,138,3.83771929824561,4.03069463924335,16.7883211678832,9.10302706175594,-12.9506018696376,63.8470431782881,66071,15.5728587319244,42.8500249128052,2697,57.8420467185762,22.4694104560623,0.370782350760104,17.0189098998888
06037199110,199110,446,56,751,79,12.5560538116592,13.8198416280616,10.5193075898802,7.95540409240334,2.03674622177903,66.9089162626516,83333,9.7644539614561,24.4036697247706,2335,83.1263383297645,5.65310492505353,0,8.73661670235546
06037199120,199120,732,77,952,80,10.5191256830601,7.31543262404237,8.40336134453782,6.54990061686594,2.11576433852229,42.2760563754709,44120,33.8417540514776,21.2341893445765,3454,62.3335263462652,7.96178343949045,1.59235668789809,27.8228141285466
06037199201,199201,622,28,827,42,4.5016077170418,5.48195589499736,5.07859733978235,5.62598423891236,-0.576989622740545,74.0290179480754,58597,22.3378212974296,15.420760358821,3268,57.0685434516524,4.31456548347613,1.468788249694,36.750305997552
06037199202,199202,722,43,832,37,5.95567867036011,5.70360978792205,4.44711538461539,4.68714981103984,1.50856328574473,58.2173784813702,98447,7.94223826714802,26.9582909460834,2501,62.4950019992003,19.5521791283487,0.319872051179528,14.4742103158737
06037199300,199300,1239,79,975,73,6.37610976594027,5.18861054763133,7.48717948717949,6.58053381773416,-1.11106972123921,49.4685734947884,104201,9.13067249863313,40.7972270363952,3687,52.6986710062381,17.0599403308923,0.922158936804991,21.182533224844
06037199400,199400,1081,124,1257,353,11.4708603145236,8.63289489468864,28.0827366746221,13.8844514065213,-16.6118763600985,45.7503646492716,52212,32.5241574357766,18.2547642928786,4243,62.7621965590384,6.71694555738864,4.21871317464059,25.9957577185953
06037199700,199700,838,35,1183,151,4.17661097852029,4.03906712528776,12.7641589180051,6.50626295195251,-8.58754793948479,58.7883326268544,55435,17.6027793862189,32.5960419091967,3500,60.7428571428572,10.6571428571429,5.08571428571429,16.8285714285714
06037199801,199801,899,80,1043,5,8.89877641824249,7.47843929572586,0.479386385426654,1.47227135308389,8.41939003281584,51.0875146417747,90104,19.4760820045558,16.2969283276451,3520,66.2784090909091,1.44886363636364,0.511363636363636,28.2102272727273
06037199802,199802,515,9,450,26,1.74757281553398,3.74694820537857,5.77777777777778,6.55712175845624,-4.0302049622438,130.339636998984,65625,16.745406824147,20.3136136849608,1905,45.6167979002625,5.61679790026247,0,44.5669291338583
06037199900,199900,569,62,612,48,10.896309314587,6.85834897294028,7.84313725490196,5.70707313270328,3.05317205968503,38.2625803079029,41121,20.381901203819,10.3105590062112,2414,79.2874896437448,1.86412593206297,0,17.3570836785418
06037201110,201110,613,33,771,35,5.38336052202284,4.81413299207084,4.53955901426719,4.40285545523593,0.843801507755654,54.3624117921972,101305,6.58319870759289,35.6993736951983,2476,76.8174474959612,13.8529886914378,1.93861066235864,6.78513731825525
06037201120,201120,1238,44,1139,135,3.55411954765751,3.30527318178376,11.8525021949078,8.88171558757967,-8.2983826472503,56.5339624074095,84067,15.8586900464157,26.6812865497076,3892,73.1243576567318,14.3371017471737,2.46659815005139,7.50256937307297
06037201200,201200,547,17,793,32,3.10786106032907,4.41520835812582,4.03530895334174,3.46936653345065,-0.927447893012673,86.3622017484291,86786,12.1368881814564,20.3169213355971,2513,83.5256665340231,8.23716673298846,0,5.41185833664942
06037201301,201301,599,0,1054,198,0,2.33722871452421,18.7855787476281,18.0916831459479,-18.7855787476281,,81174,12.2343850611719,25.6388772517805,3215,74.6189735614308,7.09175738724728,4.16796267496112,11.2908242612753
06037201302,201302,906,69,1271,95,7.6158940397351,5.8652703916165,7.47442958300551,5.02444399978167,0.141464456729592,46.8167479388974,122684,5.13882123721383,52.9363561868342,4108,20.3748782862707,24.269717624148,8.17916260954236,38.1937682570594
06037201401,201401,1100,145,875,119,13.1818181818182,7.06729234802384,13.6,8.51676400058336,-0.418181818181818,32.5920619760034,54100,28.343023255814,33.1732545253048,4131,75.1633986928105,11.4984265311063,1.59767610748003,10.0944081336238
06037201402,201402,958,7,1089,48,0.730688935281837,1.98766578273158,4.40771349862259,4.37009393547346,-3.67702456334075,165.365507586353,93021,7.38484036071167,25.896676538335,4143,74.6319092445088,8.30316195993242,0.241370987207338,13.9512430605841
06037201501,201501,1086,58,1289,109,5.34069981583794,4.45171269181382,8.45616757176106,5.48516391742217,-3.11546775592312,50.6714179154157,92813,10.8516483516484,22.7851605758583,5137,72.0459412108234,8.64317695152813,3.50399065602492,13.801829861787
06037201503,201503,800,55,812,92,6.875,5.75266216183796,11.3300492610837,7.88371009989398,-4.45504926108374,50.8663136719576,65486,6.99614890885751,20.5128205128205,3141,82.1712830308819,6.49474689589303,2.41961158866603,7.92741165234002
06037201504,201504,593,63,488,44,10.6239460370995,7.89039199146907,9.01639344262295,6.96022960750282,1.60755259447654,45.1488633274585,117702,19.5022624434389,26.1019283746557,2237,75.0558784085829,10.5051408135896,0,13.455520786768
06037201601,201601,415,29,625,143,6.98795180722892,5.8064963548611,22.88,10.3611672545087,-15.8920481927711,50.512440777012,65938,18.0171591992374,27.7518345563709,2098,73.069590085796,8.86558627264061,6.76835081029552,9.34223069590086
06037201602,201602,524,16,618,15,3.05343511450382,4.26091485042448,2.42718446601942,3.05174281245243,0.6262506484844,84.8297637394539,74609,10.3891050583658,19.7950377562028,2577,80.325960419092,8.49825378346915,0.194024058983314,9.35195964299573
06037201700,201700,1347,142,1614,87,10.5419450631032,5.16391663616173,5.39033457249071,3.67409803623879,5.15161049061249,29.777797460978,85000,15.7753357753358,30.6314511232544,5135,58.6173320350536,13.1061343719572,7.86757546251217,17.8383641674781
06037203100,203100,935,136,1357,105,14.5454545454545,9.59316423328646,7.7376565954311,5.2114524030901,6.80779795002345,40.0930116132793,60583,19.3495554515676,6.54205607476636,4348,92.6402943882245,1.81692732290708,2.09291628334867,1.86292548298068
06037203200,203200,1027,110,1033,57,10.7108081791626,6.18803948757388,5.51790900290416,4.22324674279603,5.19289917625845,35.1208430712262,60570,27.1482729570345,16.1634756995582,4748,95.787700084246,2.61162594776748,0,1.41112047177759
06037203300,203300,526,43,270,8,8.17490494296578,9.21912796835431,2.96296296296296,6.4502371448517,5.21194198000282,68.5553306192743,45536,33.2425068119891,35.3748680042239,2151,57.3221757322176,15.1092515109252,4.60251046025105,20.9205020920502
06037203500,203500,624,23,959,111,3.68589743589744,3.6351051428817,11.5745568300313,6.40222935615168,-7.88865939413385,59.9525732564604,64725,18.5159500693481,24.4878048780488,2904,77.2727272727273,6.33608815426997,0.860881542699725,13.6019283746556
06037203601,203601,494,71,539,47,14.3724696356275,11.7642389412769,8.71985157699444,7.82900454975365,5.6526180586331,49.7584146323966,55167,22.2725556813892,10.9409190371991,2697,94.9944382647386,0.407860585836114,0.519095291064145,4.07860585836114
06037203602,203602,404,28,630,35,6.93069306930693,9.4230578505207,5.55555555555556,5.99175039704859,1.37513751375138,82.6512238734339,77500,22.8087167070218,11.3114754098361,2065,88.5714285714286,1.2590799031477,1.93704600484262,5.90799031476998
06037203710,203710,941,141,872,65,14.9840595111583,7.7106029543345,7.45412844036697,5.3571406981652,7.52993107079137,31.2818874303338,87440,24.546004842615,15.8737635421573,3322,97.0800722456352,1.65562913907285,0.33112582781457,0.511739915713426
06037203720,203720,719,54,874,67,7.51043115438108,5.9274065317375,7.66590389016018,5.03650882164288,-0.155472735779099,47.9770944086375,58490,24.382991376747,17.5056689342404,3363,94.0529289325008,2.61671126969967,0,1.6057091882248
06037203800,203800,1065,20,1351,139,1.87793427230047,3.15214232484693,10.2886750555144,6.93004586661592,-8.41074078321396,102.037433919817,68750,18.32725799919,10.0749918487121,4938,96.6180639935197,0.992304576751721,0.627784528149048,1.49858242203321
06037203900,203900,527,20,658,124,3.79506641366224,5.12665939374932,18.8449848024316,10.4217715946967,-15.0499183887694,82.1200456080818,71563,23.1712300776461,17.8899082568807,2575,89.0097087378641,4.54368932038835,0,6.44660194174757
06037204110,204110,459,6,705,58,1.30718954248366,3.6015078399634,8.22695035460993,9.47591900181311,-6.91976081212627,167.486534806809,72011,25.5740300870942,11.8150684931507,2526,92.6761678543151,2.57323832145685,1.22723673792557,1.90023752969121
06037204120,204120,444,58,801,53,13.0630630630631,16.6999990060874,6.6167290886392,5.83594217716671,6.44633397442386,77.7151195755454,88190,10.9494949494949,10.4379124175165,2475,96.040404040404,3.03030303030303,0.121212121212121,0.767676767676768
06037204200,204200,681,82,990,46,12.0411160058737,8.51196226985283,4.64646464646465,5.3893639954041,7.39465135940907,42.9731359312757,50069,30.1582561958794,10.9035840484604,3383,93.6151344960095,1.65533550103458,1.12326337570204,3.07419450192137
06037204300,204300,772,66,990,72,8.54922279792746,7.42685154357663,7.27272727272727,5.79706930630908,1.27649552520019,52.809518206145,61029,25.0477099236641,8.83063125215592,4281,96.0523242233123,2.24246671338472,0.116795141322121,1.58841392198085
06037204410,204410,455,19,668,27,4.17582417582418,5.93029489272292,4.04191616766467,5.03860921972763,0.133908008159505,86.3312806331444,51250,21.2213079255089,13.4615384615385,2309,85.5348635773062,9.13815504547423,0,1.51580770896492
06037204420,204420,603,89,781,145,14.759535655058,8.03643658433356,18.5659411011524,8.27184681480925,-3.80640544609433,33.0997661306181,55957,34.8643006263048,17.2153264975715,2884,91.747572815534,4.40360610263523,1.62968099861304,1.00554785020804
06037204600,204600,580,37,1001,99,6.37931034482759,7.47318722621056,9.89010989010989,7.7605698099605,-3.5107995452823,71.2141393444858,51429,20.2764976958525,11.6569525395504,3735,91.4323962516734,2.91834002677376,1.74029451137885,2.65060240963855
06037204700,204700,1074,69,1410,92,6.42458100558659,5.84893447847655,6.52482269503546,4.91101275930923,-0.100241689448868,55.3434265440625,78821,18.3703703703704,14.1607258587168,4777,95.6039355243877,3.01444421184844,0,0.14653548252041
06037204810,204810,811,60,1271,44,7.39827373612824,7.3584771747341,3.4618410700236,3.03325373426484,3.93643266610463,60.4632724286663,57283,15.4572380599778,13.8972809667674,5402,96.0755275823769,0.851536467974824,0.592373195112921,0.536838208071085
06037204820,204820,403,0,504,9,0,3.47394540942928,1.78571428571429,3.2945822460289,-1.78571428571429,,70714,13.745704467354,12.1473354231975,2037,95.0417280314188,2.20913107511046,0,2.74914089347079
06037204910,204910,439,85,739,12,19.3621867881549,22.3072112448159,1.62381596752368,2.67177970769911,17.7383708206312,70.0365867082009,51994,26.8237572627502,13.1147540983607,3098,96.9335054874112,2.6791478373144,0,0
06037204920,204920,441,73,563,42,16.5532879818594,10.885892179774,7.46003552397869,6.62966898315099,9.09325245788072,39.9773364806624,75972,14.4806338028169,8.29666876178504,2274,93.6675461741425,2.28671943711522,1.58311345646438,0
06037205110,205110,753,128,947,102,16.9986719787517,8.96530231367415,10.7708553326294,6.72128646171644,6.2278166461223,32.0615152080007,54939,20.222793487575,6.46347871781398,3501,98.4861468151957,0.485575549842902,0,0
06037205120,205120,730,123,794,83,16.8493150684932,11.7534307154771,10.4534005037783,11.0631743879975,6.39591456471481,42.4049443857873,32406,29.8892988929889,7.23502304147466,3252,97.3554735547356,0,0.2460024600246,1.90651906519065
06037206010,206010,1014,274,1076,58,27.0216962524655,22.1498054084624,5.39033457249071,4.65889135633836,21.6313616799748,49.8300594240031,70304,29.5966785290629,43.0094786729858,3392,51.6804245283019,11.6155660377359,0.560141509433962,32.8714622641509
06037206020,206020,193,0,217,22,0,9.84455958549223,10.1382488479263,10.8697707997059,-10.1382488479263,,155658,7.55555555555556,7.11733174508636,7629,43.0462708087561,15.1133831432691,34.0804823699043,3.26386158081007
06037206050,206050,473,64,428,54,13.5306553911205,10.6398211689103,12.6168224299065,7.77135451519309,0.913832961213966,47.8023880404118,35924,26.8055555555556,8.45442536327609,2340,86.1111111111111,4.87179487179487,0.769230769230769,6.1965811965812
06037206051,206051,697,39,896,51,5.59540889526542,6.51574995257114,5.69196428571429,7.018433628567,-0.0965553904488621,70.7891468621633,161667,6.22501427755568,72.9460093896714,1751,20.7310108509423,53.7407195888064,4.9114791547687,15.3626499143347
06037206052,206052,1454,71,1341,36,4.88308115543329,3.21222222457148,2.68456375838926,2.6146105129756,2.19851739704403,39.9894782698482,110714,8.25949367088608,79.8188405797102,3160,12.8164556962025,29.8101265822785,4.58860759493671,44.0506329113924
06037206053,206053,715,36,761,31,5.03496503496504,5.59252482656882,4.07358738501971,4.71025181102236,0.961377649945324,67.5220407125415,48657,23.1072838177252,18.976215098242,3066,77.3320287018917,5.47945205479452,4.85975212002609,9.8825831702544
06037206054,206054,625,90,607,63,14.4,9.44613081459282,10.3789126853377,8.57278854962201,4.02108731466227,39.8772830741001,87292,24.2173112338858,19.6166134185304,2174,79.8068077276909,0.229990800367985,1.05795768169273,17.8932842686293
06037206201,206201,483,0,857,172,0,2.89855072463768,20.0700116686114,22.5271661529715,-20.0700116686114,,47333,24.0529438612506,46.2303664921466,2191,18.0282975810132,20.8124144226381,17.8457325422182,37.517115472387
06037206202,206202,298,0,331,0,0,4.69798657718121,0,4.22960725075529,0,,24182,41.9411764705882,38.948701709943,1702,19.9177438307873,9.87074030552292,8.69565217391304,58.3431257344301
06037206301,206301,159,69,354,93,43.3962264150943,33.811005232981,26.271186440678,27.9723995980689,17.1250399744164,47.3631102774677,14385,68.9476412649041,8.16098378982672,1929,30.0155520995334,20.6324520476931,39.9688958009331,2.4364955935718
06037206302,206302,158,50,202,65,31.6455696202532,22.6313927136583,32.1782178217822,27.8363127596527,-0.53264820152901,43.4742863070882,9375,71.2955779674166,5.58375634517767,1289,30.1784328937161,16.8347556245151,43.599689681924,1.55159038013964
06037206303,206303,196,49,437,179,25,27.1701637807918,40.9610983981693,20.088966338655,-15.9610983981693,66.0672675520774,6803,70.5103969754253,5.3958648512355,2137,35.6574637342068,21.3851193261582,30.9312119794104,1.96537201684605
06037207101,207101,1146,9,1140,66,0.785340314136126,1.77535743629722,5.78947368421053,5.12989367174243,-5.0041333700744,137.42381776404,65729,27.3921200750469,42.1037296037296,4264,12.1013133208255,15.0093808630394,13.3208255159475,47.6547842401501
06037207102,207102,962,46,826,67,4.78170478170478,4.4869653435798,8.11138014527845,6.54059497971941,-3.32967536357367,57.0432226843368,46952,20.7445211648154,29.0777576853526,3331,17.3521465025518,8.6460522365656,1.80126088261783,67.6373461422996
06037207103,207103,459,19,674,46,4.13943355119826,6.4754455736661,6.82492581602374,5.18147511467418,-2.68549226482548,95.0961292053348,56652,24.1846462619167,27.0466949666465,2024,22.2332015810277,10.1284584980237,1.6304347826087,64.8221343873518
06037207303,207303,716,11,949,74,1.53631284916201,3.13028113460489,7.79768177028451,6.19100061585975,-6.2613689211225,123.861911709152,31969,29.4642857142857,54.6551724137931,2688,21.577380952381,35.0074404761905,14.4345238095238,20.9449404761905
06037207304,207304,414,0,848,228,0,3.38164251207729,26.8867924528302,27.4268860397539,-26.8867924528302,,14342,48.731165741475,21.2360594795539,2522,42.2283901665345,14.1157811260904,31.0071371927042,2.61697065820777
06037207305,207305,350,43,579,29,12.2857142857143,12.5165562060274,5.00863557858377,6.113895501856,7.27707870713052,61.9324898863304,68348,10.7516650808754,63.1268436578171,1051,10.1807802093245,41.5794481446242,16.9362511893435,23.977164605138
06037207306,207306,744,132,766,38,17.741935483871,10.5293902132358,4.96083550913838,4.89155352384917,12.7810999747326,36.0774906449639,49729,23.1190150478796,54.2512077294686,2193,13.6342909256726,38.6228910168719,18.1030551755586,17.6014591883265
06037207307,207307,455,85,423,77,18.6813186813187,17.6918201930413,18.2033096926714,15.3908910450083,0.478008988647289,57.5703786006349,,43.4845212383009,38.8931591083782,1432,18.4357541899441,17.9469273743017,39.8743016759777,9.07821229050279
06037207308,207308,502,80,514,51,15.9362549800797,16.6279491870406,9.92217898832685,9.93717209920802,6.01407599175283,63.4288031298965,90156,12.9422718808194,44.8669201520913,1074,17.1322160148976,47.3929236499069,15.6424581005587,14.804469273743
06037207400,207400,614,73,770,40,11.8892508143322,12.839876638957,5.1948051948052,5.1685702488442,6.69444561952705,65.6508661058385,78482,29.417773237998,37.2636262513904,2598,31.0238645111624,25.7120862201694,15.6274056966898,22.4403387220939
06037207501,207501,655,0,939,72,0,2.13740458015267,7.66773162939297,7.80356617161216,-7.66773162939297,,115667,5.64127290260367,76.7270668176671,2074,28.3992285438766,28.5920925747348,9.450337512054,31.0511089681774
06037207502,207502,938,86,1053,92,9.16844349680171,10.7232909918891,8.7369420702754,10.5911027056921,0.431501426526301,71.099504844787,24515,36.7640548915449,49.0026435952896,4518,16.423196104471,24.5683930942895,5.02434705621957,48.1186365648517
06037207711,207711,1014,17,1585,48,1.67652859960552,3.0511542756434,3.02839116719243,3.38485974278185,-1.35186256758691,110.633664777486,145357,15.6223175965665,71.1888111888112,3495,17.5679542203147,27.4964234620887,12.9041487839771,41.2017167381974
06037207712,207712,1538,181,1674,121,11.7685305591678,9.10929154861879,7.22819593787336,7.6011058963584,4.54033462129439,47.0539905011863,63484,26.686807653575,56.3892445582587,4967,20.7771290517415,18.3007851822025,13.6903563519227,37.3867525669418
06037207901,207901,773,79,1809,23,10.2199223803364,10.7597571463232,1.27142067440575,2.1466677709042,8.9485017059306,64.0013256443215,71563,32.9217090639664,70.1840490797546,4049,11.7312916769573,18.5230921215115,20.1778216843665,37.8118053840454
06037207902,207902,2700,276,3296,483,10.2222222222222,9.65976440761585,14.6541262135922,7.52671482269671,-4.43190399137001,57.4454074722761,104090,20.1644923425978,75.2772808586762,7082,17.0290878282971,28.5936176221406,12.5670714487433,35.6678904264332
06037208001,208001,1186,14,1030,15,1.18043844856661,2.24553620409848,1.45631067961165,2.74627263325307,-0.27587223104504,115.640726793782,90175,18.4364820846906,52.8240552620886,3070,46.4495114006515,9.6742671009772,16.6775244299674,23.8762214983713
06037208002,208002,1031,44,1149,81,4.26770126091174,6.65865185609747,7.04960835509138,7.14477424640589,-2.78190709417965,94.8476107161715,56223,25.9854381119759,35.3685778108712,3983,79.7137835802159,9.66608084358524,1.0293748430831,7.13030379111223
06037208301,208301,267,16,538,8,5.99250936329588,8.8648598354439,1.48698884758364,3.65508145700991,4.50552051571224,89.9284793337204,42586,33.8777979431337,5.77507598784195,1653,86.8118572292801,4.83968542044767,4.90018148820327,3.44827586206897
06037208302,208302,738,19,1197,58,2.57452574525745,4.17586294244335,4.84544695071011,8.18248101404012,-2.27092120545266,98.6014030242583,60156,25.4315053528512,25.0623441396509,4577,66.2661131745685,9.74437404413371,4.93773213895565,14.9879833952371
06037208401,208401,576,31,1133,96,5.38194444444445,6.51426098372,8.47308031774051,11.9105934324079,-3.09113587329607,73.5800436635498,35329,25.4588986432562,10.2865540044085,3782,62.7974616604971,2.64410364886304,6.08143839238498,26.0444209413009
06037208402,208402,771,92,732,20,11.9325551232166,7.51852647029295,2.73224043715847,3.32100170241594,9.20031468605813,38.3030521249892,80595,18.0378524526844,45.1259583789704,2608,68.5199386503068,10.9662576687117,2.79907975460123,15.6441717791411
06037208501,208501,763,24,893,123,3.14547837483617,3.29255836255162,13.7737961926092,5.88311001345953,-10.628317817773,63.632776864916,89539,10.9489051094891,34.0909090909091,2605,44.3378119001919,11.7082533589251,1.91938579654511,40.6142034548944
06037208502,208502,881,50,778,78,5.67536889897843,5.81241069296645,10.025706940874,7.74832401639867,-4.3503380418956,62.2581619514096,33417,26.2554246745195,24.659793814433,3242,68.2911782850093,6.38494756323257,3.20789636027144,22.1159777914867
06037208610,208610,1131,119,1171,98,10.5216622458002,6.72598110494236,8.36891545687447,5.75877527483371,2.15274678892571,38.8602315633818,66210,19.6766169154229,36.4790665751544,4020,48.407960199005,8.2089552238806,6.14427860696517,31.7661691542289
06037208620,208620,1089,95,1328,97,8.72359963269054,7.06876091040692,7.30421686746988,4.50089852835073,1.41938276522066,49.2585546724245,62254,16.4605137963844,34.6525096525097,4204,53.5442435775452,6.25594671741199,6.63653663177926,28.1636536631779
06037208710,208710,1280,166,1789,117,12.96875,9.30807947922507,6.53996646171045,8.0304593420608,6.42878353828955,43.631089952789,65467,15.7335693737553,49.501750605979,4519,33.3259570701483,4.91259128125692,4.44788670059748,52.7550342996238
06037208720,208720,775,70,939,81,9.03225806451613,8.66706847626603,8.62619808306709,6.81163731070115,0.406059981449037,58.3324191845955,35897,29.1704928068564,22.7579056505962,3267,74.1659014386287,9.55004591368228,2.96908478726661,12.1518212427303
06037208801,208801,725,96,828,86,13.2413793103448,12.6344037163685,10.3864734299517,7.8627385358082,2.85490588039314,58.0036898072895,37404,30.4621188305564,25.6838905775076,3525,44.1985815602837,14.0425531914894,18.4964539007092,20.4822695035461
06037208802,208802,747,26,1030,91,3.4805890227577,5.45874352144814,8.83495145631068,6.36753343163074,-5.35436243355298,95.3397570849138,37321,26.2574595055414,40.7884465261515,3519,53.0832622904234,10.4290991759022,6.64961636828645,26.4847968172776
06037208902,208902,318,0,868,63,0,4.40251572327044,7.25806451612903,5.47115710872208,-7.25806451612903,,39561,41.8442801217921,9.5910780669145,2373,92.1196797302992,1.85419300463548,1.68563000421408,4.34049726085124
06037208903,208903,292,95,1852,51,32.5342465753425,22.383547589207,2.75377969762419,2.6001744212527,29.7804668777183,41.8236819455987,48828,42.8293631502188,10.2392681210415,4340,82.9953917050691,5.39170506912442,6.61290322580645,4.33179723502304
06037208904,208904,532,0,1007,34,0,2.63157894736842,3.37636544190665,5.3041285551206,-3.37636544190665,,31463,42.3291677745281,10.1340694006309,3859,83.1562580979528,1.34749935216377,1.86576833376522,12.7753303964758
06037209103,209103,604,41,844,22,6.78807947019868,6.14264559115203,2.60663507109005,3.88187586710836,4.18144439910863,55.010125836694,38556,37.6830892143808,7.684040838259,3004,89.3808255659121,1.8641810918775,6.32490013315579,2.43009320905459
06037209104,209104,553,44,749,74,7.95660036166365,11.8157124966742,9.87983978638184,7.38936425947966,-1.92323942471819,90.2747859997353,41771,33.4372564302416,15.2676056338028,2566,75.253312548714,5.65081839438815,4.67653936087295,10.2104442712393
06037209105,209105,459,46,658,0,10.0217864923747,11.2985247860683,0,2.12765957446809,10.0217864923747,68.5347281195368,33234,46.8781302170284,6.29139072847682,2995,85.8096828046745,0,1.93656093489149,11.118530884808
06037209106,209106,791,148,1017,16,18.7104930467762,13.2980717284416,1.5732546705998,3.15350653109655,17.1372383761764,43.2053509290942,39647,22.2994095171935,27.0080321285141,2879,64.0500173671414,8.12782216047239,10.9412990621744,14.4841959013546
06037209201,209201,1232,21,1370,92,1.70454545454545,2.46075179412934,6.71532846715328,7.07176655087802,-5.01078301260783,87.7593345018772,79966,28.5632512879222,65.0267379679145,3494,26.9891242129365,15.9129937034917,25.5580995993131,28.7063537492845
06037209202,209202,328,3,332,3,0.914634146341463,4.90597235960965,0.903614457831325,4.84852008579014,0.0110196885101381,326.070705967977,50192,28.2774390243902,20.249653259362,1312,76.1432926829268,7.39329268292683,2.89634146341463,12.1951219512195
06037209300,209300,1444,215,1403,156,14.8891966759003,8.17469812732768,11.1190306486101,9.30047301460084,3.77016602729016,33.3760206287161,31642,49.6440919259711,24.1921647126108,4917,59.1010778930242,6.24364449867806,18.8732967256457,9.37563555013219
06037209401,209401,693,39,1396,246,5.62770562770563,5.39394848584255,17.621776504298,10.6729745404834,-11.9940708765924,58.2652373266134,33676,22.0867869332033,11.3614725483973,4391,61.5805055795946,3.14279207469825,23.2976542928718,10.0660441812799
06037209402,209402,630,31,1501,0,4.92063492063492,8.06924176688428,0,0.932711525649567,4.92063492063492,99.6886422813432,49072,33.1505483549352,3.95927601809955,4013,94.8417642661351,0.971841515076003,0.423623224520309,2.64141539995016
06037209403,209403,502,55,1089,108,10.9561752988048,12.8203428777481,9.91735537190083,9.76870537670417,1.03881992690395,71.133596293225,26650,37.5373134328358,12.9831144465291,4136,73.3317214700194,3.04642166344294,9.11508704061896,13.1769825918762
06037209510,209510,605,33,890,63,5.45454545454545,7.10643915829242,7.07865168539326,5.15042897739444,-1.6241062308478,79.2004364146066,43911,32.8495575221239,16.7788461538462,2957,65.6746702739263,4.76834629692256,4.36252959080149,22.8271897193101
06037209520,209520,550,58,739,79,10.5454545454545,8.96235837901799,10.6901217861976,8.07995578938817,-0.144667240743019,51.6643654591751,44099,27.3788150807899,20.4123711340206,2228,82.54039497307,3.72531418312388,6.82226211849192,6.91202872531418
06037209810,209810,418,40,686,19,9.56937799043062,7.96561051051105,2.76967930029155,4.39362595358911,6.79969869013908,50.6022065865292,35822,36.8627450980392,15.410016510732,2601,81.3917723952326,5.76701268742791,2.84505959246444,8.95809304113802
06037209820,209820,414,26,961,43,6.28019323671498,6.65540418860704,4.474505723205,4.55237690448222,1.80568751350998,64.422196261008,59091,21.319199057715,15.1426907396622,2548,84.105180533752,6.71114599686028,3.88540031397174,4.51334379905808
06037210010,210010,517,61,861,161,11.7988394584139,10.2168242312497,18.6991869918699,16.7658296814276,-6.90034753345599,52.6393754303265,27320,26.9873763220744,12.6913580246914,3012,73.0079681274901,4.01726427622842,1.66002656042497,18.3598937583001
06037211000,211000,1622,125,1537,306,7.70653514180025,6.75675620462924,19.9089134677944,13.3624962217426,-12.2023783259942,53.2982787302548,195603,7.99525034632891,70.0023769907297,5054,13.3557578155916,45.8053027305105,9.41828254847645,28.9077958053027
06037211121,211121,907,195,583,116,21.4994487320838,16.8649616545612,19.8970840480274,14.9335285741134,1.60236468405635,47.686135829435,73095,25.3424657534247,43.5048395313296,2531,45.0019755037535,9.60094824180166,5.6499407348874,33.9786645594627
06037211122,211122,648,37,680,20,5.70987654320988,6.45474393049794,2.94117647058824,4.06985086691763,2.76870007262164,68.7205137100578,48544,33.2585278276481,44.8992852501624,2228,35.8617594254937,16.7414721723519,14.8563734290844,20.2872531418312
06037211123,211123,539,20,681,65,3.71057513914657,5.13787051980031,9.54478707782673,4.85325906810562,-5.83421193868016,84.1736234094944,81505,19.0936863543788,61.5438108484006,1964,16.3441955193483,8.35030549898167,2.13849287169043,70.4175152749491
06037211124,211124,1428,93,1284,92,6.51260504201681,4.94285756351574,7.16510903426791,5.74141774842363,-0.652503992251106,46.1378605791449,70197,13.4858812074002,50.8886255924171,4171,32.9417405897866,6.49724286741789,1.19875329657157,58.0196595540638
06037211201,211201,574,46,878,49,8.01393728222997,7.20012847483511,5.58086560364465,4.76622877644035,2.43307167858532,54.6170707619314,62381,26.9909768536681,33.5429769392034,2549,64.8097293056101,9.14083954491958,5.53158101216163,14.7116516280894
06037211202,211202,718,42,821,30,5.84958217270195,5.43505866219169,3.65408038976857,5.78146764078552,2.19550178293337,56.4824449189989,62964,16.3144547759932,33.1863285556781,2401,42.6488962932112,13.3277800916285,2.16576426488963,40.5664306538942
06037211310,211310,940,104,1377,169,11.063829787234,8.38443906942097,12.2730573710966,9.40712235874549,-1.20922758386254,46.0683465352801,48096,26.7467248908297,29.8302344381568,3672,56.4270152505447,10.6209150326797,7.21677559912854,23.4749455337691
06037211320,211320,707,84,1025,60,11.8811881188119,9.20294008432636,5.85365853658537,5.52816722460051,6.02752958222652,47.0869781416901,52461,24.9182472204055,33.8008415147265,3058,58.6330935251799,7.25964682799215,3.07390451275343,20.1111837802485
06037211410,211410,647,34,827,12,5.25502318392581,5.79900969095657,1.45102781136638,2.60581172299807,3.80399537255943,67.0831265876793,49475,12.2832902987827,31.6042267050913,2767,46.3679074810264,4.40910733646549,5.85471629924106,40.0072280448139
06037211420,211420,643,48,1355,143,7.46500777604977,7.02010384443672,10.5535055350554,7.42082619936875,-3.08849775900558,57.1672590168795,55563,21.3823529411765,29.8940761082778,3438,54.5956951716114,10.4421175101803,4.10122164048866,29.8138452588714
06037211500,211500,1280,88,1198,41,6.875,4.72919326584291,3.42237061769616,3.66294833682395,3.45262938230384,41.8165748844911,78977,5.90849673202614,49.1118077324974,3825,19.9477124183007,41.0980392156863,4,31.6339869281046
06037211701,211701,754,24,805,58,3.18302387267905,3.37275886998852,7.20496894409938,6.70853480635789,-4.02194507142033,64.4138852069742,93611,9.32642487046632,53.8495772140632,2895,9.91364421416235,34.3350604490501,5.63039723661485,42.5215889464594
06037211703,211703,1229,2,1430,87,0.16273393002441,1.14990789566227,6.08391608391608,6.30307059075891,-5.92118215389167,429.555259504233,64206,13.3025404157044,56.5903005058019,4330,26.9284064665127,13.810623556582,3.62586605080831,47.5750577367206
06037211704,211704,880,89,1018,27,10.1136363636364,6.22954593427825,2.65225933202358,3.01585411641841,7.46137703161279,37.4440792470535,51750,18.4850590687978,50.3990422984836,2879,28.6557832580757,14.3452587704064,10.1076762764849,44.2514762070163
06037211802,211802,1575,253,1668,177,16.0634920634921,7.87264509744736,10.6115107913669,8.42319313198884,5.45198127212516,29.7930392216913,49250,23.3170134638923,41.3007683863886,4912,45.0325732899023,10.9120521172638,3.21661237785016,34.3037459283388
06037211803,211803,1167,64,1440,151,5.48414738646101,5.48155890525648,10.4861111111111,8.81233082884624,-5.0019637246501,60.761580950174,65799,13.0583289542827,41.5088069125955,3806,24.6452968996322,5.67524960588544,4.28271150814503,63.8202837624803
06037211804,211804,841,124,710,89,14.7443519619501,10.3640357367467,12.5352112676056,10.8136692969901,2.20914069434443,42.7304346240022,47536,36.1226445225168,45.5015066724064,3132,19.7956577266922,17.911877394636,5.87484035759898,52.7777777777778
06037211910,211910,1044,37,1569,131,3.54406130268199,3.18338331064707,8.34926704907585,6.44479402336555,-4.80520574639385,54.6036667430467,72125,12.1069571676157,36.8404322949778,4039,47.3632087150285,10.0767516712057,14.5828175290914,27.9772220846744
06037211921,211921,628,5,650,25,0.796178343949045,2.63750490053611,3.84615384615385,5.0594691770332,-3.0499755022048,201.380313378319,47353,31.0362173038229,44.4305381727159,1988,44.7686116700201,2.21327967806841,1.65995975855131,41.8008048289738
06037211922,211922,1005,69,1201,141,6.86567164179105,6.70455552230183,11.7402164862615,11.8309107150704,-4.8745448444704,59.3637134920342,58427,12.2025456557831,37.2580007902015,3614,57.2772551189817,7.19424460431655,7.16657443276148,24.3220807969009
06037212101,212101,940,8,1114,94,0.851063829787234,2.02272895150537,8.43806104129264,6.00568632687332,-7.58699721150541,144.480639393241,59395,17.8247734138973,60.7172643869892,2979,19.7045988586774,11.8496139644176,6.98220879489762,54.3135280295401
06037212102,212102,566,89,789,28,15.7243816254417,12.4880554918752,3.54879594423321,4.45199392639736,12.1755856812085,48.2786749660282,43444,31.0511756569848,38.714354760754,2910,30.7216494845361,5.80756013745704,14.2611683848797,39.3470790378007
06037212202,212202,850,19,1332,46,2.23529411764706,3.45885065434227,3.45345345345345,4.19460986200478,-1.21815933580639,94.0656872881437,59026,28.771021992238,22.4568138195777,3870,70.8268733850129,0.930232558139535,5.45219638242894,18.3204134366925
06037212203,212203,615,59,896,59,9.59349593495935,6.93103830923871,6.58482142857143,5.10648059838363,3.00867450638792,43.9193092595107,30482,37.1246246246246,38.6890093642188,2830,45.547703180212,9.75265017667845,9.32862190812721,34.2756183745583
06037212204,212204,853,57,1095,36,6.68229777256741,7.85991180114546,3.28767123287671,5.19082233337232,3.3946265396907,71.5032769837048,33636,42.5632471504031,41.9649960222753,3597,59.8554350847929,1.8348623853211,6.75562969140951,30.4976369196553
06037212303,212303,646,76,1369,248,11.7647058823529,12.2210039262063,18.1154127100073,9.99075326368303,-6.35070682765436,63.1480446034976,30886,44.2945778257351,33.2680250783699,3713,58.631834096418,8.69916509561002,4.28225154861298,23.8082413143011
06037212304,212304,381,0,617,44,0,3.6745406824147,7.13128038897893,7.32720287291213,-7.13128038897893,,45994,25.8536585365854,37.5868055555556,1640,56.7073170731707,20.1829268292683,8.29268292682927,12.1951219512195
06037212305,212305,400,19,1126,33,4.75,7.01323180227917,2.93072824156306,3.18866260139266,1.81927175843695,89.7550062681705,47525,31.7194731221075,13.7096774193548,2809,69.0993236027056,2.20719117123532,4.59238163047348,20.9683161267355
06037212306,212306,859,36,757,14,4.19091967403958,5.94353040584223,1.84940554821664,3.30190046180302,2.34151412582294,86.2123035903153,63194,16.8652271034996,30.9273182957394,2686,43.6336559940432,12.807148175726,3.42516753536858,37.7885331347729
06037212410,212410,1036,61,1474,35,5.88803088803089,4.19901395797359,2.37449118046133,2.44966239646681,3.51353970756956,43.3522194475125,49403,22.4458983392048,30.7450157397692,4054,47.2372964972866,8.55944745929946,1.45535273803651,37.2471632955106
06037212420,212420,985,28,856,40,2.84263959390863,3.00959506458143,4.67289719626168,4.7711400653562,-1.83025760235305,64.3606413072668,57732,22.1090909090909,34.3029087261785,2762,63.1426502534395,8.39971035481535,5.93772628530051,21.1440984793628
06037212501,212501,628,67,682,20,10.6687898089172,10.9629206461579,2.93255131964809,3.99306504113503,7.7362384892691,62.4662175365162,44699,10.9660574412533,36.0954174513497,1915,48.4595300261097,19.0078328981723,4.85639686684073,24.5430809399478
06037212502,212502,1179,55,1356,10,4.66497031382528,4.38695106868297,0.737463126843658,1.61499863408748,3.92750718698162,57.1673424700439,73406,24.5335561125035,58.9601386481802,3591,32.7763854079644,13.5338345864662,7.04539125591757,43.2470064049011
06037212610,212610,1554,138,1391,142,8.88030888030888,5.4269168488083,10.2084831056794,6.14881735276479,-1.32817422537049,37.150032082499,67159,7.4623237724842,50.5174825174825,4114,31.7695673310647,12.4939231891104,3.30578512396694,45.7462323772484
06037212620,212620,824,27,1365,122,3.27669902912621,4.16675689976322,8.93772893772894,4.58874499142283,-5.66102990860273,77.3028860836405,41125,27.0444941585881,32.1713147410359,4040,37.8217821782178,7.54950495049505,5.32178217821782,47.7722772277228
06037212701,212701,586,17,707,66,2.90102389078498,3.70356074666227,9.33521923620934,6.04771918894096,-6.43419534542435,77.6072446824277,85030,10.8992954828015,48.643006263048,2525,22.9306930693069,11.2079207920792,9.94059405940594,49.8217821782178
06037212702,212702,865,90,1080,87,10.4046242774566,8.00058623462689,8.05555555555556,4.76253324249458,2.34906872190109,46.7443910364894,74727,11.7491942572517,58.6327171259156,3508,14.709236031927,18.9851767388826,5.75826681870011,55.9863169897378
06037212800,212800,873,46,1209,68,5.26918671248568,5.01853020763485,5.62448304383788,7.2988885262069,-0.355296331352201,57.8984653266186,101932,5.17390054613395,46.9192634560907,3479,31.0146593848807,18.1661396953148,4.85771773498132,43.1158378844496
06037212900,212900,1086,38,1019,50,3.49907918968692,3.03389033839436,4.90677134445535,6.52403700236688,-1.40769215476842,52.7084451687134,55360,17.4985320023488,27.2137404580153,3421,53.4054370067232,11.6632563577901,10.4355451622333,22.2449576147325
06037213100,213100,791,18,787,46,2.275600505689,2.8406002895236,5.84498094027954,3.82325940616545,-3.56938043459054,75.8836483962569,60527,18.9906542056075,44.3474465298996,2814,21.4285714285714,6.07675906183369,13.1485429992893,57.3560767590618
06037213201,213201,897,86,1228,209,9.58751393534002,6.58933854598562,17.0195439739414,9.05883224018472,-7.43203003860135,41.7801419081721,44849,23.7395986294665,35.7142857142857,4086,50.342633382281,2.2515907978463,1.34605971610377,43.0004894762604
06037213202,213202,870,17,1217,138,1.95402298850575,2.74476894551869,11.3393590797042,7.74157600743103,-9.38533609119844,85.3906305239143,68534,18.0643308443423,31.2252964426878,3540,52.1468926553672,5.42372881355932,5.31073446327684,34.1242937853107
06037213310,213310,551,42,952,21,7.62250453720508,7.13469341470912,2.20588235294118,3.60130973817454,5.41662218426391,56.8999286655772,50313,23.2330827067669,28.1785158277115,2660,63.5338345864662,2.89473684210526,0.902255639097744,32.0676691729323
06037213320,213320,569,33,738,10,5.79964850615114,5.96822893285016,1.3550135501355,3.05468353592125,4.44463495601564,62.5572858578197,40139,24.644128113879,19.3816884661118,2341,71.5933361811192,3.11832550192226,2.73387441264417,20.8030756087142
06037213401,213401,1027,73,1573,58,7.1080817916261,5.43279093211635,3.68722186904005,3.08522702165503,3.42085992258605,46.462724630749,60590,19.5149592021759,14.1512495942876,4457,77.5185102086605,1.92954902400718,1.23401391070227,19.31792685663
06037213402,213402,939,29,1325,36,3.08839190628328,3.88566777208554,2.71698113207547,4.58167077256761,0.371410774207809,76.4834302062326,45700,19.8938379875375,25.0296912114014,4335,73.7716262975779,2.53748558246828,3.94463667820069,18.3160322952711
06037214000,214000,987,98,715,43,9.9290780141844,5.84436160243272,6.01398601398601,5.13816966423062,3.91509200019838,35.7818057291799,150288,13.6777301927195,66.041755432467,3736,4.87152034261242,84.5021413276231,0.776231263383298,2.32869379014989
06037214100,214100,1226,139,1034,52,11.3376835236542,6.05395527263901,5.02901353965184,6.098193564621,6.30866998400232,32.4600343935423,162159,7.24987916868052,64.8136246786633,4138,5.79990333494442,82.3586273562107,2.29579507008217,5.87240212663122
06037214400,214400,1075,115,1203,149,10.6976744186047,6.06151599042254,12.3857024106401,6.31376572326564,-1.68802799203542,34.4449831621738,102725,9.8960080509896,69.8158526821457,2981,11.1707480711171,63.3679973163368,5.80342167058034,8.25226434082523
06037214501,214501,1298,73,1099,65,5.62403697996918,4.13008901454451,5.91446769790719,7.03244847400158,-0.290430717938005,44.6421746336243,118885,7.82357574166448,67.5973548861132,3809,10.0288789708585,33.4733525859806,5.35573641375689,42.9771593594119
06037214503,214503,947,232,1066,66,24.4984160506864,8.60435287146985,6.19136960600375,4.82487148107145,18.3070464446826,21.3508074868514,96225,17.3214797820476,75.5430711610487,3504,12.3858447488584,43.0650684931507,1.62671232876712,34.2751141552511
06037214504,214504,1134,42,1191,156,3.7037037037037,3.22199528683506,13.0982367758186,8.61467611128466,-9.39453307211494,52.8838132185694,110125,13.9932783379163,72.1732464545803,3273,15.948670944088,39.5967002749771,3.51359608921479,34.0054995417049
06037214505,214505,565,96,697,26,16.9911504424779,14.4843039277303,3.73027259684362,4.56690116034672,13.2608778456343,51.8213761345466,102279,7.79896013864818,64.1906096706377,1731,13.8648180242634,51.1842865395725,6.70132871172733,14.8469093009821
06037214600,214600,802,49,720,75,6.10972568578554,4.46376868411607,10.4166666666667,6.04124052283301,-4.30694098088113,44.4134046853308,120229,10.6949458483755,72.8194726166329,2280,12.4122807017544,62.719298245614,7.71929824561404,7.14912280701754
06037214700,214700,683,94,948,114,13.7628111273792,8.64552505629831,12.0253164556962,6.32842421542576,1.73749467168301,38.1872444768269,125515,13.0015432098765,68.0229775011968,2677,17.9305192379529,64.0268957788569,4.85618229361225,8.36757564437804
06037214800,214800,905,98,1037,128,10.828729281768,11.8019402048714,12.3432979749277,6.8153158440732,-1.51456869315972,66.2536808225831,96513,11.618398637138,72.7455716586151,2985,11.2227805695142,63.2160804020101,3.01507537688442,9.61474036850921
06037214902,214902,1165,69,854,0,5.92274678111588,5.24725854484682,0,1.63934426229508,5.92274678111588,53.8571534711822,109450,14.4186046511628,67.1453437771976,2652,7.31523378582202,67.6470588235294,4.82654600301659,9.53996983408748
06037214903,214903,655,47,294,0,7.17557251908397,7.33181736566665,0,4.76190476190476,7.17557251908397,62.1139542716376,59038,16.5175909361956,66.3576158940397,1677,2.32558139534884,87.7161598091831,0,6.97674418604651
06037214904,214904,786,58,553,0,7.37913486005089,9.7179642316985,0,2.53164556962025,7.37913486005089,80.0578543770571,126824,1.46777281429483,72.2338204592902,1567,5.48819400127632,81.8761965539247,3.70134014039566,5.74345883854499
06037215101,215101,1331,172,1065,63,12.9226145755071,12.288342903469,5.91549295774648,5.62972242329189,7.00712161776066,57.8065469870546,91250,12.967251075091,80.3260045489007,3023,21.6010585511082,50.3473370823685,5.92127026132981,11.9748594111809
06037215102,215102,1466,156,1089,146,10.6412005457026,8.51768403987338,13.406795224977,10.8682814481556,-2.76559467927445,48.6592035011081,92889,12.3376623376623,66.9539153240914,3234,13.2962275819419,50.4329004329004,21.9851576994434,5.90599876314162
06037216100,216100,651,27,661,33,4.14746543778802,4.34345227918332,4.99243570347958,4.9424640591047,-0.844970265691558,63.662893926564,168531,4.08444240477283,74.9576031656303,2179,7.52638825149151,49.3345571363011,13.951353832033,23.405231757687
06037216201,216201,1008,20,1012,72,1.98412698412698,3.0049897850344,7.11462450592885,7.58470219845702,-5.13049752180187,92.0677721372243,120282,12.985529322163,71.6921692169217,2626,14.965727341965,36.3670982482864,14.3564356435644,29.5506473724296
06037216202,216202,984,67,815,94,6.80894308943089,5.44082813845091,11.5337423312883,7.01491629010931,-4.72479924185745,48.5757373155713,78859,14.3130501339457,62.5650733554188,2613,16.7240719479525,43.9341752774589,21.8905472636816,11.2131649445082
06037216301,216301,324,9,429,25,2.77777777777778,5.56424122891178,5.82750582750583,7.45472846415394,-3.04972804972805,121.770628717826,99738,11.2569060773481,60.5095541401274,1448,15.4696132596685,67.1270718232044,0.897790055248619,9.80662983425414
06037216302,216302,1329,58,896,39,4.36418359668924,3.20003406682573,4.35267857142857,4.18408737735905,0.0115050252606688,44.5744185600188,1e+05,13.0841121495327,64.3090315560392,3210,14.7040498442368,56.4174454828661,10.9034267912773,10.0623052959502
06037216401,216401,1500,125,1225,44,8.33333333333333,10.4007893812483,3.59183673469388,4.03992033098565,4.74149659863946,75.8720198024189,97223,10.1957793033308,71.9214941437164,3998,10.8804402201101,64.3571785892947,3.85192596298149,9.55477738869435
06037216402,216402,850,144,775,134,16.9411764705882,11.5773733875565,17.2903225806452,11.3711220079948,-0.349146110056925,41.5432597915529,101470,9.32779456193354,69.9074074074074,2648,12.2356495468278,70.5815709969789,1.58610271903323,6.797583081571
06037216700,216700,1011,23,1064,84,2.27497527200791,2.94391220771912,7.89473684210526,4.78909830408774,-5.61976157009735,78.665131280667,97406,11.9446896145925,56.5467625899281,3519,20.8013640238704,33.9016766126741,23.0179028132992,9.06507530548451
06037216800,216800,1129,106,1113,53,9.38883968113375,6.21841215377763,4.76190476190476,5.414322631082,4.62693491922899,40.2625871515453,121597,8.34803057025279,65.5044510385757,3402,25.3380364491476,51.9988242210464,5.37918871252205,6.02586713697825
06037216901,216901,899,40,981,145,4.44938820912125,5.629997670608,14.7808358817533,11.6367261401288,-10.3314476726321,76.9204848917416,106354,9.58858659588587,58.7282780410743,3014,19.0776376907764,29.4625082946251,30.5242203052422,2.85335102853351
06037216902,216902,748,146,557,33,19.5187165775401,22.460083857919,5.9245960502693,7.28174470188214,13.5941205272708,69.9510460329077,87222,22.0674157303371,64.0151515151515,2318,21.3546160483175,34.8144952545298,11.518550474547,6.94564279551337
06037217001,217001,918,23,745,102,2.50544662309368,2.4932473731289,13.6912751677852,12.0105158294787,-11.1858285446916,60.4942801250782,129688,7.27272727272727,69.5588948133786,3156,13.6248415716096,77.6932826362484,0,1.48922686945501
06037217002,217002,1358,0,1696,77,0,1.03092783505155,4.54009433962264,3.6819536642423,-4.54009433962264,,101265,16.3640073454397,64.9092480553155,4911,11.3011606597434,47.9332111586235,16.0863367949501,10.1201384646711
06037217101,217101,587,191,964,257,32.5383304940375,40.3004688212567,26.6597510373444,27.6672276970411,5.87857945669308,75.2920167350776,89453,18.2405745062837,26.690946930281,2785,65.3859964093357,11.8491921005386,19.7127468581688,1.22082585278277
06037217102,217102,951,38,1041,73,3.99579390115668,4.3615510118621,7.01248799231508,5.37699349524687,-3.0166940911584,66.3547434375438,97625,19.6041111534069,56.7005545286507,2627,28.5116102017511,33.8789493719071,19.8705748001523,9.59269128283213
06037217200,217200,1057,94,1208,152,8.89309366130558,6.96400753828122,12.5827814569536,7.55714731581745,-3.68968779564806,47.6036730774316,91076,16.9860855867682,47.6439790575916,3809,36.4662641113153,26.1748490417432,18.4562877395642,10.9740089262274
06037218110,218110,781,151,931,165,19.3341869398207,14.7265312443758,17.7228786251343,9.78658747877393,1.61130831468648,46.3029485370378,48897,23.6917221693625,26.3290079531185,3153,56.3273073263559,13.6695210910244,20.139549635268,7.4849349825563
06037218120,218120,902,52,1001,53,5.7649667405765,4.41696156407449,5.29470529470529,5.75952370611609,0.470261445871202,46.5758631142763,57188,21.041388518024,16.7236792094261,3790,66.2269129287599,4.77572559366755,14.353562005277,13.2981530343008
06037218210,218210,988,68,1221,101,6.88259109311741,5.5538700410516,8.27190827190827,7.72638776371239,-1.38931717879086,49.0543858444393,59151,20.3381147540984,21.2801608579088,4113,69.1709214685145,12.618526622903,12.764405543399,4.03598346705568
06037218220,218220,1097,67,1266,104,6.10756608933455,5.17713047745104,8.21484992101106,5.4116870606355,-2.10728383167651,51.5293937645855,81667,7.84570978745736,40.4100069492703,3811,38.8611912883758,18.4728417738126,25.1902387824718,12.4639202309105
06037218300,218300,1475,350,1788,129,23.728813559322,20.0440935467129,7.21476510067114,7.7762179299564,16.5140484586509,51.350478473993,78069,14.232044198895,40.418118466899,4547,46.5801627446668,26.7648999340224,21.2887618209809,1.82537937101386
06037218400,218400,1152,29,1392,136,2.51736111111111,3.24783674969097,9.77011494252874,6.37352557754989,-7.25275383141763,78.4301003174509,103843,13.9478764478764,31.433389544688,4144,59.7972972972973,12.2104247104247,14.6235521235521,7.0945945945946
06037218500,218500,700,83,938,48,11.8571428571429,9.53857365325702,5.11727078891258,3.58341422125082,6.73987206823028,48.9032230364369,77938,17.0850505807419,22.7815256875973,2669,55.0018733608093,11.9520419632821,21.8059198201574,5.5076807793181
06037218600,218600,740,38,836,51,5.13513513513514,5.69994514992948,6.10047846889952,6.52029038416564,-0.965343333764387,67.4765543264728,76406,12.6550868486352,34.1110592627158,2871,45.5242075931731,16.19644723093,16.8234064785789,12.2257053291536
06037218701,218701,527,105,366,17,19.9240986717268,13.9220283893733,4.6448087431694,6.74913167600541,15.2792899285574,42.4774002674758,51477,35.6823266219239,30.6076519129782,1788,55.2572706935123,5.42505592841163,30.3691275167785,5.53691275167785
06037218702,218702,722,70,689,68,9.69529085872576,6.14139210028746,9.86937590711176,6.19583895490448,-0.174085048385994,38.5070351403174,61616,11.8977020014826,25.6830601092896,2698,60.0074128984433,8.59896219421794,19.8665678280208,4.04002965159377
06037218800,218800,486,18,606,48,3.7037037037037,4.66365545094255,7.92079207920792,5.45243530632881,-4.21708837550422,76.5463204713974,53750,27.984934086629,29.1878172588833,2684,51.3040238450075,9.38897168405365,19.4485842026826,14.6423248882265
06037218900,218900,1583,337,1467,114,21.2886923562855,11.4364817182794,7.77096114519427,7.93242635401034,13.5177312110913,32.6570951629995,63269,15.163472378805,34.6989966555184,5397,47.0631832499537,5.57717250324254,40.1704650731888,4.91013526032981
06037219010,219010,705,67,1173,108,9.50354609929078,6.31988621056626,9.20716112531969,5.25153396620302,0.296384973971087,40.4257113682277,87171,16.8597168597169,22.4844167408727,3108,57.5289575289575,12.998712998713,20.1415701415701,0.933075933075933
06037219020,219020,824,57,1129,55,6.91747572815534,6.38880220373566,4.87156775907883,5.88462312492303,2.04590796907651,56.144329076715,80481,23.0021860578091,22.734375,4190,71.3603818615752,7.37470167064439,15.2267303102625,2.43436754176611
06037219300,219300,1044,15,1015,92,1.4367816091954,2.64062377212231,9.06403940886699,5.98779317868493,-7.62725779967159,111.724872060616,57298,19.1184008200923,20.9238057639163,3912,63.0623721881391,10.8895705521472,22.3415132924335,0.894683026584867
06037219500,219500,602,74,499,12,12.2923588039867,9.54473450087763,2.40480961923848,3.9705320879857,9.88754918474823,47.2022522757606,103050,7.83101494075219,50.9868421052632,1941,16.5378670788253,10.2009273570325,44.925296239052,18.0834621329212
06037219700,219700,1054,57,1092,100,5.40796963946869,5.05419850651024,9.15750915750916,6.81989647366031,-3.74953951804047,56.8135789032346,82586,19.3998965338852,30.0615858352579,3876,67.0278637770898,10.8875128998968,17.3632610939112,2.01238390092879
06037219800,219800,827,150,995,61,18.1378476420798,9.79599875613406,6.13065326633166,4.71496699887736,12.0071943757481,32.8319796203561,69120,6.9760295021512,22.2896790980052,3254,76.7055931161647,7.80577750460971,10.1106330669945,0.676090964966195
06037219901,219901,1276,89,1221,36,6.97492163009404,5.38364581047542,2.94840294840295,2.83813222327244,4.0265186816911,46.9214306489985,63401,14.9958228905597,23.8549618320611,4788,75.7727652464495,9.62823725981621,11.1528822055138,1.29490392648287
06037219902,219902,1046,179,1372,112,17.112810707457,11.4116032724207,8.16326530612245,8.38196168202048,8.94954540133453,40.5377291027559,107059,27.4725274725275,49.9496137050722,3640,41.1263736263736,21.5659340659341,23.1593406593407,6.97802197802198
06037220000,220000,1746,401,1270,188,22.9667812142039,19.8618842197383,14.8031496062992,14.0836421597338,8.16363160790468,52.5719892482517,65453,29.1115311909263,31.4285714285714,5308,46.948003014318,9.11831198191409,35.5689525244913,1.37528259231349
06037220100,220100,710,60,455,80,8.45070422535211,12.4102197339762,17.5824175824176,14.5724445351015,-9.13171335706547,89.2731105483596,73750,22.7996647108131,40.5214557305812,2386,30.2598491198659,13.4115674769489,43.2103939647946,1.84409052808047
06037221110,221110,621,57,924,88,9.17874396135266,11.8766025986053,9.52380952380952,7.71495406105653,-0.345065562456867,78.6580303283092,48622,13.8090518665345,14.8148148148148,3027,76.7096134786918,4.49289725801123,1.75090849025438,16.815328708292
06037221120,221120,572,14,694,31,2.44755244755245,3.61382858268236,4.46685878962536,3.82060559358002,-2.01930634207291,89.7572709202913,47431,29.8563611491108,12.8579146407347,2924,90.6292749658003,0.478796169630643,1.09439124487004,7.59233926128591
06037221210,221210,662,68,851,36,10.2719033232628,11.2393960452643,4.23031727379554,3.96946383038114,6.04158604946731,66.5160037722597,71382,12.3890663826766,26.1950286806883,2829,66.1717921527042,11.700247437257,7.59985860728173,8.69565217391304
06037221220,221220,748,49,943,41,6.55080213903743,5.61941247681213,4.34782608695652,4.2296462453416,2.20297605208091,52.1471438825814,54083,22.1371504660453,12.2477709995307,3081,86.8549172346641,2.53164556962025,1.72022070756248,6.88088283024992
06037221302,221302,836,70,1010,0,8.37320574162679,6.74847712536052,0,1.38613861386139,8.37320574162679,48.9945885957568,37220,26.3829787234043,18.0779834580544,3782,77.0491803278689,7.53569539925965,8.69910100475939,5.84346906398731
06037221303,221303,440,48,870,39,10.9090909090909,14.0407665556255,4.48275862068966,4.39440701051542,6.42633228840125,78.241353653435,61786,34.1787439613527,11.6779348494161,2527,82.6276216857934,5.69845666798575,5.77760189948556,5.89631974673526
06037221304,221304,586,92,1019,114,15.6996587030717,12.9129582881737,11.1874386653582,6.96468906983885,4.51222003771348,49.9999574261251,47279,16.7191525908961,14.2619542619543,3615,65.0069156293223,3.2088520055325,13.9972337482711,15.1313969571231
06037221401,221401,882,125,925,55,14.172335600907,11.3177259651561,5.94594594594595,6.24757794396556,8.22638965496108,48.5458203101164,49654,19.5579775961247,18.5606060606061,3690,43.4417344173442,9.26829268292683,31.3550135501355,6.85636856368564
06037221402,221402,573,63,590,56,10.9947643979058,10.6905606561718,9.49152542372881,9.13013776649274,1.50323897417695,59.1083249480045,36736,27.3563218390805,23.6618309154577,2771,51.2089498376038,8.33634067123782,14.6517502706604,18.657524359437
06037221500,221500,754,63,1059,58,8.35543766578249,7.49271483297092,5.47686496694995,4.69606522566963,2.87857269883254,54.5135039712459,46843,30.7779670641681,8.86268543172309,3542,69.0570299265952,9.90965556182947,13.1281761716544,6.88876341050254
06037221601,221601,1114,192,992,89,17.2351885098743,10.0726678023224,8.97177419354839,8.7246270515835,8.26341431632594,35.527330077847,63351,24.6635539686899,17.4530271398747,3641,74.8970063169459,5.0810216973359,16.2592694314749,3.02114803625378
06037221602,221602,642,27,858,25,4.20560747663551,3.87537830330482,2.91375291375291,3.82433333975817,1.2918545628826,56.0169508211572,58715,21.1134903640257,11.1443978430198,2355,87.9405520169851,3.48195329087049,2.88747346072187,5.69002123142251
06037221710,221710,737,242,652,49,32.8358208955224,17.7054101659786,7.51533742331288,6.63180541901611,25.3204834722095,32.7787366985511,46563,37.0974317162658,24.0680183126226,2469,77.9667881733495,9.4775212636695,2.47063588497367,9.23450789793439
06037221810,221810,664,51,637,41,7.68072289156627,6.29251534825991,6.43642072213501,6.09149001462158,1.24430216943126,49.8030894718944,33000,45.9902525476296,37.7389858686617,2266,38.6584289496911,13.8128861429832,3.61871138570168,28.1994704324801
06037221820,221820,869,107,501,150,12.313003452244,8.97061491315033,29.940119760479,19.9198634830534,-17.6271163082351,44.2886365339751,28466,48.9722966934763,56.875,2700,23.4444444444444,31.5555555555556,5.11111111111111,36.4074074074074
06037221900,221900,1249,191,1017,91,15.2922337870296,12.2871544131533,8.94788593903638,5.72140820907544,6.34434784799324,48.8443669123587,29712,49.5798319327731,49.0733279613215,4775,24.3350785340314,21.2146596858639,10.5340314136126,39.3717277486911
06037222001,222001,709,0,889,68,0,1.97461212976023,7.64904386951631,4.95404912309982,-7.64904386951631,,74167,15.6193243734108,29.04953145917,2756,58.7808417997097,9.10740203193033,19.3759071117562,6.8577648766328
06037222002,222002,1062,99,1095,144,9.32203389830508,7.57355719714091,13.1506849315068,8.54016418219333,-3.82865103320176,49.3882149357627,71898,12.7617368305047,18.7460815047022,4544,68.75,5.08362676056338,21.8089788732394,1.21038732394366
06037222100,222100,1017,211,1024,182,20.7472959685349,12.4155773636774,17.7734375,9.97859239611714,2.97385846853491,36.3780583957128,58040,28.8345105953582,18.0577223088924,3964,65.2875882946519,7.51765893037336,8.2744702320888,12.1846619576186
06037222200,222200,938,72,1166,141,7.67590618336887,6.09282152845082,12.0926243567753,8.94028725894072,-4.41671817340643,48.2528418919864,52314,13.5002878526195,22.8293096145701,3474,68.6528497409326,8.69314910765688,15.0546919976972,0.604490500863558
06037222500,222500,1169,46,908,55,3.9349871685201,3.54702928093766,6.05726872246696,6.09387713900489,-2.12228155394686,54.796844580628,65250,13.0926062392533,13.9089595375723,4076,75.5642787046124,1.3738959764475,18.9156035328754,0.90775269872424
06037222600,222600,1049,226,1153,95,21.5443279313632,10.2032754198421,8.23937554206418,7.1673936978679,13.304952389299,28.7899397891555,45260,41.0902333264505,26.7723102585488,4907,49.3173018137355,9.61891175871204,14.7340533931119,23.3340126350112
06037222700,222700,1099,234,528,44,21.2920837124659,11.2395136861479,8.33333333333333,7.65885221155887,12.9587503791325,32.0895371653976,54167,62.4555160142349,70.679012345679,4632,21.286701208981,33.8730569948187,6.77892918825561,31.433506044905
06037224010,224010,708,94,980,13,13.2768361581921,10.9932812739683,1.3265306122449,2.5479031753817,11.9503055459472,50.3346255058497,39219,31.5575161180862,38.394495412844,2964,49.9325236167342,9.4804318488529,22.1322537112011,12.8205128205128
06037224020,224020,694,75,739,138,10.806916426513,8.75084688449474,18.6738836265223,13.8658939921841,-7.86696720000936,49.2246219885662,38871,37.2779081461616,13.8297872340426,2989,64.8042823686852,6.75811308129809,15.7243225158916,2.94412847106056
06037224200,224200,351,40,690,5,11.3960113960114,11.3730992854541,0.72463768115942,2.32922869809967,10.671373714852,60.6680524193674,57743,16.305849838784,9.90691489361702,2171,85.7669276830954,5.75771533855366,3.40856748042377,2.53339474896361
06037224310,224310,282,92,647,39,32.6241134751773,15.6469794698407,6.02782071097373,5.80731503568074,26.5962927642036,29.1558623661629,59250,20.545560069646,26.4661654135338,1870,67.8609625668449,16.4171122994652,2.83422459893048,11.2834224598931
06037224320,224320,690,62,1198,131,8.98550724637681,8.6537775565141,10.9348914858097,7.59977267278663,-1.94938423943287,58.5459997450214,38750,36.5658132919576,8.21551394726786,3872,95.2479338842975,0,0.645661157024794,2.68595041322314
06037224410,224410,685,27,849,92,3.94160583941606,6.16804697819014,10.8362779740872,9.67836475562798,-6.8946721346711,95.1280463820837,41010,37.5574272588055,39.556135770235,2731,52.4716221164409,22.1896741120469,6.44452581471988,14.3170999633834
06037224420,224420,624,170,493,84,27.2435897435897,23.2250962815726,17.0385395537525,9.98406237741475,10.2050501898372,51.8235654557529,26648,36.2691466083151,13.2113821138211,2051,82.6913700633837,5.60702096538274,4.72940029254022,5.11945392491468
06037224600,224600,644,106,817,127,16.4596273291925,8.47492610478121,15.5446756425949,7.64629498843137,0.914951686597687,31.3004095399386,50795,22.1458046767538,6.32850241545894,3040,85.9868421052632,5.23026315789474,5.78947368421053,1.71052631578947
06037224701,224701,642,106,549,66,16.5109034267913,9.78112076003594,12.0218579234973,7.52764754934944,4.48904550329401,36.0123847447558,32273,44.7680690399137,92,2550,19.921568627451,32.156862745098,7.49019607843137,32.4313725490196
06037224702,224702,467,110,534,85,23.5546038543897,16.7867191811973,15.9176029962547,12.5549747081648,7.63700085813504,43.3235582073453,5213,83.6084905660377,67.4033149171271,2483,16.3511880789368,40.3141361256545,1.93314538864277,36.5686669351591
06037226001,226001,394,70,611,107,17.7664974619289,11.5517294099654,17.5122749590835,10.3804161957689,0.254222502845465,39.5256742294951,34515,36.0688956433637,4.36507936507936,2011,82.1979114868225,1.19343610144207,14.2217802088513,2.38687220288414
06037226002,226002,546,21,733,71,3.84615384615385,4.67833390529275,9.6862210095498,5.37666723850977,-5.84006716339595,73.9432714514355,52412,31.1380400421496,47.0709855272226,1900,35.1052631578947,21.1578947368421,21.3684210526316,14.1578947368421
06037226410,226410,622,19,914,73,3.05466237942122,4.22979411363614,7.98687089715536,5.25456502533285,-4.93220851773414,84.1763538212023,47019,33.9193695059109,4.94889725658956,3334,99.7900419916017,0,0.20995800839832,0
06037226420,226420,984,111,1429,123,11.2804878048781,6.9879760178941,8.6074177746676,5.64719673702084,2.67307003021045,37.6580322659864,48418,23.5476535042382,10.1426307448494,4928,91.4975649350649,0.466720779220779,2.75974025974026,5.27597402597403
06037226701,226701,468,34,620,64,7.26495726495727,7.32956629121738,10.3225806451613,7.28610548593298,-3.05762338020403,61.3308961968485,61932,31.8320944468736,9.91052993805919,2287,97.2890249234806,0,1.83646698731963,0.874508089199825
06037226702,226702,828,160,1252,112,19.3236714975845,19.7659967712647,8.94568690095847,4.73569540451158,10.3779845966261,62.1817831558023,66556,27.9661016949153,15.047619047619,3749,97.652707388637,0.560149373166178,1.60042678047479,0
06037227010,227010,602,73,1195,226,12.1262458471761,12.0587508513665,18.9121338912134,16.4517966482334,-6.78588804403731,60.4519133324115,50230,27.9247202441506,4.94893951296151,3932,90.3865717192268,4.29806714140387,5.31536113936928,0
06037227020,227020,830,36,769,122,4.33734939759036,5.26914470039209,15.8647594278283,8.22325147776678,-11.527410030238,73.8498835076906,67331,15.6318941065238,4.48150078165711,3232,97.9888613861386,0.340346534653465,1.60891089108911,0.0618811881188119
06037228100,228100,1296,57,1049,99,4.39814814814815,5.11941257912331,9.43755958055291,7.08640467956029,-5.03941143240476,70.7594379837232,65313,24.3985419198056,9.02674591381872,4189,87.92074480783,8.64168059202674,2.29171640009549,0
06037228210,228210,898,84,915,59,9.35412026726058,8.4869271130576,6.44808743169399,7.08028544115247,2.90603283556659,55.1545849437381,58558,19.5864766694607,7.0812528370404,3579,83.9340597932383,0.642637608270467,7.79547359597653,2.62643196423582
06037228220,228220,1097,105,992,55,9.57155879671832,5.6163797730656,5.54435483870968,5.6693645184812,4.02720395800865,35.6703928849498,60962,28.5651697699891,7.04277286135693,4565,86.1555312157722,1.70865279299014,10.2957283680175,0.240963855421687
06037228310,228310,995,190,1264,150,19.0954773869347,12.7598295769936,11.8670886075949,7.08405813005876,7.22838877933974,40.6207980454603,53408,26.5324384787472,8.41874084919473,4470,95.6823266219239,0.648769574944072,2.77404921700224,0.0223713646532438
06037228320,228320,570,48,952,67,8.42105263157895,6.00447786633874,7.03781512605042,5.22363085585226,1.38323750552853,43.3453949317766,57708,20.8780795957044,7.6155462184874,3166,97.1257106759318,0.915982312065698,1.95830701200253,0
06037228410,228410,716,58,782,19,8.10055865921788,5.79815338319489,2.42966751918159,3.31749309500826,5.67089114003629,43.511978014543,64286,19.5114111218258,10.6995884773663,3111,92.7354548376728,2.34651237544198,1.67148826743812,0.803600128576021
06037228420,228420,596,10,908,90,1.67785234899329,3.30022678930449,9.91189427312775,4.75090951500401,-8.23404192413446,119.570526834376,80488,19.3045997826874,8.12917594654788,2781,97.6627112549443,0,2.33728874505574,0
06037228500,228500,1082,139,1097,44,12.8465804066543,7.59368189639842,4.01093892433911,4.70973253634881,8.83564148231524,35.9334535081371,46450,41.7974629112019,4.11103302881237,4840,76.1570247933884,0.826446280991736,22.8512396694215,0
06037228600,228600,963,26,1372,106,2.69989615784008,3.65388681841905,7.72594752186589,5.89527238113445,-5.02605136402581,82.2701193859608,59118,21.0980876002468,6.71118530884808,4894,97.4867184307315,0,2.12505108295872,0
06037228710,228710,830,56,1199,44,6.74698795180723,6.74910497905984,3.6697247706422,4.18562774150104,3.07726318116503,60.8093479441996,62286,21.6601178781925,6.40625,4127,88.8296583474679,1.09038042161376,8.77150472498183,0.193845408286891
06037228720,228720,1033,147,1407,135,14.2303969022265,7.06948400667445,9.59488272921109,4.94452705210045,4.63551417301544,30.199851038582,65000,22.1356360572873,4.93991989319092,4773,89.398701026608,0.251414204902577,10.1613241148125,0
06037228800,228800,955,46,2082,132,4.81675392670157,5.65211895392082,6.34005763688761,4.24171036641721,-1.52330371018604,71.3330725650111,54975,20.6614573868799,7.1318782662158,5503,90.2235144466655,0.599672905687807,6.92349627475922,2.25331637288752
06037228900,228900,859,46,664,53,5.35506402793947,8.64450218295909,7.98192771084337,12.6036470539247,-2.62686368290391,98.131721622332,38040,29.1202346041056,11.0358180058083,3410,94.1348973607038,0,3.43108504398827,0.469208211143695
06037229100,229100,982,36,1243,98,3.66598778004073,4.0804336131689,7.88415124698311,4.82094711953176,-4.21816346694237,67.6627120589643,65461,20.6258565555048,6.48280802292264,4420,92.262443438914,1.06334841628959,4.61538461538462,0
06037229200,229200,736,91,1234,17,12.3641304347826,8.02964639052713,1.37763371150729,2.58195339185946,10.9864967232753,39.4790724034067,48339,30.1065308012969,11.0503709488481,4319,85.6679786987729,0.555684186154202,10.6043065524427,1.34290344987266
06037229300,229300,1120,154,1670,45,13.75,11.2001724919418,2.69461077844311,3.55039572215862,11.0553892215569,49.5172036117904,59107,25.8260403643508,8.74711316397229,5641,85.6940258819358,4.60911185959936,8.68640312001418,0.655912072327602
06037229410,229410,569,67,1133,114,11.7750439367311,8.18868620599552,10.0617828773169,5.60389882401141,1.71326105941425,42.2752116428022,65286,23.9586097107986,3.86029411764706,3788,88.1467793030623,1.10876451953537,9.60929250263992,0
06037229420,229420,872,66,1496,200,7.56880733944954,6.46435357958316,13.3689839572193,10.0691982486487,-5.80017661776971,51.9196492714057,70135,24.244966442953,10.9822119102862,4796,89.115929941618,0.667222685571309,6.29691409507923,0
06037231100,231100,461,53,924,186,11.4967462039046,11.5325955071865,20.1298701298701,11.0096271140735,-8.63312392596558,60.9798305765092,59531,30.197486535009,8.62603305785124,2785,77.8096947935368,3.62657091561939,15.6552962298025,1.14901256732496
06037231210,231210,827,86,888,64,10.3990326481258,7.64480187733678,7.20720720720721,6.55001554980264,3.19182544091855,44.6896950064149,43797,38.7826961770624,8.80157170923379,3984,62.5502008032129,6.07429718875502,18.2228915662651,2.00803212851406
06037231220,231220,1009,218,889,96,21.605550049554,10.8459939675112,10.7986501687289,7.02451470662872,10.8068998808251,30.5167393915919,37740,27.0940570893776,18.0964052287582,4274,71.82966775854,2.43331773514272,14.9508656995788,9.05474964904071
06037231301,231301,673,126,952,88,18.7221396731055,9.52320939401698,9.2436974789916,5.87203906139689,9.4784421941139,30.921599470128,58818,20.9989447766444,8.52956567242282,2920,80.5479452054795,2.73972602739726,6.33561643835617,0.0684931506849315
06037231302,231302,558,73,847,45,13.0824372759857,9.54748660717948,5.31286894923259,5.07792892609506,7.76956832675308,44.3643879485877,61567,19.9113535629049,22.0229197807673,2933,65.2574156154108,8.62598022502557,22.400272758268,1.87521309239686
06037231400,231400,893,42,1126,39,4.70324748040314,4.73290976530582,3.46358792184725,5.48929320277761,1.23965955855589,61.1736636332044,55153,25.64213252752,15.2497808939527,4633,74.0556874595295,2.67645154327649,17.5048564644939,2.93546298294841
06037231500,231500,1797,226,1186,103,12.5765164162493,6.41799671097993,8.68465430016864,6.16195379208304,3.89186211608067,31.0222451774778,91344,18.0147793089674,24.9931935747346,5050,58.6930693069307,2.61386138613861,24.7920792079208,4.41584158415842
06037231601,231601,699,38,664,52,5.43633762517883,4.74238412054519,7.83132530120482,7.22956640517728,-2.39498767602599,53.0303391499135,83270,15.0935189212701,22.1148036253776,2299,67.8990865593736,0.956937799043062,28.4036537625054,0
06037231602,231602,506,36,574,91,7.11462450592885,7.66954004326485,15.8536585365854,9.31232623264039,-8.73903403065651,65.5316997955423,84028,17.8228388473853,14.1122913505311,1874,70.0106723585913,4.58911419423693,15.795090715048,3.36179295624333
06037231603,231603,528,11,802,76,2.08333333333333,4.42279443146797,9.47630922693267,6.72543416182213,-7.39297589359934,129.054184018518,60455,34.1555327166838,7.63157894736842,3067,80.469514183241,1.27160091294425,14.50929246821,1.43462667101402
06037231710,231710,1200,162,1232,82,13.5,5.64359592812951,6.65584415584416,4.79960717950591,6.84415584415585,25.4130178008759,56494,26.9829858614905,9.89785135611131,4190,85.3699284009547,0.45346062052506,12.2673031026253,0.167064439140811
06037231720,231720,1139,95,1379,92,8.34064969271291,6.28543699760555,6.67150108774474,4.96732969375318,1.66914860496816,45.8109917790607,45417,33.8716029933045,11.9295958279009,5078,86.8846002363135,0.905868452146514,9.5116187475384,2.02835762111067
06037231800,231800,998,166,1665,13,16.6332665330661,11.5201725273633,0.780780780780781,1.77586076368019,15.8524857522854,42.1032415948607,48378,29.029029029029,5.56433765412583,4995,85.4054054054054,1.64164164164164,8.96896896896897,0
06037231901,231901,708,48,1081,137,6.77966101694915,4.33977365055316,12.6734505087882,9.34170811810792,-5.89378949183901,38.9128640399144,83795,14.8474825431827,5.38865045302814,2820,91.8085106382979,0.921985815602837,6.95035460992908,0.141843971631206
06037231902,231902,536,51,714,51,9.51492537313433,7.93362334960876,7.14285714285714,12.4471330075285,2.37206823027719,50.6874320923809,45735,35.21028849496,9.59367945823928,2877,89.190128606187,1.18178658324644,9.03719151894334,0
06037232110,232110,808,117,883,60,14.480198019802,8.29627807632564,6.79501698754247,6.2705588525198,7.68518103225951,34.8291517193834,58425,21.6420162994265,6.99953336444237,3375,82.6074074074074,0.711111111111111,13.6,0
06037232120,232120,936,123,1296,144,13.1410256410256,7.98285109340244,11.1111111111111,8.13122031382,2.02991452991453,36.928601692365,53029,21.5965224263979,14.7902097902098,5199,81.7464897095595,0.788613194845163,16.1569532602424,0.153875745335641
06037232200,232200,671,38,1232,88,5.66318926974665,4.95236535225655,7.14285714285714,4.19372650610156,-1.4796678731105,53.1600888076171,91208,21.230679498396,13.8319260152795,3581,76.1798380340687,0.893605138229545,17.9838034068696,0.335101926836079
06037232300,232300,1165,34,986,34,2.91845493562232,3.31251468025818,3.44827586206897,5.47589509225095,-0.529820926446648,68.9983837386159,75962,19.0683500217675,17.9748555895345,4595,69.0097932535365,2.56800870511426,21.4363438520131,0
06037232401,232401,868,167,1098,66,19.2396313364055,7.96817906780096,6.01092896174863,5.48299177709148,13.2287023746569,25.1765627317447,73034,17.6745393200104,15.795631825273,3879,64.4238205723125,4.64037122969838,20.5980922918278,1.31477184841454
06037232402,232402,712,63,795,109,8.84831460674157,6.96201063507486,13.7106918238994,9.05500681235634,-4.8623772171578,47.8308638218102,74750,27.9411764705882,25.8050286722541,3155,63.0110935023772,4.31061806656101,28.811410459588,0
06037232500,232500,1117,163,1424,42,14.5926589077887,8.13939569846905,2.94943820224719,3.16545479767703,11.6432207055415,33.9071922546103,67917,22.5160090890312,15.5197235819177,4870,60.7392197125257,2.79260780287474,24.8665297741273,1.90965092402464
06037232601,232601,608,65,511,11,10.6907894736842,10.2600065054184,2.15264187866928,4.26564420574358,8.53814759501493,58.3407430937051,76618,7.25893824485374,6.09442060085837,1846,81.36511375948,0,17.2264355362947,1.40845070422535
06037232602,232602,957,79,1232,65,8.25496342737722,7.96903309494615,5.27597402597403,3.70851699250639,2.97898940140319,58.68465754964,73628,19.1461595824012,9.53937592867756,5364,58.8180462341536,0.727069351230425,40.2125279642058,0
06037232701,232701,654,52,651,15,7.95107033639144,6.92891482625652,2.30414746543779,3.49315621514029,5.64692287095365,52.9753366421763,96120,9.33509467195068,12.3537061118336,2288,80.2884615384615,0.524475524475525,17.6573426573427,0.305944055944056
06037232702,232702,928,119,1203,67,12.823275862069,8.24473608712596,5.56940980881131,5.11776104954113,7.25386605325766,39.0851579211406,78026,21.4396113932435,10.1938711694809,4529,85.1843674100243,3.68734820048576,5.80702141753146,2.05343342901303
06037232800,232800,757,64,1122,119,8.45442536327609,6.94993768320961,10.6060606060606,5.93436137258945,-2.15163524278452,49.9724812518016,52935,23.6363636363636,11.0193974411886,3754,88.0927011188066,0.39957378795951,9.85615343633458,0
06037234001,234001,774,26,525,26,3.35917312661499,3.07808542506759,4.95238095238095,5.24032627537057,-1.59320782576597,55.7034865326704,86935,6.04133545310016,40.7074973600845,2522,18.47739888977,9.71451229183188,63.6796193497225,2.02220459952419
06037234002,234002,704,32,634,48,4.54545454545455,5.16049299530877,7.57097791798107,7.62993198236926,-3.02552337252653,69.0157117913634,73472,21.9574780058651,22.7124941941477,2736,48.6842105263158,4.49561403508772,42.6535087719298,0.621345029239766
06037234200,234200,551,36,546,61,6.53357531760436,7.94348159114664,11.1721611721612,9.47471824584406,-4.63858585455682,73.9084491172205,79438,13.0617387652247,41.0951621477937,2381,19.2356152876942,5.75388492230155,60.6887862242755,9.61780764384712
06037234301,234301,525,49,553,93,9.33333333333333,8.41485015908177,16.8173598553345,11.7466029647083,-7.4840265220012,54.8079689041366,38942,19.9596774193548,36.3333333333333,1984,1.91532258064516,7.00604838709677,83.8709677419355,0.604838709677419
06037234302,234302,732,129,621,34,17.6229508196721,10.7454486810608,5.47504025764895,6.84553401731627,12.1479105620232,37.0663671192314,46604,21.3374565133359,30.5395495023573,2587,5.99149594124469,5.17974487823734,84.228836490143,0.618477000386548
06037234501,234501,652,147,775,95,22.5460122699387,12.5195848164792,12.258064516129,9.55128156465224,10.2879477538096,33.7562570574382,78533,11.4517916512745,22.5755995828989,2893,30.0034566194262,4.80470100241963,59.2464569650882,1.55547874179053
06037234502,234502,673,55,394,48,8.17236255572065,7.21988870787308,12.1827411167513,14.3332675330287,-4.01037856103062,53.7052788107055,29464,29.1808873720137,19.5904814609851,2394,39.2230576441103,4.05179615705932,50.6265664160401,2.75689223057644
06037234600,234600,1041,49,1293,166,4.70701248799232,3.81235031260873,12.8383604021655,11.3021454523396,-8.13134791417319,49.2358622346714,76875,15.7243439300192,24.702812409394,4731,30.3107165504122,3.99492707672796,53.4136546184739,2.13485521031494
06037234700,234700,981,128,827,73,13.0479102956167,10.9453128156686,8.82708585247884,10.4507747028268,4.22082444313788,50.9942623108421,90302,13.2913126884078,20.0936402653141,3650,34.1369863013699,3.3972602739726,48.5479452054795,2
06037234800,234800,780,149,857,51,19.1025641025641,14.1953315632104,5.950991831972,5.16032605757937,13.1515722705921,45.1739402268582,72073,8.75034181022696,13.610251878038,3657,47.8807765928357,3.39075745146295,42.98605414274,2.51572327044025
06037234901,234901,537,43,835,159,8.0074487895717,9.13545939494117,19.0419161676647,13.372962527437,-11.034467378093,69.3538092186811,49602,20.56,17.0353982300885,2518,39.6346306592534,4.09054805401112,50.7942811755362,3.77283558379666
06037234902,234902,1166,195,787,53,16.7238421955403,9.00357835232937,6.73443456162643,4.94407008429215,9.98940763391388,32.7275266427123,24648,26.5032377428307,13.980964883492,4450,51.5056179775281,4.92134831460674,37.685393258427,0.674157303370787
06037235100,235100,968,48,981,130,4.95867768595041,4.54525777712963,13.2517838939857,13.1010043766844,-8.29310620803532,55.7220051704848,86450,11.2758201701094,42.8211586901763,4121,16.7192429022082,10.337296772628,60.3251637951954,4.70759524387285
06037235201,235201,604,32,557,57,5.29801324503311,5.71155006438903,10.2333931777379,9.72436110820983,-4.93537993270477,65.535262896865,64129,12.6582278481013,14.3518518518519,2925,42.017094017094,2.94017094017094,46.5982905982906,0.0341880341880342
06037235202,235202,894,88,870,49,9.84340044742729,6.92149090673793,5.63218390804598,5.24441692252735,4.21121653938132,42.745322399998,50972,24.4100119189511,29.9116997792495,4195,24.0762812872467,5.53039332538737,63.0512514898689,0.905840286054827
06037236001,236001,1137,116,1276,37,10.2022867194371,7.06740978044772,2.89968652037618,3.42963569599474,7.30260019906094,42.1111252508597,113831,8.32187070151307,65.695067264574,4362,8.64282439248051,28.4961027051811,48.6703347088492,7.24438331040807
06037236101,236101,417,22,455,10,5.2757793764988,8.40818064260066,2.1978021978022,4.78269040208406,3.0779771786966,96.8834298967802,34981,31.5485362095532,24.1752831117676,2596,17.8736517719569,5.43143297380586,56.3559322033898,14.2526964560863
06037236102,236102,1092,73,1023,187,6.68498168498169,7.6831190379525,18.2795698924731,12.9738358725488,-11.5945882074914,69.8668941953128,52305,25.132644512706,18.6423505572442,3638,15.4480483782298,4.260582737768,74.7663551401869,4.64540956569544
06037236203,236203,757,104,819,78,13.7384412153236,8.91361963800493,9.52380952380952,8.18258614248337,4.21463169151412,39.4412559385652,32886,36.1285053090117,12.6160337552743,3699,47.8778048121114,3.00081103000811,43.8226547715599,0.297377669640443
06037236204,236204,1019,54,821,111,5.29931305201178,5.40684135918063,13.5200974421437,9.08928722291713,-8.22078439013195,62.0237683778573,42606,19.6588868940754,19.6654611211573,3342,49.7007779772591,2.3638539796529,41.8312387791742,3.47097546379414
06037236205,236205,810,46,765,45,5.67901234567901,7.82053030261275,5.88235294117647,7.80578511764207,-0.203340595497458,83.7138832445662,36503,29.5401141322592,15.4679802955665,2979,53.5750251762336,0,41.3897280966767,0
06037236206,236206,733,78,801,110,10.6412005457026,11.4588789594729,13.7328339575531,12.2342196022809,-3.09163341185047,65.4614470991632,50096,15.4875717017208,19.4983435873166,2665,40.9005628517824,1.27579737335835,50.2439024390244,4.09005628517824
06037236400,236400,1169,11,1126,13,0.940975192472198,1.87056620735174,1.15452930728242,1.80320862682608,-0.213554114810217,120.845089604542,101607,8.74205267938238,54.1055718475073,4432,21.0063176895307,10.0631768953069,60.0631768953069,1.89530685920578
06037237101,237101,833,171,925,88,20.5282112845138,15.661380163668,9.51351351351351,7.39654741849398,11.0146977710003,46.3781072409232,57500,23.4100877192983,7.48239436619718,3762,85.1408825093036,0.930356193514088,13.1313131313131,0
06037237102,237102,658,64,773,49,9.72644376899696,6.58059571102809,6.33893919793014,5.52581752170155,3.38750457106682,41.1287231939255,51602,26.6482133870156,11.4060963618486,4015,77.0859277708593,0.348692403486924,21.9676214196762,0.597758405977584
06037237201,237201,607,34,1088,122,5.60131795716639,5.89860924831939,11.2132352941176,8.78966927011384,-5.61191733695125,64.0167318743048,67135,23.7324130607911,10.3718199608611,3781,80.7987304945782,1.00502512562814,15.1811690029093,1.37529754033325
06037237202,237202,801,247,1010,73,30.8364544319601,13.2553126804306,7.22772277227723,6.93394608387122,23.6087316596828,26.1312170533327,50714,32.0195838433293,8.7945413191812,4121,70.6624605678234,1.77141470516865,25.9403057510313,0.509585052171803
06037237300,237300,1427,12,1707,7,0.840925017519271,1.87455579416128,0.410076157000586,1.37895825348184,0.430848860518685,135.51120153334,86494,14.0366482832236,14.2998515586343,5621,60.4162960327344,3.05995374488525,32.0405621775485,0.391389432485323
06037237401,237401,1053,91,802,46,8.64197530864198,5.28818487977143,5.7356608478803,6.02886957632071,2.90631446076168,37.198695202908,76354,25.4336734693878,15.3962836556693,3957,78.2663634066212,0.7328784432651,17.6143543088198,0
06037237402,237402,796,20,1468,131,2.51256281407035,3.2679056785897,8.92370572207084,7.95379016178022,-6.41114290800049,79.0654383026566,85759,2.76110444177671,10.8680555555556,4207,75.8973140004754,2.35322082243879,21.0839077727597,0.332778702163062
06037237500,237500,500,13,682,77,2.6,4.68228310122316,11.2903225806452,9.56353777459282,-8.69032258064516,109.475873304259,44856,30.536398467433,13.2858068697343,2631,76.2067654884075,1.52033447358419,16.8377042949449,0.760167236792094
06037237600,237600,795,220,1078,94,27.6729559748428,15.9905724610866,8.71985157699444,8.23840299191849,18.9531043978483,35.1271210460454,43603,24.4286439817166,10.3485838779956,3941,78.6602385181426,0.279116975386958,20.0202994163918,0
06037237710,237710,784,93,896,43,11.8622448979592,9.3131571482563,4.79910714285714,5.64288445027072,7.06313775510204,47.7270007140108,48750,37.1039603960396,5.9245960502693,4062,65.3865091088134,1.55096011816839,29.3451501723289,2.90497291974397
06037237720,237720,594,63,994,20,10.6060606060606,6.74689650951781,2.01207243460765,2.76030176461063,8.59398817145296,38.6708788213787,45188,29.5601173020528,8.12533191715348,3410,89.6774193548387,0,8.7683284457478,0.0586510263929619
06037237800,237800,943,23,867,231,2.4390243902439,3.14696941394635,26.643598615917,13.9603026653023,-24.2045742256731,78.4351039342252,71283,19.7733580018501,17.5306957708049,4324,56.5911193339501,7.4468085106383,33.3487511563367,0.948196114708603
06037237900,237900,971,172,1062,93,17.7136972193615,10.3598628334637,8.75706214689266,7.46103077249239,8.95663507246883,35.5532155626398,77072,17.4305390643553,31.2761506276151,4211,35.2647827119449,5.31940156732368,52.6240797910235,1.04488245072429
06037238000,238000,1263,0,1446,190,0,1.50435471100554,13.1396957123098,18.8324076179937,-13.1396957123098,,61822,10.7486263736264,32.4076310070031,5831,27.8339907391528,2.67535585662837,61.0529926256217,0.360144057623049
06037238100,238100,1886,143,847,11,7.58218451749735,4.7734348671706,1.2987012987013,2.57005759504826,6.28348321879605,38.2710827873563,67419,15.9795918367347,18.1467181467181,4922,23.7301909792767,3.79926859000406,65.6440471353109,0.24380333197887
06037238200,238200,1517,220,783,83,14.502307185234,10.3203889363604,10.6002554278416,11.5889768425112,3.90205175739238,43.2606521593225,49601,20,19.0665781906658,6588,19.5506982392228,2.26168791742562,76.9884638737098,0
06037238310,238310,1104,77,1534,71,6.97463768115942,9.02799237418069,4.62842242503259,4.12664847090326,2.34621525612683,78.6871162601783,50833,28.6291875240662,7.28862973760933,5248,82.5266768292683,0.685975609756098,15.6631097560976,1.12423780487805
06037238320,238320,862,122,793,122,14.15313225058,9.31796139430109,15.3846153846154,10.860022649101,-1.23148313403534,40.0223365483459,28722,33.1574562621494,10.1170960187354,3617,72.4080729886646,1.60353884434614,24.4124965440973,0
06037238400,238400,1249,147,946,84,11.7694155324259,5.72010144615439,8.87949260042283,7.33337636026464,2.88992293200311,29.5449277598446,68611,16.1205766710354,26.4352104975396,4601,24.6902847207129,0.369484894588133,65.4205607476636,2.69506628993697
06037239201,239201,690,50,890,32,7.2463768115942,5.72106490526135,3.59550561797753,3.2989581602214,3.65087119361668,47.994343886083,54141,26.0110561536223,11.9,3455,85.1808972503618,0.578871201157742,12.0694645441389,0.578871201157742
06037239202,239202,963,170,1615,139,17.6531671858775,11.4203961136001,8.60681114551084,7.18799199539174,9.04635604036663,39.3271641601892,59063,20.011273957159,1.68012924071082,5338,88.4038965904833,0.805545147995504,8.9171974522293,0.131135256650431
06037239310,239310,956,63,1027,75,6.58995815899582,7.26294004397366,7.30282375851996,8.99136107816478,-0.712865599524145,66.9983179624531,51510,19.9566747901435,6.86433793663688,3737,91.1158683435911,0,8.83061279100883,0
06037239320,239320,683,96,915,58,14.0556368960469,12.0748855233487,6.33879781420765,4.96728232010742,7.7168390818392,52.2235740403191,53750,19.5578231292517,9.56196581196581,2940,91.5986394557823,0,7.99319727891156,0
06037239330,239330,710,69,952,41,9.71830985915493,6.42755412809121,4.30672268907563,3.56426152241795,5.4115871700793,40.2058361388904,76382,19.3188490898415,5.59105431309904,3424,91.8808411214953,0,7.71028037383178,0
06037239501,239501,722,55,900,65,7.61772853185596,6.3445388066467,7.22222222222222,5.03969901367661,0.395506309633733,50.630085862381,59457,21.0345813089454,3.64756039791568,3513,69.8548249359522,1.30942214631369,23.3703387418161,1.50868203814404
06037239502,239502,642,53,968,64,8.25545171339564,6.45350370349353,6.61157024793388,6.02466162326798,1.64388146546175,47.5213554813654,52917,16.3875598086124,9.98089780324737,3406,85.6723429242513,1.17439812096301,12.3311802701116,0.645918966529654
06037239601,239601,781,71,1037,20,9.09090909090909,6.20000546157897,1.92864030858245,2.82019062104555,7.16226878232664,41.4590030865463,58771,21.7016966320588,4.12725709372313,3957,81.5769522365429,0.227445034116755,15.8453373768006,0.0252716704574172
06037239602,239602,614,99,934,82,16.1237785016287,8.06118133248485,8.77944325481799,7.12150045195794,7.34433524681068,30.3924677666986,53906,28.1641961231471,5.18934081346424,3533,83.4418341352958,0.452872912538919,14.0956694027738,0.792527596943108
06037239701,239701,552,52,801,92,9.42028985507246,8.52893198699589,11.4856429463171,11.094001185195,-2.06535309124464,55.0382330701629,40239,32.8365878725591,4.01459854014599,3979,76.9540085448605,0.226187484292536,18.1452626288012,4.59914551394823
06037239702,239702,1029,36,939,34,3.49854227405248,3.67366810884846,3.62087326943557,4.35494770713812,-0.122330995383092,63.8332401892108,61250,27.1915393654524,7.42694805194805,4285,70.1983663943991,1.12018669778296,28.681446907818,0
06037239801,239801,852,61,1110,72,7.15962441314554,4.91756897816708,6.48648648648649,5.54747505911943,0.673137926659053,41.7536376441114,65887,25.1020898390584,11.4996114996115,4287,79.0762771168649,0.886400746442734,19.0342897130861,0
06037239802,239802,866,259,1545,201,29.9076212471132,11.0282847363215,13.0097087378641,6.42778608037438,16.8979125092491,22.4161072670298,47534,27.9030754892824,7.2199938290651,5365,75.6011183597391,2.46039142590867,15.5452003727866,0.857409133271202
06037240010,240010,707,104,1007,106,14.7100424328147,8.9043145320887,10.5263157894737,8.13825244645241,4.18372664334103,36.7976991710703,39673,34.8274993704357,4.29146177916853,3986,79.4279979929754,0.250878073256397,13.1710988459609,5.29352734570999
06037240020,240020,1156,107,1364,130,9.2560553633218,7.54508569688766,9.53079178885631,7.19682681953364,-0.274736425534506,49.553271400745,67222,16.4874551971326,6.91933240611961,5324,85.6686701728024,0.563486100676183,12.8662659654395,0
06037240200,240200,1130,136,1391,164,12.0353982300885,7.98074517381447,11.7900790797987,7.92748109556093,0.245319150289788,40.3103971321757,56813,28.5914505956552,8.90570430733411,5728,79.713687150838,0.66340782122905,18.9245810055866,0.174581005586592
06037240301,240301,652,200,806,20,30.6748466257669,17.5191452529697,2.48138957816377,3.90929710938067,28.1934570476031,34.7187924162195,65392,25.7966101694915,11.1058376839108,2961,80.6146572104019,3.00574130361364,11.4150624788923,0.439040864572779
06037240302,240302,567,107,668,228,18.8712522045855,12.5485788481984,34.1317365269461,22.0024673700954,-15.2604843223606,40.4229424022298,44805,31.3447927199191,7.72081531809759,2969,84.8433816099697,0.303132367800606,13.5735938026271,0
06037240401,240401,969,56,1136,86,5.77915376676987,5.57642331617073,7.57042253521127,6.21900438211886,-1.7912687684414,58.6577745697941,38720,29.057354803691,6.55347036044087,5550,77.6216216216216,0.702702702702703,19.0990990990991,1.44144144144144
06037240402,240402,681,113,949,124,16.5932452276065,14.3048313129953,13.0663856691254,9.8931825077963,3.52685955848106,52.4065423468802,68239,30.2698574338086,19.5164835164835,3954,58.5735963581184,2.60495700556399,36.7475973697522,0
06037240500,240500,1449,207,1518,89,14.2857142857143,7.52235173285556,5.86297760210804,4.83516237052843,8.42273668360625,32.0100073738535,57750,32.1808510638298,8.35135135135135,6480,75.2469135802469,0.87962962962963,18.2253086419753,0.66358024691358
06037240600,240600,878,77,1035,111,8.76993166287016,6.92235307335642,10.7246376811594,7.95423915874937,-1.95470601828926,47.983468190952,64118,17.1492204899777,10.7166123778502,4939,70.2166430451509,0.141729094958494,18.7082405345212,0.0607410406964973
06037240700,240700,1309,113,1435,187,8.63254392666157,6.30234472207191,13.0313588850174,6.581310774748,-4.39881495835585,44.3810379599867,60672,17.7856681730148,5.53896280206354,6196,85.4422207876049,0.355067785668173,13.7508069722402,0.451904454486766
06037240800,240800,879,71,1022,138,8.0773606370876,6.9439127984616,13.5029354207436,10.3272633238229,-5.42557478365604,52.2599370679202,56156,30.3753475440222,8.336738863915,4333,70.6669743826448,0.230786983614124,27.0943918762982,1.33856450496192
06037240901,240901,353,41,586,90,11.614730878187,10.8323607318135,15.358361774744,10.1240621996866,-3.74363089655706,56.6954309189734,48359,30.6086956521739,9.49177877428999,2323,93.0693069306931,0,6.93069306930693,0
06037240902,240902,793,145,702,0,18.2849936948298,10.6162602607244,0,1.99430199430199,18.2849936948298,35.2948092935936,43214,36.1185983827493,5.38418395961862,3355,91.6840536512668,0.536512667660209,7.57078986587183,0
06037241001,241001,1426,107,1460,12,7.50350631136045,5.36354387713242,0.821917808219178,1.78289025249329,6.68158850314127,43.4531918801854,121477,17.1891511095456,17.0549860205033,5690,80.7381370826011,0.193321616871705,17.1001757469244,0
06037241002,241002,979,177,1075,185,18.0796731358529,9.51783775023062,17.2093023255814,8.77240645237918,0.870370810271517,32.0023462898212,58438,29.0306748466258,9.11538461538461,4104,68.5428849902534,0.730994152046784,28.3382066276803,0
06037241110,241110,746,56,794,6,7.50670241286863,5.96579842542594,0.755667506297229,2.15970806054722,6.7510349065714,48.3118283257463,73382,18.7576875768758,8.06201550387597,3266,81.0165339865279,0.734843845682792,16.1359461114513,0.33680342927128
06037241120,241120,721,63,1095,108,8.7378640776699,9.05429917977798,9.86301369863014,7.40647236476485,-1.12514962096023,62.9917470798468,42004,33.9443155452436,8.10914681014604,4313,76.7447252492465,2.15627173661025,14.6301878043125,0.626014375144911
06037241201,241201,643,42,887,66,6.53188180404355,5.47734113359124,7.44081172491545,7.12323001735453,-0.908929920871899,50.9759784179934,63073,19.9331510179277,16.583912611718,3291,61.1668185961714,0.151929504709815,35.1261014889091,1.39775144333029
06037241202,241202,1092,156,1122,87,14.2857142857143,8.35271838050598,7.75401069518717,6.17334488427151,6.53170359052712,35.5434824702382,52448,26.7364606402255,13.7517433751743,5020,58.7051792828685,2.96812749003984,33.8645418326693,1.05577689243028
06037241300,241300,546,113,602,87,20.6959706959707,10.5618587277969,14.4518272425249,7.82661515906333,6.24414345344578,31.023347044555,50727,26.6071428571429,10.4588394062078,2245,61.6035634743875,1.51447661469933,35.3674832962138,0.044543429844098
06037241400,241400,1188,104,836,78,8.75420875420875,5.68168109593719,9.33014354066986,7.74574489170775,-0.575934786461103,39.4542736846702,65417,18.1501740427648,16.6666666666667,4022,69.7911486822476,1.09398309298856,25.7831924415714,0.621581302834411
06037242000,242000,942,99,819,83,10.5095541401274,10.0919034205704,10.1343101343101,7.16303810705079,0.375244005817255,58.3744620808528,57813,23.7724084177709,9.95440729483283,3857,72.3100855587244,1.86673580502982,17.2932330827068,3.31864143116412
06037242100,242100,349,32,352,27,9.16905444126074,11.0146102034026,7.67045454545455,8.15046168099317,1.4985998958062,73.0261960673917,29388,49.6538994000923,8.40258541089566,2167,78.4494693124135,0,16.5205353022612,2.16889709275496
06037242201,242201,1001,79,964,118,7.89210789210789,6.51421414803321,12.2406639004149,7.52737016945149,-4.34855600830705,50.1768178383383,76528,21.3354199269692,8.22632423756019,3869,89.4804859136728,0,3.54096665805118,4.88498319979323
06037242202,242202,584,93,389,40,15.9246575342466,9.813046572749,10.2827763496144,10.3052509045675,5.64188118463218,37.4600071803472,45710,32.4561403508772,7.42741390952059,2642,64.0802422407267,0.794852384557154,32.7403482210447,0
06037242300,242300,1305,270,880,182,20.6896551724138,8.6289241055349,20.6818181818182,11.044417287272,0.00783699059561016,25.3534750821187,53992,23.5320384014289,8.64406779661017,4517,75.4261678104937,0.730573389417755,22.6477750719504,0.796989152092097
06037242600,242600,1131,386,555,70,34.1290893015031,12.3762253786098,12.6126126126126,11.0037208530669,21.5164766888905,22.0443657231172,21595,55.4853653400716,8.4304932735426,4749,70.4779953674458,0.0421141292903769,26.9530427458412,0
06037242700,242700,1007,75,920,74,7.44786494538232,6.83423784991174,8.04347826086957,6.52112891740594,-0.595613315487241,55.7817833018126,52807,23.6694071830376,8.07728856509344,4724,73.9839119390347,1.65114309906859,22.7138018628281,1.65114309906859
06037243001,243001,934,186,761,106,19.9143468950749,15.0445470366685,13.9290407358739,6.96331756366564,5.9853061592011,45.9247865223661,72656,17.6806626678092,8.32535885167464,3501,86.9751499571551,0.114253070551271,9.08311910882605,0
06037243002,243002,663,24,814,4,3.61990950226244,5.15169132547271,0.491400491400491,1.86729403260238,3.12850901086195,86.5139652681967,74208,11.3869579609401,6.00220264317181,3021,93.8761999337968,0.66203243958954,3.77358490566038,1.42336974511751
06037243100,243100,1178,196,1006,66,16.6383701188455,9.18842997125538,6.56063618290258,6.47502916446576,10.0777339359429,33.5710269404467,33112,33.2786549108058,3.32225913621262,5004,74.3605115907274,1.73860911270983,20.8832933653078,0.179856115107914
06037261102,261102,714,56,1031,6,7.84313725490196,11.4315502570892,0.5819592628516,1.53911775251104,7.26117799205036,88.6032010807824,250001,3.28039573027857,76.4174792343806,3841,5.38922155688623,86.9825566258787,1.92658161936996,4.42593074720125
06037261103,261103,388,22,508,132,5.67010309278351,6.32593249740938,25.9842519685039,16.4185033718952,-20.3141488757204,67.8215476373263,182212,4.86827033218786,65.015015015015,1773,2.93288212069938,77.6649746192893,2.59447264523407,8.85504794134236
06037261104,261104,282,20,609,23,7.09219858156028,9.07082263276353,3.77668308702791,4.53883322131272,3.31551549453237,77.7499082808302,196071,6.71989354624085,75.04,1503,5.85495675316035,74.7837658017299,0,7.71789753825682
06037261200,261200,953,78,1011,67,8.18467995802728,6.86800206874525,6.6271018793274,6.39804669602654,1.55757807869988,51.0108796782341,169432,9.64622041231866,69.2711753118844,3929,13.8203105115806,66.5054721303131,1.90888266734538,10.7151947060321
06037262100,262100,812,38,719,60,4.67980295566503,5.19055515071676,8.34492350486787,6.74958593586286,-3.66512054920285,67.4249045333868,165795,3.07692307692308,81.5150071462601,2860,3.14685314685315,80.1398601398601,0,14.1608391608392
06037262200,262200,1110,38,1445,175,3.42342342342342,3.36750789489755,12.1107266435986,7.32069126950788,-8.68730322017519,59.7973726337592,200171,8.10008481764207,73.4023668639053,4798,7.44060025010421,70.2375989995832,4.37682367653189,12.234264276782
06037262301,262301,788,103,612,96,13.0710659898477,7.52102473880015,15.6862745098039,10.6931739243399,-2.61520851995621,34.9784135165374,250001,6.21557828481511,72.2427440633245,2988,6.9946452476573,67.7710843373494,4.95314591700134,11.6131191432396
06037262302,262302,519,12,813,52,2.3121387283237,4.34885893996448,6.39606396063961,6.45059960302717,-4.08392523231591,114.339300397242,178214,6.69824086603518,76.6177739430544,2973,4.3054154053145,82.8792465523041,0.538176925664312,3.83451059535822
06037262303,262303,473,25,819,31,5.28541226215645,6.44631302411663,3.78510378510379,3.68082070609669,1.50030847705266,74.1423966056454,248889,3.14933965458855,84.4432882414152,2953,3.55570606163224,86.9624111073485,0.846596681341009,3.21706738909584
06037262400,262400,463,0,601,47,0,3.02375809935205,7.82029950083195,8.52135327568464,-7.82029950083195,,250001,4.04829545454545,85.1428571428571,2816,10.5113636363636,72.6917613636364,1.77556818181818,8.27414772727273
06037262501,262501,764,46,957,20,6.02094240837696,5.04208903805279,2.08986415882968,2.92216851269828,3.93107824954729,50.9073083794414,250001,6.68283481541364,76.4606265876376,3711,1.29345189975748,89.9757477768796,0.296416060361089,5.30854217192132
06037262601,262601,708,100,861,44,14.1242937853107,8.76008445566048,5.11033681765389,6.20280284762664,9.01395696765685,37.7029774748184,222400,7.68335273573923,73.8057324840764,3446,2.32153221125943,78.2936738247243,0.4062681369704,10.7080673244341
06037262604,262604,1408,28,1185,2,1.98863636363636,2.69793121330168,0.168776371308017,1.94223890221502,1.81985999232835,82.4725824648016,168750,7.18964952505732,77.2449672019905,6106,5.43727481166066,73.2230592859483,1.85063871601703,6.56731084179496
06037262704,262704,783,32,921,49,4.08684546615581,4.07271938105224,5.32030401737242,5.02195004657874,-1.23345855121661,60.580153407369,161923,4.22292444699799,79.1300877893057,3481,7.00948003447285,74.6337259408216,0.488365412237863,5.80293019247343
06037262706,262706,693,42,876,37,6.06060606060606,4.72416335857202,4.22374429223744,4.00292236194148,1.83686176836862,47.3852251771661,168164,4.98177399756987,80.6095406360424,3292,3.06804374240583,82.685297691373,0,6.83475091130012
06037262802,262802,670,52,1036,37,7.76119402985075,6.89272054513063,3.57142857142857,3.42331337077578,4.18976545842217,53.9878742721244,170500,7.24020442930153,82.6700434153401,3522,4.28733674048836,81.9704713231119,0,6.36002271436684
06037264000,264000,733,32,736,91,4.3656207366985,6.49266708930233,12.3641304347826,7.75839839919619,-7.99850969808411,90.4089091272531,239181,5.91414944356121,86.0496613995485,3145,6.20031796502385,84.4197138314785,0,5.53259141494436
06037264102,264102,856,19,983,39,2.2196261682243,3.05102139698243,3.96744659206511,4.503577007871,-1.74782042384081,83.5602084727871,153482,10.0294021561581,84.7809667673716,3061,9.11466840901666,65.9588369813787,0,16.1385168245671
06037264103,264103,1182,104,903,30,8.79864636209814,6.21177977117559,3.32225913621262,3.57447824336496,5.47638722588551,42.9174870793169,135357,8.1254724111867,76.7320261437909,2646,16.3265306122449,65.9863945578231,1.13378684807256,9.97732426303855
06037264303,264303,1238,32,930,14,2.58481421647819,2.77591949619273,1.50537634408602,2.9654944434202,1.07943787239217,65.2847328321922,151003,8.76660341555977,91.2515696944328,2635,11.3472485768501,66.1100569259962,2.16318785578748,8.95635673624289
06037264304,264304,977,19,761,13,1.94472876151484,2.66325721912613,1.70827858081472,3.28461422703648,0.236450180700124,83.2507535781868,113505,2.59226713532513,77.2366930917327,2276,3.29525483304042,69.9472759226714,8.96309314586995,12.609841827768
06037264305,264305,1122,63,1195,34,5.61497326203209,6.10391625032949,2.84518828451883,2.82933367528821,2.76978497751326,66.0837944021777,163859,5.35635236830456,78.6468741079075,4518,17.8618857901726,65.427180168216,0.177069499778663,8.12306330234617
06037264306,264306,494,25,630,57,5.06072874493927,6.4707189120277,9.04761904761905,6.33201105288507,-3.98689030267978,77.7272982988859,130018,6.31229235880399,68.27495042961,1806,10.1328903654485,68.7153931339978,0,16.389811738649
06037265100,265100,321,15,449,4,4.67289719626168,8.4504553727914,0.89086859688196,3.37677531234946,3.78202859937972,109.932975670356,89355,12.260711030082,71.6308337703199,2194,1.00273473108478,80.4466727438469,4.78577939835916,2.18778486782133
06037265201,265201,714,103,585,73,14.4257703081233,11.9789175879128,12.4786324786325,8.51553889411219,1.94713782949077,50.4792230517294,155781,8.73834069710358,67.6096997690531,2526,6.01741884402217,68.8836104513064,4.27553444180523,16.4687252573238
06037265203,265203,368,0,599,17,0,3.80434782608696,2.83806343906511,4.31413022422017,-2.83806343906511,,110725,14.2996108949416,57.4636723910172,2056,5.83657587548638,63.0350194552529,9.19260700389105,18.8715953307393
06037265204,265204,539,23,291,74,4.26716141001855,5.22166534502533,25.4295532646048,14.9161050519376,-21.1623918545863,74.3882019550324,49306,46.4894342194956,73.3238231098431,1505,5.78073089700997,47.7076411960133,6.7109634551495,36.8106312292359
06037265301,265301,3094,760,1846,580,24.5636716224952,6.87709034374071,31.4192849404117,9.72632797755127,-6.85561331791655,17.0194509066819,,,79.368932038835,13681,21.7966522914992,27.980410788685,6.49075359988305,38.3816972443535
06037265303,265303,1274,41,948,107,3.2182103610675,2.80736739056495,11.2869198312236,8.13845425519506,-8.06870947015612,53.0296694429497,31510,66.4674952198853,63.0558722919042,4184,17.9971319311663,30.7122370936903,5.61663479923518,35.4445506692161
06037265304,265304,966,113,743,71,11.6977225672878,7.86968898694956,9.55585464333782,5.7134663397317,2.14186792394997,40.8968962605551,19764,73.5801430374422,64.4646924829157,3603,14.9597557590896,33.8329170135998,5.38440188731613,41.1046350263669
06037265306,265306,507,134,500,44,26.4299802761341,14.1395290355266,8.8,7.80146792341031,17.6299802761341,32.5216223790409,57188,55.9087204563977,70.392749244713,1920,23.5416666666667,39.0104166666667,2.91666666666667,23.90625
06037265307,265307,806,94,804,106,11.6625310173697,6.63253380022766,13.18407960199,12.0383518557924,-1.52154858462032,34.571701758931,29375,42.7807486631016,89.5768833849329,2983,13.9121689574254,38.3506537043245,13.1076097888032,30.6738183037211
06037265410,265410,341,13,435,0,3.81231671554252,5.73568160565865,0,3.2183908045977,3.81231671554252,91.4597815071125,232049,2.48267898383372,73.3001658374793,1732,3.29099307159353,81.5242494226328,0,9.46882217090069
06037265420,265420,329,46,448,17,13.9817629179331,13.2003093428106,3.79464285714286,4.63257149258692,10.1871200607903,57.392649316568,244583,5.42452830188679,77.9359430604982,1696,7.01650943396226,66.627358490566,2.41745283018868,14.563679245283
06037265521,265521,566,9,565,64,1.59010600706714,3.46224253697557,11.3274336283186,11.1932599023809,-9.73732762125145,132.362666391636,85262,14.765525982256,79.6216680997421,1578,6.90747782002535,52.4714828897339,0,30.5449936628644
06037265522,265522,705,0,584,17,0,1.98581560283688,2.91095890410959,4.95141026068597,-2.91095890410959,,92147,18.5736275012827,80.2787456445993,1975,21.9240506329114,34.9367088607595,3.34177215189873,36.4556962025317
06037265523,265523,935,15,753,11,1.60427807486631,2.28968389537222,1.46082337317397,2.34261823117513,0.143454701692339,86.7620847891805,76166,4.5530492898914,84.6590909090909,2394,13.3667502088555,53.7176274018379,0,14.7869674185464
06037265524,265524,989,45,933,11,4.55005055611729,4.52854672452385,1.17899249732047,2.42949411189369,3.37105805879682,60.5029748132939,123325,8.44618674269423,74.4661921708185,2806,9.7647897362794,68.496079828938,2.38774055595153,15.7875980042766
06037265601,265601,675,0,927,12,0,2.07407407407407,1.29449838187702,2.3595312440711,-1.29449838187702,,150481,7.12041884816754,70.9962168978563,2865,7.32984293193717,68.8656195462478,6.14310645724258,13.0191972076789
06037265602,265602,798,230,826,82,28.8220551378446,25.3685616359275,9.9273607748184,6.7150161565061,18.8946943630262,53.5063094633809,95893,16.6830870279146,75.2261108926465,3068,3.52020860495437,76.3037809647979,0,14.0808344198175
06037265701,265701,445,93,617,5,20.8988764044944,13.5058430643194,0.810372771474878,2.52927753990669,20.0885036330195,39.2855519405309,135909,9.01542111506524,75.4559270516717,1692,11.4657210401891,65.1891252955083,4.55082742316785,7.80141843971631
06037265702,265702,646,13,706,172,2.01238390092879,3.87559052116389,24.3626062322946,23.1133644473937,-22.3502223313658,117.074186423749,102143,7.34194425560843,72.463768115942,2942,10.0951733514616,81.6111488783141,2.10740992522094,1.63154316791298
06037267101,267101,916,23,855,42,2.51091703056769,2.90734959983686,4.91228070175439,5.23109215568494,-2.4013636711867,70.3880595599462,91607,7.63409016123725,71.915506481037,3039,11.7472852912142,59.7235932872656,0.92135570911484,18.8548864758144
06037267102,267102,997,86,670,15,8.6258776328987,4.9012456250745,2.23880597014925,4.24268482450763,6.38707166274944,34.5411881543739,128750,16.7280540208717,78.358843537415,3258,9.42295887047268,55.524861878453,1.68815224063843,22.80540208717
06037267201,267201,819,45,801,17,5.4945054945055,5.29327233743137,2.12234706616729,3.76119411696486,3.3721584283382,58.5638641588152,102028,7.72693173293323,76.3825929283772,2666,10.0525131282821,56.1515378844711,1.61290322580645,20.8552138034509
06037267202,267202,1368,134,1293,129,9.7953216374269,5.28317598372102,9.97679814385151,12.2847567483467,-0.181476506424609,32.7876638648567,125188,10.4381443298969,75.079309129362,3880,2.62886597938144,65.8247422680412,4.89690721649485,21.2371134020619
06037267300,267300,1440,348,1725,141,24.1666666666667,23.6037126009423,8.17391304347826,7.91234037687917,15.9927536231884,59.3741853498182,112450,17.5153229608675,67.0771756978654,4339,17.6538372896981,36.8979027425674,13.4132288545748,24.1299838672505
06037267403,267403,1107,160,1743,373,14.453477868112,9.86194768656406,21.3998852553069,28.6968435963672,-6.94640738719493,41.4786325570912,99712,13.4348653793854,64.6821392532795,3677,15.7465324993201,60.076149034539,6.25509926570574,11.6127277672015
06037267404,267404,1379,135,1112,117,9.7897026831037,12.0660375524529,10.521582733813,7.3910211343929,-0.731880050709252,74.925434131859,80354,14.8081534772182,71.8439173680184,3336,16.3369304556355,45.9832134292566,3.3273381294964,24.5803357314149
06037267405,267405,910,19,1012,0,2.08791208791209,3.5906581140333,0,1.38339920948617,2.08791208791209,104.543237362672,105170,12.4123711340206,74.7009304386354,2512,14.2117834394904,58.1210191082803,3.26433121019108,12.5398089171975
06037267406,267406,654,6,656,53,0.91743119266055,2.60918233641989,8.07926829268293,7.12812385681462,-7.16183710002238,172.888069708066,90605,7.62100926879506,71.8153846153846,1984,25.2520161290323,58.9213709677419,2.87298387096774,12.0967741935484
06037267502,267502,971,37,1303,135,3.81050463439753,3.55830570282563,10.3607060629317,6.48389595396982,-6.55020142853417,56.7668584152417,84671,13.8407287687335,60.8976797261316,3403,34.1169556273876,46.0182192183368,1.88069350573024,13.8407287687335
06037267503,267503,883,3,956,139,0.339750849377124,1.71715852176096,14.5397489539749,7.23316056050201,-14.1999981045978,307.244371776075,156343,19.0455717970765,79.3696275071633,2326,15.7781599312124,58.1255374032674,3.00945829750645,21.1092003439381
06037267504,267504,1136,103,1409,118,9.0669014084507,7.63759750738996,8.37473385379702,6.63756865657687,0.692167554653684,51.2073111718063,98947,11.9356659142212,72.6917613636364,3544,21.2189616252822,42.4379232505643,0.790067720090294,25.5643340857788
06037267600,267600,738,34,778,0,4.6070460704607,4.61046687647101,0,1.79948586118252,4.6070460704607,60.8354113147792,89286,11.2396096855801,61.6200169635284,2767,22.7683411637152,40.4770509577159,0.93964582580412,25.9848211058909
06037267700,267700,1253,109,1475,80,8.69912210694334,8.41717967189338,5.42372881355932,4.32103410240011,3.27539329338402,58.8200336236156,126656,6.9153280696978,74.2457689477557,3744,9.10790598290598,47.6495726495727,1.5758547008547,36.2446581196581
06037267800,267800,834,24,1128,27,2.87769784172662,3.72367365390633,2.3936170212766,2.58333356908021,0.484080820450023,78.6611911691458,120435,7.92106725958866,80.5300353356891,3600,4,52.2777777777778,3.30555555555556,30.3888888888889
06037267901,267901,649,82,1369,7,12.6348228043143,14.7285948487652,0.511322132943755,1.38383700785043,12.1235006713706,70.8640970928061,195581,7.88007429026267,76.9278223318939,3769,3.10427169010348,59.8832581586628,3.44919076678164,20.5890156540196
06037267902,267902,1208,51,1208,83,4.22185430463576,3.47603275928968,6.87086092715232,4.29822762757589,-2.64900662251656,50.051225617998,153833,6.75006515506906,81.1440677966102,3837,6.64581704456607,62.9658587438103,7.3494917904613,15.6111545478238
06037269000,269000,1629,105,1377,32,6.44567219152855,5.13343997852109,2.32389251997095,3.02338621046813,4.12177967155759,48.4143796497951,187458,4.00578154036754,70.8834291688448,4953,6.50111043811831,64.1025641025641,5.10801534423582,14.8596810014133
06037269100,269100,1030,138,766,33,13.3980582524272,14.8758375671169,4.30809399477807,4.14169023136109,9.08996425764911,67.4953204446077,77782,17.1043293115685,63.206046141607,4227,9.27371658386563,75.7038088478827,1.49041873669269,6.34019399101017
06037269300,269300,807,48,1074,133,5.94795539033457,4.56485045676499,12.3836126629423,6.21202084038411,-6.4356572726077,46.6544366591862,219552,3.11418685121107,82.7147401908802,3757,6.28160766569071,77.3755656108597,0.346020761245675,4.20548309821666
06037269500,269500,710,47,1101,128,6.61971830985916,5.66318919893061,11.6257947320618,7.77651254401492,-5.00607642220261,52.0062643890673,250001,1.48914689550732,82.0024321037698,3962,8.88440181726401,70.9237758707723,0.176678445229682,6.8904593639576
06037269601,269601,862,89,1101,55,10.3248259860789,8.90312432007003,4.99545867393279,4.37664800117845,5.3293673121461,52.4196111054975,56154,13.3372851215175,24.8181818181818,3389,52.1097668928888,10.0619651814695,24.3139569194453,5.63588079079374
06037269602,269602,676,88,936,189,13.0177514792899,10.9193075721172,20.1923076923077,12.3739538714894,-7.17455621301775,50.990963793529,81953,30.6756189676878,42.9896344789962,2383,51.9093579521612,24.5488879563575,10.9525807805287,9.02224087284935
06037269700,269700,1088,31,1233,166,2.84926470588235,2.82435138135707,13.463098134631,6.75698001029551,-10.6138334287486,60.258737188283,122731,6.78217821782178,54.7711154094133,4043,31.0660400692555,48.1573089290131,2.64654959188721,6.28246351719021
06037269800,269800,1089,48,1135,66,4.40771349862259,3.95322537957813,5.81497797356828,3.88109513273699,-1.40726447494569,54.5220673551239,106621,12.322695035461,71.877424359969,3384,33.8947990543735,38.563829787234,4.28486997635934,18.5579196217494
06037269903,269903,1445,145,1071,119,10.0346020761246,4.75287106850348,11.1111111111111,7.63874025621601,-1.07650903498654,28.793202783723,101524,20.6896551724138,75.16684229013,3601,31.9355734518189,30.1305193001944,9.27520133296307,21.5773396278811
06037269905,269905,842,56,890,26,6.65083135391924,4.09948015610222,2.92134831460674,3.44263673086759,3.7294830393125,37.470281062072,108611,7.95246800731261,81.6272965879265,2188,13.9396709323583,48.7202925045704,8.63802559414991,25.3199268738574
06037269906,269906,1149,36,1305,20,3.1331592689295,3.14617125659602,1.53256704980843,2.10540860193338,1.60059221912107,61.0427351203787,122308,3.6067666773061,74.8868778280543,3151,11.0441129800063,46.7153284671533,12.5039669946049,25.2935576007617
06037269907,269907,1084,86,949,57,7.93357933579336,4.8502753173095,6.00632244467861,4.43180969638496,1.92725689111475,37.1647589168269,99837,11.353550295858,69.0117252931323,2704,15.1257396449704,41.6050295857988,12.0931952662722,21.4866863905325
06037269908,269908,938,10,645,89,1.06609808102345,2.32091227986073,13.7984496124031,13.8352305790773,-12.7323515313796,132.341381064399,77222,2.73019271948608,73.900462962963,1868,21.3597430406852,29.9250535331906,18.3618843683084,24.7323340471092
06037269909,269909,1050,118,757,0,11.2380952380952,7.9539852168262,0,1.84940554821664,11.2380952380952,43.0255240722658,101581,5.71428571428571,55.7451078775715,2238,28.0607685433423,37.1760500446828,14.5665773011618,10.1876675603217
06037270101,270101,700,29,496,12,4.14285714285714,5.13313362054285,2.41935483870968,4.72023187565425,1.72350230414747,75.3211096191174,78940,7.25982532751092,75.503355704698,1832,5.94978165938865,48.6899563318777,9.71615720524017,25
06037270102,270102,966,20,882,48,2.0703933747412,2.83860994380418,5.4421768707483,4.91384108788615,-3.3717834960071,83.3464196265908,128186,8.23529411764706,65.9670164917541,2380,18.9075630252101,39.2857142857143,3.0672268907563,33.8655462184874
06037270200,270200,888,51,1220,100,5.74324324324324,4.96485036410919,8.19672131147541,4.78213251906089,-2.45347806823217,52.5512500545797,76905,11.0555718906204,45.4060236370568,3401,43.7518376947957,22.8756248162305,13.701852396354,13.1137900617465
06037270300,270300,860,21,633,92,2.44186046511628,2.58698026846971,14.5339652448657,8.73457772104091,-12.0921047797494,64.4030404076986,84063,4.74171164225135,57.7976817702845,2599,39.5536744901885,27.5490573297422,17.7760677183532,6.15621392843401
06037271100,271100,648,23,797,35,3.54938271604938,5.48005635517408,4.39146800501882,6.20749966688404,-0.842085288969438,93.8569186772249,137167,8.22890559732665,65.9151905528717,2438,13.0024610336341,51.5176374077112,0,23.3798195242002
06037271200,271200,748,13,1065,26,1.7379679144385,3.34345567509776,2.44131455399061,2.89839463425899,-0.703346639552108,116.946684356938,121366,6.17536676902081,66.043030869972,2931,38.9286932787445,28.0791538723985,9.38246332309792,15.5237120436711
06037271300,271300,1413,95,1621,199,6.72328379334749,4.94550177639385,12.2763726095003,8.57548633152664,-5.55308881615282,44.7160071031484,97721,10.9558067831449,56.754617414248,4865,16.6084275436793,43.9260020554985,4.52209660842754,20.9866392600206
06037271400,271400,760,34,821,63,4.47368421052632,4.5384791397293,7.67356881851401,5.34345893410873,-3.19988460798769,61.6707338851111,197992,1.74331229335738,72.1221613155834,3331,7.11498048634044,66.1963374362053,0,18.1026718703092
06037271500,271500,730,107,729,0,14.6575342465753,9.79532504946889,0,1.92043895747599,14.6575342465753,40.6248745056517,107679,8.69565217391304,74.4360902255639,3094,14.3503555268261,59.5992243051067,1.51906916612799,13.9948287007111
06037271600,271600,1645,80,1523,60,4.86322188449848,3.65129863055616,3.93959290873276,3.20169809351118,0.923628975765716,45.641232881952,122554,12.7427961579509,87.927292457949,5608,15.2817403708987,41.904422253923,3.29885877318117,34.3972895863053
06037271702,271702,1604,115,1467,42,7.16957605985037,4.24454301355433,2.86298568507157,2.56829268267898,4.3065903747788,35.9891475815575,90972,12.0072614107884,71.0930159724397,4664,24.6783876500858,32.4185248713551,7.13979416809606,29.2881646655232
06037271703,271703,1096,22,899,45,2.00729927007299,2.73822255185348,5.0055617352614,4.80960162587578,-2.99826246518841,82.9259993598068,121354,4.52762923351159,76.8292682926829,2805,8.55614973262032,46.8092691622104,1.99643493761141,32.156862745098
06037271704,271704,807,36,1118,103,4.46096654275093,5.76533465709949,9.2128801431127,6.17327925829881,-4.75191360036177,78.5650974042433,124638,8.28581013082858,79.6416127426581,2987,4.38567124204888,49.6149983260797,5.89219953130231,31.9049213257449
06037271801,271801,1634,29,892,96,1.77478580171359,2.16499010299988,10.762331838565,6.18393255078676,-8.98754603685144,74.1556195011383,95096,13.9593201448872,54.2253521126761,3589,39.1752577319588,37.4477570353859,3.03705767623293,13.7364168292003
06037271803,271803,1134,34,1264,61,2.99823633156967,3.52936842787926,4.82594936708861,5.51817531639781,-1.82771303551894,71.5591596140727,99469,9.74178403755869,57.580283793876,3426,28.0210157618214,30.3561004086398,20.4028021015762,12.6094570928196
06037271804,271804,725,24,1125,79,3.31034482758621,4.24474814512776,7.02222222222222,5.52271808199763,-3.71187739463602,77.9494023611353,121827,4.61278036394414,73.2113144758736,2402,16.6111573688593,57.8684429641965,3.12239800166528,16.1948376353039
06037271901,271901,826,15,1175,42,1.81598062953995,2.49446588279978,3.57446808510638,3.56943586503083,-1.75848745556643,83.5026877079075,115917,7.05319784817693,56.6037735849057,3346,33.1141661685595,37.3281530185296,11.5361625821877,12.6419605499103
06037271902,271902,1155,103,1324,86,8.91774891774892,5.9099366899002,6.49546827794562,5.05390817358372,2.4222806398033,40.2866991875039,105288,9.07925109002308,64.492989892403,3991,25.8832372838888,54.6980706589827,2.2550739163117,10.6990729140566
06037272100,272100,1305,55,1198,70,4.21455938697318,3.11117007618467,5.84307178631052,5.38534712285042,-1.62851239933734,44.8751251663,121719,4.32967032967033,58.4205803170805,4550,23.2747252747253,60.7472527472527,2.04395604395604,7.62637362637363
06037272201,272201,713,54,925,103,7.57363253856943,6.45454404471799,11.1351351351351,8.2598800582086,-3.56150259656571,51.8078341087912,119018,5.41808873720137,61.1612175873732,2344,29.9914675767918,55.6313993174062,2.98634812286689,6.99658703071672
06037272202,272202,981,46,1288,52,4.68909276248726,4.71556588373799,4.03726708074534,3.0210196566644,0.651825681741916,61.1334760400022,105111,6.14062997136494,58.477508650519,3143,21.3490295895641,52.3067133312122,1.84537066496977,10.9767737830099
06037272301,272301,926,64,1159,40,6.91144708423326,4.99574790117921,3.45125107851596,3.62624545220404,3.4601960057173,43.9405637964661,128655,5.98894348894349,63.8833399920096,3310,17.3716012084592,59.607250755287,1.99395770392749,10.2719033232628
06037272302,272302,1502,30,1421,284,1.99733688415446,2.67650830013601,19.9859254046446,10.4824658677808,-17.9885885204902,81.4613063182227,82288,7.08701134930643,39.4925373134328,3996,44.6946946946947,43.5435435435435,3.75375375375375,4.02902902902903
06037273100,273100,913,24,1113,23,2.62869660460022,3.99070070554854,2.06648697214735,2.15429113168321,0.562209632452869,92.2874808552638,167143,16.4520283322601,71.991341991342,3110,14.3729903536978,63.5691318327974,2.86173633440514,8.55305466237942
06037273200,273200,1027,83,723,54,8.08179162609542,6.40731102116156,7.46887966804979,7.52824894952514,0.612911958045631,48.1950299830295,143702,10.3151862464183,66.5237891127304,2792,23.1733524355301,55.6232091690545,6.05300859598854,6.41117478510029
06037273300,273300,1055,150,965,210,14.218009478673,6.61310867048491,21.7616580310881,7.45495157826512,-7.5436485524151,28.2748921878889,107633,14.4081244049508,66.6666666666667,3151,25.1983497302444,58.2989527134243,10.1555061885116,2.79276420184069
06037273403,273403,449,4,513,29,0.89086859688196,3.45462846337304,5.65302144249513,5.98468911885084,-4.76215284561317,235.733765965729,90425,20.7913669064748,62.2511485451761,1398,17.0243204577969,66.3805436337625,6.93848354792561,2.36051502145923
06037273404,273404,456,50,756,60,10.9649122807018,9.59658921111501,7.93650793650794,9.18651882418342,3.02840434419382,53.2041906415616,85688,13.8765117759389,76.026936026936,1571,2.22788033099936,74.6021642266073,5.15595162316996,13.4945894334819
06037273502,273502,848,14,1099,41,1.65094339622642,2.83774490935292,3.73066424021838,4.11094779664786,-2.07972084399197,104.490129532405,122969,5.09580105992662,80.7397383852052,2453,7.13412148389727,74.3579290664493,2.48675091724419,6.03342845495312
06037273600,273600,684,55,794,53,8.04093567251462,10.0979350710074,6.67506297229219,4.97811410335691,1.36587270022243,76.3413936288377,133944,5.38156153506837,66.6666666666667,2279,16.7178587099605,72.8389644580957,0,6.75734971478719
06037273700,273700,899,123,952,79,13.6818687430478,7.19487555806315,8.29831932773109,6.2874536762309,5.38354941531674,31.9677422428091,137935,4.70884255930985,70.3266787658802,2782,30.0862688713156,55.6793673616104,2.65995686556434,2.62401150251618
06037273800,273800,1140,118,896,43,10.3508771929825,6.7832623433629,4.79910714285714,4.03930649227983,5.55177005012531,39.8378191305637,98462,11.4207086343309,70.6450197455024,2907,17.7846577227382,64.0522875816994,2.68317853457172,7.73993808049536
06037273902,273902,1202,144,1545,94,11.9800332778702,7.87351242393829,6.08414239482201,5.34360032142457,5.89589088304821,39.9525579769243,157115,14.3833943833944,70.9190672153635,4105,9.76857490864799,69.8660170523752,4.72594397076736,5.87088915956151
06037274100,274100,1461,94,1125,48,6.43394934976044,5.42662918082099,4.26666666666667,6.17070831816525,2.16728268309377,51.2727493576891,153068,6.61798265632131,74.1719841993315,4386,9.64432284541724,59.5303237574099,19.9042407660739,7.50113999088007
06037274202,274202,1239,134,1339,235,10.8151735270379,7.93605766046446,17.5504107542942,10.8081505508473,-6.73523722725632,44.6072469324296,116552,9.2627158189454,68.0828179618177,4286,16.4489034064396,61.3625758282781,6.29958002799813,4.92300513299113
06037275101,275101,210,29,342,29,13.8095238095238,10.8931207605983,8.47953216374269,8.7046004264973,5.32999164578112,47.9521089974981,121250,2.4948024948025,47.7299185098952,962,15.5925155925156,49.0644490644491,12.7858627858628,17.3596673596674
06037275102,275102,865,73,1112,71,8.4393063583815,6.41773414932115,6.38489208633094,4.42750216160655,2.05441427205057,46.2284218608718,104197,25.1024310297733,54.3343011198673,3661,54.6025676044797,19.3662933624693,3.93335154329418,13.8213602840754
06037275200,275200,1163,112,1211,21,9.63026655202064,8.29829670570907,1.73410404624277,2.37421625560092,7.89616250577786,52.3823223444401,100833,5.83288117200217,51.644167532018,3686,42.322300596853,27.6451437873033,3.20130222463375,21.0526315789474
06037275311,275311,1248,49,1661,131,3.92628205128205,3.98837549989889,7.88681517158338,6.96052467221292,-3.96053312030133,61.7516608631452,100977,7.98624379059992,54.574758244483,5234,24.6847535345816,46.7711119602598,1.47115017195262,18.1696599159343
06037275312,275312,698,9,755,15,1.28939828080229,2.81431904066818,1.98675496688742,3.52779483695065,-0.697356686085125,132.684545112218,194784,4.34540389972145,78.7341772151899,1795,6.51810584958217,72.6462395543176,1.44846796657382,5.73816155988858
06037275313,275313,849,12,885,44,1.41342756183746,2.75776798899685,4.97175141242938,4.61770313660251,-3.55832385059192,118.609170347433,117341,15.2989449003517,62.5913621262459,3470,23.9769452449568,54.9279538904899,0.749279538904899,12.0172910662824
06037275400,275400,1337,27,1561,0,2.01944652206432,3.53611315786869,0,0.896860986547085,2.01944652206432,106.445644310941,169591,12.9151291512915,67.6651735722285,4336,13.09963099631,56.3883763837638,2.81365313653137,18.7038745387454
06037275500,275500,1264,93,858,28,7.35759493670886,4.45287348057171,3.26340326340326,5.32308595219086,4.0941916733056,36.7907447098908,59076,26.2351280500101,31.7191283292978,5086,64.589068029886,16.515926071569,4.67951238694455,8.00235941801022
06037275603,275603,878,16,679,28,1.82232346241458,3.84490737583479,4.12371134020619,4.93689756372606,-2.30138787779161,128.260967932483,114519,6.81406306632838,51.7495395948435,2759,28.7785429503443,38.0935121420805,2.42841609278724,26.6763320043494
06037275604,275604,2925,175,3265,85,5.98290598290598,6.53638464803702,2.60336906584992,2.50878744591182,3.37953691705606,66.4139820946879,164651,7.41922206215271,85.7505681058682,9869,11.5817205390617,53.8859053602189,6.2113689330226,18.5023811936366
06037275605,275605,980,21,1061,51,2.14285714285714,2.6991465972648,4.80678605089538,4.1606522079235,-2.66392890803824,76.5715346741788,119783,13.5302197802198,70.9432275368798,2915,14.2367066895369,40.8233276157804,17.4614065180103,21.4408233276158
06037276000,276000,1921,119,2043,235,6.19469026548673,6.04945614963426,11.5026921194322,5.77136861209312,-5.30800185394548,59.36504949272,147470,5.61424690612738,67.3390224980605,6626,17.4011469966797,55.4482342287957,1.66012677331724,20.3742831270752
06037276101,276101,1461,197,1214,0,13.4839151266256,12.7425463401196,0,1.15321252059308,13.4839151266256,57.4479200250404,113786,8.80557977332171,74.1436464088398,3441,16.3034001743679,34.3214181923859,17.7564661435629,18.5701830863121
06037276102,276102,973,29,1051,118,2.98047276464543,3.70426837941298,11.2274024738344,7.90949281766043,-8.24692970918902,75.5529427349089,88750,16.2438028579761,43.6330275229358,3429,25.5759696704579,16.8853893263342,39.8075240594926,6.76582093904929
06037276400,276400,985,47,1119,96,4.77157360406091,5.4418405372035,8.57908847184987,9.07340569403422,-3.80751486778895,69.3295341026379,220350,8.26407029209214,67.4464579901153,4233,9.80392156862745,71.5568154972833,5.57524214505079,9.28419560595322
06037276500,276500,1227,111,1182,84,9.04645476772616,4.75701202375582,7.10659898477157,5.66990597088237,1.93985578295459,31.9661203929373,160517,12.9195402298851,66.5784248841827,5464,21.0834553440703,46.7240117130308,5.71010248901903,18.1734992679356
06037276601,276601,1175,134,1181,59,11.4042553191489,6.93428342526111,4.99576629974598,4.97851235073818,6.40848901940296,36.9631312647181,176346,6.55980271270037,75.7133152173913,4055,17.5585696670777,61.3316892725031,3.7731196054254,7.422934648582
06037276605,276605,745,9,881,270,1.20805369127517,2.73605202459671,30.6469920544835,23.9408671801919,-29.4389383632084,137.680429471432,113594,4.81239804241436,60.1237842617153,2452,9.70636215334421,74.673735725938,7.58564437194127,5.66884176182708
06037276606,276606,972,51,1367,45,5.24691358024691,4.82777464722379,3.29188002926116,4.13546114747582,1.95503355098576,55.9341671983018,132339,4.65256797583082,70.9757834757835,3310,32.3867069486405,47.4320241691843,2.7190332326284,12.8700906344411
06037276607,276607,838,0,942,55,0,1.67064439140811,5.83864118895966,4.76058045494115,-5.83864118895966,,86648,25.5005666792595,54.4303797468355,2709,11.1480251015135,45.514950166113,10.594315245478,19.7120708748616
06037276608,276608,826,64,477,28,7.74818401937046,5.83481548368181,5.87002096436059,7.27688070153678,1.87816305500987,45.778472544844,92206,14.5496535796767,66.3688576898532,1819,10.3903243540407,61.6272677295217,4.67289719626168,17.262231995602
06037277000,277000,1448,77,1633,87,5.31767955801105,4.48801678459322,5.32761788120025,4.0053221199368,-0.00993832318919541,51.3057932664192,180385,6.39117492558221,70.9934735315446,5711,21.2747329714586,59.2890912274558,4.51759761863071,9.78812817369988
06037277100,277100,670,32,885,65,4.77611940298507,5.84361960051279,7.34463276836158,5.77114459800062,-2.56851336537651,74.3773771341864,193846,5.36955148452306,56.8862275449102,3179,15.9484114501416,45.4230890217049,1.1953444479396,24.3787354513998
06037277200,277200,608,32,549,36,5.26315789473684,4.26549899529854,6.55737704918033,6.7219005882257,-1.29421915444349,49.2671616478251,59621,19.5456946645536,48.0446927374302,1893,30.0052826201796,24.7754886423666,17.9080824088748,19.756999471738
06037277400,277400,0,0,0,0,,,,,,,,,,0,,,,
06037278001,278001,694,10,730,37,1.44092219020173,2.92926612478987,5.06849315068493,5.62887706951112,-3.6275709604832,123.581196997214,76406,28.6547433903577,53.2685035116154,2572,38.6080870917574,35.8864696734059,6.49300155520995,12.5583203732504
06037278102,278102,803,44,1216,71,5.47945205479452,4.92855692671633,5.83881578947368,4.85803371833993,-0.359363734679164,54.678519095789,174167,4.45663352759685,81.887858007261,2917,9.39321220431951,70.2091189578334,4.04525197120329,9.87315735344532
06037291110,291110,875,104,913,61,11.8857142857143,6.02217440928746,6.68127053669222,7.33043680806583,5.20444374902206,30.8008101948008,60085,18.5354077253219,11.3475177304965,3749,49.0530808215524,1.65377433982395,46.8925046679115,0.320085356094959
06037291120,291120,554,42,557,67,7.58122743682311,7.25884472552563,12.0287253141831,11.4662912511727,-4.44749787736002,58.2052392233492,57969,13.5452322738386,16.5850244926522,2063,66.4081434803684,2.85991274842462,24.5758603974794,5.13814832767814
06037291130,291130,877,49,909,77,5.58722919042189,4.66931994269796,8.47084708470847,5.27273801396796,-2.88361789428658,50.8032205166691,96042,9.00821596244131,30.7003891050584,3412,53.4876905041032,6.3305978898007,11.2543962485346,22.1864009378664
06037291210,291210,1421,61,1376,21,4.29275158339198,5.19595735394071,1.52616279069767,2.17436329050743,2.7665887926943,73.5807005824879,73106,15.0303537785221,27.36057426836,4785,45.141065830721,9.38349007314525,25.4545454545455,17.4294670846395
06037291220,291220,805,7,821,61,0.869565217391304,2.12619406999162,7.4299634591961,7.72336767013548,-6.5603982418048,148.639707020691,82542,10.9437751004016,29.536058796509,2988,55.2543507362785,8.93574297188755,8.29986613119143,25.2342704149933
06037291300,291300,803,46,860,43,5.72851805728518,3.7619079665431,5,3.86031626219044,0.72851805728518,39.9208682058162,92404,5.68813337692056,36.7139061116032,3065,30.2120717781403,8.67862969004894,6.39477977161501,45.0897226753671
06037292001,292001,849,82,1455,284,9.65842167255595,6.62028151539122,19.5189003436426,15.7412711410571,-9.86047867108667,41.6681667029961,54319,32.7067669172932,18.7042842215256,4522,53.0959752321981,4.48916408668731,17.5143741707209,23.2419283502875
06037292002,292002,441,23,486,61,5.21541950113379,6.80732010722061,12.5514403292181,13.0664833359379,-7.33602082808432,79.345266744662,118152,7.07446808510638,36.5891472868217,1882,46.0148777895856,20.7757704569607,6.85441020191286,20.3506907545165
06037293203,293203,778,174,876,28,22.3650385604113,15.7901260828025,3.19634703196347,3.26086543870768,19.1686915284478,42.919044448242,54345,16.4493480441324,30.732635585157,2996,51.8024032042724,13.351134846462,5.74098798397864,27.369826435247
06037293204,293204,974,111,928,21,11.3963039014374,8.52481143138497,2.26293103448276,2.88661647764316,9.13337286695461,45.4731308862179,120338,11.4893617021277,34.8525469168901,4230,61.6075650118203,8.95981087470449,8.32151300236407,20.7801418439716
06037293205,293205,1089,52,865,57,4.77502295684114,5.91017039358782,6.58959537572254,8.80022079520479,-1.8145724188814,75.2417063200506,61198,11.7496443812233,24.4375827084252,3515,65.2631578947368,10.6401137980085,6.31578947368421,16.728307254623
06037293206,293206,486,30,768,89,6.17283950617284,4.88661071020571,11.5885416666667,9.18910581675368,-5.41570216049383,48.1234610974665,62788,25.5180820804551,25.5965292841649,2463,49.9796995533902,10.231425091352,17.2959805115713,17.9861956963053
06037293301,293301,604,48,728,49,7.94701986754967,6.37174815327651,6.73076923076923,6.85222696027129,1.21625063678044,48.740322753027,120833,4.27745664739884,57.1284634760705,2598,21.824480369515,18.2832948421863,4.15704387990762,50.7698229407236
06037293302,293302,1345,97,1275,80,7.21189591078067,5.73914526219245,6.27450980392157,4.23193428675543,0.9373861068591,48.3762126885523,104071,13.5068153655514,39.3056781406296,4864,50.2878289473684,9.06661184210526,8.28536184210526,25.8018092105263
06037293304,293304,1296,131,1360,87,10.108024691358,8.08755294334489,6.39705882352941,5.21072498008447,3.71096586782861,48.6390339199285,61567,11.6891597736178,23.2102728731942,4594,63.3217239878102,16.0644318676535,5.89899869394863,11.7544623421855
06037293306,293306,693,34,654,120,4.90620490620491,3.9531576437792,18.348623853211,13.77122840263,-13.4424189470061,48.981552782746,112361,3.7344398340249,37.4506486181613,2420,35.2892561983471,31.1157024793388,6.11570247933884,23.9256198347107
06037293307,293307,752,20,917,77,2.65957446808511,4.5676370028956,8.3969465648855,5.59221407454919,-5.73737209680039,104.403131494757,70888,15.13353115727,20.7899067471201,3033,69.6999670293439,9.99010880316518,7.3854269699967,11.7705242334322
06037294110,294110,869,114,989,50,13.1185270425777,8.51174549615982,5.05561172901921,5.22503342198276,8.06291531355846,39.4427922794373,89438,15.5052712779635,16.4761529365392,3889,84.8547184366161,8.97402931344819,0.899974286448959,5.09128310619697
06037294120,294120,457,34,680,41,7.4398249452954,8.62428898845114,6.02941176470588,6.06230428552093,1.41041318058952,70.4684439070654,58897,17.2715894868586,3.71929824561404,2403,89.5963379109447,0.416146483562214,4.8689138576779,4.24469413233458
06037294200,294200,988,59,1405,120,5.97165991902834,4.687888867852,8.54092526690391,11.3667457999554,-2.56926534787557,47.7217474775929,88958,15.6076346943706,7.79532967032967,4139,87.267455907224,6.81323991302247,0,5.53273737617782
06037294301,294301,620,59,658,0,9.51612903225806,6.88711957154123,0,2.12765957446809,9.51612903225806,43.9958181892284,101906,4.12098298676749,8.81272949816401,2685,84.8417132216015,5.69832402234637,0.111731843575419,8.08193668528864
06037294302,294302,879,19,1226,47,2.16154721274175,2.7575839744075,3.83360522022839,5.54206138000576,-1.67205800748663,77.5529135659636,66210,19.5490417136415,10.3570166136444,4435,86.8094701240135,2.25479143179256,2.9086809470124,7.30552423900789
06037294410,294410,1075,93,1351,216,8.65116279069767,5.11146981469831,15.9881569207994,18.0789490202148,-7.33699413010174,35.9174432186207,78810,14.3141548875174,28.7897310513447,5023,47.1431415488752,10.8500895878957,22.2177981286084,15.4290264782003
06037294421,294421,521,32,785,40,6.14203454894434,7.77923626202195,5.09554140127389,5.0429103931702,1.04649314767045,76.9943406632492,65764,12.448132780083,19.7444831591173,2410,58.6721991701245,10.7053941908714,6.80497925311203,16.1825726141079
06037294510,294510,565,14,1168,15,2.47787610619469,4.4143517055774,1.28424657534247,2.36209372184927,1.19362953085222,108.298250701313,65947,19.4424923869759,8.10593900481541,4269,86.7416256734598,5.01288357929257,1.3117826188803,6.9337081283673
06037294520,294520,567,78,992,91,13.7566137566138,8.52756399471544,9.17338709677419,6.50233253371139,4.58322665983956,37.6831796820486,58173,23.0747208703121,4.75737392959087,3493,95.0186086458632,1.74634984254223,1.71772115659891,1.05926137990266
06037294610,294610,613,92,1287,273,15.0081566068516,18.2761854502194,21.2121212121212,13.1564622760524,-6.20396460526966,74.0273667304379,65735,22.4721706864564,9.01230462254739,4312,87.4768089053803,3.08441558441558,0,4.10482374768089
06037294620,294620,706,0,1205,82,0,1.98300283286119,6.80497925311203,4.89109446928972,-6.80497925311203,,75938,8.29396325459318,8.33970925784239,3810,92.1259842519685,1.28608923884514,4.40944881889764,0.813648293963255
06037294701,294701,573,64,695,78,11.1692844677138,9.47945317776325,11.2230215827338,7.54158370294425,-0.0537371150200254,51.5931484693992,36525,37.395379979913,9.43293347873501,2987,88.5169065952461,4.31871442919317,5.22263140274523,1.43957147639772
06037294810,294810,769,24,841,47,3.12093628088427,4.65563366025201,5.58858501783591,4.87991343189102,-2.46764873695164,90.6834418625581,45819,26.1710794297352,4.90111779879622,3991,95.9408669506389,1.22776246554748,0.876973189676773,0.175394637935355
06037294820,294820,547,13,862,54,2.37659963436929,3.90074324460364,6.26450116009281,4.96849251737844,-3.88790152572352,99.775850119158,33710,46.8740469655383,4.38642297650131,3279,96.4318389752974,0.6709362610552,0.213479719426655,2.6837450442208
06037294830,294830,575,4,941,64,0.695652173913044,2.9864055409895,6.80127523910733,6.13896197057207,-6.10562306519429,260.970089068232,63750,15.0195421552205,7.83388390750354,3706,90.5288720992984,4.47922288181328,2.21262817053427,0.971397733405289
06037294900,294900,644,25,996,106,3.88198757763975,4.98727725713574,10.6425702811245,5.99294410566387,-6.76058270348475,78.0986396011043,31667,33.0998702983139,10.5425672695192,3902,86.3147104049206,2.33213736545361,11.3531522296258,0
06037295103,295103,1035,49,1444,92,4.73429951690821,4.6528252203505,6.37119113573407,5.87317790609932,-1.63689161882586,59.7441114454782,120047,3.65529916275271,54.1721854304636,4897,26.5877067592404,50.8474576271187,3.67571982846641,11.6193587910966
06037296210,296210,611,38,1044,42,6.21931260229133,5.95318239836756,4.02298850574713,4.45135471285223,2.1963240965442,58.1890008862995,57386,16.8505815687444,8.75979714153988,3355,79.1356184798808,7.54098360655738,4.82861400894188,1.75856929955291
06037296220,296220,975,93,923,61,9.53846153846154,7.69032531741421,6.60888407367281,6.69730865540546,2.92957746478873,49.0117801384374,46288,26.2295081967213,20.8445945945946,3924,59.5310907237513,9.88786952089704,17.3547400611621,11.2385321100917
06037296300,296300,1037,166,1269,0,16.0077145612343,13.6972654014296,0,1.49724192277384,16.0077145612343,52.0162017844601,83145,10.0176090784582,42.5149700598802,5111,44.7466249266288,29.1723733124633,3.30659362160047,16.4547055370769
06037296401,296401,710,38,744,14,5.35211267605634,4.63202277512526,1.88172043010753,3.71304422235654,3.47039224594881,52.6113609076778,116680,11.2759643916914,44.1684210526316,3120,33.4615384615385,50.9935897435897,8.84615384615385,4.48717948717949
06037296402,296402,705,58,971,55,8.22695035460993,7.87267954355657,5.66426364572606,8.07201654030171,2.56268670888387,58.1725089425362,142163,1.59325210871603,34.3349536014141,3247,44.4102248229135,38.4046812442254,1.04712041884817,10.7483831228827
06037296500,296500,820,21,1102,53,2.5609756097561,4.43650920010278,4.80943738656987,4.43664685604413,-2.24846177681378,105.310104040651,96302,11.7458622530699,18.1461115475255,3756,82.1352502662407,12.1139510117146,3.06176783812567,0.133120340788072
06037296600,296600,1312,40,1376,202,3.04878048780488,3.01228222897447,14.6802325581395,9.00560947506619,-11.6314520703347,60.0625271187615,41563,28.3154121863799,20.0105876124934,5319,64.3730024440684,16.1308516638466,6.37337845459673,5.86576424139876
06037296901,296901,1394,171,1333,140,12.2668579626973,6.4184502310865,10.5026256564141,6.91223086360602,1.76423230628317,31.8076027733681,73415,16.8418794250161,29.3668469615018,4661,71.9373524994636,17.3782450118,3.79746835443038,1.48036901952371
06037296902,296902,970,187,1326,161,19.2783505154639,10.6499716296122,12.1417797888386,7.117127006979,7.13657072662531,33.5824731587335,57260,22.3873664653971,15.6828501571778,4306,63.3999071063632,24.1058987459359,1.74175568973525,5.9684161634928
06037297001,297001,341,9,458,0,2.63929618768328,6.40504850848414,0,3.05676855895197,2.63929618768328,147.52593997927,184219,5.97897503285151,52.6600541027953,1522,23.3902759526938,62.9434954007884,0,4.73061760840999
06037297002,297002,1236,74,1237,20,5.98705501618123,8.48853395393051,1.61681487469685,2.32811188746059,4.37024014148438,86.1893367868077,108267,7.49941410827279,50.7000976880495,4267,35.5987813452074,47.9025076165925,0.234356690883525,5.76517459573471
06037297110,297110,794,22,1448,150,2.77078085642317,3.20332486118703,10.3591160220994,8.57805404149597,-7.58833516567627,70.2801862332827,54152,24.704872290191,13.0606488011284,4693,63.2857447261879,20.2216066481994,5.51885787342851,2.36522480289793
06037297120,297120,1021,46,952,59,4.50538687561215,4.39693317549617,6.19747899159664,6.91690426195779,-1.69209211598449,59.3269297235575,94310,22.5916453537937,28.1804163454125,3519,68.7127024722933,19.0679170218812,5.99602159704462,1.81869849389031
06037297201,297201,913,40,1006,35,4.38116100766703,3.80398631153394,3.47912524850895,5.30162690089337,0.902035759158086,52.7817553560864,67593,14.3916506454271,27.8842393429801,3768,57.5106157112527,26.6454352441614,5.62632696390658,6.74097664543524
06037297202,297202,921,0,1128,74,0,1.52008686210641,6.56028368794326,4.79855189302958,-6.56028368794326,,97049,11.510281257386,29.6368352788586,4238,48.112317130722,41.8829636621048,4.43605474280321,3.53940537989618
06037297300,297300,472,48,279,10,10.1694915254237,7.28429776664994,3.584229390681,6.21230205661497,6.58526213474273,43.5434213001364,114063,3.97865114022319,54.5772187281621,2081,29.216722729457,60.2114368092263,3.45987506006728,3.02739067755887
06037297400,297400,827,8,915,80,0.967351874244256,2.29663321905822,8.74316939890711,6.93259835929474,-7.77581752466285,144.324899100391,136000,10.5006765899865,53.3109551418981,3695,21.786197564276,58.6197564276049,1.19079837618403,8.93098782138024
06037297501,297501,754,0,866,32,0,1.85676392572944,3.69515011547344,4.4199439577908,-3.69515011547344,,168942,5.85836114200964,41.4009878760665,2697,37.9681127178346,45.9028550241009,1.4460511679644,7.52688172043011
06037297502,297502,648,0,946,119,0,2.16049382716049,12.5792811839323,12.8522744908241,-12.5792811839323,,96250,7.25474031327288,29.5217152281473,2426,31.3272877164056,49.3404781533388,2.76174773289365,7.74938169826876
06037297601,297601,665,44,818,29,6.61654135338346,6.350545002566,3.54523227383863,4.28595359966085,3.07130907954483,58.3463999268637,90556,3.11438278595697,43.5237679895334,3579,42.8611343950824,41.9670298966192,4.80581167924001,3.43671416596815
06037297602,297602,765,44,1221,19,5.75163398692811,4.84911983846608,1.55610155610156,2.63054993220959,4.19553243082655,51.2514047585873,94275,11.5974985787379,35.8858336233902,3540,45.0282485875706,38.6158192090396,3.33333333333333,6.41242937853107
06037300100,300100,1578,120,1700,201,7.60456273764259,6.06785381511446,11.8235294117647,7.01834414240732,-4.21896667412212,48.5059438715837,183162,5.12694512694513,61.2428078250863,6148,10.3936239427456,54.6356538711776,0,27.8139232270657
06037300200,300200,1445,103,1540,194,7.1280276816609,6.5359998713603,12.5974025974026,6.57569508005345,-5.4693749157417,55.7412566123624,121442,2.77338950324732,52.994237033325,5697,24.1881692118659,42.3731788660699,1.2287168685273,27.8743198174478
06037300301,300301,1490,12,1665,0,0.805369127516778,1.8440738606441,0,1.14114114114114,0.805369127516778,139.193011771008,135223,2.95908014879946,70.3907935746823,5914,6.12106865065945,64.9475820087927,1.52181264795401,21.6435576597903
06037300400,300400,1370,146,1428,191,10.6569343065693,7.30115346481429,13.375350140056,11.246174149578,-2.71841583348668,41.6479170870449,136359,0.622027076472741,60.028818443804,5486,17.0069267225665,37.185563251914,0.4739336492891,30.258840685381
06037300501,300501,891,66,772,10,7.40740740740741,6.44463063119705,1.29533678756477,2.73320301571094,6.11207061984264,52.8890659703101,109303,6.32453921214312,57.1863890299645,2774,18.817591925018,40.4109589041096,0,38.0677721701514
06037300503,300503,1515,15,1351,163,0.99009900990099,2.16348897590939,12.0651369356033,13.5299381234292,-11.0750379257023,132.834277548236,75682,6.90842787682334,55.3233549844677,5041,20.4522912120611,47.0343185875818,0.0198373338623289,17.0402697877405
06037300601,300601,1521,51,1606,129,3.35305719921105,3.40827255211133,8.03237858032379,4.68274166461611,-4.67932138111274,61.7913171435882,111631,12.6349892008639,50.6355382619974,5617,13.8686131386861,51.4687555634681,1.67349118746662,29.9804165924871
06037300602,300602,708,116,802,44,16.3841807909605,11.8773138166088,5.48628428927681,4.71435267908038,10.8978965016836,44.068431936689,116471,7.28044400914136,58.1092801387684,3177,17.5322631413283,71.3881019830028,0.28328611898017,8.15234497954045
06037300701,300701,1394,123,1520,50,8.82352941176471,8.91757837352019,3.28947368421053,4.08010422258008,5.53405572755418,61.4382299290145,154440,7.76036866359447,64.9359886201992,5444,7.43938280675974,63.9235855988244,0,5.9147685525349
06037300702,300702,990,85,1442,92,8.58585858585859,8.53943491917865,6.38002773925104,4.67277358154536,2.20583084660755,60.4615810476443,155368,1.13675508095074,61.144883485309,5806,6.94109541853255,82.070272132277,0,8.30175680330692
06037300800,300800,1824,220,2209,357,12.0614035087719,6.22649904943975,16.1611588954278,16.6225642465219,-4.09975538665587,31.3819681298096,116205,5.046932390151,61.890126776796,7387,15.7167997834033,61.7571409232435,0.85284960064979,10.5320157032625
06037300901,300901,1345,89,1673,94,6.61710037174721,5.6448064641706,5.61864913329349,4.16172693443021,0.998451238453727,51.8579604133018,166172,2.59218692953633,66.7221297836939,5478,6.84556407447974,65.2610441767068,4.12559328221979,17.4151150054765
06037300902,300902,496,24,633,67,4.83870967741936,5.40785559340966,10.5845181674566,5.47925058082932,-5.7458084900372,67.9406376476999,186250,3.60799609946368,73.3333333333333,2051,9.21501706484642,67.771818625061,0.68259385665529,18.6250609458801
06037301000,301000,1491,36,1656,89,2.41448692152918,2.65320111489936,5.3743961352657,4.39503306863906,-2.95990921373653,66.8004536020762,116094,2.3191094619666,47.7739726027397,5390,15.2133580705009,65.0092764378479,0.705009276437848,12.3933209647495
06037301100,301100,1887,145,1739,0,7.68415474297827,6.15609078943456,0,1.09258194364577,7.68415474297827,48.7015755986291,87395,6.41695702671312,47.7887914601601,6912,6.640625,80.2228009259259,0.202546296296296,8.68055555555556
06037301203,301203,913,47,889,63,5.14786418400876,3.4670171171778,7.08661417322835,4.80525825714432,-1.93874998921958,40.9414295800729,80852,16.4733790195045,52.4027459954233,3794,7.27464417501318,76.594623089088,0.975224037954665,9.59409594095941
06037301204,301204,1555,81,1235,10,5.20900321543408,3.99489936927291,0.809716599190283,1.96717324266058,4.3992866162438,46.6214005720243,75298,10.9811165845649,48.0633802816902,4967,18.1598550432857,63.6400241594524,0.986510972417958,15.401650895913
06037301205,301205,572,76,512,41,13.2867132867133,11.4412511961228,8.0078125,5.9756875181666,5.27890078671329,52.3467899870598,108125,6.03528319405757,48.178391959799,2154,4.31754874651811,82.8226555246054,0,7.33519034354689
06037301206,301206,1440,87,1357,235,6.04166666666667,4.61843867478361,17.3176123802506,14.8808084865309,-11.2759457135839,46.4699835215624,81200,10.2240896358543,44.8932338564446,4998,12.6050420168067,69.1476590636255,1.76070428171269,13.8855542216887
06037301300,301300,468,17,522,9,3.63247863247863,5.36888626773243,1.72413793103448,3.51302143383912,1.90834070144415,89.8494108098972,201357,3.29936923823387,74.5323741007194,2061,7.27802037845706,83.9398350315381,0.485201358563804,5.14313440077632
06037301400,301400,1022,16,1075,80,1.56555772994129,2.12360814788506,7.44186046511628,5.30096797222309,-5.87630273517499,82.459252550856,150116,2.419964708848,50.2909090909091,3967,9.45298714393748,77.2372069573985,0,5.87345601209982
06037301501,301501,466,54,461,11,11.587982832618,11.5828568511475,2.38611713665944,4.63871616924112,9.20186569595859,60.7633827832348,163646,5.36556603773585,43.2350718065004,1696,17.6297169811321,70.5188679245283,0,7.1933962264151
06037301502,301502,1809,196,1985,287,10.8347153123273,8.12788129753663,14.4584382871537,10.2718047811188,-3.6237229748264,45.6030558502691,80459,17.2846092291278,32.1850794944965,7498,9.6825820218725,81.6084289143772,0.440117364630568,3.81435049346492
06037301601,301601,1039,170,1777,187,16.3618864292589,12.9208220364876,10.5233539673607,7.95896293877586,5.83853246189818,48.0054857711804,54469,20.4245973645681,33.1464781866927,5513,20.2249229094867,72.6646109196445,0.725557772537638,5.53237801559949
06037301602,301602,1013,168,1207,78,16.5844027640671,11.0229490771542,6.46230323115162,4.82983721563831,10.1220995329155,40.4047163669026,76625,12.4857468643101,35.234375,3597,45.3433416736169,35.3350013900473,2.00166805671393,6.8946344175702
06037301701,301701,735,37,660,88,5.03401360544218,5.33621145539039,13.3333333333333,9.14962519784804,-8.29931972789116,64.4395862928109,90938,22.760917838638,40.2106270943035,2702,15.4700222057735,57.5129533678757,1.51739452257587,22.7239082161362
06037301702,301702,1618,154,1867,237,9.51792336217552,5.93595056711317,12.6941617568291,8.12296316585006,-3.17623839465361,37.9124778651921,84067,18.5588752196837,38.3228133453562,5795,27.2131147540984,54.4779982743745,2.2260569456428,14.1846419327006
06037301801,301801,1706,123,1650,112,7.20984759671747,5.38525097199139,6.78787878787879,4.72199776502391,0.421968808838679,45.4060748670142,81586,19.9029911075182,56.3230605738576,6185,10.9943411479386,65.9983831851253,0.937752627324171,17.6394502829426
06037301802,301802,1433,150,1837,115,10.4675505931612,7.89451541560323,6.26020685900925,4.07738920810913,4.20734373415195,45.8473782798761,90089,19.6801112656467,51.1789181692094,5752,21.7489568845619,52.4687065368568,6.43254520166899,13.8386648122392
06037301901,301901,1103,35,1133,69,3.17316409791478,3.84153193055728,6.09002647837599,4.10381147683091,-2.91686238046122,73.594610845066,72500,9.10705225773719,53.1111111111111,3949,15.4216257280324,74.4492276525703,1.29146619397316,6.93846543428716
06037301902,301902,785,178,797,109,22.6751592356688,23.0143452407596,13.6762860727729,17.0207350415252,8.99887316289589,61.6996038864667,101343,15.3045607591062,45.9702660406886,3358,9.58904109589041,71.2030970815962,0.26801667659321,14.8004764740917
06037302002,302002,1022,106,1172,225,10.3718199608611,9.27922170663694,19.19795221843,13.505855468416,-8.82613225756898,54.3864459722599,58846,27.4070166183065,42.6508344030809,3829,35.6751109950379,49.4384956907809,0.496213110472708,12.0919300078349
06037302003,302003,807,62,859,8,7.68277571251549,5.53276553092862,0.931315483119907,2.29458466360202,6.75146022939558,43.7782310369585,61522,19.4752502028672,35.3396691305878,3715,10.8479138627187,74.1049798115747,0,9.2328398384926
06037302004,302004,991,123,1079,148,12.4117053481332,7.33445183511245,13.7164040778499,6.62787163146804,-1.30469872971666,35.9228100358141,52679,18.5950413223141,32.8416912487709,3872,23.8894628099174,63.4297520661157,1.44628099173554,10.2789256198347
06037302102,302102,1428,78,1670,90,5.46218487394958,4.97425531711774,5.38922155688623,4.4842808623437,0.0729633170633521,55.3599609761058,93627,6.5760027543467,60.2558245774326,5819,26.2588073552157,56.4873689637395,2.52620725210517,12.5622959271352
06037302103,302103,1005,72,1375,140,7.16417910447761,7.66274899899988,10.1818181818182,8.3521789988986,-3.01763907734057,65.0207931779371,68731,16.2267839687195,39.2182930071789,5115,26.8817204301075,64.672531769306,0.0195503421309873,6.21700879765396
06037302104,302104,1006,56,990,70,5.56660039761431,5.02060539232542,7.07070707070707,4.82263770950708,-1.50410667309276,54.8277141194026,82212,10.504573620537,37.7760557923286,3510,26.5242165242165,45.4700854700855,3.81766381766382,21.6809116809117
06037302201,302201,726,81,907,92,11.1570247933884,6.30157332976773,10.1433296582139,7.17744060014847,1.01369513517454,34.3348135945917,35972,21.1771665187814,38.1998582565556,3381,15.527950310559,65.6906240757173,0.798580301685892,9.16888494528246
06037302202,302202,1247,160,1254,173,12.8307939053729,6.7717941308041,13.7958532695375,7.98607146790731,-0.965059364164585,32.0836902777839,52348,28.831378892034,34.5122962144239,4946,22.9276182773959,65.3659522846745,1.92074403558431,8.14799838253134
06037302301,302301,826,56,957,90,6.77966101694915,6.71577077757011,9.40438871473354,6.17514784094248,-2.62472769778439,60.2173975496408,87198,22.4402730375427,42.0502092050209,3654,20.2791461412151,53.1746031746032,4.89874110563766,13.6836343732895
06037302302,302302,1326,114,1175,92,8.5972850678733,8.45684009336435,7.82978723404255,10.4145945367352,0.76749783383075,59.7972055873787,61308,20.2414486921529,31.8940397350993,5134,43.0853135956369,41.7608102843787,1.8504090377873,13.3034670821971
06037302401,302401,2112,199,1652,40,9.42234848484848,8.20804266360133,2.42130750605327,2.8441142573307,7.00104097879522,52.9559227918499,73496,14.390977443609,44.9630959505286,6728,27.1105826397146,49.6730083234245,1.01070154577883,20.3478002378121
06037302503,302503,1071,120,1060,129,11.2044817927171,11.1685788535858,12.1698113207547,7.44007835920667,-0.96532952803763,60.5954810141356,62364,19.0343074968234,32.1236983275481,3935,26.4040660736976,56.1372299872935,0.330368487928844,12.7064803049555
06037302504,302504,764,89,835,29,11.6492146596859,8.73289575176208,3.47305389221557,4.3450045667537,8.1761607674703,45.571752019031,41201,32.7465857359636,27.1186440677966,3295,39.9696509863429,47.587253414264,0.819423368740516,8.46737481031867
06037302505,302505,1047,63,1121,19,6.01719197707736,4.62175993172453,1.69491525423729,2.19425776332183,4.32227672284008,46.6925522122409,64828,14.1071428571429,23.8143631436314,3962,26.6279656739021,52.3220595658758,2.92781423523473,17.3397274103988
06037302506,302506,649,62,929,34,9.55315870570108,7.87334584131479,3.65984930032293,3.87465272004025,5.89330940537815,50.1010045201814,85882,17.9561573178594,41.8929712460064,3205,23.3385335413417,65.1482059282371,1.43525741029641,5.61622464898596
06037310100,310100,1451,173,1380,98,11.9228118538939,7.50228005160274,7.10144927536232,8.59179747613709,4.82136257853155,38.2515183684157,171991,6.55710212980044,55.8816785141023,5968,10.0368632707775,71.2969168900804,5.09383378016086,9.29959785522788
06037310201,310201,1622,153,1232,53,9.4327990135635,5.50132319880109,4.30194805194805,4.84890404214464,5.13085096161545,35.4536274647094,133608,4.74027256567253,46.6628636622932,5063,15.0701165317006,62.8481137665416,1.63934426229508,9.10527355322931
06037310202,310202,1081,136,1207,86,12.5809435707678,8.88638770014759,7.12510356255178,4.69636372312067,5.45584000821603,42.938427962898,101917,15.6917164816396,44.5370646025603,4684,14.069171648164,64.2399658411614,2.56191289496157,10.0128095644748
06037310300,310300,651,50,828,89,7.68049155145929,8.12782271685,10.7487922705314,7.46008938022712,-3.06830071907211,64.3308521418766,139625,2.04286671131949,61.8769645262685,2986,7.06630944407234,67.8499665103818,0,15.8405894172806
06037310400,310400,814,28,877,7,3.43980343980344,3.13220297048921,0.798175598631699,1.9945038343213,2.64162784117174,55.3541732083851,110313,14.6300914380715,46.8810538550949,3609,17.8442781934054,55.6109725685786,3.62981435300637,7.89692435577722
06037310501,310501,1000,123,1049,19,12.3,6.8854198731813,1.81124880838894,3.46965065297675,10.4887511916111,34.0298014341627,77753,13.5399218313791,34.119278779473,3582,55.4718034617532,29.8436627582356,5.77889447236181,5.27638190954774
06037310601,310601,1484,150,1991,103,10.1078167115903,7.43223201542664,5.17327975891512,3.86744180259409,4.93453695267518,44.6988138232751,67500,17.5730902232003,45.3121553055372,6426,24.6809835045129,47.1988795518207,12.2782446311858,12.3716153127918
06037310602,310602,862,127,726,84,14.7331786542923,7.20648150949888,11.5702479338843,7.70178891227146,3.16293072040805,29.7345191163298,113917,5.3187476423991,52.096694622595,2651,12.8630705394191,68.8042248208223,0.4149377593361,12.1840814786873
06037310701,310701,535,58,546,22,10.8411214953271,8.44687990914931,4.02930402930403,4.41865378554342,6.81181746602307,47.364854327585,29815,28.5961123110151,30.6451612903226,2315,23.1965442764579,64.7516198704104,5.35637149028078,4.01727861771058
06037310703,310703,1371,124,1192,98,9.04449307075128,7.07743645580085,8.22147651006712,7.3535112850334,0.823016560684161,47.5691998279388,67075,15.4026125950478,40.5434203516249,5129,21.6026515890037,68.0639500877364,0,8.81263404172353
06037310704,310704,1031,96,1251,198,9.31134820562561,8.10711903483655,15.8273381294964,11.978142042949,-6.5159899238708,52.928316393848,63625,17.9583702391497,45.3085376162299,4516,19.2869796279894,59.3445527015058,3.36581045172719,10.8060230292294
06037310705,310705,546,25,605,49,4.57875457875458,5.73393188136464,8.09917355371901,6.3468604347064,-3.52041897496443,76.1270956164156,42639,15.973377703827,52.2292993630573,2404,3.61896838602329,49.2928452579035,6.2396006655574,34.567387687188
06037310800,310800,1399,87,1579,74,6.21872766261615,6.05400136237651,4.68651044965168,3.83883990638978,1.53221721296448,59.1800154139311,85185,17.5543164776005,44.9385749385749,5205,20.6340057636888,57.3294908741595,2.72814601344861,13.8328530259366
06037310900,310900,1859,173,1904,146,9.30607853684777,6.19739714133875,7.66806722689076,4.73027314761282,1.63801130995701,40.4833750399661,117292,5.12362228179923,37.7026763039656,6720,33.2142857142857,42.7529761904762,0.0595238095238095,18.4375
06037311000,311000,1036,125,1041,46,12.0656370656371,7.03892221100456,4.41882804995197,3.71186317485622,7.6468090156851,35.4641867992741,121000,9.72334139135106,38.2092851879145,3768,34.1295116772824,41.9585987261147,2.20276008492569,15.8174097664544
06037311100,311100,1061,48,993,49,4.52403393025448,3.61042919206708,4.93454179254784,3.97576281367463,-0.410507862293358,48.5139991487231,99806,9.03522205206738,45.5609084652443,3923,30.5633443793016,49.1715523833801,0.994137139943921,17.2317104256946
06037311200,311200,1060,39,849,53,3.67924528301887,3.02257491467952,6.24263839811543,5.04617271634857,-2.56339311509656,49.940447503083,96848,4.05666452028332,32.7287716405606,3118,35.5355997434253,54.3296985246953,0.898011545862733,4.554201411161
06037311300,311300,1164,32,1351,21,2.74914089347079,2.54851945710505,1.55440414507772,2.02656759188057,1.19473674839307,56.3540396669885,119477,5.21716101694915,52.618883528601,3776,26.4830508474576,56.8591101694915,0.979872881355932,7.94491525423729
06037311400,311400,696,65,685,28,9.33908045977011,9.86881536822874,4.08759124087591,4.11759221823684,5.2514892188942,64.2384427990386,133542,3.40531561461794,49.3714285714286,2408,16.3621262458472,66.4036544850498,8.88704318936877,6.8936877076412
06037311500,311500,1838,72,1952,263,3.91730141458107,3.30925235210124,13.4733606557377,10.7874571415765,-9.55605924115664,51.3543213708382,137589,7.15233986060405,56.7250115154307,6026,11.8486558247594,53.0202456023897,6.43876535014935,12.1805509459011
06037311601,311601,648,30,594,58,4.62962962962963,4.88790617348089,9.76430976430976,7.70406773695144,-5.13468013468014,64.1816251350682,108563,9.07568653717348,47.7014602487831,2996,37.3497997329773,34.2790387182911,5.54072096128171,14.3190921228304
06037311602,311602,1354,48,1548,213,3.54505169867061,3.74303395310104,13.7596899224806,6.9595647147277,-10.21463822381,64.1852580103698,94646,9.80944131658727,56.6947429567238,4618,19.9220441749675,53.6812472932005,6.43135556517973,14.5950627977479
06037311700,311700,1852,193,1638,95,10.4211663066955,5.85568424300816,5.7997557997558,4.56866288739826,4.62141050693967,34.1582349340949,112917,8.62162651693534,56.7299396031061,5763,33.4374457747701,49.540170050321,1.56168662155128,9.07513447857019
06037311801,311801,912,58,776,47,6.35964912280702,4.8519112155759,6.05670103092784,5.27505573591387,0.302948091879182,46.378189168905,75772,17.9651369619353,41.8198962753418,2811,37.9224475275703,48.6303806474564,8.8224831020989,2.63251511917467
06037311802,311802,1215,45,1453,26,3.7037037037037,3.40863185877827,1.78940123881624,2.12074899168544,1.91430246488746,55.9471490498561,98626,7.22862043616761,49.2323097463284,4081,38.8385199705954,39.6961529037001,7.89022298456261,8.18426856162705
06037320101,320101,1040,47,1006,114,4.51923076923077,4.07313980989165,11.3320079522863,6.25858297664212,-6.81277718305551,54.7896967249217,115195,7.18347800059862,20.5496308449549,3385,89.7193500738552,5.96750369276219,1.80206794682422,2.51107828655835
06037320102,320102,933,87,1225,106,9.32475884244373,10.8300393007681,8.6530612244898,4.70742899465099,0.671697617953933,70.6035472704931,116917,10.7006020799124,22.6550079491256,3715,94.185733512786,4.41453566621804,0.107671601615074,0.942126514131898
06037320201,320201,823,74,1181,68,8.99149453219927,7.72762176615275,5.75783234546994,5.7395716467619,3.23366218672933,52.2454014092148,72443,12.4397055090124,8.79646669120353,3939,97.0804772784971,1.54861640010155,0.304645849200305,0.253871541000254
06037320202,320202,1151,78,2034,33,6.77671589921807,6.27644465110895,1.62241887905605,1.6472426822776,5.15429702016202,56.3026092543559,98182,7.1342409098742,11.8383060635226,5863,91.1478765137302,7.58997100460515,0.136448916936722,0.73341292853488
06037320300,320300,1571,78,2018,191,4.96499045194144,3.41700531668887,9.46481665014866,5.64718585486188,-4.49982619820722,41.8370770206391,70792,11.6376098942035,13.8858276394093,6730,91.2630014858841,2.57057949479941,1.67904903417533,4.08618127786033
06037400205,400205,516,8,665,71,1.55038759689923,3.95561557499239,10.6766917293233,9.51624788940226,-9.12630413242408,155.098604612164,208906,1.55136268343816,79.367816091954,2482,14.867042707494,50.6043513295729,12.9331184528606,15.4311039484287
06037400206,400206,1344,148,1462,69,11.0119047619048,8.83517765428044,4.71956224350205,3.93740658027453,6.29234251840271,48.7738386895298,200833,1.42472083172892,64.4736842105263,5199,21.465666474322,52.5485670321216,2.61588767070591,15.887670705905
06037400207,400207,818,32,1007,43,3.9119804400978,4.22151791355795,4.27010923535253,3.25450948355874,-0.358128795254733,65.6003353588602,149052,2.02129971745273,48.2148815482149,4618,30.4027717626678,48.7873538328281,2.53356431355565,9.72282373321784
06037400208,400208,331,6,279,5,1.81268882175227,5.1650096988217,1.7921146953405,5.7546277525449,0.020574126411764,173.21359780243,147222,0,47.8952291861553,1382,21.0564399421129,66.7872648335745,0,4.55861070911722
06037400209,400209,981,9,1517,32,0.91743119266055,2.07809098250354,2.1094264996704,2.72215933781533,-1.19199530700985,137.697214038228,142917,5.35295372147579,64.2548284808302,4696,18.8884156729131,49.9361158432709,7.66609880749574,19.7402044293015
06037400304,400304,2377,34,2307,41,1.43037442153976,1.62134841408049,1.77719982661465,1.95630653070457,-0.346825405074895,68.9065828762619,84457,13.9067332857483,45.1378318958228,8516,42.8722404884923,27.9708783466416,2.3015500234852,18.7999060591827
06037400402,400402,1308,238,1357,159,18.1957186544343,14.7201667062643,11.7170228445099,6.78592182257747,6.4786958099243,49.1787644039583,154707,3.02960222016651,48.6430779800756,4324,28.7002775208141,45.7215541165587,2.70582793709528,18.1313598519889
06037400403,400403,979,2,1051,17,0.204290091930541,2.49329683449606,1.61750713606089,2.59447398559863,-1.41321704413035,741.926322483781,128750,10.4345749761223,39.4588896697119,4222,43.8180956892468,34.6755092373283,5.18711511132165,9.18995736617717
06037400404,400404,981,124,1225,52,12.6401630988787,10.5213882103744,4.24489795918367,4.26454363808976,8.39526513969502,50.6004600175375,185088,1.7428167687235,51.8060527172145,4246,20.2543570419218,51.9783325482807,2.28450306170513,18.0640602920396
06037400501,400501,348,18,507,11,5.17241379310345,6.70437290240289,2.16962524654832,3.58184524003214,3.00278854655513,78.7950614669438,100625,4.38356164383562,39.875604699378,1839,15.0625339858619,66.7754214246873,0.489396411092985,14.0293637846656
06037400602,400602,1008,98,1483,78,9.72222222222222,6.19009606960216,5.2596089008766,4.53286237631709,4.46261332134562,38.704899436505,84512,11.7228722183987,27.6489028213166,4366,73.7746220797068,16.4223545579478,2.54237288135593,4.97022446174989
06037400603,400603,1358,45,1528,142,3.31369661266569,3.49360205977105,9.29319371727749,8.78427349494975,-5.9794971046118,64.0906666284239,118704,5.63321510536199,40.8801549958483,4793,42.8124348007511,24.0559148758606,3.3590653035677,28.082620488212
06037400605,400605,1785,97,1648,49,5.43417366946779,3.74518737392647,2.97330097087379,2.95049270511244,2.460872698594,41.8961518030818,96920,16.6851178238178,45.8767180341524,6904,35.1390498261877,21.9582850521437,1.83951332560834,35.2404403244496
06037400801,400801,1592,56,2014,109,3.51758793969849,3.15581210769178,5.41211519364449,3.4408839833911,-1.894527253946,54.5381336891589,120156,5.23224773091297,44.1183545826317,6825,30.0512820512821,40.7765567765568,4.17582417582418,19.9413919413919
06037401001,401001,462,0,619,0,0,3.03030303030303,0,2.26171243941842,0,,133571,2.91746641074856,56.7697228144989,2605,30.3646833013436,52.8214971209213,0,11.6698656429942
06037401002,401002,1060,24,1283,77,2.26415094339623,3.32899080517331,6.00155884645363,4.67140901550679,-3.7374079030574,89.3801989230929,91981,6.56243118255891,34.71875,4553,40.0395343729409,48.5394245552383,5.29321326597848,3.53613002415989
06037401101,401101,1217,66,1258,27,5.42317173377157,4.56444145170866,2.14626391096979,3.63959364019836,3.27690782280178,51.1644583838025,79488,9.56138741053404,34.1423506953913,5547,60.7175049576348,24.5538128718226,1.46024878312601,7.67982693347756
06037401102,401102,923,11,1104,99,1.19176598049838,2.36849448910671,8.96739130434783,9.05259958890189,-7.77562532384945,120.813507236557,103616,5.01725511016724,32.711038961039,3854,42.9423975090815,36.6113129216399,2.54281266216917,9.39283860923716
06037401201,401201,985,21,832,55,2.13197969543147,2.92496996690912,6.61057692307692,5.01575234563048,-4.47859722764545,83.4012278884205,146125,6.09791010592614,43.0150309460654,3502,51.6276413478013,33.038263849229,0.456881781838949,8.90919474585951
06037401202,401202,870,122,1267,85,14.0229885057471,7.55039609681732,6.70876085240726,3.37773082896884,7.31422765333987,32.731300036031,110750,6.47534952170714,27.8651685393258,4162,45.5790485343585,38.5872176838059,2.1864488226814,12.6141278231619
06037401203,401203,1095,18,1376,76,1.64383561643836,2.04312356009914,5.52325581395349,3.9524407305604,-3.87942019751513,75.5562410776277,101208,12.8991596638655,30.0953516090584,4967,45.5003019931548,32.9776525065432,5.87880008053151,6.70424803704449
06037401303,401303,668,30,551,46,4.49101796407186,4.35095005851882,8.34845735027223,6.06155740400429,-3.85743938620038,58.8943189278738,161397,3.96260017809439,44.1914769410391,2246,28.1389136242208,28.7622439893143,4.58593054318789,30.4541406945681
06037401304,401304,1162,10,1481,194,0.860585197934596,1.81500927548653,13.0992572586091,12.6062845540257,-12.2386720606745,128.209165842878,139483,7.43326488706366,55.2391187533584,4938,41.0692588092345,26.9744835965978,3.56419603078169,24.6658566221142
06037401311,401311,1744,110,1820,127,6.30733944954128,4.68339829969365,6.97802197802198,5.43616262816963,-0.670682528480694,45.1386937533337,92885,10.6266627253917,30.3839732888147,6766,44.9305350280816,39.7428318060893,4.55217262784511,7.25687259828555
06037401312,401312,1020,65,1274,52,6.37254901960784,5.86688588224061,4.08163265306122,5.15192524769223,2.29091636654662,55.9665522551828,87944,5.30386740331492,35.7984113941386,4645,36.5339074273412,39.1173304628633,1.80839612486545,15.6727664155005
06037401500,401500,1485,221,1595,200,14.8821548821549,6.273483597978,12.5391849529781,6.62525112200753,2.34296992917683,25.625777119744,89034,8.63557858376511,38.1657573395687,5993,55.8985483063574,26.2139162356082,4.37176706157183,9.74470215251126
06037401601,401601,1230,25,1138,28,2.03252032520325,2.7622732249434,2.46045694200352,3.14016739949368,-0.427936616800263,82.61631773083,100500,9.86360940897411,41.3330078125,5073,29.1937709442145,55.0956041789868,0.985610092647349,4.11985018726592
06037401602,401602,1526,178,1606,129,11.6644823066841,7.50873355948369,8.03237858032379,5.33620739012796,3.63210372636036,39.1322953853083,78487,13.6814523675838,36.0462063533736,5344,37.7058383233533,42.2342814371258,6.56811377245509,8.25224550898204
06037401705,401705,679,15,702,53,2.20913107511046,3.688215903632,7.54985754985755,5.48154672266016,-5.34072647474709,101.49133124888,136071,9.09090909090909,52.1525885558583,2596,41.1787365177196,41.6024653312789,3.89060092449923,5.08474576271186
06037401706,401706,1279,75,1725,101,5.86395621579359,5.00666154753009,5.85507246376812,4.91890586668955,0.00888375202547298,51.9028986366037,98620,12.3749754853893,35.6991204124962,5106,55.5424990207599,21.3474343909127,4.62201331766549,12.2209165687427
06037401707,401707,1619,182,2178,82,11.2415071031501,11.303373508626,3.76492194674013,4.64989037108914,7.47658515640996,61.124826181454,65389,11.8800607287449,32.9332206255283,8178,55.4169723648814,15.3705062362436,8.42504279775006,14.4534115920763
06037401801,401801,1325,31,1131,71,2.33962264150943,2.88280546597658,6.27763041556145,6.20980688316908,-3.93800777405202,74.9037600239037,150682,2.8735632183908,71.6211545108884,4496,28.4252669039146,42.682384341637,5.38256227758007,20.1512455516014
06037401802,401802,809,29,1049,70,3.58467243510507,3.79699054108716,6.67302192564347,4.45476032852168,-3.0883494905384,64.3908468240124,156953,5.0564681724846,58.8593974175036,3896,27.258726899384,41.8634496919918,9.72792607802875,11.370636550308
06037401901,401901,1472,90,825,107,6.11413043478261,3.88777277901203,12.969696969697,7.51953849049316,-6.85556653491436,38.6545189510686,84375,3.2967032967033,72.0657276995305,4643,20.439371096274,35.9681240577213,8.33512814990308,27.3960801206117
06037401902,401902,1541,0,1547,74,0,1.23296560674886,4.78345184227537,3.77313285700375,-4.78345184227537,,103017,6.49257735646575,68.3852340688802,5896,25.9497964721845,56.5128900949797,4.69810040705563,8.54816824966079
06037402001,402001,1036,34,880,59,3.28185328185328,4.10294399281945,6.70454545454545,5.55174587227637,-3.42269217269217,75.999463196155,64609,21.1482558139535,31.9081272084806,4389,46.388699020278,23.4221918432445,12.7136021872864,14.5819093187514
06037402002,402002,903,0,1168,24,0,1.55038759689923,2.05479452054795,2.67727035556473,-2.05479452054795,,104896,8.76901798063624,46.1176470588235,3719,37.2411938693197,45.7112126915838,6.13068029040065,5.59290131755848
06037402101,402101,1012,19,1309,178,1.87747035573123,2.85051316544926,13.598166539343,8.80183933894578,-11.7206961836118,92.2962509497568,119688,14.4422529037914,17.1831850260816,4574,72.2343681679056,5.24704853519895,13.6204634892873,7.38959335373852
06037402102,402102,1235,156,1439,100,12.6315789473684,4.29332252900795,6.94927032661571,4.70872358319703,5.68230862075272,20.6618865377789,100789,11.4406779661017,22.5524475524476,4817,71.5798214656425,6.95453601826863,8.84367863815653,8.98899730122483
06037402200,402200,1449,34,1922,207,2.34644582470669,2.91262575944899,10.7700312174818,8.4532811159759,-8.4235853927751,75.4585146690789,86793,4.41328413284133,26.973026973027,7245,62.6915113871636,15.0724637681159,10.3933747412008,9.78605935127674
06037402301,402301,1274,34,1544,188,2.66875981161695,2.77073020356983,12.1761658031088,6.51878755776489,-9.50740599149185,63.1130033854454,78808,16.365021908935,15.051951698961,5259,78.7792355961209,11.1998478798251,0.988781137098308,7.0355580908918
06037402303,402303,722,45,1202,75,6.23268698060942,5.01111151680099,6.2396006655574,4.95875132401125,-0.00691368494798539,48.8756840949721,61657,17.4425287356322,12.0999561595791,3698,79.0968090859924,8.8967009194159,2.75824770146025,6.24661979448351
06037402304,402304,1023,35,981,20,3.42130987292278,3.36045745725882,2.03873598369011,3.02645389440675,1.38257388923266,59.7090400134741,48393,18.9075630252101,8.50185720181593,4046,90.3114186851211,3.01532377656945,0,5.14087988136431
06037402403,402403,1158,42,1193,139,3.62694300518135,3.14981269809727,11.6512992455993,6.23037594907384,-8.02435624041798,52.7932132638102,87536,8.23121387283237,12.3610643314247,4826,77.5590551181102,13.4687111479486,2.30004144218815,5.07666804807294
06037402404,402404,312,88,260,42,28.2051282051282,26.9142199963376,16.1538461538462,16.3713829774982,12.0512820512821,58.0079900446071,,0,53.9473684210526,1224,23.1209150326797,36.0294117647059,9.88562091503268,25.2450980392157
06037402405,402405,598,35,762,77,5.85284280936455,5.76275891495108,10.1049868766404,7.17982388990924,-4.25214406727587,59.8546214700955,112731,17.7577420619365,11.4823815309842,2551,83.5750686005488,3.17522540180321,8.19286554292434,2.94002352018816
06037402406,402406,1124,64,1103,49,5.69395017793594,4.61665613759201,4.44242973708069,4.5739599214819,1.25152044085525,49.288768034322,78472,11.5238308346386,19.1624790619766,4518,71.8238158477202,8.32226648959717,1.70429393536963,15.55998229305
06037402501,402501,1065,62,1462,99,5.82159624413146,4.70488713104886,6.77154582763338,5.24584366083984,-0.949949583501924,49.1293734147175,57057,21.5970287836583,13.5152696556205,5394,87.8383388950686,1.83537263626251,6.22914349276974,3.35558027437894
06037402503,402503,762,147,1245,132,19.2913385826772,15.9852586295123,10.6024096385542,6.94402343260077,8.68892894412295,50.3722559629814,66364,16.382252559727,13.2322536181944,4716,74.3638676844784,3.30788804071247,3.79558948261238,17.8117048346056
06037402504,402504,497,43,596,58,8.65191146881288,7.89878636444484,9.73154362416107,8.2149744047447,-1.0796321553482,55.4986473899638,38667,24.0495137046861,11.046511627907,2267,67.0489633877371,3.74944861049846,6.88134097926776,21.746801940891
06037402601,402601,635,47,640,5,7.40157480314961,6.68930163320973,0.78125,2.51368561617186,6.62032480314961,54.9402643353577,86250,21.4135021097046,17.7234148776835,2921,76.0013693940431,15.3714481342006,1.88291680931188,3.97124272509415
06037402602,402602,1535,299,1270,74,19.4788273615635,16.0000579271493,5.82677165354331,5.49352760339342,13.6520557080202,49.9335961170959,62410,8.91903914590747,25.0225292880745,4498,63.5615829257448,21.0760337927968,1.24499777678968,9.49310804802134
06037402702,402702,1049,99,1432,147,9.43755958055291,6.57599136838996,10.2653631284916,5.74270040652896,-0.827803547938713,42.3580175336408,53319,31.7029347175085,8.19672131147541,5009,82.8309043721302,4.77141145937313,8.24515871431423,3.49371131962468
06037402703,402703,1006,12,1155,45,1.19284294234592,2.34789880758632,3.8961038961039,3.08430147219824,-2.70326095375797,119.654822716912,90302,12.4012493110417,19.6046662346079,5443,74.7933125114826,7.33051625941576,3.83979423112254,11.8500826749954
06037402705,402705,728,27,1046,57,3.70879120879121,4.34852965900475,5.44933078393881,3.99239892493211,-1.74053957514761,71.2761362547666,115000,7.22011898323418,10.7157464212679,3704,82.5053995680346,3.69870410367171,2.40280777537797,8.36933045356371
06037402706,402706,838,52,929,14,6.20525059665871,5.36506503102503,1.50699677072121,2.41733550395255,4.69825382593751,52.5593230769111,106534,14.2639902676399,15.9965412883701,3311,82.1202053760193,7.21836303231652,4.28873452129266,5.98006644518272
06037402801,402801,772,21,1436,129,2.72020725388601,4.83091776902851,8.983286908078,8.68773390065673,-6.26307965419198,107.959719718918,54404,20.1565557729941,2.39425379090184,4623,91.347609777201,1.94678780012979,0.519143413367943,5.10491023145144
06037402803,402803,663,46,1178,60,6.93815987933635,5.76530045504839,5.09337860780985,3.53430819628875,1.8447812715265,50.5139976436776,88403,11.7400419287212,7.02979515828678,3341,91.499551032625,1.736007183478,4.54953606704579,1.37683328344807
06037402804,402804,811,24,1116,117,2.9593094944513,3.49207378520812,10.4838709677419,5.72054365833012,-7.52456147329064,71.7343424469044,66016,13.7980769230769,10.9331197436924,4217,84.1593549917003,3.86530709034859,2.37135404315864,6.6397913208442
06037402902,402902,1363,85,1920,50,6.23624358033749,4.24997228470086,2.60416666666667,3.10375634102589,3.63207691367082,41.4283012626302,88470,10.9936575052854,10.9666233203294,6882,71.5634989828538,11.7262423714037,4.5916884626562,11.0287707061901
06037402903,402903,866,27,1013,31,3.11778290993072,3.15211205786493,3.06021717670286,2.95130637016522,0.057565733227853,61.4596204460437,79688,12.3859191655802,14.557715192384,3931,75.7568048842534,4.09564996184177,4.8079369117273,14.1694225387942
06037402904,402904,790,62,1091,94,7.84810126582279,5.78327923742915,8.61594867094409,4.8811896297195,-0.767847405121303,44.7964564915093,91580,15.1047409040794,12.5319693094629,3636,81.9031903190319,4.04290429042904,9.5984598459846,2.25522552255226
06037403000,403000,1346,42,2040,62,3.12035661218425,3.24667888040825,3.03921568627451,2.99344774008801,0.08114092590974,63.2512631788899,102885,7.59533073929961,13.8649750792932,6471,75.6760933395148,8.05130582599289,0.973574408901252,8.82398392829547
06037403305,403305,579,39,533,9,6.73575129533679,5.97724130956775,1.68855534709193,3.19167977213718,5.04719594824486,53.9447076336954,119145,9.91735537190083,55.8317399617591,2308,12.3916811091854,5.67590987868284,0,78.2062391681109
06037403316,403316,1735,72,1839,115,4.14985590778098,3.07135517058948,6.25339858618815,6.59397825327358,-2.10354267840717,44.9915672152376,93151,7.74886046169681,50.4209370424597,6890,21.6835994194485,14.2525399129173,8.85341074020319,45.9796806966618
06037403317,403317,1132,15,1418,52,1.32508833922262,2.62602433607604,3.66713681241185,2.76317574867204,-2.34204847318923,120.472524759395,126083,4.20336269015212,48.6543535620053,5090,39.6856581532417,18.7229862475442,6.07072691552063,29.4499017681729
06037403318,403318,1539,57,1483,36,3.7037037037037,3.27603437569827,2.42751180040459,2.98446271974213,1.27619190329912,53.7707769871449,118478,8.53533629224991,56.4878892733564,5894,24.8897183576519,12.70783847981,9.45028842891076,42.2972514421446
06037403319,403319,1104,18,1278,48,1.6304347826087,2.17509275981115,3.75586854460094,2.65589292734953,-2.12543376199224,81.0976834458464,93211,10.2903600464576,51.2959614225437,4319,17.8282009724473,13.1048853901366,1.1113683723084,51.9101643899051
06037403320,403320,1317,63,1312,64,4.78359908883827,3.95494165023912,4.87804878048781,3.55748647089497,-0.0944496916495359,50.2596434926899,126059,8.92027504181379,60.9822309970385,5400,12.3518518518519,12.7407407407407,2.48148148148148,69.7407407407408
06037403321,403321,1115,21,1379,108,1.88340807174888,2.63500196094118,7.83176214648296,5.82561928268215,-5.94835407473408,85.0492744666208,117222,14.6688338073954,50.2246893999471,4927,23.4625532778567,17.1098031256343,2.55733712198092,54.7188958798458
06037403323,403323,1132,101,1647,38,8.92226148409894,6.03852961340513,2.30722525804493,2.58013840035229,6.61503622605401,41.142469062413,89828,6.5653723504033,59.6327967806841,5331,14.6126430313262,7.18439317201276,5.66497842806228,64.9971862689927
06037403324,403324,1766,56,1714,58,3.17100792751982,3.76686246305561,3.38389731621937,3.09860158230593,-0.212889388699551,72.2131905097287,114547,17.0146463072608,60.1629412993524,6418,18.6195076347772,7.38547834216267,2.25927080087255,69.6167030227485
06037403325,403325,1082,41,1146,84,3.78927911275416,3.48498378700377,7.32984293193717,6.36716449205285,-3.54056381918301,55.9085544894074,111445,8.00510964445391,49.6436318562132,4706,9.00977475563111,12.8346791330217,2.44368890777731,74.4156396090098
06037403326,403326,535,0,541,16,0,2.61682242990654,2.95748613678373,4.01881588822767,-2.95748613678373,,135375,4,41.2717456508698,2350,31.3191489361702,11.4468085106383,1.48936170212766,54.1702127659575
06037403327,403327,692,16,682,34,2.3121387283237,3.92005895557769,4.98533724340176,5.86385615802986,-2.67319851507806,103.065379835097,121935,4.24646128226478,32.9222520107239,2402,33.9716902581182,21.1906744379684,1.20732722731057,39.8001665278934
06037403328,403328,1287,122,1329,109,9.47940947940948,5.81102997481868,8.20165537998495,5.41866123067791,1.27775409942453,37.2654122158136,100521,13.1697264893218,45.3928478204124,5347,18.4776510192631,9.68767533196185,0.355339442678137,65.4946699083598
06037403401,403401,827,7,1165,52,0.846432889963724,2.3018011941311,4.46351931330472,4.56978847327369,-3.617086423341,165.313902522486,114231,15.1267726686721,43.4368275438057,4705,22.8480340063762,9.43676939426142,3.16684378320935,61.3815090329437
06037403402,403402,774,10,973,45,1.29198966408269,2.4926550741669,4.62487153134635,3.35390465203773,-3.33288186726366,117.283588292108,126625,4.88257107540173,51.8925518925519,3241,23.3261339092873,11.9099043505091,2.9311940759025,59.2101203332305
06037403403,403403,1298,38,1073,24,2.92758089368259,3.36017049458435,2.23671947809879,2.63951536612258,0.6908614155838,69.7728571743798,140795,14.9180003951788,65.1706036745407,5061,12.9816241849437,6.32286109464533,0.829875518672199,75.2618059672002
06037403404,403404,495,99,503,46,20,9.56569389772242,9.14512922465209,6.76100402471977,10.8548707753479,29.0750574398858,173289,8.32144555397052,65.8831003811944,2114,16.6035950804163,9.83916745506149,4.399243140965,65.3263954588458
06037403407,403407,621,3,690,21,0.483091787439614,2.39026088797113,3.04347826086957,3.43081678408088,-2.56038647342995,300.780549428586,156552,5.50614146548073,71.0748452447946,2368,6.25,12.8800675675676,1.22466216216216,78.5050675675676
06037403408,403408,1408,39,1431,10,2.76988636363636,2.57709846311278,0.698812019566737,1.82446811809579,2.07107434406963,56.559186907689,129934,8.75568551007148,54.185303514377,6156,17.040285899935,5.76673164392463,0.454840805717999,75.5523066926576
06037403409,403409,923,51,1040,13,5.52546045503792,4.08602829206991,1.25,2.41708015765624,4.27546045503792,44.9538603442461,128654,7.99495586380832,58.9354952414522,3966,18.3055975794251,12.6071608673727,2.29450327786183,62.4054462934947
06037403500,403500,364,60,432,20,16.4835164835165,16.3328327569056,4.62962962962963,6.72749523550061,11.8538868538869,60.2345605219212,114306,4.80905233380481,45.5584872471416,1414,34.2998585572843,18.7411598302687,1.83875530410184,35.997171145686
06037403601,403601,1853,175,1991,280,9.4441446303292,6.17906504421257,14.0632847815168,7.8976643723009,-4.61914015118763,39.7735389558867,119471,8.60005982650314,38.0385149890808,6713,56.249068970654,27.752122746909,0.417101147028154,12.438552063161
06037403702,403702,1112,46,1166,45,4.13669064748201,3.64890951506789,3.85934819897084,3.43209918118824,0.277342448511174,53.6221406205299,124643,2.12815715622077,35.3390639923591,4281,38.7059098341509,37.8182667601028,2.84980144825975,17.8696566222845
06037403703,403703,1044,61,1294,58,5.84291187739464,5.19910977262425,4.4822256568779,3.151575462192,1.36068622051674,54.0920883214881,120875,4.14065751144403,36.788799523384,4848,50.536303630363,26.1551155115512,1.38201320132013,17.1410891089109
06037403721,403721,1231,59,1561,254,4.79285134037368,3.30049413282656,16.2716207559257,14.9009999346507,-11.478769415552,41.861916207403,88000,8.41863748676315,26.6648836587323,5669,57.2587757982007,20.8502381372376,9.03157523372729,10.7073557946728
06037403722,403722,1342,140,1515,85,10.4321907600596,8.86254827264051,5.61056105610561,5.17620830534392,4.821629703954,51.6436812066156,80121,14.560488944814,24.4412607449857,5564,67.9367361610352,9.99281092739037,4.45722501797268,13.0481667864845
06037403801,403801,1571,66,1653,88,4.20114576702737,5.26202183374872,5.32365396249244,5.64383738615901,-1.12250819546507,76.1410730479804,91683,7.17651322943095,35.0731215330308,5529,50.3707722915536,14.5415084102008,9.36878278169651,20.5642973412914
06037403802,403802,1359,51,1453,79,3.75275938189846,5.12984929337336,5.43702684101858,4.72688575077441,-1.68426745912013,83.0975050920126,87438,10.9758218820664,25.1004016064257,5749,53.2092537832667,31.8490172203862,2.06992520438337,8.64498173595408
06037403901,403901,673,69,783,37,10.2526002971768,6.38177413620977,4.72541507024266,3.87640787931108,5.52718522693417,37.8391612146529,128459,12.3340321453529,31.8316831683168,2862,37.4563242487771,41.4744933612858,3.73864430468204,11.1111111111111
06037403902,403902,1114,69,1162,10,6.19389587073609,4.51344682893829,0.860585197934596,2.12943739925173,5.33331067280149,44.2974297822761,88571,13.3887733887734,30.9246954595792,5265,47.1225071225071,31.0351377018044,2.46913580246914,15.1756885090218
06037404000,404000,1262,14,1388,210,1.10935023771791,1.68846706723157,15.1296829971182,10.3662072913544,-14.0203327594002,92.5247693810788,112159,5.69142857142857,34.066955982641,4398,62.3919963619827,16.3483401546157,1.18235561618918,12.7557980900409
06037404100,404100,1263,100,1852,139,7.91765637371338,7.01919203988214,7.50539956803456,4.15429409042544,0.412256805678824,53.8920337165419,92361,8.03162055335968,13.714953271028,6336,80.1136363636364,9.56439393939394,3.14078282828283,6.77083333333333
06037404201,404201,951,72,874,32,7.57097791798107,5.03651149286774,3.66132723112128,3.4990060062809,3.90965068685979,40.4400745501285,76389,15.4041831543245,24.7474747474748,3562,81.3026389668726,7.4957888826502,0.72992700729927,10.078607523863
06037404203,404203,1048,116,944,41,11.0687022900763,5.89669286566817,4.34322033898305,3.36160703663984,6.72548195109329,32.385148953046,76837,12.9457596643692,21.2816834050693,3948,67.451874366768,14.2857142857143,3.31813576494428,11.7274569402229
06037404301,404301,1427,74,1922,71,5.18570427470217,4.710708030899,3.69406867845994,2.77246796756737,1.49163559624223,55.2220517546445,84295,22.581683566715,12.3682180509128,6226,87.7770639254738,4.56151622229361,2.92322518470928,2.61805332476711
06037404302,404302,627,28,618,39,4.46570972886762,4.30286971503915,6.31067961165049,4.34719865756085,-1.84496988278286,58.5735847010322,104779,2.04516403919898,18.4459459459459,2347,74.3928419258628,12.7822752449936,7.88240306774606,2.5990626331487
06037404401,404401,859,46,975,86,5.35506402793947,5.74499507845687,8.82051282051282,7.16012878941189,-3.46544879257336,65.2167407479114,86069,8.3156779661017,17.4037674037674,3808,82.3792016806723,13.5504201680672,0,2.80987394957983
06037404402,404402,1213,147,1384,74,12.118713932399,7.15464435734316,5.34682080924856,5.33566041551875,6.77189312315046,35.8893517997529,96616,7.65394622723331,18.3124426780801,4673,77.5518938583351,6.227263000214,0.641985876310721,9.69398673229189
06037404501,404501,654,44,595,45,6.72782874617737,5.14050672621585,7.56302521008403,6.07685694405297,-0.835196463906663,46.4477949564129,57875,18.2106096595408,13.0518234165067,2569,83.4955235500195,5.68314519268198,3.19190346438303,5.33281432463994
06037404503,404503,817,46,935,42,5.63035495716034,5.22908335266211,4.49197860962567,3.12344008986564,1.13837634753467,56.4577917156726,99665,6.85920577617329,26.2915129151292,3061,66.9389088533159,6.72982685396929,2.35217249264946,16.7592290101274
06037404504,404504,1202,151,1893,76,12.5623960066556,12.8754278775594,4.01479133650291,3.93397197439406,8.54760467015267,62.3050556928536,84954,17.6519394316532,16.5051679586563,4856,74.7116968698517,2.1828665568369,4.15980230642504,14.8682042833608
06037404600,404600,375,25,404,26,6.66666666666667,5.77550724617477,6.43564356435644,5.03207641409545,0.231023102310231,52.6641998131438,114167,4.3002915451895,21.8279569892473,1377,93.6092955700799,3.26797385620915,0,1.74291938997821
06037404701,404701,1099,78,1431,85,7.09736123748863,6.95985603728432,5.93990216631726,4.73961136913181,1.15745907117137,59.6125148856322,75117,13.5408852213053,14.535666218035,5362,77.9373368146214,1.62252890712421,0.0372995151063036,18.5378590078329
06037404702,404702,999,30,1401,110,3.003003003003,3.19805150983178,7.85153461812991,3.97920288974956,-4.8485316151269,64.7386719011539,79063,16.1100991702085,22.5796842418826,4945,67.6440849342771,3.03336703741153,0.728008088978767,27.3407482305359
06037404703,404703,694,88,903,34,12.6801152737752,7.59723953304822,3.76522702104097,3.50724359421459,8.91488825273424,36.4222453435719,91719,11.4123581336696,17.2495274102079,3172,75.1261034047919,1.79697351828499,1.92307692307692,20.2080706179067
06037404804,404804,921,124,1232,38,13.4636264929425,8.3005414075931,3.08441558441558,2.94878741816091,10.3792109085269,37.4781774506973,79767,16.9105691056911,10.6312292358804,4333,69.4668820678514,5.93122547888299,0,24.6018924532656
06037404805,404805,601,25,818,48,4.15973377703827,3.78140818450418,5.8679706601467,4.19682440524497,-1.70823688310843,55.2614302464927,65580,16.1594963273872,17.0831208567058,2859,68.4854844351172,3.63763553690101,0,27.6670164393144
06037404806,404806,1390,96,1303,95,6.90647482014389,4.44144609923132,7.29086722947045,4.28758773431751,-0.384392409326568,39.0932755694753,73274,13.562091503268,12.3573200992556,6207,75.285967456098,6.08989850169164,1.53053004672144,16.86805219913
06037404901,404901,1291,29,1280,65,2.24632068164214,2.11067025688355,5.078125,5.11063792685474,-2.83180431835786,57.1192810321069,98281,16.9865251122907,13.6248236953456,4898,74.3977133523887,2.3274806043283,0.142915475704369,21.6006533278889
06037404902,404902,716,32,751,49,4.46927374301676,3.52992550279236,6.52463382157124,5.30550811459666,-2.05536007855448,48.0134243920845,74706,12.4071082390953,16.3979732842008,3095,64.7819063004847,3.03715670436187,0.12924071082391,30.6300484652666
06037404903,404903,687,6,724,39,0.873362445414847,2.32840550220656,5.38674033149171,5.12944024425129,-4.51337788607687,162.068346506171,89375,8.47394075740533,18.2543906333156,2667,67.679040119985,2.43719535058118,1.19985001874766,25.8717660292463
06037405001,405001,1014,9,1643,204,0.887573964497041,2.38096520027429,12.4163116250761,7.6094894208309,-11.528737660579,163.073199127196,81801,14.5978344934261,13.5550586920067,5218,75.8911460329628,2.56803372939824,0.555768493675738,19.8926791874281
06037405002,405002,582,9,857,77,1.54639175257732,3.63604751847621,8.98483080513419,4.54894545086786,-7.43843905255687,142.936822408183,74605,8.99488926746167,11.671335200747,2935,79.557069846678,2.99829642248722,0.20442930153322,16.5247018739353
06037405101,405101,1197,60,1400,135,5.0125313283208,4.60885753722007,9.64285714285714,6.51092266602301,-4.63032581453634,55.8946552386264,89457,20.3885326291965,19.5998840243549,5403,66.129927817879,2.79474366092911,0.629280029613178,28.4656672219138
06037405102,405102,969,48,1551,32,4.95356037151703,4.30331779412272,2.06318504190845,2.02291699570919,2.89037532960858,52.8104729293935,80234,10.8237166732988,11.5592853275582,5110,70.2152641878669,2.70058708414873,1.91780821917808,24.7945205479452
06037405201,405201,1428,94,1366,123,6.58263305322129,3.58952147728101,9.00439238653001,6.18514900880899,-2.42175933330873,33.1490439730795,79934,9.22040423484119,16.292735042735,5232,75.2484709480122,3.05810397553517,0.554281345565749,15.2522935779817
06037405202,405202,1312,27,1331,90,2.05792682926829,2.06837893580245,6.7618332081142,4.34287658572415,-4.70390637884591,61.0990242884795,69681,8.43106882053552,12.9192959149784,4519,76.0787784908166,1.52688647930958,0.177030316441691,21.5091834476654
06037405203,405203,760,42,799,74,5.52631578947368,5.59410539001561,9.26157697121402,7.24384842750207,-3.73526118174033,61.535968973974,91438,14.2128279883382,20.2790234180369,2804,69.9358059914408,5.52781740370899,0.392296718972896,23.3594864479315
06037405301,405301,766,20,991,138,2.61096605744125,3.44556249788036,13.9253279515641,9.44530601781915,-11.3143618941228,80.2219110448741,92664,13.0363576809695,20.8576998050682,3053,62.7251883393384,10.3832296102195,0.0327546675401245,26.30199803472
06037405302,405302,1515,125,1531,9,8.25082508250825,5.07378928444231,0.587851077726976,1.57669335509575,7.66297400478128,37.3825690744321,104138,7.83183590439058,25.5261203268136,5927,68.6181879534334,10.2075248861144,2.37894381643327,18.6772397502953
06037405400,405400,1457,67,1266,47,4.59849004804393,4.1996253087443,3.71248025276461,3.52317141788391,0.886009795279313,55.5174347851059,106500,5.34257748776509,24.179366940211,4945,72.5379170879677,8.9989888776542,1.94135490394338,13.5288169868554
06037405500,405500,1564,70,1602,110,4.47570332480818,3.9754978307215,6.86641697877653,4.68106049482291,-2.39071365396835,53.9963404884796,102054,13.0164951821003,20.4747774480712,6161,66.9534166531407,10.5826976140237,1.50949521181626,17.9191689660769
06037405600,405600,1587,84,1534,48,5.29300567107751,5.12329406219844,3.12907431551499,3.11685043492778,2.16393135556251,58.8411324121358,103188,10.6079080299599,30.6571031929662,5753,59.0996002085868,11.507039805319,4.67582131062055,22.5621414913958
06037405701,405701,958,36,1090,132,3.75782881002088,3.47759306232132,12.1100917431193,8.17188988729071,-8.35226293309839,56.2569090459951,79650,19.2739618699399,22.9447852760736,3829,57.6390702533299,6.97310002611648,11.6218333768608,22.9302689997388
06037405702,405702,1389,49,1790,131,3.52771778257739,2.95090766467019,7.31843575418994,8.73402329622021,-3.79071797161255,50.85057684048,95441,11.2132008250516,26.0126756682282,5333,59.647477967373,11.0819426214138,4.18151134445903,21.7138571160698
06037405800,405800,1469,92,1696,79,6.26276378488768,5.64942900092708,4.65801886792453,3.15915795586226,1.60474491696315,54.8368653519352,93750,6.36618730270081,27.011788826243,5702,68.2216766047001,9.9614170466503,3.50754121360926,15.4507190459488
06037405900,405900,1051,45,1160,15,4.28163653663178,5.65209564072801,1.29310344827586,2.47883729166815,2.98853308835592,80.2479232476209,118358,7.4643011683254,20.3808887403943,4627,70.6289172249838,12.2541603630862,1.70736978603847,14.5018370434407
06037406000,406000,1405,74,1606,54,5.26690391459075,5.9010329960318,3.36239103362391,2.58475774153622,1.90451288096684,68.1093515109232,114728,5.76703464027408,18.1013676588898,5355,66.984126984127,14.4164332399627,3.43604108309991,9.95331465919701
06037406101,406101,971,102,1089,20,10.5046343975283,14.8516351414128,1.83654729109275,2.42435026224539,8.66808710643558,85.946347948697,88786,1.55714730613516,26.3621794871795,3269,66.3199755276843,22.3615784643622,1.56011012542062,6.4851636586112
06037406103,406103,2326,305,1980,85,13.1126397248495,8.73577109341689,4.29292929292929,4.53938242529791,8.81971043192024,40.4990852823513,95118,9.54570791527313,27.7618775042931,7285,58.1331503088538,19.5470144131778,7.63212079615649,11.8188057652711
06037406201,406201,768,22,831,97,2.86458333333333,3.88373640829131,11.6726835138387,10.5491853883019,-8.80810018050542,82.4180591756763,56786,17.2455451525219,24.6210569438755,3321,67.9614573923517,6.62451068955134,3.3423667570009,17.5549533273111
06037406300,406300,1288,62,1400,122,4.81366459627329,6.11857616454201,8.71428571428571,6.27596752274279,-3.90062111801242,77.269596038142,102638,6.0181075803302,43.4863668142624,5633,42.1445055920469,14.2552813775963,1.33143973016155,36.5169536658974
06037406413,406413,2077,348,1770,72,16.7549350024073,7.82219227893979,4.06779661016949,2.81581148576696,12.6871383922378,28.3804866075498,106551,4.67091295116773,28.8245380072395,7065,53.5598018400566,11.5357395612173,2.92993630573248,28.2236376503892
06037406500,406500,1992,32,2396,360,1.60642570281125,2.08205544376359,15.025041736227,7.20842932146945,-13.4186160334158,78.7890281910536,104800,11.7850287907869,22.2087378640777,8016,57.0484031936128,7.89670658682635,3.76746506986028,30.189620758483
06037406601,406601,1157,78,1548,103,6.74157303370787,4.47903578992312,6.65374677002584,4.04732777323473,0.0878262636820253,40.3884686224071,133500,7.79452598175327,26.1105092091008,5080,46.2007874015748,11.0236220472441,6.22047244094488,31.9685039370079
06037406602,406602,913,59,1148,56,6.46221248630887,6.72153595471912,4.87804878048781,4.37604471848467,1.58416370582107,63.2297390825672,91641,11.3935144609991,17.9357021996616,4564,66.8273444347064,7.27432077125329,1.38036809815951,22.1297107800175
06037406701,406701,788,36,903,86,4.56852791878173,4.06917679473498,9.52380952380952,5.78122531378639,-4.9552816050278,54.145749987355,95260,7.56632820176875,24.5724572457246,3058,68.3453237410072,5.36298234139961,6.89993459777632,18.4761281883584
06037406702,406702,1787,180,1704,156,10.0727476217124,9.43306645490141,9.15492957746479,4.7903481495019,0.917818044247579,56.929718861563,90349,8.74260355029586,34.0621650589496,6885,47.5671750181554,14.2047930283224,3.10820624546115,32.5490196078431
06037406801,406801,941,83,1170,83,8.82040382571732,7.5978233565188,7.09401709401709,3.93913482556077,1.72638673170023,52.3642419781316,103804,9.9236641221374,23.6737022247576,4756,60.5130361648444,11.8166526492851,4.5206055508831,21.9301934398654
06037406903,406903,1861,57,2017,236,3.0628694250403,3.04381888087851,11.7005453644026,6.2292609035947,-8.63767593936228,60.4121680511375,82856,22.1719457013575,19.4711538461538,7988,80.4456685027541,1.00150225338007,1.91537305958938,14.922383575363
06037407001,407001,914,41,2099,111,4.48577680525164,4.07678220255627,5.2882324916627,5.6455250987883,-0.802455686411055,55.2476674792266,87600,7.3738680465718,10.4886769964243,5425,86.4147465437788,2.47004608294931,0.129032258064516,10.6543778801843
06037407002,407002,826,64,881,26,7.74818401937046,5.97732255447757,2.95119182746879,3.78618792280197,4.79699219190167,46.8965466375235,118516,4.10807830162669,9.1304347826087,3639,80.2418246771091,3.51744984885958,0.439681231107447,15.4438032426491
06037407101,407101,926,11,1126,12,1.18790496760259,2.45101744303121,1.06571936056838,2.01106534143182,0.122185607034208,125.429243008947,68333,17.6895306859206,12.4244459368704,4155,88.7364620938628,1.13116726835138,0,9.79542719614922
06037407102,407102,1067,25,1603,32,2.34301780693533,3.06026849218144,1.99625701809108,2.60131964498187,0.346760788844254,79.3995496938019,96645,6.05066520867505,10.5891126025354,5487,87.1878986695827,1.4579916165482,0.109349371241115,10.6615636960087
06037407201,407201,868,40,965,75,4.60829493087558,3.97602124470341,7.7720207253886,4.03256977269473,-3.16372579451303,52.4496419514067,136063,6.1292270531401,15.9214375261178,3316,82.810615199035,3.61881785283474,0.301568154402895,12.2135102533173
06037407202,407202,732,31,947,28,4.23497267759563,4.56181894886697,2.95670538542767,3.94444465756515,1.27826729216796,65.481938828721,96125,14.8786717752235,11.6546150574224,3132,76.9157088122605,2.10727969348659,0,11.1430395913155
06037407301,407301,709,81,1100,64,11.4245416078984,6.61509865577838,5.81818181818182,4.23098356631082,5.60635978971663,35.1991065101645,78167,12.4290732234531,17.1396140749149,3706,69.8866702644361,4.15542363734485,0.539665407447383,23.4484619535888
06037407302,407302,820,70,785,39,8.53658536585366,5.30193700226365,4.96815286624204,3.86901442778716,3.56843249961162,37.7558692301884,92396,12.9978471474704,7.25010725010725,3716,80.1130247578041,2.63724434876211,0.968783638320775,11.0333692142088
06037407400,407400,517,53,448,41,10.2514506769826,9.84144706142698,9.15178571428571,11.909501513884,1.09966496269688,58.3589852699174,128933,3.49770642201835,29.1159772911598,1744,55.9059633027523,3.72706422018349,4.98853211009174,33.8302752293578
06037407501,407501,732,62,1084,60,8.46994535519126,7.64763710746757,5.53505535055351,4.62184444822004,2.93489000463775,54.888423989276,76424,11.8802395209581,14.4048521607278,4175,69.8203592814371,1.05389221556886,0.646706586826347,26.4431137724551
06037407502,407502,887,58,1187,64,6.53889515219842,4.43899540459314,5.39174389216512,4.41488794723188,1.1471512600333,41.268094789583,115061,7.8129375525063,10.8378170637971,3622,81.225842076201,5.96355604638321,0.690226394257316,11.4577581446715
06037407601,407601,954,126,1279,53,13.2075471698113,10.9409508631788,4.14386239249414,4.64036350629347,9.06368477731719,50.3578285495854,75370,9.96389891696751,9.81884057971014,4182,84.9115255858441,1.02821616451459,1.72166427546628,11.8364418938307
06037407602,407602,969,97,1234,181,10.0103199174407,5.9558918038698,14.6677471636953,9.69319691813415,-4.65742724625464,36.168703399554,105240,12.0655898188938,13.0147058823529,4086,76.2114537444934,6.75477239353891,3.9647577092511,11.1600587371512
06037407701,407701,954,43,1272,84,4.50733752620545,4.08408682296966,6.60377358490566,5.22761257790856,-2.09643605870021,55.0819089434234,56950,14.6369751797727,10.6003430531732,4311,76.7803293899327,1.50777081883554,4.24495476687544,15.8431918348411
06037407702,407702,1694,154,1906,108,9.09090909090909,5.64565273962724,5.66631689401889,3.15032839795717,3.4245921968902,37.7520851889967,93388,11.3656918902623,18.8132847306602,6642,70.8822643781993,2.81541704305932,0.0602228244504667,22.2824450466727
06037407801,407801,1094,128,1350,61,11.7001828153565,8.68465969968307,4.51851851851852,4.37187254922329,7.18166429683797,45.1226145110813,96809,5.3156146179402,17.5949367088608,4822,62.2978017420158,14.6619659892161,1.09912899211945,21.5263376192451
06037407802,407802,758,21,1032,23,2.77044854881267,3.24644315740537,2.22868217054264,2.51875274087665,0.54176637827003,71.2347347897893,118594,4.53686200378072,17.1099290780142,3218,67.4953387197017,5.62461155997514,0.963331261653201,21.6904909881914
06037407901,407901,1033,20,1135,6,1.93610842207164,3.34966357127682,0.52863436123348,1.56506881934373,1.40747406083816,105.173327329148,111615,4.29594272076372,19.1830780452225,4195,75.0417163289631,6.6746126340882,2.09773539928486,13.015494636472
06037407902,407902,315,25,587,11,7.93650793650794,9.09818923956251,1.87393526405451,3.72388437060832,6.06257267245342,69.6882580051596,95887,10.6435643564356,29.6404988994864,1643,33.2318928788801,7.06025562994522,1.88679245283019,51.8563603164942
06037408003,408003,1083,39,1312,46,3.601108033241,3.21595815268846,3.50609756097561,3.36868379943121,0.0950104722653875,54.2885617545258,109221,10.4370515329419,25.8238466147394,4637,62.4757386241104,4.16217381927971,3.5799007979297,27.4746603407375
06037408004,408004,550,13,676,37,2.36363636363636,3.39286976991395,5.47337278106509,5.28007950322293,-3.10973641742873,87.2610883073496,81250,16.750208855472,48.3108108108108,2394,42.8989139515455,7.10108604845447,14.828738512949,29.9081035923141
06037408005,408005,1332,103,1436,91,7.73273273273273,4.21491431005803,6.33704735376045,5.19497416643849,1.39568537897229,33.1352191754791,120956,5.84806318164724,47.3005640612409,5318,49.2290334712298,10.5866867243325,0.432493418578413,38.8679954870252
06037408006,408006,915,60,985,71,6.55737704918033,5.84043418355278,7.20812182741117,5.96470535552123,-0.650744778230839,54.1438427350638,84130,6.81114551083591,33.4132693844924,3970,49.823677581864,8.16120906801008,0.251889168765743,40.831234256927
06037408133,408133,1536,44,1618,21,2.86458333333333,2.59665281613176,1.29789864029666,1.91717789212798,1.56668469303667,55.1044311353742,101378,8.00687285223368,25.3983582810237,5822,54.7406389556853,4.72346272758502,11.2504294057025,25.7128134661628
06037408134,408134,755,46,721,23,6.09271523178808,6.00747362587342,3.19001386962552,5.21838432644527,2.90270136216256,59.9397725325021,111780,10.530303030303,42.8307976025818,2687,25.9024934871604,10.5694082620022,0.707108299218459,58.2061778935616
06037408135,408135,1386,113,1022,23,8.15295815295815,5.38532709806516,2.25048923679061,2.45194764857817,5.90246891616755,40.1541994131765,89563,21.5291750503018,39.9144254278729,4479,32.5072560839473,9.1315025675374,2.00937709310114,53.9852645679839
06037408136,408136,925,46,979,114,4.97297297297297,4.51947076211355,11.6445352400409,7.36724366758004,-6.67156226706789,55.2466030785652,128359,8.45303867403315,36.5729898516784,3620,48.8121546961326,5.38674033149171,5.96685082872928,36.9613259668508
06037408137,408137,1052,0,1217,65,0,1.33079847908745,5.34100246507806,5.72510304680304,-5.34100246507806,,90091,13.1456548347613,29.7957817207901,4085,45.0183598531212,2.66829865361077,6.11995104039168,39.3635250917993
06037408138,408138,1042,66,1373,56,6.33397312859885,7.11484884047381,4.07865986890022,5.69012354953441,2.25531325969863,68.2847240653376,81941,7.89905621665983,9.69592656339644,4893,85.0194154915185,5.76333537706928,1.32842836705498,7.43919885550787
06037408139,408139,971,82,1216,117,8.44490216271885,5.58427523819796,9.62171052631579,5.89733615360217,-1.17680836359694,40.1981707783396,107050,12.937595129376,13.5904830569575,4033,87.9494173072155,0.074386312918423,0.0247954376394743,11.8274237540293
06037408140,408140,977,55,914,26,5.62947799385875,3.76664214400102,2.84463894967177,3.38024827524451,2.78483904418698,40.6743230139707,77991,6.36942675159236,9.0513068731849,3317,93.8498643352427,1.47723846849563,0,4.67289719626168
06037408141,408141,967,123,1251,186,12.7197518097208,7.17571446125516,14.8681055155875,8.83882699872267,-2.14835370586674,34.2941946970803,102917,18.4600197433366,12.4350408314774,4102,86.518771331058,1.24329595319356,0.975134080936129,11.0190151145783
06037408212,408212,1149,50,994,89,4.35161009573542,3.18210916837173,8.95372233400402,5.79258395714434,-4.6021122382686,44.4528077137887,81944,10.265332753371,37.7119862029319,4599,35.7034137856056,4.0661013263753,1.17416829745597,57.4472711459013
06037408213,408213,1379,86,1676,152,6.23640319071791,3.95792142778567,9.06921241050119,5.4542741179649,-2.83280921978328,38.5804315325966,78574,14.3280815569972,25.792507204611,5469,32.931066008411,6.38142256353995,1.95648198939477,55.6043152313037
06037408301,408301,1418,112,1649,157,7.8984485190409,5.24210007445264,9.52092177077016,6.06748519900664,-1.62247325172926,40.3457333129279,80754,19.3138500635324,17.1127123005661,5524,85.065170166546,3.00506879073135,1.41202027516293,9.59449674149167
06037408302,408302,704,65,953,65,9.23295454545454,11.1515927161373,6.8205666316894,6.22644865037044,2.41238791376514,73.4226913459029,88068,8.5679685134726,25.7914338919926,3303,82.8035119588253,5.17711171662125,4.51105056009688,7.02391765062065
06037408303,408303,1023,28,1074,12,2.73704789833822,2.8629005257122,1.11731843575419,2.03068835522771,1.61972946258403,63.5854806296912,119375,5.14372163388805,29.8136645962733,4035,80.6195786864932,4.63444857496902,1.43742255266419,12.094175960347
06037408401,408401,915,69,1272,42,7.54098360655738,5.48139076525662,3.30188679245283,4.09173231773325,4.23909681410455,44.1872388900032,102500,9.80805243445693,18.4022381100404,4305,63.1358885017422,8.22299651567944,0.209059233449477,25.0406504065041
06037408402,408402,1409,85,1515,87,6.03264726756565,4.63696685875398,5.74257425742574,4.37889677696755,0.290073010139907,46.7261670229527,109828,12.1713246237804,24.2118277354214,6152,58.2249674902471,19.6521456436931,0.666449934980494,20.8875162548765
06037408503,408503,1576,53,1698,112,3.36294416243655,3.14141755764646,6.59599528857479,6.40117077155122,-3.23305112613825,56.7858470017873,145921,7.21212121212121,47.5085737341134,6604,36.084191399152,15.5966081162932,1.18110236220472,42.4591156874622
06037408504,408504,1225,142,1674,63,11.5918367346939,5.21159896761075,3.76344086021505,2.85809334798763,7.82839587447882,27.3308306662236,100227,8.90793887439433,26.9334049409237,5366,58.4606783451361,8.60976518822214,0.465896384644055,31.8859485650391
06037408505,408505,469,8,634,33,1.70575692963753,3.91379756384498,5.20504731861199,6.02536908696148,-3.49929038897446,139.481083392348,114850,8.77118644067797,34.7917764891935,2360,42.0338983050848,8.00847457627119,0.38135593220339,48.728813559322
06037408623,408623,705,37,891,29,5.24822695035461,3.55900164622521,3.25476992143659,3.1488972547297,1.99345702891802,41.2239572921839,110141,6.36246786632391,46.1328480436761,3112,20.0514138817481,12.0501285347044,5.33419023136247,61.6002570694088
06037408624,408624,700,35,921,5,5,6.23369710459505,0.542888165038002,1.92975604912578,4.457111834962,75.7896304510037,118977,9.7799511002445,46.9819300269127,3273,30.1558203483043,11.5795905896731,0.0305530094714329,55.0259700580507
06037408625,408625,908,9,902,52,0.991189427312775,2.16977905399981,5.7649667405765,4.4805197601055,-4.77377731326372,133.073919691444,132273,9.54692556634304,51.4480408858603,3708,32.2006472491909,8.79180151024811,1.40237324703344,56.5533980582524
06037408626,408626,941,62,1117,25,6.58873538788523,6.07703253212801,2.23813786929275,2.40810342141044,4.35059751859248,56.0691010170846,105500,9.31293612453033,49.5779220779221,3726,19.0284487385937,4.99194847020934,2.4422973698336,72.5711218464842
06037408627,408627,666,5,751,79,0.750750750750751,2.36415692770993,10.5193075898802,6.70290935768622,-9.76855683912941,191.43203815864,94353,10.5065666041276,44.2227378190255,2665,21.5009380863039,8.25515947467167,0.975609756097561,68.1801125703565
06037408628,408628,1262,25,1259,48,1.98098256735341,2.37319235883897,3.81254964257347,3.40922384055844,-1.83156707522006,72.8259880086267,88021,13.0331319787662,55.5668530757499,5463,19.9707120629691,6.29690646165111,0.787113307706389,70.6022332051986
06037408629,408629,769,48,786,103,6.24187256176853,4.76408800560838,13.1043256997455,7.28547661895731,-6.86245313797702,46.3979695581667,117500,9.90752972258917,43.9109559144478,3028,39.2668428005284,11.2945838837517,0.198150594451783,47.1598414795244
06037408631,408631,1167,93,1489,48,7.96915167095116,4.8847876269863,3.22364002686367,2.80583317081802,4.74551164408749,37.262131324594,110536,18.5120093731693,16.5315197488883,5121,48.2913493458309,12.0289006053505,0,38.605741066198
06037408703,408703,1302,117,1381,86,8.98617511520737,5.29198612973156,6.22737146994931,3.93603519367406,2.75880364525806,35.7995788372457,127500,10.6083364626361,53.6936511682795,5326,13.4434847915884,8.97484040555764,1.37063462260608,73.7514081862561
06037408705,408705,1285,59,1271,76,4.59143968871595,4.10290564296956,5.97954366640441,4.59818963424209,-1.38810397768845,54.3221240658996,81771,10.9886002616333,32.2689075630252,5403,17.823431426985,7.40329446603739,0.333148250971682,72.9779751989635
06037408707,408707,1792,130,1568,137,7.25446428571429,4.09960718930393,8.73724489795918,4.96856818653851,-1.4827806122449,34.3535005061148,134400,5.51053484602917,54.1405023547881,6839,9.92835209825998,10.4547448457377,0.84807720426963,75.7128235122094
06037408722,408722,789,19,1153,86,2.40811153358682,3.4744034527561,7.45880312228968,5.06694518246258,-5.05069158870286,87.7077051423632,100538,19.1801619433198,26.4273101824603,3963,24.8296744890235,9.96719656825637,0.176633863234923,61.9480191773909
06037408724,408724,1170,120,1913,0,10.2564102564103,6.79830322885406,0,0.993204391008886,10.2564102564103,40.2938945175241,70396,15.779679940454,16.1876832844575,5389,67.3408795694934,1.52161811096678,0,28.5767303766933
06037408725,408725,1326,56,1400,96,4.22322775263952,3.42801414539026,6.85714285714286,4.21412770371366,-2.63391510450334,49.3437555013838,66681,15.865712338105,35.066324347454,5868,31.5780504430811,6.78254942058623,4.61826857532379,55.4362644853442
06037408800,408800,1220,86,1451,133,7.04918032786885,4.50803164640296,9.16609235010338,5.50769141488106,-2.11691202223452,38.876076967637,49912,19.411894760115,25.5950440169547,4760,70.2941176470588,7.81512605042017,11.1974789915966,8.67647058823529
06037408900,408900,1172,107,1329,49,9.1296928327645,8.20582014920346,3.6869826937547,5.46279461023631,5.4427101390098,54.6386456544411,84583,9.77794364620265,29.887482419128,5462,40.6810692054193,38.7770047601611,0.87879897473453,14.0790919077261
06037409000,409000,2142,77,1952,208,3.59477124183007,3.19866358240273,10.655737704918,7.0335409504903,-7.06096646308797,54.0917964197423,79092,26.6044029352902,17.710663683818,7618,75.6235232344447,14.1113153058546,3.6886321869257,5.01443948542925
06037409100,409100,1319,24,1515,136,1.81956027293404,2.34435180666054,8.97689768976898,4.50528253444888,-7.15733741683494,78.3232024565666,98542,17.1696724328303,18.7582215206525,5449,58.7630757937236,5.74417324279684,2.00036703982382,29.6201137823454
06037430003,430003,1242,14,1469,80,1.12721417069243,1.74675168629623,5.44588155207624,3.79707230386179,-4.31866738138381,94.201719252276,138657,3.05159606504718,41.9389110225764,4981,37.7233487251556,31.6402328849629,0.782975306163421,20.3975105400522
06037430004,430004,876,7,890,49,0.799086757990868,2.09791363527647,5.50561797752809,6.64756679246084,-4.70653121953722,159.598119366234,99978,5.37666174298375,35.2706138757719,3433,38.5377221089426,36.1491406932712,5.06845324788815,14.9140693271191
06037430005,430005,1204,211,1087,105,17.5249169435216,20.1211395721216,9.65961361545538,7.02938688445002,7.86530332806622,69.7960271534722,108396,9.66850828729282,45.9157626037013,3982,50.2260170768458,13.360120542441,5.44952285283777,25.9919638372677
06037430101,430101,1189,21,1240,13,1.76619007569386,2.42586691526263,1.04838709677419,1.63937798977926,0.717802978919667,83.4956075335726,63584,17.9066297164784,27.893175074184,4850,44.1443298969072,26.5567010309278,8.47422680412371,16.6185567010309
06037430102,430102,1152,100,1469,62,8.68055555555556,6.32826738143298,4.22055820285909,5.18861111522347,4.45999735269647,44.3171065252936,102917,5.77156743620899,18.9769497947584,4938,73.2077764277035,11.6443904414743,0.931551235317943,11.9886593762657
06037430200,430200,218,25,265,12,11.4678899082569,9.44436004029664,4.52830188679245,6.67950678372941,6.93958802146443,50.0637200920284,131159,4.73790322580645,62.8507295173962,1041,15.4658981748319,52.7377521613833,3.1700288184438,27.76176753122
06037430301,430301,1040,4,1102,48,0.384615384615385,1.46197793398105,4.3557168784029,3.28781538068023,-3.97110149378752,231.072500203692,147236,4.43438914027149,56.0300751879699,4426,26.4572977858111,53.8409399005874,0.768187980117488,12.6525079078174
06037430302,430302,1233,71,1333,106,5.75831305758313,4.60293195014693,7.95198799699925,5.841869987895,-2.19367493941612,48.5929628368608,103512,5.69286871961102,52.3988206915036,4950,20.7474747474748,50.7070707070707,1.31313131313131,17.4141414141414
06037430400,430400,984,7,1078,31,0.711382113821138,1.86460510698326,2.87569573283859,3.03366324344218,-2.16431361901745,159.337509793446,182292,4.66714048803601,65.4701397712834,4221,19.3319118692253,22.0563847429519,1.32669983416252,54.6316038853352
06037430501,430501,1160,38,1355,47,3.27586206896552,2.49940987137732,3.46863468634686,2.57073030572861,-0.192772617381346,46.3816261525787,195199,3.81788000948542,66.0074165636588,4231,13.4719924367762,58.3786338926968,9.90309619475301,12.9047506499645
06037430502,430502,1873,19,1755,57,1.01441537640149,1.97451189861411,3.24786324786325,3.10666286097314,-2.23344787146175,118.325413089241,113965,5.07050705070507,62.7703984819734,6709,20.688627217171,47.2499627366225,4.54613206141005,19.809211506931
06037430600,430600,918,38,1073,26,4.13943355119826,3.65735167995975,2.42311276794035,2.96908586492495,1.7163207832579,53.7105877812038,173125,8.86499402628435,72.991967871486,4194,11.444921316166,26.5855984740105,0,51.0014306151645
06037430701,430701,1163,29,1075,47,2.49355116079106,2.59882436563608,4.37209302325581,3.20888045272529,-1.87854186246476,63.3567285868306,104194,6.25,58.3700440528634,4775,20.544502617801,26.8900523560209,0.272251308900524,46.9528795811518
06037430721,430721,746,54,960,214,7.23860589812333,5.13758246802842,22.2916666666667,19.8675677743959,-15.0530607685433,43.1457449189373,82115,12.9726406394098,60.6518282988871,3354,15.8616577221228,22.0333929636255,8.8252832438879,50.8050089445438
06037430723,430723,1295,72,1420,147,5.55984555984556,4.53681579727377,10.3521126760563,7.96945542271842,-4.79226711621078,49.6046644500973,90435,5.21152667075414,45.794930875576,4893,27.2225628448804,18.5162477007971,0.653995503780912,43.0002043735949
06037430724,430724,1096,31,1579,105,2.82846715328467,2.99643672539653,6.64977834072198,4.64408913380579,-3.82131118743731,64.4003265228864,105644,13.249389212554,51.4152168267982,5396,19.8295033358043,16.1045218680504,1.18606375092661,55.4299481097109
06037430801,430801,1914,214,1544,35,11.1807732497388,14.2681381801119,2.26683937823834,3.0263514187256,8.91393387150043,77.576389730234,96042,11.6549789621318,52.145423800465,7166,24.8674295283282,6.96343845939157,2.6374546469439,61.9452972369523
06037430802,430802,841,72,913,67,8.56123662306778,7.18486525259706,7.33844468784228,8.55607837805029,1.2227919352255,51.0171536426387,138333,5.48703750314624,68.1579867179308,3973,8.58293480996728,14.1454820035238,0,73.3199093883715
06037430803,430803,1041,41,1246,39,3.93852065321806,3.98304130671439,3.13001605136437,2.7178533378942,0.808504601853694,61.4774408820473,109896,5.84727832275438,54.8362528560548,5215,19.0412272291467,12.1188878235858,0,65.4074784276127
06037430901,430901,1300,129,1140,14,9.92307692307692,9.74963512194323,1.2280701754386,1.89429983514863,8.69500674763833,59.7277427889362,85560,9.52607763753275,34.6286107290234,4209,58.9688762176289,15.8945117605132,4.91803278688525,11.784271798527
06037430902,430902,1319,58,1470,82,4.3972706595906,6.46076052596389,5.57823129251701,4.14108512880949,-1.18096063292641,89.3170855648923,103021,6.24618514750763,43.4210526315789,5034,48.3512117600318,17.4215335717124,5.4429876837505,23.5995232419547
06037431002,431002,840,0,739,70,0,1.66666666666667,9.4722598105548,6.35878311041096,-9.4722598105548,,88700,8.41568377430666,35.4472910541789,3146,33.9160839160839,39.0972663699936,6.16656071201526,15.8614113159568
06037431003,431003,1118,32,994,7,2.86225402504472,3.08477067506384,0.704225352112676,1.7830975346842,2.15802867293205,65.5162160851324,89099,27.3357901582484,43.1853950267548,4613,55.907218729677,18.7296769997832,8.49772382397572,12.4864513331888
06037431004,431004,928,19,914,114,2.04741379310345,3.7348027486695,12.472647702407,8.50594326890838,-10.4252339093036,110.89095987091,84833,11.7590822179732,46.9147005444646,3138,47.195666029318,28.7762906309751,1.37029955385596,21.7335882727852
06037431100,431100,2091,56,1993,134,2.67814442850311,2.6795288275849,6.72353236327145,5.31449823490257,-4.04538793476834,60.8216975518892,82091,9.39762327550881,32.4414715719064,7322,58.6724938541382,14.0945096968042,10.2294455066922,10.4069926249659
06037431200,431200,1566,95,1680,138,6.06641123882503,3.76532309422651,8.21428571428571,4.6118469452411,-2.14787447546068,37.7315371336344,93750,7.68745067087609,23.0242119689356,6523,74.8275333435536,10.2866779089376,4.84439674996167,6.4694159129235
06037431300,431300,710,46,764,61,6.47887323943662,4.76896026580359,7.98429319371728,4.92285712864859,-1.50541995428066,44.7464224754929,97083,7.5516693163752,50.5933117583603,2565,42.1832358674464,26.1988304093567,4.60038986354776,21.5204678362573
06037431400,431400,856,67,938,29,7.82710280373832,8.88874037833436,3.09168443496802,4.56234362408563,4.7354183687703,69.035628216252,107222,8.77433506992048,35.7507288629738,3647,29.1198245132986,24.9794351521799,0.329037565122018,40.6361392925692
06037431501,431501,757,24,1013,0,3.17040951122853,3.54005842359473,0,1.38203356367226,3.17040951122853,67.8780199255625,64931,8.07776560788609,30.4624073420402,3734,32.2442420996251,16.9791108730584,1.20514193893948,48.1788966256026
06037431502,431502,1129,39,1287,44,3.45438441098317,3.84449741380275,3.41880341880342,2.70287835547123,0.0355809921797521,67.6554840648945,88229,13.9549702633815,34.1875528020276,4758,35.5821773854561,14.0184951660362,0.94577553593947,46.5741908364859
06037431600,431600,842,43,957,51,5.10688836104513,3.98712536268711,5.32915360501567,3.88908472365251,-0.222265243970543,47.4610808706092,120511,8.5795016696635,57.2815533980583,3941,13.8289774168993,11.2661760974372,2.41055569652373,68.1806648058868
06037431701,431701,1343,102,1477,0,7.59493670886076,6.47851701994549,0,1.2863913337847,7.59493670886076,51.8543915476894,117887,8.74272786037492,61.87527642636,6188,6.49644473173885,13.1060116354234,0.96961861667744,72.6729153199741
06037431800,431800,1280,31,1056,38,2.421875,2.77467008991775,3.59848484848485,3.86635520987475,-1.17660984848485,69.6456067280071,83021,9.40674522551808,44.3129062209842,5162,13.0182099961255,22.5493994575746,2.4602867105773,59.9573808601317
06037431900,431900,925,83,1095,125,8.97297297297297,10.3851143356172,11.4155251141553,9.33965423120195,-2.44255214118228,70.3572765990103,95066,4.36341900777047,47.8440194975628,3346,17.0053795576808,12.0143454871488,0,69.3962940824866
06037432001,432001,488,44,572,40,9.01639344262295,6.53531229648052,6.99300699300699,5.40442706512808,2.02338644961596,44.0623431981555,119875,4.59486166007905,43.7431394072448,2332,17.7958833619211,17.7958833619211,1.84391080617496,59.5197255574614
06037432002,432002,1035,149,1601,112,14.3961352657005,8.4202998229759,6.99562773266708,3.79929703555155,7.4005075330334,35.5562322954654,108197,10.604929051531,49.9458288190683,5356,16.5608663181479,17.5877520537715,0.130694548170276,62.4533233756535
06037432101,432101,1218,41,1431,56,3.36617405582923,2.52739707544316,3.91334730957373,3.24942932701005,-0.547173253744496,45.6426664376865,134556,5.85294730264528,40.132336018412,4843,20.9374354738798,7.90832128845757,0.557505678298575,65.6411315300434
06037432102,432102,1365,58,1441,142,4.24908424908425,4.17197217914443,9.85426786953504,5.99569466984701,-5.6051836204508,59.6870561212886,102500,5.6776873809936,39.9948888320981,5793,15.2080096668393,11.2894873122734,0.414293112377007,71.1893664767823
06037432201,432201,1013,30,1796,106,2.96150049358342,4.32941097201835,5.90200445434298,2.67416575293118,-2.94050396075957,88.869165443862,118179,8.93719806763285,36.8248772504092,4638,12.4191461836999,6.14489003880983,0,74.9245364381199
06037432202,432202,968,57,962,130,5.88842975206612,4.05147579654152,13.5135135135135,8.62049745929653,-7.6250837614474,41.8261459078781,90516,6.84769775678867,30.758524704245,3408,22.7992957746479,2.40610328638498,0.96830985915493,73.8262910798122
06037432300,432300,938,57,915,8,6.07675906183369,5.76642155435118,0.87431693989071,2.00675609144073,5.20244212194298,57.68574007339,86513,8.96956753870795,23.9366138448707,3749,53.2408642304615,5.0413443584956,0.0266737796745799,40.7842091224327
06037432401,432401,733,26,921,48,3.54706684856753,4.09689718660866,5.21172638436482,4.38616621364632,-1.66465953579729,70.2133653912591,90018,9.15226781857451,20.6122448979592,3785,67.001321003963,2.03434610303831,0.264200792602378,27.3976221928666
06037432402,432402,1309,60,1480,45,4.58365164247517,4.83956473652102,3.04054054054054,3.18500040645553,1.54311110193463,64.184298278683,66948,17.8707916287534,20.8034051609471,5529,59.9385060589618,3.56303128956412,0,35.0334599385061
06037432501,432501,854,76,1196,31,8.89929742388759,6.39471736511184,2.59197324414716,3.16572465469267,6.30732417974043,43.68171996325,85533,14.0746306035562,26.1836669844296,4154,54.260953298026,7.34232065479056,0.337024554646124,37.4097255657198
06037432502,432502,1082,84,1207,49,7.7634011090573,7.82152033000827,4.05965202982602,5.40533688246839,3.70374907923129,61.2453683388981,127188,6.38908829863604,22.0440881763527,4179,63.1012203876526,8.7341469251017,0,24.3359655419957
06037432601,432601,1421,74,1914,160,5.20760028149191,5.12292817091441,8.3594566353187,5.07642290120244,-3.1518563538268,59.8018642148145,84479,21.2279355333845,17.2133054198651,6515,62.0721412125863,5.80199539524175,2.57866462010744,27.1834228702993
06037432602,432602,790,24,1312,131,3.0379746835443,3.3803513745519,9.98475609756098,5.23844453650091,-6.94678141401667,67.6412762385006,82699,12.056230640934,16.8756027000964,4198,55.9552167698904,2.88232491662697,0.0238208670795617,39.3282515483564
06037432700,432700,1124,57,1402,95,5.0711743772242,3.46829635247751,6.77603423680457,4.92610296328471,-1.70485985958037,41.5759089232093,64864,21.0355285961872,13.2425742574257,4630,66.2419006479482,4.2548596112311,0,29.3304535637149
06037432801,432801,400,18,492,6,4.5,5.16339262864059,1.21951219512195,3.26182670752164,3.28048780487805,69.752011194064,40543,27.3712737127371,14.619532654284,2224,61.4658273381295,0.494604316546763,0,37.410071942446
06037432802,432802,1126,85,1658,228,7.54884547069272,5.6385243198976,13.751507840772,8.0551132519081,-6.2026623700793,45.4066038562825,63321,24.1391941391941,9.14737436476567,5501,80.0763497545901,1.59970914379204,0.945282675877113,13.3975640792583
06037432901,432901,1203,100,1147,18,8.31255195344971,5.42550959052218,1.5693112467306,2.94244001306421,6.74324070671911,39.6771309264327,64214,19.9907450254512,15.9480025364616,4351,43.0935417145484,2.98781889220869,0.0919328889910365,53.4130085037922
06037432902,432902,592,62,893,62,10.472972972973,9.5042645760554,6.94288913773796,5.27517368943208,3.53008383523501,55.167414736982,84044,7.58788722589628,18.7996469549868,2959,35.2821899290301,1.82494085839811,0.675904021628929,59.4795539033457
06037433103,433103,1312,77,1946,136,5.86890243902439,4.24655802170884,6.98869475847893,3.69555770533858,-1.11979231945454,43.985979745644,66369,12.0557156580211,15.800960279354,6311,53.6048169862146,1.64791633655522,0.364443035968943,43.9549992077325
06037433200,433200,1291,97,1518,78,7.5135553834237,5.43212507018329,5.13833992094862,3.78389406970451,2.37521546247509,43.9499480813877,58963,15.1957417582418,14.9671052631579,5915,63.7700760777684,3.71935756551141,0.946745562130177,29.9408284023669
06037433302,433302,377,61,488,18,16.1803713527851,12.2051988965472,3.68852459016393,4.54025473732393,12.4918467626212,45.8553987144183,59375,3.21074138937537,14.1666666666667,1713,64.0980735551664,2.1015761821366,0,32.5744308231173
06037433304,433304,981,34,920,87,3.46585117227319,3.64080286949703,9.45652173913044,6.63469186095176,-5.99067056685725,63.8588881633576,53200,18.6599423631124,13.7843704775687,4317,67.4079221681724,2.36275191104934,0.555941626129257,28.746814917767
06037433305,433305,1061,53,1265,132,4.99528746465599,4.67256173325369,10.4347826086957,7.16212553402606,-5.43949514403967,56.8628548372102,66218,14.4117014411701,8.42748091603053,4684,80.6789069171648,2.04953031596926,0.93936806148591,13.8343296327925
06037433306,433306,678,16,690,54,2.35988200589971,3.93733347916243,7.82608695652174,5.87161435538594,-5.46620495062203,101.425231720066,63447,19.3174061433447,12.2399612965651,3075,55.8373983739837,2.27642276422764,2.21138211382114,28.8455284552846
06037433307,433307,600,33,776,41,5.5,7.55960454212609,5.28350515463918,5.6760380124684,0.216494845360825,83.5546232895948,82107,27.0195943623238,22.628510863805,2909,62.2550704709522,0.240632519766243,0,37.1949123410107
06037433402,433402,908,74,1658,99,8.14977973568282,7.11859918007604,5.97104945717732,3.68609431541967,2.1787302785055,53.0985628481808,69487,19.9273038272397,11.0552763819095,4737,84.6105129829006,0.949968334388854,0.591091408064176,12.7295756808106
06037433403,433403,1038,14,1108,0,1.34874759152216,2.48681404674041,0,1.26353790613718,1.34874759152216,112.084801585608,51593,26.3493412664683,8.71428571428571,4706,80.5992350191245,2.40118997025074,0,16.7445813854654
06037433505,433505,765,16,1357,237,2.09150326797386,3.8127314931831,17.4649963154016,12.2754248853833,-15.3734930474278,110.818373567062,62407,15.2114085564173,10.8145106091718,3997,64.9737302977233,1.02576932699525,1.17588191143358,32.399299474606
06037433506,433506,587,97,977,152,16.5247018739353,10.3178166455089,15.5578300921187,15.109627271763,0.966871781816533,37.956684554343,50016,26.7547723935389,3.38839474798814,3405,80.3817914831131,0,0.616740088105727,18.2672540381792
06037433601,433601,1126,74,1282,27,6.57193605683837,6.6263652836037,2.10608424336973,2.30637908319997,4.46585181346863,61.2937427859835,78462,5.64983443708609,20.194072908471,4832,26.8418874172185,3.22847682119205,0.0206953642384106,67.942880794702
06037433602,433602,586,14,703,119,2.38907849829352,3.53788124207718,16.927453769559,11.1079185180195,-14.5383752712655,90.0216416785595,51250,19.5597257307831,22.7118644067797,2771,30.0252616383977,2.995308552869,0,66.1133164922411
06037433803,433803,735,37,870,62,5.03401360544218,5.11775497131791,7.1264367816092,5.07312434918906,-2.09242317616702,61.8015263931433,89735,21.1387038158692,14.1210374639769,3302,65.4149000605694,1.54451847365233,0,32.7680193821926
06037433804,433804,998,106,1309,45,10.6212424849699,6.23684565756776,3.43773873185638,2.67557684507008,7.18350375311356,35.6963466551163,73877,26.8007787151201,7.97833935018051,4649,82.6629382662938,3.11895031189503,1.74231017423102,10.8195310819531
06037433901,433901,1247,28,1487,60,2.24538893344026,2.98892569614862,4.03496973772697,4.36432792187293,-1.78958080428671,80.9203287689391,70313,22.0449172576832,13.4776334776335,5076,70.4688731284476,4.39322301024429,0.275807722616233,24.2710795902285
06037433903,433903,1083,73,1243,74,6.74053554939982,6.87573184235303,5.95333869670153,5.04041983010819,0.787196852698286,62.0095564414234,57065,24.0489886806458,7.87510361978447,5389,85.693078493227,4.37929114863611,0,9.24104657635925
06037434001,434001,1122,168,1194,72,14.9732620320856,9.31718042502048,6.03015075376885,4.69778310329941,8.94311127831672,37.8270243047944,84102,12.3411978221416,20.1757350456235,4463,66.3679139592203,0.829038763163791,0.134438718350885,31.032937485996
06037434003,434003,788,55,1010,32,6.97969543147208,5.05193766907348,3.16831683168317,2.55430464599461,3.81137859978891,44.0002971343454,76930,13.633909287257,8.42988413903316,3786,85.8689910195457,1.29424194400423,0.554675118858954,12.1500264131009
06037434004,434004,654,47,776,54,7.18654434250765,6.37311217740692,6.95876288659794,6.65009194932396,0.227781455909707,53.909530673532,108319,12.5871687587169,8.23970037453184,2868,76.8479776847978,9.93723849372385,1.18549511854951,12.0292887029289
06037434100,434100,1371,64,1475,65,4.66812545587163,3.0033984361803,4.40677966101695,4.04885306748311,0.261345794854678,39.1115050912158,74135,15.1323455968037,15.3166792833712,6025,71.3692946058091,3.00414937759336,0.713692946058091,23.9502074688797
06037460001,460001,391,7,537,19,1.79028132992327,4.85896632623459,3.53817504655494,4.54554977779984,-1.74789371663166,164.989651199108,230714,1.22905027932961,71.865671641791,1790,12.4022346368715,67.0391061452514,0.279329608938548,17.5977653631285
06037460002,460002,664,27,617,36,4.06626506024096,4.80426330984601,5.83468395461913,6.27400830790752,-1.76841889437816,71.8232767699595,162260,4.14035087719298,64.7006651884701,2850,14.0701754385965,45.9298245614035,0,34.1052631578947
06037460101,460101,1243,63,1457,197,5.06838294448914,4.42661403701053,13.5209334248456,7.11919685863868,-8.45255048035643,53.0928860713474,157167,4.43889315910838,70.8502994011976,5204,10.9915449654112,64.7770945426595,6.47578785549577,10.1076095311299
06037460200,460200,1484,93,1405,272,6.26684636118598,6.92650439470339,19.3594306049822,11.2732688004891,-13.0925842437962,67.1891526733983,124855,9.66750993856162,58.3927254853773,5542,25.3338145073981,37.1887405268856,16.9613857813064,8.58895705521472
06037460301,460301,1290,50,1102,86,3.87596899224806,2.84998074007761,7.80399274047187,6.16077352942445,-3.92802374822381,44.6987860753813,154844,3.89221556886228,50.5653266331658,4408,16.1524500907441,29.491833030853,36.4110707803993,6.87386569872958
06037460302,460302,1246,150,1248,121,12.0385232744783,12.8527601473625,9.69551282051282,7.3473022882661,2.34301045396551,64.9018810278165,110952,7.15571557155716,48.9188342212473,4479,34.2263898191561,24.2911364143782,29.1359678499665,2.85778075463273
06037460401,460401,383,23,274,44,6.00522193211488,6.65491308538201,16.0583941605839,12.4578541750351,-10.0531722284691,67.3670334796171,125357,7.35155513666353,58.3333333333333,1061,23.2799245994345,24.7879359095193,32.0452403393026,13.3836003770028
06037460501,460501,868,31,1351,170,3.57142857142857,3.81852541354509,12.5832716506292,6.26320453262877,-9.01184307920059,64.9961772518312,233977,2.83870967741936,75.8514796203239,5425,3.70506912442396,48.7188940092166,0.331797235023041,37.3456221198157
06037460502,460502,1025,18,1217,58,1.75609756097561,3.29714270571007,4.7658175842235,4.49195226346922,-3.00972002324789,114.136145672166,250001,2.63605442176871,83.3277980737297,4711,6.8138399490554,54.3621311823392,0.46699214604118,31.7554659308003
06037460601,460601,1058,19,1400,91,1.79584120982987,2.70372626095769,6.5,5.83575087416402,-4.70415879017013,91.5227126569583,239444,3.28719723183391,69.5940347970174,5202,11.7262591311034,54.4405997693195,0.269127258746636,29.4694348327566
06037460700,460700,779,8,1312,53,1.02695763799743,2.52892035974471,4.03963414634146,3.01564405951484,-3.01267650834403,149.698249258444,220188,5.39482271046335,72.7244291523303,4597,8.91886012616924,58.7339569284316,1.69675875571025,23.5805960408962
06037460800,460800,584,14,773,41,2.3972602739726,4.5727771844902,5.30401034928849,4.55043442230253,-2.90675007531588,115.957528256287,250001,1.3446567586695,76.6005410279531,2826,9.37721160651097,64.1896673743808,1.3446567586695,19.1790516631281
06037460900,460900,1661,69,2181,222,4.15412402167369,4.35291781775342,10.1788170563961,6.99205563401261,-6.02469303472246,63.699365625201,96370,19.4139768097775,30.0823580407456,6457,64.3177946414744,16.7570078984048,10.9493572866656,4.72355583088121
06037461000,461000,1421,13,1562,113,0.91484869809993,2.0371364901006,7.23431498079385,5.42802376608572,-6.31946628269392,135.364552370023,115278,6.95802185163887,31.1819389110226,5304,51.3009049773756,15.1018099547511,27.130467571644,2.526395173454
06037461100,461100,1133,51,1566,66,4.50132391879965,5.68097056268735,4.21455938697318,3.68901222716176,0.286764531826467,76.7213737114818,136336,12.1742367833209,51.3582778062532,5372,41.530156366344,35.4058078927774,10.0148920327625,6.75725986597171
06037461200,461200,1126,48,1223,35,4.26287744227353,3.33644952189917,2.86181520850368,2.73115612224333,1.40106223376986,47.5790547322501,186023,3.88964269561285,66.5200820873644,4424,18.7386980108499,52.1473779385172,15.5289330922242,4.20433996383363
06037461300,461300,1924,8,1390,41,0.415800415800416,1.22308677932456,2.94964028776978,3.24115774714671,-2.53383987196937,178.81603065505,97279,11.286795626577,53.419147224457,6078,19.1839420862126,62.8989799276078,1.66173083251069,6.6962816716025
06037461400,461400,750,43,678,75,5.73333333333333,4.92568899475864,11.0619469026549,6.94606148481269,-5.32861356932153,52.226857228656,98077,5.31548757170172,56.469355683604,2641,26.7322983718289,58.4627035213934,8.02726240060583,4.46800454373343
06037461501,461501,781,15,1012,45,1.92061459667093,3.09362389690697,4.44664031620553,4.4239027469326,-2.5260257195346,97.917741174644,87177,12.2191011235955,43.0498313975272,3560,41.7134831460674,30.7865168539326,9.8876404494382,9.71910112359551
06037461502,461502,1058,47,1423,199,4.44234404536862,3.92422553557746,13.9845397048489,7.35040312492062,-9.54219565948029,53.7001955201572,75275,17.3481085212075,23.5294117647059,5825,56.137339055794,16.9785407725322,18.1287553648069,5.6480686695279
06037461600,461600,1164,191,1505,84,16.4089347079038,12.7484966232935,5.58139534883721,4.20955889880155,10.8275393590666,47.2294278060237,84659,17.0943708609272,38.7445255474453,4846,38.0726372265786,21.481634337598,25.4230293025175,12.2162608336773
06037461700,461700,359,16,379,26,4.45682451253482,5.63402116972662,6.86015831134565,6.53063241088839,-2.40333379881083,76.8470212740068,154926,4.28677014042868,68.3823529411765,1353,27.0509977827051,44.5676274944568,3.03030303030303,17.8861788617886
06037461901,461901,1237,50,1402,63,4.04203718674212,2.88775231262571,4.49358059914408,4.15257635634955,-0.451543412401962,43.4303904038664,70109,27.6116259477675,32.2170542635659,4748,71.5459140690817,13.458298230834,2.21145745577085,7.13984835720303
06037461902,461902,693,48,752,16,6.92640692640693,5.09019285391262,2.12765957446809,3.28013967465173,4.79874735193884,44.6745649412544,104750,24.734381640459,55.6351480420248,2360,24.7457627118644,42.8389830508475,6.1864406779661,19.2796610169492
06037462001,462001,1302,54,1307,67,4.14746543778802,4.97753495587629,5.12624330527927,4.68637032599568,-0.978777867491247,72.9567771310473,85000,19.0158093965709,35.373924553276,4491,72.1220218214206,9.26297038521487,8.83990202627477,7.37029614785126
06037462002,462002,697,64,1154,10,9.18220946915351,7.35106892699609,0.866551126516464,2.25389064704303,8.31565834263705,48.6673161295239,50240,34.1932087391419,19.8470038249044,3799,66.333245590945,7.15977888918136,19.1102921821532,6.42274282705975
06037462100,462100,1241,72,1402,114,5.80177276390008,3.85337342718193,8.13124108416548,4.89205739723079,-2.3294683202654,40.3751808775141,100516,8.45579923129098,37.2920825016633,4461,55.7498318762609,23.2683254875588,6.29903609056265,6.88186505267877
06037462201,462201,1006,148,1163,63,14.7117296222664,7.9801878992337,5.41702493551161,4.03469419413551,9.29470468675479,32.9748994768303,43167,29.2895254142095,43.705941591138,3573,38.4830674503219,36.1880772460118,7.19283515253289,15.6171284634761
06037462202,462202,936,78,1291,29,8.33333333333333,6.98546036278648,2.24632068164214,2.54863987032267,6.0870126516912,50.9577655643999,103963,18.3396464646465,67.07410236822,3302,22.6226529376136,42.2471229557844,4.75469412477287,24.2277407631738
06037462301,462301,1339,98,1200,6,7.31889469753547,5.2777746952604,0.5,1.43045416981616,6.81889469753547,43.8368607217523,90030,12.8972396195778,45.7245724572457,4311,48.5502203665043,18.7195546276966,12.8972396195778,10.461609835305
06037462302,462302,821,17,1774,50,2.07064555420219,2.83850596742658,2.8184892897407,2.98133842641408,-0.747843735538507,83.3332164940897,81829,16.4856585909217,45.7235654998196,3591,38.7635756056809,26.8727373990532,8.8833194096352,16.5413533834586
06037462400,462400,977,18,1060,15,1.84237461617196,2.69773904453658,1.41509433962264,2.26397028685257,0.427280276549314,89.013544292882,153333,12.9205921938089,59.0035587188612,3720,33.252688172043,42.8494623655914,5.10752688172043,11.9623655913979
06037462500,462500,1808,20,1716,36,1.10619469026549,2.04618006590013,2.0979020979021,2.60417770391827,-0.991707407636611,112.446612740044,128214,5.4445107398568,64.1169403283941,6825,19.9120879120879,51.1501831501832,3.61904761904762,18.8864468864469
06037462600,462600,534,94,696,39,17.6029962546817,14.0113321575483,5.60344827586207,5.1379188093009,11.9995479788196,48.3868031567666,122500,10.8256107834878,68.3134582623509,2376,19.4444444444444,54.2929292929293,2.52525252525253,12.4158249158249
06037462700,462700,1520,20,2063,394,1.31578947368421,2.43078892336643,19.0984003877848,8.5331442357307,-17.7826109141006,112.303925942765,72750,14.8743016759777,56.4475201845444,5825,30.1802575107296,31.1587982832618,7.75965665236052,20.755364806867
06037462800,462800,871,28,760,44,3.21469575200919,3.3258237064651,5.78947368421053,6.69729129881401,-2.57477793220134,62.8917162034542,119375,16.6204024982651,51.9514310494363,2882,33.3102012491326,35.7390700902151,9.16030534351145,17.2102706453851
06037462900,462900,806,57,1193,47,7.07196029776675,6.32941223788069,3.93964794635373,2.94935439391584,3.13231235141302,54.4073616352779,128632,4.64928782585327,52.6582278481013,3721,31.5775329212577,31.4700349368449,7.73985487772104,22.3058317656544
06037463000,463000,646,14,771,0,2.1671826625387,4.26220312573637,0,1.81582360570687,2.1671826625387,119.556370787047,125598,4.27745664739884,64.7116806308527,2631,22.9190421892816,35.6138350437096,7.37362219688331,26.6438616495629
06037463103,463103,1249,68,1605,46,5.44435548438751,4.59230783553586,2.86604361370717,2.70882551964479,2.57831187068035,51.276528576652,109136,9.27249404434671,56.754130223518,5479,34.1485672567987,27.8152947618179,3.28527103486038,31.976638072641
06037463200,463200,826,19,1160,77,2.30024213075061,3.260103073388,6.63793103448276,6.33798894209067,-4.33768890373215,86.1572592743078,106105,9.62894817540632,64.741641337386,3291,23.0325129140079,40.7778790641143,2.67395928289274,24.6733515648739
06037463300,463300,458,12,686,0,2.62008733624454,3.99811047133761,0,2.04081632653061,2.62008733624454,92.7626441678128,123317,7.40354535974974,64.7058823529412,1918,18.1960375391032,43.3785192909281,1.09489051094891,30.3962460896768
06037463400,463400,1622,75,1668,44,4.62392108508015,4.24909397517587,2.6378896882494,3.25911513743413,1.98603139683075,55.8624553413193,125769,13.8034112889045,65.7403290351267,5687,20.1688060488834,34.4645683136979,8.00070335853702,28.0464216634429
06037463500,463500,1555,118,1959,110,7.58842443729904,7.73967591972935,5.61510974987238,5.9882137133153,1.97331468742665,62.0019373302722,80363,11.076011846002,74.8798380976474,6064,19.1952506596306,43.6345646437995,3.38060686015831,21.2071240105541
06037463601,463601,2387,48,1960,146,2.01089233347298,2.17562753251079,7.44897959183674,6.24868874021654,-5.43808725836376,65.7703004065761,83083,14.2161482877788,71.0615153788447,6416,16.3497506234414,46.8360349127182,6.46820448877806,25.3740648379052
06037463602,463602,2100,113,1572,72,5.38095238095238,4.52256314623413,4.58015267175573,5.80389067624074,0.800799709196657,51.0927864383446,115699,21.0526315789474,68.0088584658748,5833,15.4980284587691,37.836447797017,11.983541916681,30.3274472827019
06037463700,463700,1222,38,1194,17,3.10965630114566,3.74052337899033,1.42378559463987,2.00619006277526,1.6858707065058,73.1230134238711,188403,3.93679700053562,75.4782063342741,3734,16.5506159614355,55.4097482592394,4.04392072844135,22.1746116764863
06037463800,463800,993,54,1129,0,5.4380664652568,4.76552403634209,0,1.2400354295837,5.4380664652568,53.2721531924766,215714,3.92504431501646,77.4313791934937,3978,21.342383107089,49.6480643539467,2.84062342885872,14.8818501759678
06037463900,463900,851,50,720,39,5.87544065804935,5.74004470892189,5.41666666666667,6.22144906220745,0.458773991382687,59.3893987512769,132163,3.29824561403509,72.8260869565217,3007,14.100432324576,57.2996341868972,1.72929830395743,18.623212504157
06037464000,464000,1621,197,1909,133,12.1529919802591,7.9478592621288,6.9669984284966,4.263321660364,5.1859935517625,39.7558510296107,144607,2.48056275453536,74.7429593205186,5455,23.006416131989,43.006416131989,4.12465627864345,24.7662694775435
06037464101,464101,406,0,585,21,0,3.44827586206897,3.58974358974359,4.38730587556675,-3.58974358974359,,250001,5.62303193882141,83.2662449683726,2223,1.75438596491228,27.3504273504274,0,64.0575798470535
06037464102,464102,906,14,1409,70,1.54525386313466,2.40079104508406,4.9680624556423,3.4603576807588,-3.42280859250764,94.4470988643579,239052,10.590048436812,78.5964912280702,4542,5.35006605019815,25.5834434169969,0.330250990752972,64.8392778511669
06037464200,464200,982,117,1309,75,11.9144602851324,8.31517359734437,5.72956455309397,4.57675045873246,6.18489573203842,42.4258980728557,190991,3.96257567418822,86.0945138511679,5451,6.80609062557329,16.4373509447808,0,72.4454228581912
06037480002,480002,911,99,984,102,10.8671789242591,13.0668109314559,10.3658536585366,12.1705993271102,0.501325265722471,73.0948681867693,149861,8.992506244796,60.1938262742283,3645,13.6351165980796,15.6927297668038,0.438957475994513,63.4842249657065
06037480011,480011,1304,92,1331,75,7.05521472392638,4.71206033255442,5.63486100676183,3.68224899012822,1.42035371716455,40.6008105831305,100039,15.4386669343505,49.0648743424898,5084,37.0180959874115,14.7521636506688,2.79307631785995,42.13217938631
06037480012,480012,1223,57,1240,89,4.66067048242028,4.45422926194624,7.17741935483871,5.10494685233664,-2.51674887241843,58.0976098476004,99375,9.2751201169835,46.3256076879593,4838,23.9768499379909,11.0789582472096,2.99710624224886,56.0148821827201
06037480101,480101,1068,36,1044,36,3.37078651685393,3.11821132900736,3.44827586206897,3.5938908496127,-0.0774893452150329,56.2352195099605,93828,13.0590767758909,40.3572609990076,4323,25.3065001156604,9.66921119592875,0.046264168401573,63.5207032153597
06037480102,480102,1020,55,1156,45,5.3921568627451,3.98064601411814,3.89273356401384,3.32365576295009,1.49942329873126,44.8771366056977,133625,6.89295039164491,51.8877380554628,3900,23,16.2051282051282,0.641025641025641,57.8205128205128
06037480201,480201,940,52,931,3,5.53191489361702,4.03219689278743,0.322234156820623,1.84704509585312,5.2096807367964,44.309855964697,163304,2.30747845426745,57.1173742418837,3689,26.5112496611548,30.1165627541339,0.704798048251559,39.0620764434806
06037480202,480202,735,16,776,32,2.17687074829932,2.63301535166467,4.12371134020619,3.87433360946691,-1.94684059190687,73.5283542353166,119318,3.09992706053975,55.1611396543671,2742,24.0700218818381,18.7089715536105,0,54.1575492341357
06037480302,480302,1184,64,996,44,5.40540540540541,4.5254767850704,4.41767068273092,3.76199940435303,0.987734722674482,50.8944197713085,110000,13.579297975916,56.7333333333333,3903,38.0732769664361,13.1949782218806,0.640532923392262,46.0415065334358
06037480303,480303,1277,136,1496,190,10.6499608457322,7.71857637240634,12.7005347593583,6.59759367805354,-2.0505739136261,44.0578492202883,96105,10.1479426722145,36.982520699172,4326,32.9403606102635,7.60517799352751,5.66343042071197,50.7397133610726
06037480304,480304,1049,76,1427,90,7.24499523355577,4.33994988533328,6.30693763139453,3.84977879133276,0.938057602161233,36.4150330324317,78165,15.8331300317151,35.5708720407552,4188,30.7784145176695,6.49474689589303,0.955109837631328,60.7449856733524
06037480400,480400,1431,72,1765,72,5.0314465408805,4.92238954354295,4.07932011331445,3.8172337590688,0.952126427566055,59.4726396218335,93341,11.0432569974555,58.4730403262347,5899,32.2427530089846,19.494829632141,2.9327004577047,37.3961688421766
06037480500,480500,1545,141,1566,96,9.12621359223301,6.272154128158,6.13026819923372,4.37644003764382,2.99594539299929,41.7792068292229,121620,2.10028382213813,79.1242362525458,5287,19.0656326839417,47.0209948931341,1.24834499716285,26.9150747115567
06037480601,480601,1042,13,1133,55,1.24760076775432,2.19877852388173,4.85436893203884,4.02626707382815,-3.60676816428452,107.137115823463,126563,7.32223103357124,77.9850746268657,3783,24.9801744647105,34.5228654507005,2.802008987576,30.954269098599
06037480602,480602,1198,60,1288,39,5.00834724540902,5.20214667259418,3.02795031055901,2.70352629556342,1.98039693485001,63.1425705548918,119479,1.47165259348613,70.2347417840376,4306,18.3697166744078,39.1546679052485,4.04087320018579,22.7589410125406
06037480702,480702,1105,46,1317,121,4.16289592760181,4.318712614418,9.18754745634017,10.8493052523017,-5.02465152873836,63.0656460807703,194023,2.52011859381618,72.4556489262372,4722,21.706903854299,23.1257941550191,1.143583227446,47.5434138077086
06037480703,480703,1198,27,989,71,2.25375626043406,2.23470834852984,7.17896865520728,5.42744729839307,-4.92521239477322,60.2764967136946,169844,10.7133659541592,76.1330409356725,3883,14.2930723667268,40.0721091939222,0.206026268349215,42.3383981457636
06037480704,480704,1051,24,1403,62,2.28353948620362,2.4208266368452,4.41910192444761,2.56131634363454,-2.135562438244,64.4450049474241,117065,7.07790611943967,63.9366827253957,4087,20.063616344507,25.4710056275997,7.92757523856129,40.4453144115488
06037480802,480802,754,27,988,57,3.58090185676393,3.29821179002833,5.76923076923077,5.02773280471085,-2.18832891246684,55.9912572257426,111375,16.2231484450144,39.8830409356725,3180,45.7232704402516,6.69811320754717,1.44654088050314,44.2452830188679
06037480803,480803,854,77,839,58,9.01639344262295,7.30890590954261,6.91299165673421,7.53799702669502,2.10340178588874,49.2780613961978,114531,7.02465383316447,40.4194078947368,2980,53.0872483221477,22.248322147651,0,21.7114093959732
06037480804,480804,1370,34,1268,22,2.48175182481752,2.39515021371608,1.73501577287066,2.33365835562664,0.746736051946856,58.668975376203,91291,9.75196099215603,41.3362303096143,4717,40.7250370998516,8.18316726733093,7.75916896332415,39.8346406614374
06037480901,480901,1112,40,1087,26,3.59712230215827,3.25792992642199,2.39190432382705,2.56724411474969,1.20521797833123,55.0580255042744,80877,17.5274284185175,39.2711171662125,3767,24.9535439341651,4.16777276347226,4.88452349349615,58.7470135386249
06037480902,480902,870,19,1148,40,2.18390804597701,3.15847221202092,3.48432055749129,2.87143452243735,-1.30041251151428,87.9177995347368,64932,24.5447742579197,30.5289314873979,4009,36.6924420054877,3.41731105013719,0.548765278124221,52.8560738338738
06037480903,480903,650,43,885,41,6.61538461538462,7.03020403712533,4.63276836158192,4.30413668994401,1.98261625380269,64.6021435517278,106250,16.3221667854597,37.4024782010096,2860,27.1678321678322,7.76223776223776,0.769230769230769,63.3916083916084
06037481001,481001,748,45,1135,50,6.01604278074866,6.33902649549363,4.40528634361233,3.01400556209644,1.61075643713633,64.0539252769907,74018,14.6927651139742,38.4922901199315,4282,24.7080803362915,10.2989257356376,6.98271835590845,54.7641289117235
06037481002,481002,1507,108,1715,133,7.16655607166556,6.74842237655824,7.75510204081633,5.04552914832929,-0.588545969150766,57.2434567233664,84261,13.6591262303575,38.9314648565798,5794,43.1308249913704,11.9433897134967,2.05384880911288,40.2830514325164
06037481101,481101,1252,38,1064,78,3.03514376996805,2.73147322285957,7.33082706766917,4.52435153665011,-4.29568329770112,54.7081183013946,94550,14.3337334933974,37.0972691009512,4468,34.0420769919427,13.4512085944494,4.90152193375112,45.0313339301701
06037481102,481102,1180,18,1089,127,1.52542372881356,1.998901496123,11.6620752984389,9.74872476574641,-10.1366515696254,79.659026187948,86037,9.0958904109589,38.6913767019667,3702,45.3538627768774,11.5613182063749,3.18746623446786,36.4127498649379
06037481103,481103,1243,39,1719,126,3.13757039420756,2.94967630227765,7.32984293193717,3.69242044922817,-4.19227253772961,57.1498346774392,77565,14.2231148438926,25.8186995728524,5489,35.4709418837675,3.0606667881217,0.255055565676808,55.7842958644562
06037481201,481201,990,34,981,124,3.43434343434343,3.14075959766793,12.6401630988787,11.5514851729156,-9.20581966453526,55.5936349310075,95169,19.9205298013245,34.5003646973012,3784,33.615221987315,5.12684989429175,0,57.2938689217759
06037481203,481203,1598,55,1895,220,3.44180225281602,2.67343278536182,11.6094986807388,9.07352953383206,-8.16769642792277,47.2190725726244,82644,11.7305833064776,28.7523020257827,6206,34.1766032871415,8.12117305833065,0,56.8643248469223
06037481300,481300,675,12,742,19,1.77777777777778,2.96020297608772,2.56064690026954,3.06530128921452,-0.782869122491764,101.222746142817,76250,7.84960422163588,24.2889390519187,3032,25,3.36411609498681,0.0329815303430079,69.4261213720317
06037481401,481401,1176,133,1646,151,11.3095238095238,6.55865021856058,9.17375455650061,4.76787318419231,2.1357692530232,35.2536629889035,87823,11.3577284543091,30.5956441878772,5030,19.4433399602386,4.83101391650099,2.04771371769384,69.2246520874752
06037481403,481403,903,55,754,69,6.09080841638981,5.42588327767869,9.15119363395226,6.81055754839676,-3.06038521756244,54.1538833903714,77353,17.412771560237,23.3375156838143,3038,19.0585911784068,5.72745227123107,0.0987491770901909,74.456879526004
06037481404,481404,791,9,1052,65,1.1378002528445,2.57795884257688,6.1787072243346,4.23369173098834,-5.0409069714901,137.734916884722,81000,8.04268610098907,41.6550279329609,3842,15.9812597605414,3.20145757418011,0.13014055179594,80.4268610098907
06037481500,481500,1092,0,1084,67,0,1.28205128205128,6.18081180811808,5.20053361268248,-6.18081180811808,,82604,12.0026972353338,40.583404134806,4458,18.8873934499776,3.49932705248991,0.69537909376402,73.7999102736653
06037481603,481603,1034,39,1015,85,3.77176015473888,4.11817624265276,8.3743842364532,5.35020908352236,-4.60262408171433,66.3735365116195,93375,11.8125169330805,36.0262008733625,3711,19.8868229587712,10.2128806251684,0.700619779035301,68.229587712207
06037481604,481604,1149,89,1120,53,7.74586597040905,4.73405939258582,4.73214285714286,4.49563249273907,3.01372311326619,37.1533365805889,79871,9.74204858502379,38.6379192334018,4000,42.15,3.1,2,51.55
06037481605,481605,631,10,838,25,1.58478605388273,3.22725540881092,2.98329355608592,3.55999987749813,-1.39850750220319,123.793201395726,82321,14.0163642831732,43.5538387252535,2811,37.8868729989328,2.34791889007471,1.31625755958734,57.2394165777304
06037481606,481606,1022,53,1393,71,5.18590998043053,3.9934083253944,5.09691313711414,3.92574258160526,0.0889968433163864,46.8115307513113,75150,11.9352259096361,27.5122707310772,5002,30.5877648940424,2.65893642542983,1.41943222710916,63.5745701719312
06037481711,481711,1186,116,1041,135,9.78077571669477,8.12387827760096,12.9682997118156,6.84843418102729,-3.18752399512079,50.4921896930864,51655,18.1861575178998,23.2734418865806,4388,8.54603463992707,2.18778486782133,0.113947128532361,88.5369188696445
06037481712,481712,1300,32,1205,263,2.46153846153846,3.73506918768186,21.8257261410788,10.8656225666889,-19.3641876795404,92.2414503036933,46387,19.9848168532928,20.0790513833992,5269,8.86316189030177,1.23363066995635,0,88.4418295691782
06037481713,481713,664,90,939,90,13.5542168674699,10.9598710358468,9.58466453674121,6.42450612531771,3.96955233072867,49.1547069760371,74453,12.4135546334716,39.1626689925861,2892,23.478561549101,5.84370677731674,0.587828492392808,68.4993084370678
06037481714,481714,582,29,587,68,4.98281786941581,5.34009160292569,11.5843270868825,7.73394312262683,-6.60150921746665,65.1490056158212,42675,27.4373795761079,18.9,2595,15.3757225433526,4.08477842003854,2.62042389210019,76.7244701348748
06037481800,481800,575,16,690,25,2.78260869565217,3.80566528135037,3.6231884057971,3.73619315868657,-0.840579710144928,83.1404839200783,124219,4.9492385786802,50.6037321624588,2382,16.8345927791772,12.4685138539043,0.0839630562552477,68.5558354324097
06037481901,481901,1396,34,1474,56,2.43553008595989,2.59032720020862,3.79918588873813,2.79491547784289,-1.36365580277824,64.6539741013988,113607,9.28520114942529,44.3271767810026,5581,51.7111628740369,11.754165920086,1.02132234366601,34.0082422504927
06037481902,481902,872,35,808,76,4.01376146788991,3.53907163260319,9.40594059405941,6.69899572316666,-5.3921791261695,53.600876485106,84700,7.72383354350568,39.6411092985318,3172,41.6456494325347,10.0567465321564,2.08070617906683,43.1904161412358
06037482001,482001,433,10,643,0,2.3094688221709,5.05064377762925,0,2.17729393468118,2.3094688221709,132.943997307809,143750,7.25774813652413,63.1550218340611,2549,14.3978030600235,8.94468418987838,0.117693213024716,63.7504903883876
06037482002,482002,1514,65,1855,225,4.29326287978864,3.81040932221923,12.1293800539084,7.36212200830305,-7.83611717411972,53.9533290983391,107606,10.390977443609,50.0890560063329,6655,25.5597295266717,12.0961682945154,0.0150262960180316,59.6243425995492
06037482101,482101,1041,39,1203,66,3.7463976945245,3.44946462638509,5.48628428927681,4.68670295493052,-1.73988659475231,55.9721405356851,75511,13.1531531531532,37.3948270489249,3885,26.949806949807,4.4015444015444,0,68.4942084942085
06037482102,482102,846,37,693,34,4.37352245862884,3.60992391036459,4.90620490620491,3.60245313521995,-0.532682447576065,50.1765485610522,91500,5.88046272493573,45.4360228198859,3131,24.1137016927499,11.1465985308208,0.830405621207282,59.4059405940594
06037482201,482201,794,14,918,65,1.7632241813602,3.47695784791817,7.08061002178649,8.66984153468572,-5.31738584042629,119.874274044595,62223,21.2754697009791,26.42330877428,3813,13.3228429058484,4.4059795436664,2.9110936270653,76.5014424337792
06037482202,482202,1401,36,1251,88,2.56959314775161,4.04851703307607,7.0343725019984,5.64744312358738,-4.4647793542468,95.7779865474429,69760,11.2698102132655,31.5952503871967,5121,22.788517867604,3.78832259324351,1.11306385471588,65.2216363991408
06037482301,482301,1078,45,1388,94,4.17439703153989,3.19881962180846,6.77233429394813,4.66664511211292,-2.59793726240824,46.5832833814187,85720,14.0329714515481,21.6583834684803,4974,13.4097305991154,4.18174507438681,1.06554081222356,76.5983112183353
06037482303,482303,917,61,1361,127,6.65212649945474,5.66514638452065,9.33137398971345,4.50695789051819,-2.6792474902587,51.7707831442068,73813,18.0156657963447,19.3002581015199,4607,32.4289125244194,1.91013674842631,0,65.6609507271543
06037482304,482304,658,53,763,6,8.05471124620061,6.73998515018784,0.786369593709043,2.10664105876409,7.26834165249156,50.8678124542478,55054,23.6541049798116,16.6109785202864,3026,52.1150033046927,4.95703899537343,0,42.8288169200264
06037482401,482401,681,26,1150,102,3.81791483113069,3.62043640276451,8.86956521739131,5.21782582338981,-5.05165038626062,57.6459478672581,70938,11.7084154235857,10.0695715854998,3553,38.2212215029553,1.09766394596116,0.506614128905151,60.1745004221785
06037482403,482403,797,23,794,47,2.88582183186951,3.77915427389654,5.91939546599496,4.58251340476614,-3.03357363412545,79.6084566220575,69265,13.4305682163476,14.3891017454236,3291,36.9796414463689,1.21543603767852,0,61.1364326952294
06037482404,482404,750,18,946,55,2.4,4.40490264238483,5.81395348837209,5.10897431684687,-3.41395348837209,111.573015257975,61755,5.33292231812577,34.3929528916124,3316,10.4945717732207,7.59951749095296,0,80.2171290711701
06037482502,482502,721,68,773,13,9.43134535367545,6.47331592814762,1.68175937904269,2.67636544602549,7.74958597463276,41.7241264455072,62236,24.743735763098,13.7748882568062,3513,19.2428124110447,4.41218331910048,0.740108169655565,75.6048961001993
06037482503,482503,765,23,1227,22,3.00653594771242,4.27254884124149,1.79299103504482,2.49519683832698,1.21354491266759,86.3882612276924,82662,14.0201005025126,18.8608458390177,3980,17.6381909547739,0,0,78.0402010050251
06037482521,482521,1384,153,1319,94,11.0549132947977,6.11177128229303,7.12661106899166,4.28664648820919,3.92830222580603,33.6082462391225,79464,9.38864628820961,22.3617483699589,5261,32.8074510549325,5.70233795856301,0.570233795856301,58.2398783501236
06037482522,482522,926,43,1162,54,4.64362850971922,3.85922889347049,4.64716006884682,4.06705631536017,-0.00353155912759373,50.521608190481,90952,4.76733576642336,33.7611607142857,4479,48.3143558830096,4.21969189551239,3.03639205179728,41.9066755972315
06037482600,482600,1647,42,1849,3,2.55009107468124,2.6624011769819,0.162249864791779,1.18692595514088,2.38784120988946,63.4675747356952,114493,4.14460747239449,48.7770928614039,6611,23.1734987142641,6.09590077144154,0.71093631825745,66.2078354258055
06037482701,482701,912,8,1028,29,0.87719298245614,2.08622016690272,2.82101167315175,4.4481821413104,-1.94381869069561,144.576959894778,78250,7.04857444561774,33.3572196345396,3827,54.4813169584531,4.23308074209564,0.783903841128822,36.4776587405278
06037482702,482702,590,18,799,25,3.05084745762712,4.1231268720675,3.12891113892365,3.56609280178316,-0.0780636812965359,82.1561923174544,121146,8.01354401805869,41.3399503722084,2669,41.3263394529786,3.55938553765455,0.0374672161858374,53.9902585237917
06037482801,482801,921,33,909,102,3.58306188925081,4.27754633439252,11.2211221122112,5.92124628881546,-7.63806022296041,72.5729054798842,92697,11.25,31.0321257689679,3920,52.7295918367347,5.99489795918367,0,40.2551020408163
06037500100,500100,827,84,940,7,10.1571946795647,8.11545215259118,0.74468085106383,1.8886957143965,9.41251382850086,48.5705523968223,190107,5.29085872576177,54.1650817801445,3626,26.3927192498621,31.6050744622173,7.52895752895753,16.4092664092664
06037500202,500202,933,17,1141,111,1.82207931404073,2.40424630034091,9.72830850131464,6.6403769829426,-7.90622918727391,80.2131878497433,158750,3.58190196899874,50.8285714285714,4898,37.5867701102491,43.4667211106574,0.142915475704369,11.8007349938751
06037500203,500203,1005,43,987,25,4.27860696517413,4.67873541405999,2.53292806484296,3.45945467386727,1.74567890033117,66.475282266633,184286,2.24774004397752,38.72499152255,4287,52.3676230464194,40.4245393048752,2.44926522043387,2.75250758105902
06037500204,500204,486,12,703,5,2.46913580246914,4.3177091574575,0.711237553342817,2.35725835817471,1.75789824912632,106.302261931324,160682,3.33904109589041,46.2982832618026,2341,19.6070055531824,51.4310123878684,1.19607005553182,21.0593763348996
06037500300,500300,583,13,795,37,2.22984562607204,4.29527701285664,4.65408805031447,7.29695072468827,-2.42424242424242,117.098269744934,116719,7.04447068083432,50.139146567718,2541,53.9157811885085,17.1192443919717,6.17866981503345,11.8063754427391
06037500402,500402,1087,24,1229,88,2.20791168353266,3.13600697711124,7.16029292107404,6.33012759536197,-4.95238123754139,86.3434545116495,67004,8.57577073382545,13.9423076923077,4616,87.8249566724437,1.38648180242634,0,10.78856152513
06037500403,500403,626,56,978,71,8.94568690095847,7.26514051439803,7.25971370143149,7.85274453799906,1.68597319952697,49.370147221159,82279,19.325551232166,22.5391723583769,3868,78.8779731127198,3.51602895553258,10.8583247156153,5.27404343329886
06037500404,500404,1057,44,1187,45,4.16272469252602,6.31466342162836,3.7910699241786,3.56293555895228,0.371654768347415,92.2160712442827,104844,7.38972260118236,19.3965517241379,4398,86.9486130059118,4.57025920873124,0.181900864029104,8.29922692132788
06037500500,500500,488,24,665,38,4.91803278688525,6.21700478324072,5.71428571428571,5.24199784186816,-0.796252927400468,76.8464623662987,66818,11.3289760348584,18.8253801782905,2764,91.8958031837916,3.07525325615051,0.108538350217077,4.77568740955138
06037500600,500600,1375,9,1522,62,0.654545454545455,1.67014162612194,4.07358738501971,3.3811520378723,-3.41904193047426,155.112781892446,114018,11.5298954942608,11.3160792951542,5853,96.9417392790022,1.48641722193747,0.358790363915941,1.21305313514437
06037500700,500700,1214,77,1808,123,6.34266886326194,8.30655868933438,6.80309734513274,3.68258018585965,-0.460428481870799,79.6128547653411,79911,7.72357723577236,14.2073042009711,6716,90.3513996426444,6.80464562239428,1.16140559857058,1.22096486003574
06037500800,500800,1216,51,1284,10,4.19407894736842,3.82162141313144,0.778816199376947,1.87543577356862,3.41526274799147,55.3917592033832,111406,11.2615263880714,18.1492701735059,5132,95.5378020265004,3.4099766173032,0,1.05222135619641
06037500900,500900,1117,80,1248,0,7.1620411817368,6.94817240635872,0,1.5224358974359,7.1620411817368,58.9749891937894,70117,21.936875122525,12.0626631853786,5182,91.4318795831725,4.47703589347742,1.60169818602856,2.27711308375145
06037501001,501001,646,36,740,18,5.57275541795666,5.75182695860925,2.43243243243243,3.24082322567305,3.14032298552422,62.7436713147851,108594,9.89583333333333,18.2210242587601,2901,94.7259565667011,4.86039296794209,0,0.413650465356774
06037501002,501002,1028,46,1373,108,4.47470817120623,5.83836879786123,7.86598689002185,6.73412514856921,-3.39127871881562,79.3160185569095,116197,1.70212765957447,24.5860668541081,4475,83.0167597765363,7.37430167597765,0,9.13966480446927
06037501200,501200,1216,125,1568,134,10.2796052631579,5.16383998360595,8.54591836734694,6.26636146683252,1.73368689581096,30.537285933446,113079,6.34387351778656,22.2577829502473,5093,76.3989789907717,11.6827017474966,0,4.57490673473395
06037501301,501301,634,15,759,91,2.36593059936909,4.2877125021705,11.9894598155468,8.06975149688161,-9.62352921617769,110.168580602881,90417,2.90375203915171,25.3356431355565,3065,71.5171288743883,15.8890701468189,0.68515497553018,4.40456769983687
06037501302,501302,1324,210,1149,9,15.8610271903323,12.115105444844,0.783289817232376,1.79080899447609,15.0777373731,46.4333466752742,103478,4.6029919447641,28.5342866428339,4345,70.9321058688147,17.6064441887227,0.48331415420023,8.14729574223245
06037501400,501400,674,29,897,33,4.3026706231454,5.18097803384649,3.67892976588629,4.75486492799009,0.623740857259112,73.1994381052832,87273,13.8004246284501,15.093479252166,3297,87.8070973612375,5.55050045495905,1.42553836821353,1.78950561116166
06037501501,501501,544,9,650,41,1.65441176470588,3.13372712959664,6.30769230769231,6.37030312953129,-4.65328054298643,115.146744917296,144250,6.67620410109681,57.2595851665619,2097,51.7405817835002,32.618025751073,1.33524082021936,8.58369098712446
06037501503,501503,1486,125,1669,166,8.41184387617766,5.68877895924778,9.94607549430797,6.67317785357647,-1.53423161813031,41.1113703754028,91820,18.3412495432956,30.2300109529025,5484,74.0335521517141,15.4449307075128,1.75054704595186,1.93289569657185
06037501504,501504,732,39,889,36,5.32786885245902,4.55078117410725,4.04949381327334,3.57029718016825,1.27837503918568,51.9238067094772,56576,18.1357364122782,17.0157068062827,3551,69.6423542664038,19.8254012954097,1.18276541819206,6.16727682343002
06037501600,501600,1568,65,1842,16,4.14540816326531,4.34987192164901,0.868621064060804,1.39803628729586,3.2767870992045,63.7886291619888,104333,14.3867924528302,38.3337233793588,6827,54.6506518236414,37.3516918119232,0.424783946096382,5.25853229822763
06037501700,501700,920,36,961,11,3.91304347826087,4.03962472943465,1.14464099895942,2.44210148376082,2.76840247930145,62.7567502715278,101512,9.62962962962963,40.1642403882046,3828,63.5841170323929,28.1870428422153,1.98537095088819,2.71682340647858
06037501802,501802,798,24,1009,110,3.00751879699248,4.33034405827388,10.9018830525273,7.28428497258664,-7.89436425553477,87.5282309651104,95909,5.65576276368083,38.8366890380313,3304,61.8341404358354,24.001210653753,3.35956416464891,4.99394673123487
06037501803,501803,992,26,1307,113,2.62096774193548,3.20452967901557,8.64575363427697,4.53585302245892,-6.02478589234149,74.3253084307563,60399,9.80433857932795,11.0149750415973,4804,80.3705245628643,10.6786011656953,1.58201498751041,0.70774354704413
06037501804,501804,378,44,508,31,11.6402116402116,7.94280943488156,6.10236220472441,7.09289936373188,5.53784943548723,41.4808229674666,62832,19.2429022082019,17.4491392801252,1969,83.3925850685627,9.0401218892839,4.92635855764347,1.87912646013205
06037501900,501900,982,19,1088,48,1.93482688391039,3.44275786196045,4.41176470588235,5.08143862963055,-2.47693782197197,108.167916187655,112143,4.88485694347523,28.239649949512,4332,65.3047091412743,23.730378578024,0.87719298245614,4.6398891966759
06037502003,502003,478,71,828,68,14.8535564853556,13.7497666665412,8.21256038647343,6.14940492159373,6.64099609888222,56.2728581412449,64088,23.139851967277,17.3316708229426,2599,88.1492881877645,6.61792997306656,1.11581377452866,0.346287033474413
06037502004,502004,572,0,982,24,0,2.44755244755245,2.44399185336049,2.64926221296795,-2.44399185336049,,68110,10.7352530053117,14.7518998658918,3621,86.6335266500967,6.60038663352665,1.07705053852527,3.34161833747584
06037502005,502005,1008,21,1304,8,2.08333333333333,2.78595297800794,0.613496932515337,1.4596693351848,1.469836400818,81.2922449509916,108889,3.64741641337386,11.0166721150703,4606,78.419452887538,14.6547980894485,1.08554059921841,2.82240555796787
06037502100,502100,1387,74,1567,5,5.3352559480894,4.18804492889001,0.319081046585833,1.31422965580475,5.01617490150357,47.71887222846,95372,14.5542334885325,25.7978129881723,5996,72.1314209472982,12.0413609072715,0.733822548365577,13.2755170113409
06037502200,502200,1930,44,2119,131,2.27979274611399,2.83237742081175,6.18216139688532,3.88225504694913,-3.90236865077133,75.5248469489733,121625,4.57721374590047,18.2477341389728,7013,85.7978040781406,9.02609439612149,0.156851561385997,3.33666048766576
06037502303,502303,1792,68,1775,91,3.79464285714286,3.67140292516395,5.12676056338028,4.00974759164169,-1.33211770623742,58.8159667610745,87764,21.1839166046165,9.88760098349139,8128,92.8272637795276,3.1003937007874,3.1126968503937,0.46751968503937
06037502401,502401,1140,97,1296,50,8.50877192982456,10.3917227854668,3.85802469135802,3.64229664546872,4.65074723846654,74.2428726564859,73214,6.84039087947883,15.3172866520788,4719,89.2350074168256,5.86988768806951,0.487391396482306,4.32294977749523
06037502402,502402,751,59,957,60,7.85619174434088,5.92618540441947,6.26959247648903,3.68367880200548,1.58659926785185,45.8561149731494,94429,6.2109955423477,19.800460475825,3365,88.8558692421991,3.86329866270431,0.267459138187221,4.72511144130758
06037502500,502500,686,5,1130,44,0.728862973760933,2.58756764994277,3.89380530973451,5.08196689161767,-3.16494233597358,215.814152931397,90313,12.1307189542484,13.8183217859892,4029,94.1176470588235,4.4427897741375,0.496401092082403,0.794241747331844
06037502602,502602,1253,86,1082,107,6.8635275339186,5.81088444833467,9.88909426987061,6.39259071870055,-3.02556673595201,51.4670121846564,78967,4.17184007946362,20.7749077490775,4040,85.3217821782178,5.3960396039604,5.37128712871287,2.27722772277228
06037502603,502603,909,70,783,90,7.7007700770077,5.06319473559682,11.4942528735632,7.90988079401428,-3.79348279655552,39.969118668324,99727,10.0275988960442,16.372253339078,3261,91.7816620668507,6.65440049064704,0.0306654400490647,1.50260656240417
06037502604,502604,824,0,917,58,0,1.69902912621359,6.32497273718648,4.7614919385155,-6.32497273718648,,101111,6.87150837988827,17.0228445099484,3630,89.3939393939394,4.87603305785124,0.192837465564738,0.220385674931129
06037502700,502700,1865,22,2027,195,1.17962466487936,1.72072122429116,9.62012826837691,7.0254004264941,-8.44050360349755,88.6749124980111,93051,7.76300904977376,15.9605339524086,7159,90.5154351166364,3.31051822880291,0.572705685151558,3.04511803324487
06037502801,502801,1617,9,1629,90,0.556586270871985,1.45640971375934,5.52486187845304,3.99935161827043,-4.96827560758105,159.068862353857,110871,8.1430624301453,25.8987863521869,6263,78.5406354782053,13.1566342008622,0.207568258023312,5.84384480281016
06037502901,502901,1575,65,1406,58,4.12698412698413,3.00346835683536,4.12517780938834,4.07155388826095,0.00180631759579164,44.2409414263801,121780,9.86915887850467,21.2453300124533,5432,86.119293078056,10.9720176730486,0.441826215022091,0.865243004418262
06037503000,503000,1333,137,1789,168,10.2775693923481,7.09058771787467,9.39072107322527,4.54705318613598,0.886848319122821,41.9397574065491,85865,13.3634154807359,12.9450731438035,5762,85.9944463727872,2.62061784102742,4.39083651509892,6.82054842068726
06037503103,503103,1179,65,1458,215,5.51314673452078,4.79433521418071,14.7462277091907,7.24620010362486,-9.23308097466989,52.8643555531359,103363,20.3979207743323,12.5347415230684,5595,83.6103663985702,10.6881143878463,0.822162645218945,3.8248436103664
06037503104,503104,547,11,629,36,2.0109689213894,3.8473407736551,5.72337042925278,4.34492838660731,-3.71240150786339,116.302592052464,86577,5.35331905781585,14.8387096774194,2375,86.0631578947369,4.12631578947368,0,9.81052631578947
06037503105,503105,1041,0,831,39,0,1.34486071085495,4.69314079422383,5.32210397834577,-4.69314079422383,,101484,6.19970193740686,18.3793571751924,3358,75.1637879690292,4.73496128648005,2.32281119714116,14.711137581894
06037503106,503106,1005,61,1066,30,6.06965174129353,4.90195537969557,2.81425891181989,3.15501411830689,3.25539282947365,49.0952728745233,89958,12.8534031413613,22.4,3820,71.9109947643979,19.8167539267016,0,5.68062827225131
06037503201,503201,737,29,1147,8,3.9348710990502,4.75420354458954,0.697471665213601,1.65795137146587,3.2373994338366,73.4482341968869,106655,10.5439546274813,23.1328219620509,3883,76.2297192892094,14.421838784445,0,4.71285088848828
06037503202,503202,1181,41,1130,8,3.47163420829805,2.84991785255742,0.707964601769912,1.62335265966363,2.76366960652814,49.9036694176041,108779,15.436711816908,22.0115681233933,4394,67.592171142467,11.5612198452435,1.36549840691853,16.3859808830223
06037503301,503301,1062,12,784,0,1.12994350282486,2.08804524325948,0,1.78571428571429,1.12994350282486,112.335564758945,136678,4.08408408408408,27.677446451071,3330,69.8798798798799,22.2822822822823,0.570570570570571,3.66366366366366
06037503302,503302,1499,54,1517,76,3.60240160106738,2.76560316523544,5.00988793671721,3.72546789080762,-1.40748633564983,46.6693588279628,97519,13.8411138411138,19.9636552440291,6129,77.6146190243107,14.8311306901615,0.636319138521782,6.37950726056453
06037503401,503401,2122,314,1875,16,14.7973609802074,11.6998350130881,0.853333333333333,1.65250033377244,13.944027646874,48.0650686267457,109356,3.54889589905363,28.5120060502931,7641,65.5542468263316,25.651092788902,0.45805522837325,5.81075775422065
06037503402,503402,1063,22,1077,16,2.06961429915334,2.70902197374916,1.48560817084494,2.22018763207187,0.5840061283084,79.5714384662989,111932,5.71987289171352,38.0478821362799,4141,58.8022216855832,27.7952185462449,0.217338807051437,7.38951943974885
06037503501,503501,1673,112,2647,12,6.69456066945607,8.54534097393757,0.453343407631281,0.911855656263203,6.24121726182479,77.5963713058921,102905,2.29986731534719,17.8001679261125,6783,76.6769865841073,16.2759840778417,0.162170131210379,6.1624649859944
06037503502,503502,929,0,1082,45,0,1.50699677072121,4.15896487985213,4.24170893600716,-4.15896487985213,,102500,4.24710424710425,19.8785425101215,3900,65.5128205128205,25.0512820512821,0.641025641025641,7.69230769230769
06037503601,503601,1029,18,1188,35,1.74927113702624,2.2522429677213,2.94612794612795,4.41528718871756,-1.19685680910171,78.2694364669104,106856,4.49071751128951,32.5109834403515,4177,61.5034713909505,25.4728273880776,2.51376586066555,8.92985396217381
06037503602,503602,1058,38,1008,80,3.59168241965974,5.21470006409801,7.93650793650794,5.85476900148496,-4.3448255168482,88.2603210336857,151176,5.08958712022851,54.7728073265234,3855,47.2632944228275,29.5979247730221,0.518806744487678,18.6770428015564
06037503701,503701,1189,69,1487,38,5.80319596299411,5.18423932744425,2.55548083389375,3.32007275557583,3.24771512910037,54.3065112579288,106250,3.97298371076679,33.0222344221795,5034,58.6213746523639,23.6988478347239,5.60190703218117,8.80015891934843
06037503702,503702,1249,45,1487,43,3.60288230584468,3.11669422214267,2.89172831203766,2.59116638058134,0.711153993807016,52.5869784999148,125417,3.77930476960388,40.1598105948506,4956,55.4479418886199,26.2308313155771,2.13882163034705,9.26150121065375
06037503704,503704,960,25,1082,22,2.60416666666667,3.45974154146003,2.03327171903882,2.65860454400425,0.57089494762785,80.7623557398572,68273,7.5187969924812,52.1516944593868,4526,26.8228015908087,13.8753866548829,0.33141847105612,58.3959346000884
06037503705,503705,631,9,754,12,1.42630744849445,3.46993493083475,1.59151193633952,3.21193479068936,-0.165204487845069,147.891181449289,116850,3.69104579630895,40.1109057301294,2926,16.3362952836637,35.0307587149692,12.987012987013,25.0854408749146
06037503801,503801,1059,62,862,54,5.85457979225685,4.08191403706808,6.26450116009281,6.15321339928065,-0.409921367835961,42.3840275051975,95694,10.4256465517241,32.8805433479824,3712,53.2058189655172,29.0678879310345,1.72413793103448,9.77909482758621
06037503802,503802,1642,13,1382,84,0.791717417783191,1.67309090702981,6.0781476121563,5.02073726422445,-5.2864301943731,128.464590570163,107965,4.33553251649387,46.3883196721312,5305,39.3402450518379,20.3393025447691,6.54099905749293,27.9359095193214
06037503901,503901,495,12,718,8,2.42424242424242,3.95383490643279,1.1142061281337,2.38742845214221,1.31003629610872,99.1463160427676,130750,4.27807486631016,49.4239631336406,2246,40.9171861086376,26.6251113089938,1.06856634016029,29.7417631344613
06037503902,503902,1151,69,1325,8,5.99478714161599,6.48713272450028,0.60377358490566,1.59674856377247,5.39101355671033,65.7829149896465,139451,5.03303536727555,32.2401171303075,5146,51.7100660707346,28.1577924601632,1.59347065682083,15.0213758258842
06037504001,504001,1066,53,1330,89,4.9718574108818,5.29972063497589,6.69172932330827,4.37440274236787,-1.71987191242647,64.7990158500235,65698,6.81150910158544,47.4279460051076,5133,37.2102084550945,36.7231638418079,4.0132476134814,17.0270796804987
06037504002,504002,1142,32,1247,0,2.80210157618214,2.95396173332085,0,1.12269446672013,2.80210157618214,64.0848081202966,129635,6.53862753560639,37.4125874125874,4920,53.4349593495935,31.1788617886179,1.13821138211382,11.7073170731707
06037504101,504101,1368,168,1361,43,12.280701754386,9.51032060306471,3.15944158706833,2.68339853631807,9.12126016731763,47.0767064155179,101025,8.88038277511962,27.2081794944618,5234,66.1444401987008,12.7435995414597,2.86587695834925,15.322888803974
06037504200,504200,1363,50,1866,114,3.66837857666911,3.44758505699339,6.10932475884244,3.2739014002087,-2.44094618217333,57.1314095158904,64554,22.6524685382381,24.0918908305517,7320,70.9699453551913,5.13661202185792,2.90983606557377,13.9071038251366
06037530005,530005,804,14,921,0,1.74129353233831,3.21728423768243,0,1.52008686210641,1.74129353233831,112.318563920828,131500,2.47835174679009,50.6904069767442,3350,33.1044776119403,8.29850746268657,0.238805970149254,57.1044776119403
06037530006,530006,1200,195,1301,81,16.25,9.46469396534504,6.22598001537279,4.52203872468373,10.0240199846272,35.4068514018052,87679,7.72727272727273,29.3820224719101,4679,63.0904039324642,10.5150673220774,0.235092968583031,23.5306689463561
06037530007,530007,1495,123,1778,99,8.22742474916388,6.19713220701684,5.56805399325084,5.4358064515729,2.65937075591304,45.788976941657,86532,8.50997016800126,30.1146010186757,6369,63.5107552205998,10.032972209138,0,24.854765269273
06037530101,530101,1372,226,1234,111,16.4723032069971,16.4961264532556,8.99513776337115,10.81631783618,7.47716544362594,60.8781921453227,51842,21.3708883198739,14.5416227608008,5319,76.1421319796954,10.4154916337657,0.47001316036849,5.0761421319797
06037530102,530102,1072,87,1233,54,8.11567164179104,6.0497745864325,4.37956204379562,3.51156540921549,3.73610959799542,45.3157136334811,69917,11.0824742268041,23.8813873444533,5160,65.3488372093023,19.9418604651163,0.290697674418605,8.68217054263566
06037530202,530202,1114,61,1372,74,5.47576301615799,3.79279904401738,5.3935860058309,7.2893618658719,0.0821770103270856,42.1065138774763,83000,7.39783936120244,22.3446587082951,4323,90.2382604672681,3.70113347212584,0,5.15845477677539
06037530203,530203,518,4,719,70,0.772200772200772,3.10594824154156,9.73574408901252,9.35335181859741,-8.96354331681174,244.510819014974,58393,26.6835626357712,12.4547803617571,2762,76.3215061549602,9.26864590876177,0,14.1926140477915
06037530204,530204,929,17,1339,64,1.82992465016146,2.79490430691168,4.77968633308439,4.18040198529091,-2.94976168292293,92.8469909215431,78646,13.1077088369594,15.8795091111938,3732,92.6312968917471,1.01822079314041,0.696677384780279,4.42122186495177
06037530301,530301,402,0,490,34,0,3.48258706467662,6.93877551020408,7.03048438499593,-6.93877551020408,,60588,14.1877637130802,7.02702702702703,1896,96.4135021097047,1.10759493670886,0,0.89662447257384
06037530302,530302,1306,98,1649,81,7.50382848392037,5.32935886723529,4.91206791995149,4.06372682099624,2.59176056396888,43.1743854637385,59454,14.6051712089448,15.1128557409225,5724,94.2348008385744,3.17959468902865,0.227113906359189,2.28860936408106
06037530400,530400,707,92,834,75,13.012729844413,8.03940680091328,8.99280575539568,7.74274618984693,4.01992408901733,37.5568957859501,39320,28.2810087493567,15.4709418837675,3895,86.7779204107831,0,0,12.6572528883184
06037530500,530500,969,92,916,42,9.49432404540764,8.56291481464229,4.58515283842795,5.64960608423541,4.90917120697969,54.8266450071916,73452,17.8117048346056,7.78210116731518,3930,93.8931297709924,4.9618320610687,0.279898218829517,0.865139949109415
06037530603,530603,882,106,1349,142,12.0181405895692,9.72334868297323,10.5263157894737,6.41064449590663,1.49182480009548,49.1827352089373,77109,11.0029211295034,18.6685452624163,4141,91.8377203574016,5.04709007486115,0.265636319729534,2.26998309587056
06037530700,530700,515,91,664,39,17.6699029126214,9.71978534049787,5.87349397590362,5.08430465869471,11.7964089367177,33.439256156561,102981,16.2109375,16.8856767411301,2118,90.8404154863078,6.84608120868744,0,0
06037530801,530801,1244,137,1770,108,11.0128617363344,7.3443056329089,6.10169491525424,6.11231354880352,4.91116682108017,40.5400847839668,107796,10.6232294617564,21.9978165938865,5664,83.9159604519774,5.94985875706215,1.67725988700565,5.87923728813559
06037530802,530802,610,66,961,76,10.8196721311475,8.89126655492887,7.90842872008325,5.13680219774123,2.91124341106429,49.9555365064623,79583,7.77777777777778,20.2483285577841,3065,88.4828711256118,4.17618270799347,0,6.16639477977162
06037530901,530901,765,13,1164,36,1.69934640522876,2.41991832014821,3.09278350515464,2.98804853602019,-1.39343709992588,86.567103807032,70909,19.7186982901269,13.3582438113031,3642,95.9637561779242,1.81219110378913,0,2.22405271828666
06037530902,530902,734,88,598,73,11.9891008174387,8.6624702435548,12.2073578595318,9.60395850624659,-0.218257042093081,43.9227214615172,36548,30.1944444444444,10.2629346904156,3600,93.3888888888889,2.08333333333333,0,4.52777777777778
06037531000,531000,990,41,1371,129,4.14141414141414,4.04299870104656,9.40919037199125,6.4030043927981,-5.26777623057711,59.345670013138,86098,8.62633762830312,5.5573716900948,4585,98.6041439476554,1.15594329334787,0,0
06037531101,531101,1166,139,1227,135,11.9210977701544,6.37237811278153,11.0024449877751,9.2968114938087,0.918652782379313,32.495212785652,64942,19.6107784431138,5.45822102425876,4676,98.8665526090676,1.09067579127459,0,0.0213857998289136
06037531102,531102,515,3,717,9,0.58252427184466,2.95323127219453,1.25523012552301,2.43576431441333,-0.672705853678352,308.189281698112,63571,20.517168291649,14.3264840182648,2407,95.2638138761944,1.53718321562111,0.706273369339427,1.82800166181969
06037531201,531201,599,10,1246,8,1.66944908180301,3.38906205053919,0.642054574638844,1.47276602963677,1.02739450716416,123.40718348164,67167,14.6404919583728,6.43546657132642,4260,99.6478873239437,0,0.352112676056338,0
06037531202,531202,956,109,1018,130,11.4016736401674,10.8495990795368,12.770137524558,9.02137116425087,-1.36846388439059,57.8467790638138,68173,21.2007917308115,11.7780294450736,4547,94.1499890037387,4.04662414778975,1.80338684847152,0
06037531301,531301,906,54,1507,39,5.96026490066225,5.51835429772087,2.58792302587923,2.9522546126525,3.37234187478302,56.2831137423743,56789,21.7462932454695,8.6884154460719,5563,97.8249146144167,1.4560488944814,0.305590508718317,0.413445982383606
06037531302,531302,968,64,1354,77,6.61157024793388,5.50547301586215,5.68685376661743,4.94212222062635,0.924716481316454,50.6202306169696,62961,27.8979907264297,7.40162398500937,5240,96.5648854961832,1.20229007633588,0,1.6030534351145
06037531502,531502,610,82,808,87,13.4426229508197,8.40940116979536,10.7673267326733,9.25374304764315,2.67529621814641,38.0290215255035,51641,21.1738002594034,12.2950819672131,3084,96.822308690013,0.259403372243839,2.91828793774319,0
06037531503,531503,569,0,659,21,0,2.46045694200352,3.1866464339909,4.06787026370193,-3.1866464339909,,69653,13.7987679671458,6.36792452830189,2435,97.2073921971253,2.34086242299795,0.451745379876797,0
06037531504,531504,822,25,986,78,3.04136253041363,4.46405096101636,7.91075050709939,5.90602941379419,-4.86938797668577,89.2267450445094,61708,24.8,16.1431064572426,3875,100,0,0,0
06037531602,531602,869,34,981,9,3.91254315304948,4.22199135493044,0.91743119266055,2.07982654279777,2.99511196038893,65.5982565248445,71574,17.1326754385965,7.3019801980198,3671,98.1748842277309,0.817216017433942,0.51757014437483,0
06037531603,531603,696,77,1035,13,11.0632183908046,9.56675558636902,1.256038647343,1.98553292071766,9.8071797434616,52.5674960574179,72574,13.0602552686257,13.2981065609864,3390,95.4867256637168,2.65486725663717,0.442477876106195,0.589970501474926
06037531604,531604,618,49,720,59,7.92880258899676,7.63535610907627,8.19444444444445,5.78886714246326,-0.265641855447681,58.5404140612758,57596,26.1345349211458,6.62251655629139,3140,99.203821656051,0.191082802547771,0,0
06037531701,531701,983,96,1636,153,9.76602238046796,7.6985138642105,9.3520782396088,8.69401832815277,0.413944140859153,47.9207138330732,74430,19.3831775700935,13.4252744159865,5350,97.8130841121495,0.242990654205607,1.94392523364486,0
06037531702,531702,965,61,1406,0,6.32124352331606,4.70596224707155,0,0.995732574679943,6.32124352331606,45.2564011004439,76083,14.0711645101664,9.18955578162089,4328,96.3724584103512,2.42606284658041,0.531423290203327,0.439001848428835
06037531800,531800,1419,39,1260,37,2.74841437632135,2.86660141709981,2.93650793650794,3.13639454228905,-0.188093560186583,63.404370834146,102718,7.98642533936652,14.0027322404372,4466,94.6484549932826,0.940438871473354,0,0
06037531901,531901,1261,76,2036,141,6.02696272799366,5.36655048850274,6.92534381139489,4.49358972329787,-0.898381083401236,54.1291006719081,67188,15.2498377676833,7.4283027738599,6203,96.4694502660003,2.95018539416411,0,0.580364339835564
06037531902,531902,704,52,1413,77,7.38636363636364,6.01324599725172,5.44939844302902,4.45010552425198,1.93696519333462,49.4894222827357,93396,10.7294994675186,12.4291650925576,3756,99.4675186368477,0.372736954206603,0,0.159744408945687
06037532001,532001,539,67,688,63,12.430426716141,13.6281619582948,9.15697674418605,10.3323783859936,3.27344997195496,66.647727582642,56645,12.9156457822891,10.818573480134,2857,89.5344767238362,4.7952397619881,0,4.13020651032552
06037532002,532002,1051,76,976,38,7.23120837297812,5.23281080239382,3.89344262295082,3.99990267519774,3.3377657500273,43.9904347569662,82750,11.1239193083573,13.9058413251962,3487,89.3031258961858,2.92515055921996,0,7.08345282477775
06037532101,532101,1375,130,2071,268,9.45454545454546,7.64163363558143,12.9406084017383,6.15987090373585,-3.48606294719284,49.1337210611385,56989,13.8904899135447,13.76574895007,6979,92.5777331995988,1.50451354062187,0.171944404642499,5.71715145436309
06037532102,532102,810,28,1018,76,3.45679012345679,4.57417452490836,7.46561886051081,5.34965636567641,-4.00882873705402,80.4403249061175,104688,11.7712382009994,25.7824143070045,3618,74.9032614704257,7.49032614704257,0.138197899391929,15.6992813709232
06037532200,532200,1511,56,1827,121,3.70615486432826,2.86813048950168,6.62287903667214,4.32861650542638,-2.91672417234388,47.0445632830768,88393,14.109926168991,16.1936137861125,6206,91.4437640992588,1.35352884305511,3.72220431840155,3.06155333548179
06037532302,532302,922,12,977,34,1.30151843817787,2.62455036510526,3.48004094165814,3.7209861055366,-2.17852250348026,122.585381794683,74602,15.2911508482348,13.1799163179916,4437,96.4390353842687,0.901510029299076,0.495830516114492,2.16362407031778
06037532303,532303,891,50,1107,88,5.61167227833895,4.48936501394411,7.94941282746161,5.05914509465167,-2.33774054912266,48.6325134033338,80481,10.6709411495306,6.94307337940112,4367,96.9544309594687,0.664071444927868,0.870162583008931,0.114495076711701
06037532304,532304,700,24,850,33,3.42857142857143,4.51071298264791,3.88235294117647,6.11942257971608,-0.453781512605042,79.9771805434027,68551,18.6293706293706,14.1651376146789,3597,88.2402001668057,6.70002780094523,2.78009452321379,0.222407561857103
06037532500,532500,705,77,1015,43,10.9219858156028,8.86535511077929,4.23645320197044,4.7447078417749,6.68553261363239,49.3433494106454,60043,17.5447980743514,17.0292887029289,3770,91.0344827586207,1.0079575596817,6.28647214854111,0.530503978779841
06037532605,532605,931,72,1167,145,7.73361976369495,6.10967906873668,12.4250214224507,13.0516866774798,-4.69140165875578,48.0252550911335,43036,25.5010866940353,5.23446019629226,4141,94.7597198744265,0.627867664815262,2.72880946631249,0.845206471866699
06037532606,532606,1113,82,976,34,7.36747529200359,6.79857880567882,3.48360655737705,4.15439327377358,3.88386873462654,56.0962132902404,53785,6.60957987690661,4.9079754601227,3820,97.5916230366492,1.33507853403141,0.680628272251309,0.130890052356021
06037532607,532607,1085,148,1439,139,13.6405529953917,6.87759509652871,9.65948575399583,5.53721642979056,3.98106724139587,30.6505819425518,55527,22.3931282461047,13.687853996224,5048,95.7012678288431,2.6743264659271,0.0594294770206022,1.14896988906498
06037532700,532700,684,48,932,24,7.01754385964912,6.03205342086415,2.57510729613734,3.31105579700041,4.44243656351178,52.2533503023186,66406,14.1894169194473,6.62155630739488,2967,98.4159083249073,0.47185709470846,0.505561172901921,0.404448938321537
06037532800,532800,619,110,1131,56,17.7705977382876,10.0012385683611,4.95137046861185,4.53642773429245,12.8192272696757,34.2125817840041,56791,27.3080912863071,6.65483584738243,3856,96.4730290456432,0.0778008298755187,2.74896265560166,0.700207468879668
06037532900,532900,1325,128,1307,41,9.66037735849057,7.9423395126968,3.13695485845448,4.00656125903962,6.52342250003609,49.9791026516112,43750,36.8582005472397,5.64334085778781,6227,93.5763610085113,2.73004657138269,3.69359242010599,0
06037533001,533001,639,219,1301,114,34.2723004694836,11.0187364734147,8.76249039200615,4.84489912013706,25.5098100774774,19.5444132809038,76250,15.7359258421886,5.81356498496492,4423,94.3025096088628,0,5.69749039113724,0
06037533002,533002,408,76,597,61,18.6274509803922,12.0969231922588,10.2177554438861,8.22447177682737,8.40969553650606,39.4780408130027,63242,19.8768689533861,5.60224089635854,2386,97.6110645431685,0.0419111483654652,2.34702430846605,0
06037533103,533103,730,54,819,14,7.3972602739726,4.96015803989234,1.70940170940171,2.89023047863043,5.68785856457089,40.7623029283059,60859,19.060773480663,6.80984808800419,3313,99.4265016601268,0.573498339873227,0,0
06037533104,533104,755,84,1137,64,11.1258278145695,6.7068203184427,5.62884784520669,5.28396381088818,5.49697996936285,36.6453129282403,43140,23.9041916167665,5.06756756756757,4259,96.0788917586288,3.1697581591923,0.140878140408547,0.610471941770369
06037533105,533105,595,104,713,47,17.4789915966387,12.0188005132684,6.59186535764376,6.38854282539122,10.8871262389949,41.8002472842806,51887,16.1887957653286,13.3210558624923,2267,99.1177767975298,0.882223202470225,0,0
06037533108,533108,1227,149,1591,223,12.1434392828036,6.15842078819276,14.0163419233187,7.53748093696219,-1.87290264051508,30.8291642647539,60337,23.417064563006,6.78911118399475,4824,97.8648424543947,0.725538971807629,0.186567164179104,0.704809286898839
06037533201,533201,438,71,651,88,16.2100456621005,11.3763343962407,13.5176651305684,10.0151042908919,2.6923805315321,42.6630803163955,70147,16.8850072780204,4.75524475524476,2061,99.8059194565745,0.194080543425522,0,0
06037533204,533204,897,27,1139,121,3.01003344481605,3.21684278790499,10.6233538191396,5.88144311966092,-7.61332037432354,64.9669701846398,75714,11.908358509567,8.48329048843188,3972,96.9284994964753,0.881168177240685,0,1.43504531722054
06037533300,533300,603,56,972,24,9.28689883913765,6.61402722162379,2.46913580246914,3.19864149650846,6.81776303666851,43.2941642926525,49773,17.2104926423544,10.4452996151732,3126,98.9443378119002,0.415866922584773,0,0.639795265515035
06037533401,533401,1005,24,1222,58,2.38805970149254,3.52360524280385,4.74631751227496,5.83447636501282,-2.35825781078242,89.696638019703,61618,17.6457741865036,14.9489975378122,4579,99.1264468224503,0.480454247652326,0,0
06037533402,533402,711,64,1012,47,9.0014064697609,10.4644402200818,4.64426877470356,5.07587458161025,4.35713769505734,70.6707541458791,58350,31.2532100667694,2.63042525208242,3894,97.2521828454032,2.74781715459682,0,0
06037533403,533403,583,12,551,27,2.05831903945111,3.97976132638202,4.90018148820327,6.89447104676819,-2.84186244875215,117.538037146946,70767,10.0732600732601,4.74262579525737,2306,86.9037294015612,1.8213356461405,1.64787510841284,1.21422376409367
06037533501,533501,607,63,969,73,10.3789126853377,7.36030786204367,7.53353973168215,5.58665055172103,2.84537295365558,43.1100195132967,73750,14.3605086013463,5.72372041827188,2674,99.850411368736,0.149588631264024,0,0
06037533504,533504,845,31,1010,38,3.66863905325444,4.0708777140199,3.76237623762376,3.82844897450618,-0.0937371843693242,67.4554695234203,62446,19.7865353037767,2.08990536277603,3743,98.1031258348918,1.01522842639594,0.187015762757147,0.694629975955116
06037533601,533601,906,39,1292,81,4.3046357615894,5.04183528663408,6.26934984520124,6.8451475527267,-1.96471408361183,71.2010407558331,65849,14.1855203619909,7.94993234100135,4420,95.4977375565611,0.701357466063348,0.588235294117647,3.21266968325792
06037533602,533602,917,95,1188,95,10.3598691384951,8.58694207873437,7.996632996633,5.62552630978498,2.3632361418621,50.3869837542756,62432,16.6147253603428,10.1101749837978,5134,88.0794701986755,3.33073626801714,6.93416439423452,0
06037533603,533603,1239,146,1523,206,11.7836965294592,7.18097284926138,13.5259356533158,8.87414237799259,-1.74223912385658,37.0455317493228,48271,22.5707987112091,5.58503211393466,5897,97.235882652196,0.542648804476853,0.644395455316263,0
06037533701,533701,582,67,892,115,11.5120274914089,8.33858269426354,12.8923766816144,6.32470909436157,-1.38034919020541,44.0326192266151,58694,10.2995624368899,4.41906653426018,2983,96.8488099228964,0.73751257123701,0.569896077774053,0.73751257123701
06037533702,533702,725,67,1208,102,9.24137931034483,5.75453262449526,8.44370860927152,6.79464387775284,0.797670701073304,37.8536147780163,67813,27.7807921866522,3.4349506225848,3699,99.1349013246823,0.621789672884563,0,0.108137334414707
06037533703,533703,873,224,979,41,25.6586483390607,11.4196340685973,4.1879468845761,3.80235579674254,21.4707014544846,27.0553097641268,58750,15.2412280701754,12.2721209426412,3730,98.3646112600536,0,0,1.63538873994638
06037533803,533803,1023,10,1387,69,0.977517106549365,2.48401847695706,4.97476568132661,4.51261765182273,-3.99724857477724,154.47725847581,49588,29.5120623979684,11.09554497058,5597,78.1132749687333,20.1179203144542,0.410934429158478,1.3578702876541
06037533804,533804,747,37,1232,29,4.95314591700134,6.56005999800929,2.3538961038961,4.18409148490108,2.59924981310524,80.512031849387,76599,15.4545454545455,5.4320987654321,3520,94.6022727272727,4.375,0,1.02272727272727
06037533805,533805,933,21,1028,0,2.2508038585209,3.3767505258658,0,1.36186770428016,2.2508038585209,91.200122756775,62350,19.0695296523517,17.9127725856698,3912,92.7658486707566,3.29754601226994,1.38036809815951,1.6359918200409
06037533806,533806,992,133,1030,78,13.4072580645161,12.0177342924319,7.57281553398058,7.09830984189656,5.83444253053555,54.4899897986264,66677,26.6722408026756,9.33581049698096,3588,88.7123745819398,11.1204013377926,0,0
06037533901,533901,921,12,1410,68,1.30293159609121,2.90169428736734,4.82269503546099,4.30225865815902,-3.51976343936979,135.383000945558,62829,20.2822892498067,4.63388751326495,5172,98.2985305491106,0,0.850734725444702,0
06037533902,533902,802,27,1416,73,3.36658354114713,3.63816385717078,5.15536723163842,3.95796581190967,-1.78878369049129,65.6941892029937,60221,16.6251415628539,10.180456247872,4415,98.2559456398641,1.7440543601359,0,0
06037534001,534001,1233,0,1322,205,0,1.54095701540957,15.5068078668684,9.97328959133986,-15.5068078668684,,71052,23.6265923566879,12.4183006535948,5036,99.4440031771247,0.555996822875298,0,0
06037534002,534002,908,35,1043,10,3.85462555066079,3.6582597820151,0.958772770853308,2.10065368178969,2.89585277980749,57.6934412864909,89672,7.20600053576212,7.07368421052632,3857,93.2071558205859,2.77417682136375,0.700025926886181,2.48898107337309
06037534101,534101,365,34,565,30,9.31506849315068,9.36370422084037,5.30973451327434,6.3332554671464,4.00533397987635,61.1076710281912,65119,10.1511879049676,9.4209161624892,1852,97.0302375809935,1.34989200863931,0,0.647948164146868
06037534102,534102,888,38,1523,98,4.27927927927928,5.16640662292624,6.43466841759685,5.2871745794774,-2.15538913831757,73.3925624885379,47018,27.4873229585592,2.96062086806554,5777,98.2863077722001,0.553920720096936,0.761640990133287,0.207720270036351
06037534201,534201,775,32,875,11,4.12903225806452,4.23624138441949,1.25714285714286,2.69956401721008,2.87188940092166,62.3686753975133,58826,15.7588041550545,5.98605986059861,4070,96.0442260442261,3.39066339066339,0.319410319410319,0.245700245700246
06037534202,534202,950,60,1039,108,6.31578947368421,4.31972326134039,10.3946102021174,7.83095364061328,-4.07882072843321,41.5778834678153,57614,28.5019043588659,7.24489795918367,4770,94.8846960167715,1.82389937106918,1.34171907756813,1.23689727463312
06037534203,534203,631,35,880,159,5.54675118858954,5.29077473655127,18.0681818181818,7.97194261262355,-12.5214306295923,57.9848694531281,52500,17.9878048780488,3.84995064165844,3280,97.5609756097561,1.1280487804878,0.609756097560976,0.701219512195122
06037534301,534301,994,68,863,126,6.841046277666,6.89340678987008,14.6002317497103,11.9943823095863,-7.75918547204432,61.2555547034763,51859,35.2207792207792,6.58238884045336,3850,100,0,0,0
06037534302,534302,603,76,1122,57,12.6036484245439,8.17609286880222,5.08021390374332,3.44097213848457,7.52343452080063,39.4351623731222,66149,29.1088580576307,6.74621385956861,3759,97.2333067305134,0.74487895716946,1.11731843575419,0.319233838786911
06037534403,534403,596,61,796,57,10.2348993288591,6.80814017540817,7.1608040201005,5.68035969248022,3.07409530875856,40.4370077686309,64656,28.7122612446088,8.75331564986738,3246,96.8268638324091,3.17313616759088,0,0
06037534404,534404,664,73,852,84,10.9939759036145,5.70461396141956,9.85915492957746,5.95606956370673,1.13482097403699,31.543187495379,56500,20.3501094091904,5.75835475578406,3199,91.0597061581744,8.94029384182557,0,0
06037534405,534405,619,41,1086,36,6.62358642972536,6.27922752924138,3.31491712707182,3.60392128904092,3.30866930265354,57.6297996975375,71645,24.2658038825286,9.15006100040667,4065,96.4821648216482,2.16482164821648,1.00861008610086,0.34440344403444
06037534406,534406,978,173,932,172,17.6891615541922,10.1872349816609,18.4549356223176,12.7266644413987,-0.765774068125367,35.0092795195263,44583,33.2403651115619,1.91138140747176,3968,99.7227822580645,0.277217741935484,0,0
06037534501,534501,1090,67,1436,417,6.14678899082569,6.68419812980551,29.0389972144847,26.1889358836411,-22.892208223659,66.1051214579505,72074,20.2845676760307,5.88594083562062,5494,96.5598835092829,2.73025118310885,0,0.491445212959592
06037534502,534502,797,0,1050,76,0,1.75658720200753,7.23809523809524,6.10103167859799,-7.23809523809524,,92625,11.3379903277808,19.1236691236691,3722,94.9489521762493,5.02418054809242,0,0
06037534700,534700,694,40,1121,163,5.76368876080692,5.22862693583275,14.5405887600357,7.78770713948825,-8.77689999922877,55.1469163141022,84150,12.5519750519751,15.1711711711712,3876,96.8782249742002,2.29618163054696,0,0.696594427244582
06037534802,534802,490,6,763,14,1.22448979591837,3.49710200218149,1.8348623853211,3.62232411622118,-0.610372589402734,173.614993016102,73413,20.0156372165754,7.13867758923347,2568,97.9361370716511,1.36292834890966,0,0.700934579439252
06037534803,534803,843,16,1247,156,1.89798339264531,3.28712042976472,12.5100240577386,7.94980246569192,-10.6120406650933,105.282770603786,82130,10.4176442984514,7.6056338028169,4262,95.776630689817,1.3139371187236,2.15861098076021,0.750821210699202
06037534804,534804,889,66,1107,95,7.42407199100113,5.05590086348218,8.58175248419151,5.23952297994605,-1.15768049319038,41.3990592947928,74881,26.1288805268109,8.05755395683453,4252,97.5776105362183,2.30479774223895,0,0.117591721542803
06037534900,534900,1157,63,1709,282,5.44511668107174,4.8694566834015,16.500877706261,8.67962943600888,-11.0557610251892,54.3635005808418,74145,15.8966461327858,4.67362924281984,5869,99.5740330550349,0.0681547111944113,0,0.340773555972057
06037535001,535001,725,140,882,60,19.3103448275862,9.66326878312268,6.80272108843537,5.43457601559824,12.5076237391508,30.4206246971947,59444,21.0567823343849,8.69759143621766,3804,95.1629863301788,1.13038906414301,2.81282860147213,0
06037535002,535002,711,72,918,81,10.126582278481,7.2321542107449,8.82352941176471,5.71803608347259,1.30305286671631,43.414907496113,50754,26.5182742511679,8.21661998132586,3663,95.5227955227955,0.819000819000819,3.46710346710347,0.191100191100191
06037535101,535101,1292,175,1929,166,13.5448916408669,14.8025700756859,8.60549507516848,4.88776495890113,4.93939656569839,66.4348086418975,68537,9.12648497554158,7.99297321036451,7219,94.0019393267766,0.443274691785566,4.77905527081313,0
06037535102,535102,1006,31,1253,147,3.08151093439364,4.30781752781369,11.731843575419,6.66275567653918,-8.65033264102536,84.9821439941282,64959,22.3309053069719,11.4540721457791,4819,90.1224320398423,0.996057273293214,8.4249844366051,0.207511931936086
06037535200,535200,1385,60,1682,167,4.33212996389892,4.11527042735719,9.92865636147443,9.67397519204449,-5.59652639757552,57.7472091376871,81000,10.996225176432,7.48376164925162,6155,88.2209585702681,0.0487408610885459,9.82940698619009,0
06037535300,535300,1140,89,1705,35,7.80701754385965,5.87655774804771,2.05278592375367,2.93813989150504,5.75423162010598,45.7585180340452,73750,18.4941889843355,9.96489332973265,5937,97.8608724945259,0.623210375610578,1.39801246420751,0.117904665656055
06037535400,535400,474,80,890,44,16.8776371308017,10.0151093783081,4.9438202247191,4.14001277781061,11.9338169060826,36.0726583990732,68514,30.0445765230312,7.66902119071645,3365,89.62852897474,0.683506686478455,9.68796433878157,0
06037535501,535501,751,53,768,0,7.0572569906791,7.00066101754581,0,1.82291666666667,7.0572569906791,60.3027633672868,58849,15.8906882591093,3.50175087543772,2964,97.6045883940621,2.09176788124157,0.303643724696356,0
06037535502,535502,970,85,1476,43,8.76288659793815,7.74540071051532,2.91327913279133,3.46526806450333,5.84960746514682,53.7317267241185,66969,15.9578947368421,10.9704641350211,4809,95.8827199001872,2.05864004990643,0.935745477230194,0
06037535503,535503,605,8,861,171,1.32231404958678,3.25675713121811,19.8606271777004,9.26634239431548,-18.5383131281136,149.721737415422,81875,9.94826900119379,9.55752212389381,2513,94.8269001193792,1.67130919220056,0.915240748109829,2.46717071229606
06037535603,535603,749,51,964,67,6.80907877169559,6.37468544163074,6.95020746887967,5.59710785340412,-0.141128697184074,56.9120852944923,47647,10.4684788895315,10.521582733813,3485,93.3715925394548,0.200860832137733,3.95982783357245,1.46341463414634
06037535604,535604,869,120,1294,65,13.8089758342923,7.54993321250519,5.02318392581144,4.4893826892715,8.78579190848085,33.2365347602179,74583,10.2336448598131,7.13229859571323,4306,98.0956804458895,1.32373432419879,0,0.371574547143521
06037535605,535605,975,110,1144,165,11.2820512820513,8.09405666341428,14.4230769230769,9.22715055425056,-3.14102564102564,43.6126291618067,71111,8.90131154590411,10.9983079526227,4651,98.5809503332617,1.07503762631692,0,0
06037535606,535606,496,96,508,66,19.3548387096774,11.6375564413074,12.992125984252,9.35457494792333,6.36271272542545,36.5515957123129,65658,14.4689584402258,11.0068259385666,1949,96.3057978450487,0.923550538737814,0.513083632632119,2.25756798358132
06037535607,535607,854,18,1383,89,2.10772833723653,3.08827754287091,6.4352856109906,5.79366036992147,-4.32755727375407,89.0708889433218,74187,14.013725924286,14.4974226804124,4517,97.9411113570954,0.531326101394731,0.509187513836617,0.863404914766438
06037535701,535701,1340,132,1794,120,9.85074626865672,7.72727028256287,6.68896321070234,4.70455796192682,3.16178305795437,47.6860190597506,84167,15.4305799648506,11.0004741583689,5761,90.0711681999653,4.07915292483944,0,5.45044263148759
06037535702,535702,1298,76,1426,125,5.85516178736518,4.92903081780095,8.76577840112202,7.04854335408211,-2.91061661375684,51.1748680331597,73236,15.030455034038,7.56159728122345,5639,98.4926405391027,0.248270970030147,0.58521014364249,0.673878347224685
06037535802,535802,1300,39,1843,126,3,3.2394096912754,6.83667932718394,4.14202001889475,-3.83667932718394,65.6415337644458,100694,7.61968981793662,12.5768321513002,5932,96.4767363452461,1.31490222521915,0.623735670937289,0.16857720836143
06037535803,535803,685,33,931,56,4.81751824817518,7.72762433459818,6.01503759398496,7.09923119683545,-1.19751934580978,97.5117006392144,74130,20.2274087372831,8.13575081357508,3342,99.311789347696,0.359066427289048,0,0
06037535804,535804,1677,109,1829,85,6.49970184853906,3.93699418804703,4.6473482777474,3.40913423063134,1.85235357079165,36.8218357176591,81103,11.7268678871846,8.32922621981272,6063,98.6310407389081,0.857661223816593,0.214415305954148,0
06037535901,535901,1468,83,1561,104,5.65395095367847,4.92979520018457,6.66239590006406,5.04943973668444,-1.00844494638559,53.0042798833335,64598,17.3643915947223,10.8134676824773,6139,97.0842156703046,2.08503013520117,0,0
06037535902,535902,1298,159,1697,147,12.2496147919877,8.03243398656253,8.66234531526223,5.84952521293777,3.58726947672545,39.8619766953725,100947,5.32154619518114,15.281973816717,5790,91.7789291882556,2.55613126079447,1.46804835924007,1.62348877374784
06037536000,536000,888,77,836,92,8.67117117117117,5.27422624026374,11.0047846889952,7.8986989532086,-2.33361351782404,36.9755883736959,50000,24.2384964355152,14.1552511415525,3091,96.5706890973795,1.03526366871563,0.970559689420899,0.355871886120996
06037536102,536102,695,8,992,43,1.15107913669065,2.72976529905142,4.33467741935484,6.41371554060529,-3.18359828266419,144.163136993977,80116,16.7696629213483,14.9536477226925,3560,80.4494382022472,13.2865168539326,1.46067415730337,1.34831460674157
06037536103,536103,1203,99,1552,56,8.22942643391521,4.65088248053736,3.60824742268041,2.64628141435348,4.6211790112348,34.3557865836876,75583,8.02636680884064,10.2906976744186,5158,96.0837533927879,1.33772780147344,0.91120589375727,0.329585110507949
06037536104,536104,1075,229,971,58,21.3023255813954,9.24789570260701,5.97322348094748,6.09219156134922,15.3291021004479,26.3906448820763,68750,9.36617911213754,15.0529204233634,3897,91.8142160636387,2.54041570438799,5.00384911470362,0.641519117269695
06037536201,536201,800,59,1180,37,7.375,6.10610136677792,3.13559322033898,3.94871773004184,4.23940677966102,50.3310606709838,103214,15.5518394648829,19.0383111806099,3588,91.2764771460424,4.93311036789298,1.53288740245262,1.44927536231884
06037536202,536202,957,26,1481,147,2.71682340647858,3.38710458094572,9.92572586090479,6.54415622296054,-7.20890245442622,75.788147859833,77500,8.96280896280896,10.0920447074293,4329,94.7562947562947,3.16470316470316,0.785400785400785,0.415800415800416
06037540000,540000,1241,102,1923,171,8.21917808219178,5.49683627791479,8.89235569422777,4.09277680273901,-0.673177612035987,40.6554253584376,61595,23.027302730273,7.20200752823087,6784,93.0129716981132,2.04893867924528,2.7564858490566,1.78360849056604
06037540101,540101,1279,147,1503,187,11.4933541829554,9.51831220821806,12.4417831004657,8.4177971719272,-0.9484289175103,50.3439460509518,90179,17.497982243745,11.0760918505178,6222,87.9299260687882,4.6448087431694,6.86274509803922,0
06037540102,540102,1685,146,1557,109,8.6646884272997,4.75414997801094,7.00064226075787,5.61858280356314,1.66404616654184,33.3544685553917,118380,8.06818181818182,18.6958614051973,6222,89.0228222436516,0.7875281260045,9.01639344262295,0.675024108003857
06037540201,540201,414,41,560,20,9.90338164251208,8.15645986934554,3.57142857142857,4.84116617176531,6.33195307108351,50.0670825992891,60231,20.8047105004907,2.16666666666667,2090,95.0717703349282,1.19617224880383,1.96172248803828,0.526315789473684
06037540202,540202,1239,82,1839,77,6.6182405165456,6.26994953332499,4.18705818379554,3.86463656829289,2.43118233275006,57.5911296003385,67767,16.3757273482959,10.3619236489836,6357,87.6828692779613,1.87195217870065,6.04058518168948,3.24052225892717
06037540203,540203,1261,184,1337,123,14.5915939730373,9.86610098133015,9.19970082273747,7.14890356477933,5.3918931502998,41.1033214532091,84196,13.3669120495932,8.00993480285626,5202,89.119569396386,1.44175317185698,9.3041138023837,0.134563629373318
06037540300,540300,1020,115,1302,72,11.2745098039216,7.70613202595082,5.52995391705069,4.62179773836516,5.74455588687088,41.5501766431602,75964,2.43793334824424,10.2588996763754,4479,99.3078812234874,0.223264121455682,0.468854655056932,0
06037540400,540400,500,35,618,43,7,7.05797959759023,6.957928802589,7.02246280373107,0.0420711974110031,61.2937872131154,86895,14.2599277978339,6.640625,2216,94.8104693140794,1.12815884476534,4.06137184115523,0
06037540501,540501,917,52,1119,49,5.67066521264995,4.75742916414038,4.37890974084004,4.08146480170459,1.29175547180991,51.0002635435671,82933,23.4415924567837,7.90137293359484,5110,76.320939334638,9.35420743639922,11.9765166340509,1.3894324853229
06037540502,540502,1506,265,1651,192,17.5962815405047,12.5689438786237,11.6293155663234,6.99672747579844,5.96696597418121,43.4222159344093,61534,23.9411502452073,5.61330561330561,6742,85.8943933550875,0.830614061109463,12.073568673984,0
06037540600,540600,899,230,804,95,25.5839822024472,10.0270085305977,11.81592039801,10.115842826029,13.7680618044372,23.825242947026,34211,34.1545352743561,8.58477011494253,4465,79.6416573348264,0.403135498320269,14.1321388577828,5.21836506159015
06037540700,540700,703,14,786,51,1.99146514935989,3.79363871701721,6.48854961832061,6.55723595773685,-4.49708446896072,115.802345552024,71563,15.1269035532995,23.1584015406837,3070,59.5439739413681,1.07491856677524,32.0846905537459,0.260586319218241
06037540800,540800,1282,143,1496,161,11.1544461778471,7.0298988958627,10.7620320855615,6.96935544974836,0.392414092285616,38.3120300316534,84688,16.0400529000567,12.8119372266529,5331,56.9874320015007,2.13843556555993,33.7084974676421,4.61451885199775
06037540901,540901,1053,54,1216,163,5.12820512820513,5.17968107897654,13.4046052631579,7.68624713756817,-8.27640013495277,61.4004747963785,85500,14.3130582730753,15.0793650793651,5250,70.6095238095238,3.58095238095238,24.6095238095238,0.514285714285714
06037540902,540902,1186,178,1262,235,15.008431703204,8.93877770021103,18.621236133122,12.4069672036896,-3.61280442991798,36.2056977304405,85307,26.0376502608301,12.411227595536,4523,53.659075834623,0.353747512712801,44.5942958213575,0
06037541003,541003,1105,56,1081,279,5.06787330316742,6.35124925199185,25.8094357076781,13.0888951555873,-20.7415624045107,76.1846550526595,80208,9.63210702341137,17.7902621722846,4602,30.1390699695784,5.34550195567145,49.1960017383746,3.15080399826163
06037541100,541100,676,94,937,135,13.905325443787,9.92719509866248,14.4076840981857,9.36250699915094,-0.502358654398718,43.3989774732965,93782,12.6713473754597,13.0740393626992,2999,56.2520840280093,1.46715571857286,39.6798932977659,0.0333444481493831
06037541200,541200,1385,136,1306,131,9.81949458483754,6.42362304577955,10.0306278713629,6.73154009465014,-0.211133286525396,39.7671997067972,82414,7.36789464910819,14.3705169428642,6058,36.1835589303401,0.495212941564873,58.9963684384285,1.20501815780786
06037541300,541300,1451,176,1709,141,12.1295658166782,6.69357234699871,8.25043885313049,5.42723117837394,3.87912696354767,33.5464682077063,100882,12.882927637026,12.6660108214461,6058,76.015186530208,0.297127764938924,19.6434466820733,2.31099372730274
06037541401,541401,706,113,830,107,16.0056657223796,9.12191750689093,12.8915662650602,14.5217161777976,3.11409945731936,34.6454730605751,68728,11.3014727983168,8.97164621244181,3361,82.7729842308837,2.23147872656947,14.400476048795,0
06037541402,541402,618,56,893,78,9.06148867313916,8.55409325111357,8.73460246360582,7.86675906937566,0.326886209533336,57.3863398739491,57727,16.1279573475508,14.0782122905028,3001,84.105298233922,0.766411196267911,15.1282905698101,0
06037541500,541500,1116,134,1595,162,12.0071684587814,7.35916778354911,10.1567398119122,5.78754244130536,1.85042864686914,37.2582282195745,64055,11.4252740911714,6.82027649769585,5199,88.1515676091556,0.653971917676476,11.1944604731679,0
06037541603,541603,690,63,779,98,9.1304347826087,6.70136810323101,12.5802310654686,5.25451721873868,-3.44979628285985,44.6175904977025,69405,23.771386967601,6.43028846153846,2855,93.0647985989492,0.910683012259194,5.42907180385289,0.595446584938704
06037541604,541604,1072,28,1348,181,2.61194029850746,4.07198137870628,13.4272997032641,7.43094549849407,-10.8153594047566,94.7712557093602,60804,22.0635827146393,4.09631019387117,5276,88.7035633055345,0.151630022744503,9.64746019711903,0.0568612585291888
06037541605,541605,1140,97,1445,56,8.50877192982456,5.61591618817244,3.87543252595156,3.03598326502789,4.63333940387301,40.1224858491309,68805,9.3796992481203,10.8038768529076,5320,74.6804511278196,0.545112781954887,16.8045112781955,5.46992481203008
06037541606,541606,546,104,605,99,19.0476190476191,9.85668660974262,16.3636363636364,7.51291539835255,2.68398268398268,31.4575104566254,51667,37.4718679669918,3.81830151415405,2666,83.0082520630158,0.525131282820705,13.8784696174044,0
06037541700,541700,1023,54,1730,176,5.27859237536657,5.20583292615215,10.1734104046243,8.71884688652408,-4.89481802925771,59.9523481194827,87157,14.4456886898096,7.99289520426288,5410,88.6691312384473,1.88539741219963,9.13123844731978,0.277264325323475
06037541801,541801,1469,259,1058,116,17.6310415248468,9.40805257015922,10.9640831758034,9.64870815805518,6.66695834904343,32.4381341037281,67188,41.1264034770011,10.1938502673797,5538,79.3607800650054,1.30010834236186,13.6691946551101,0
06037541802,541802,1365,76,1444,244,5.56776556776557,4.54029277604689,16.8975069252078,17.2308493665364,-11.3297413574422,49.5720655839386,84010,9.89141164856861,12.3522791221159,5129,82.6476896081107,0,17.2548255020472,0
06037542000,542000,1204,51,1565,148,4.2358803986711,4.59293317954051,9.45686900958466,5.26361327507651,-5.22098861091357,65.9144352841859,100256,13.4558387670421,13.3289343451006,5061,72.0213396561944,0.573009286702233,24.2244615688599,2.98360007903576
06037542103,542103,780,42,864,134,5.38461538461539,4.15342304319883,15.5092592592593,8.27648683219005,-10.1246438746439,46.8905771268648,69950,11.0271903323263,5.74988021082894,3371,90.1216256303768,1.18659151587066,8.18748145950756,0.0593295757935331
06037542104,542104,700,17,1357,100,2.42857142857143,3.32388253809162,7.36919675755343,4.41034324095175,-4.940625328982,83.2010647832697,74099,13.0961026385863,6.30157539384846,4141,91.6445303066892,0.120743781695243,3.71890847621348,0.458826370441922
06037542105,542105,866,138,1284,105,15.9353348729792,9.35723311868595,8.17757009345795,5.80795153365635,7.75776477952127,35.6960657274218,64202,19.3720632208458,6.49947015188979,4682,90.4100811618966,0.320375907731739,9.05595899188381,0.213583938487826
06037542106,542106,417,49,648,38,11.7505995203837,8.9275149128568,5.8641975308642,4.99174170407424,5.8864019895195,46.18539443783,55625,23.6830050389372,2.77970813064628,2211,83.1298055178652,0.67842605156038,14.0208050655812,1.67345092718227
06037542200,542200,1301,81,1773,118,6.22598001537279,4.74422915757493,6.65538635081782,4.53019465253792,-0.429406335445033,46.3225046643775,78203,20.7143823569206,7.63087843833185,7418,72.2701536802373,0.458344567268806,26.4761391210569,0.121326503100566
06037542401,542401,786,28,1216,127,3.56234096692112,5.80319162836214,10.4440789473684,6.51794527548617,-6.8817379804473,99.0297138491673,59960,22.5348605577689,7.34588409007014,4062,71.5164943377646,4.67749876907927,22.9443623830625,0.86164451009355
06037542402,542402,1023,137,992,37,13.3919843597263,8.04642764278179,3.72983870967742,3.18904982119831,9.66214565004888,36.5251724028388,88705,10.6033829840949,14.0560593569662,3961,69.2501893461247,0.252461499621308,26.6094420600858,0.429184549356223
06037542501,542501,1267,29,782,4,2.28887134964483,3.21266742038366,0.51150895140665,1.99606837249612,1.77736239823818,85.3254296536233,90281,20.9237875288684,19.4833948339483,4361,50.9974776427425,0.0458610410456317,37.858289383169,0
06037542502,542502,1020,103,1070,19,10.0980392156863,6.16376432076853,1.77570093457944,3.3227205139593,8.32233828110683,37.1059085028707,65917,23.9678899082569,14.0757074604925,4360,78.7155963302752,1.10091743119266,19.6559633027523,0
06037542601,542601,693,30,883,134,4.32900432900433,6.17441716359463,15.1755379388448,5.77599755192708,-10.8465336098405,86.7045814462224,73281,24.5641838351823,7.82865583456425,3162,90.4807084123972,0.253004427577483,9.2662871600253,0
06037542602,542602,1102,35,1264,104,3.17604355716878,3.68008829218511,8.22784810126582,5.10750662100025,-5.05180454409704,70.4378167258009,59469,19.0961171228517,7.9014135556361,4788,75.5012531328321,1.4828738512949,22.702589807853,0
06037542700,542700,1311,23,1378,117,1.75438596491228,3.00974455914436,8.49056603773585,7.76203151644221,-6.73618007282357,104.289021198315,80523,20.5225817615504,11.8565169769989,5791,81.2122258677258,0.535313417371784,17.8898290450699,0
06037542800,542800,643,18,644,46,2.79937791601866,3.48269738498172,7.14285714285714,7.39202032714941,-4.34347922683848,75.6289908322609,71528,7.05086928525435,14.6153846153846,3106,48.2936252414681,0.0321957501609788,49.1307147456536,0.0321957501609788
06037542900,542900,904,22,1006,96,2.43362831858407,3.15562646769946,9.54274353876739,8.38639390970453,-7.10911522018332,78.8252646255959,97936,6.05104674505305,9.74426807760141,3492,85.1947308132875,0,14.0893470790378,0.0286368843069874
06037543000,543000,1416,60,1159,90,4.23728813559322,3.81153842324064,7.76531492666091,6.35212183447439,-3.52802679106769,54.6822533668566,84786,6.90553745928339,14.7743300423131,4605,57.1552660152009,0.868621064060804,35.8957654723127,6.08034744842562
06037543100,543100,1821,131,1611,188,7.1938495332235,4.28004110110183,11.6697703289882,6.09666855623641,-4.4759207957647,36.167682986178,107552,14.8666967916855,14.7637350214786,6775,63.4391143911439,0.0885608856088561,34.2435424354244,0.14760147601476
06037543201,543201,808,38,1295,82,4.7029702970297,4.76110653511188,6.33204633204633,4.9960439186056,-1.62907603501663,61.5417386077491,103850,13.7695805962607,8.03059273422562,3958,73.8756947953512,1.18746841839313,24.3810005053057,0
06037543203,543203,767,124,931,61,16.1668839634941,14.0032722387156,6.55209452201933,5.5032688942714,9.6147894414748,52.6547201053774,46144,36.8328739664245,9.75908534095549,4006,86.8197703444833,0.0249625561657514,12.1068397403894,1.04842735896156
06037543304,543304,1939,140,1750,240,7.2202166064982,6.52074641509848,13.7142857142857,8.06393820672727,-6.49406910778752,54.9011172335039,113438,7.69451210775183,35.2444870565676,6984,13.631156930126,3.04982817869416,76.5320733104238,2.262313860252
06037543305,543305,603,33,1110,83,5.4726368159204,5.24268367079659,7.47747747747748,6.1752105045728,-2.00484066155708,58.2359446161986,97195,16.4086687306502,24.6239113222486,3265,55.2833078101072,11.3935681470138,23.0321592649311,8.23889739663093
06037543306,543306,1846,50,1866,142,2.70855904658722,2.68280871741725,7.60986066452304,4.85642865426419,-4.90130161793583,60.2123391167445,103209,2.08706022659511,35.4412647588553,6708,28.726893261777,11.1806797853309,14.5796064400716,31.8872987477639
06037543321,543321,1714,87,1309,105,5.07584597432906,3.66786742373527,8.02139037433155,7.52629538177563,-2.9455444000025,43.9277837003966,125789,13.0082763584023,47.8571428571429,5594,15.2484805148373,6.98963174830175,46.1387200572042,24.2223811226314
06037543322,543322,1382,22,1828,246,1.59189580318379,2.84820364860247,13.4573304157549,9.12906763054628,-11.8654346125711,108.765334135635,122001,7.88557590434388,32.7878548895899,6750,15.6148148148148,4.47407407407407,66.4,3.25925925925926
06037543400,543400,681,14,948,80,2.05580029368576,2.89445863109306,8.43881856540084,5.59542138696835,-6.38301827171509,85.5895061994951,103575,11.9162185111803,23.0955259975816,3565,54.7545582047686,5.27349228611501,25.8625525946704,12.6788218793829
06037543501,543501,1215,34,1516,242,2.79835390946502,3.70210837374671,15.9630606860158,9.95372125133941,-13.1647067765508,80.4230587180806,97231,11.4635783820074,29.2755616689592,6069,22.441917943648,6.65678035920251,6.85450650848575,58.6917119789092
06037543502,543502,1596,151,1448,48,9.46115288220551,9.52872130084415,3.31491712707182,4.11491793428409,6.14623575513369,61.2244175452294,100284,10.3311810039575,31.6176470588235,4813,51.4855599418242,9.97298981923956,5.75524620818616,26.2206523997507
06037543503,543503,1446,49,1534,17,3.38865836791148,3.79744670212875,1.10821382007823,1.883596477183,2.28044454783325,68.1236639324878,100580,5.51902769475991,40.1509951956074,5473,33.2724282843048,13.3930202813813,4.93330897131372,44.6373104330349
06037543601,543601,1028,42,921,112,4.08560311284047,5.02501219310275,12.1606948968513,6.65530078998301,-8.07509178401078,74.7678757346884,109844,10.1557053218685,30.0716845878136,4322,48.8894030541416,4.51180009254975,6.22397038408144,37.2512725590005
06037543603,543603,674,40,840,0,5.93471810089021,5.89151272906426,0,1.66666666666667,5.93471810089021,60.347713972482,83521,7.2905331882481,33.0541237113402,3676,26.6594124047878,14.3906420021763,18.335146898803,30.0054406964091
06037543605,543605,1273,109,1100,16,8.56245090337785,5.1031374231258,1.45454545454545,2.18560715328921,7.10790544883239,36.2304115314081,93636,6.95528743789922,42.3573904821935,4242,39.2739273927393,12.5412541254125,4.52616690240453,41.1598302687412
06037543606,543606,765,122,876,73,15.9477124183007,8.46375983429518,8.33333333333333,8.18704765183667,7.61437908496732,32.2625754807704,75192,14.5557655954631,36.9642857142857,3939,32.6732673267327,15.029195227215,11.8050266565118,37.8268596090378
06037543607,543607,1065,28,1276,166,2.62910798122066,2.99514265203099,13.0094043887147,7.4011698918303,-10.3802964074941,69.2537326186062,112614,10.5968331303289,34.1308220921354,4991,33.5003005409738,6.45161290322581,5.40973752754959,50.470847525546
06037543701,543701,652,62,918,64,9.50920245398773,6.73769685503559,6.97167755991285,5.10122488772094,2.53752489407488,43.0726379986587,145690,4.80928689883914,24.2481203007519,3063,49.951028403526,5.81129611492001,2.9709435194254,39.7649363369246
06037543703,543703,960,115,1179,153,11.9791666666667,14.7792753713211,12.9770992366412,8.70174315179129,-0.997932569974555,74.9998908760053,120025,6.86298369432952,16.5217391304348,4113,59.2511548747873,9.23899829807926,5.49477267201556,21.9061512278142
06037543704,543704,749,38,796,70,5.07343124165554,5.58149293645946,8.79396984924623,5.67546662666692,-3.72053860759069,66.8779108847885,102925,7.74577954319762,27.0997679814385,3021,58.6891757696127,7.74577954319762,3.70738166170142,26.8454154253558
06037543705,543705,839,113,726,12,13.4684147794994,8.73619285617374,1.65289256198347,3.22315075608982,11.8155222175159,39.4311849064194,106393,4.24803014731072,42.4003935071323,2936,55.9264305177112,3.74659400544959,5.14305177111717,31.6076294277929
06037543801,543801,1185,100,1207,93,8.43881856540084,7.31389161020713,7.70505385252693,5.68704482084593,0.733764712873918,52.686696401796,107623,6.55211912943872,28.7395478476308,4371,44.1775337451384,5.65088080530771,3.13429421185084,38.2978723404255
06037543803,543803,1182,73,1239,40,6.17597292724196,5.80414392860207,3.22841000807103,3.95895850806524,2.94756291917094,57.1303503652216,95529,13.7109462800629,26.8917696713898,4535,33.0099228224917,10.5843439911797,9.72436604189636,36.3395810363837
06037543804,543804,894,45,1155,69,5.03355704697987,6.7437583967394,5.97402597402597,3.76420632806965,-0.940468927046108,81.4443769900036,128350,17.9282006920415,26.6878245816503,4643,28.25759207409,10.0796898556967,7.12901141503338,51.6691794098643
06037543903,543903,1030,81,1206,51,7.86407766990291,4.13870933040711,4.22885572139303,3.43622365407877,3.63522194850988,31.9927247575468,134856,6.56716417910448,23.8795518207283,4023,53.9398458861546,2.73427790206314,2.28685060899826,34.277902063137
06037543905,543905,1137,26,1363,125,2.28671943711522,2.61979543345307,9.17094644167278,9.31750076126806,-6.88422700455757,69.6447839101272,92212,5.83148558758315,16.1594963273872,4602,79.4654498044329,1.45588874402434,8.5832246849196,6.80139069969578
06037544001,544001,1195,34,1190,66,2.84518828451883,2.62563912236244,5.54621848739496,3.8321341387901,-2.70103020287613,56.09938764926,97880,8.49793293523197,24.5732574679943,4354,65.4340836012862,8.79650895728066,2.87092328892972,18.465778594396
06037544002,544002,842,54,1060,130,6.41330166270784,4.87587135410729,12.2641509433962,10.7521131464635,-5.85084928068839,46.2173103699014,105667,6.33315593400745,15.4671968190855,3758,70.2767429483768,5.747738158595,2.12879191059074,17.5625332623736
06037550101,550101,963,94,1112,83,9.76116303219107,8.69122012616617,7.46402877697842,3.84301257890265,2.29713425521265,54.1269157440214,120789,5.85774058577406,20.9829867674858,3862,83.350595546349,7.35370274469187,0,8.3117555670637
06037550201,550201,818,72,918,38,8.80195599022005,4.71149049083444,4.13943355119826,4.00112325528987,4.66252243902179,32.5396759667559,96000,10.4370515329419,15.85,3072,75.09765625,8.62630208333333,1.49739583333333,10.5143229166667
06037550202,550202,1314,0,1450,91,0,1.44596651445967,6.27586206896552,7.05280644074738,-6.27586206896552,,109205,6.99805068226121,22.7794078420912,5130,80.1364522417154,6.25730994152047,1.92982456140351,10.7017543859649
06037550301,550301,982,167,1426,77,17.0061099796334,10.6965085241963,5.39971949509116,4.83125246409831,11.6063904845422,38.2358858116987,83561,3.77358490566038,19.2307692307692,4196,78.3603431839848,5.1954242135367,3.76549094375596,8.38894184938036
06037550501,550501,921,65,1154,50,7.05754614549403,5.55129249726542,4.33275563258232,4.29730853323585,2.72479051291171,47.8161364506098,78902,11.8788200903534,30.7859313938341,3904,75.3586065573771,6.32684426229508,12.8329918032787,3.32991803278689
06037550502,550502,1010,37,1498,109,3.66336633663366,3.33675384301503,7.27636849132176,5.81718632276739,-3.6130021546881,55.3704326204745,136349,1.72740179839091,37.0742783003568,4226,65.8305726455277,21.2967345007099,0.165641268338855,12.7070515854236
06037550601,550601,1347,138,1816,96,10.2449888641425,7.02258314507753,5.2863436123348,3.61196205729529,4.95864525180774,41.6696158601799,97579,12.362108212222,30.4759467758444,5729,76.8720544597661,8.51806598010124,3.36882527491709,8.11659975562925
06037550602,550602,989,9,1169,6,0.910010111223458,2.14244106446189,0.513259195893927,1.46849013934381,0.396750915329532,143.118825582763,128393,8.74108053007136,26.0680666183925,3924,73.7767584097859,17.1253822629969,1.86034658511723,5.32619775739042
06037550700,550700,1665,6,2049,272,0.36036036036036,1.45130840017147,13.2747681795998,7.26095835237513,-12.9144078192394,244.825581183941,94327,9.28705440900563,25.7559737788116,6398,66.1144107533604,14.7077211628634,1.00031259768678,15.6767739918725
06037550801,550801,1114,28,1308,30,2.51346499102334,3.44088749199684,2.29357798165138,3.40124276446911,0.219887009371963,83.220769997492,113889,4.35546875,41.5814210671828,5120,70.52734375,25.41015625,0.33203125,2.3828125
06037550802,550802,341,20,796,20,5.86510263929619,8.60265810376589,2.51256281407035,3.82147086048188,3.35253982522584,89.1643286742908,84361,12.9827826896231,16.3194444444444,2149,87.9013494648674,7.02652396463471,0.791065611912518,2.93159609120521
06037550901,550901,1211,137,1413,121,11.3129644921552,8.6260549425305,8.56334041047417,7.63098567707738,2.74962408168108,46.3521511122154,90200,10.9427990052001,14.4903940084663,4446,68.8034188034188,14.0575798470535,4.16104363472785,10.1214574898785
06037550902,550902,1342,99,1516,140,7.37704918032787,5.47869848904768,9.23482849604222,7.38714400204077,-1.85777931571435,45.1469919394675,84181,6.70581549535897,31.7469204927212,5305,72.8369462770971,7.40810556079171,2.5636192271442,12.3279924599434
06037551001,551001,645,38,878,84,5.89147286821705,5.75962208434862,9.56719817767654,9.9481772291393,-3.67572530945948,59.4297911438948,83895,6.42608420386198,20,3159,74.3273187717632,16.5242165242165,0.696422918645141,5.63469452358341
06037551002,551002,981,0,1212,132,0,1.42711518858308,10.8910891089109,12.1103266100388,-10.8910891089109,,107400,5.90560334805859,26.1086820737039,4350,72.8965517241379,18.2068965517241,0,6.75862068965517
06037551101,551101,1076,35,944,85,3.25278810408922,3.27545021274144,9.00423728813559,6.32972526363753,-5.75144918404637,61.2137981573564,76552,11.4194499017682,29.7514619883041,4072,70.6286836935167,13.6051080550098,1.20333988212181,10.9282907662083
06037551102,551102,1481,71,1464,15,4.79405806887238,4.33378872043581,1.02459016393443,1.90528948816152,3.76946790493796,54.9539029493167,61713,15.893665158371,14.1592920353982,5388,81.3103192279139,6.19896065330364,5.38233110616184,1.74461766889384
06037551201,551201,1037,87,1116,120,8.38958534233366,6.32535174613331,10.752688172043,7.87241074431573,-2.36310282970936,45.8329997606138,80833,7.63008897276894,30.56280283265,3751,70.1146360970408,9.94401492935217,14.1029058917622,4.3188483071181
06037551203,551203,1065,174,1172,19,16.3380281690141,10.0997093155679,1.62116040955631,2.15687172339182,14.7168677594578,37.5788366735835,91845,11.2289156626506,33.5630599586492,4150,80.5301204819277,5.78313253012048,1.87951807228916,10.9156626506024
06037551204,551204,802,64,962,53,7.98004987531172,9.58718863298286,5.50935550935551,4.90445372189215,2.47069436595621,73.0331048979128,72531,15.7831325301205,20.4819277108434,3556,76.5466816647919,13.8638920134983,4.55568053993251,1.5748031496063
06037551300,551300,1339,82,1545,10,6.12397311426438,6.3925576602788,0.647249190938511,1.60271033611032,5.47672392332586,63.4564067544911,71741,11.9888290444843,23.4020073956683,5181,74.98552403011,9.39972978189539,7.37309399729782,6.98706813356495
06037551401,551401,1063,75,1494,94,7.0555032925682,8.19654740532637,6.29183400267738,4.85788025604183,0.763669289890827,70.6215188803399,97463,6.43503792512846,27.7534646243618,4087,84.6097381942745,7.51162221678493,4.64888671397113,3.22975287496942
06037551402,551402,1152,110,1148,47,9.54861111111111,8.99747611342614,4.09407665505227,4.11290635775663,5.45453445605885,57.2815279506323,94643,10.4706820901476,19.2468619246862,5014,77.4232149980056,14.3199042680495,3.76944555245313,3.57000398883127
06037551501,551501,1158,62,1124,39,5.35405872193437,4.82038885973123,3.46975088967972,3.87618882365972,1.88430783225465,54.7309569523361,101094,8.65260439087387,25.3988513082323,4707,70.6607180794561,14.8502230720204,5.22625876354366,7.138304652645
06037551502,551502,1046,12,1135,61,1.1472275334608,2.31528226232383,5.37444933920705,4.79383596118923,-4.22722180574625,122.684156352114,95655,2.61437908496732,30.6254029658285,4360,80.1376146788991,5.45871559633028,1.76605504587156,12.1788990825688
06037551700,551700,1358,47,1568,95,3.46097201767305,3.08118518668842,6.05867346938776,4.49645853854649,-2.59770145171471,54.1195044108243,87471,13.743071405282,19.2589401120207,6134,83.5507010107597,7.22204108249103,2.34757091620476,4.93968046951418
06037551801,551801,949,9,855,26,0.948366701791359,2.5633879117262,3.04093567251462,3.19449607817542,-2.09256897072326,164.313078569953,96090,2.56101235311841,21.0992907801418,3319,74.2090991262429,8.61705332931606,1.1147936125339,10.0030129557096
06037551802,551802,1412,41,1072,138,2.90368271954674,2.93710883275512,12.8731343283582,11.4520407400961,-9.96945160881147,61.4900685276926,85772,6.25946491670873,27.0879526977088,3983,79.4627165453176,9.69118754707507,0.954054732613608,9.61586743660557
06037551900,551900,1323,103,1657,84,7.78533635676493,6.2091923406777,5.06940253470127,3.94645936498508,2.71593382206366,48.4832618214454,111020,10.2127659574468,27.8153697438376,5361,66.8905055027047,14.866629360194,1.49225890692035,16.0604364857303
06037552001,552001,884,55,1076,58,6.22171945701358,4.95210561042127,5.39033457249071,4.31269704857647,0.831384884522868,48.3853148340691,103006,6.07318972229432,18.8059701492537,3934,71.0726995424504,7.600406710727,5.33807829181495,14.6415861718353
06037552002,552002,949,86,1036,70,9.06217070600632,6.78984074906045,6.75675675675676,5.8021344813995,2.30541394924957,45.5471751668789,105750,9.35837245696401,29.7003907946157,3243,66.913351834721,8.17144619179772,3.85445575084798,16.0037002775208
06037552100,552100,1393,26,1236,40,1.8664752333094,2.50243158115093,3.23624595469256,3.18312021904722,-1.36977072138315,81.5030907772563,77350,10.2376237623762,20.9152016546019,5226,64.1791044776119,9.85457328740911,5.26215078453885,11.5193264446996
06037552200,552200,1554,81,1649,38,5.21235521235521,3.35603472056844,2.30442692540934,2.74380345425823,2.90792828694587,39.1405152595847,66827,19.9691595990748,18.0310035354909,6498,74.9923053247153,5.20160049245922,7.40227762388427,10.6494305940289
06037552301,552301,773,16,1234,21,2.06985769728331,3.79010972635053,1.70178282009724,2.23093897467546,0.368074877186067,111.312873042134,86125,6.44076564924987,23.1783483691881,3955,70.0126422250316,6.29582806573957,6.87737041719343,14.7661188369153
06037552302,552302,966,19,1141,35,1.96687370600414,2.70073724004417,3.06748466257669,2.83937895447468,-1.10061095657255,83.471834070794,81705,11.5615615615616,17.9315213554536,4005,43.1210986267166,32.8838951310861,6.66666666666667,15.3058676654182
06037552400,552400,481,5,575,26,1.03950103950104,3.34438824873132,4.52173913043478,4.79674929204275,-3.48223809093374,195.580638010913,80217,5.59717937417365,16.9734151329243,2294,79.5553618134263,5.92850915431561,0.959023539668701,13.382737576286
06037552601,552601,1157,106,1285,152,9.16162489196197,6.25861162686095,11.8287937743191,7.97494541994788,-2.6671688823571,41.5278640378398,97946,8.55314197051978,12.3635290646208,5198,86.2639476721816,5.11735282801077,1.65448249326664,5.27125817622162
06037552602,552602,1049,50,958,30,4.76644423260248,5.5527947272503,3.13152400835073,3.22648291335813,1.63492022425175,70.8192300168457,115227,11.6013071895425,31.1996933691069,3682,55.4861488321564,3.2319391634981,1.95545898967952,34.8180336773493
06037552700,552700,1569,57,1632,27,3.63288718929254,3.45836693859509,1.65441176470588,2.07712252629575,1.97847542458666,57.8699698891452,106250,7.07196029776675,20.7044673539519,6511,66.9943173091691,9.36876055905391,3.34818000307173,19.0293349715865
06037552800,552800,1306,77,1773,181,5.895865237366,4.30125878335928,10.2086858432036,6.87264863936033,-4.31282060583761,44.348825414023,117935,4.74745671961449,23.3658903080391,5635,77.2138420585626,7.25820763087844,5.83850931677019,7.20496894409938
06037552900,552900,1425,24,1967,82,1.68421052631579,3.02303582433168,4.1687849517031,4.17619565245142,-2.48457442538731,109.114134996774,83365,16.1741386766614,24.7457627118644,6937,61.4819086060257,17.3273749459421,6.15539858728557,11.8062563067608
06037553000,553000,1443,76,1242,190,5.26680526680527,4.6575520709665,15.2979066022544,9.44283605526106,-10.0311013354492,53.7581797984696,147083,8.44296092676222,19.4736842105263,5204,75.1729438893159,11.2221368178324,1.42198308993082,9.31975403535742
06037553100,553100,1810,339,2191,102,18.7292817679558,8.40844505444718,4.6554084892743,3.69536128475701,14.0738732786815,27.2915791099325,109401,9.3815987933635,19.0712353471596,6633,54.6359113523293,16.5385195235942,14.0660334690185,9.31705110809588
06037553201,553201,922,48,1410,149,5.2060737527115,4.78224212671163,10.5673758865248,8.17316676022901,-5.36130213381333,55.8412771128182,100357,8.95291998970929,21.4693295292439,3898,70.9081580297589,11.2878399179066,7.3114417650077,7.38840430990251
06037553202,553202,698,52,767,38,7.44985673352436,7.23894399232785,4.95436766623207,5.04212121423874,2.49548906729228,59.0692413683053,93295,6.98887343532684,20.0193423597679,2879,62.4869746439736,15.7346300798889,3.19555401180966,14.136853073984
06037553300,553300,941,51,1021,24,5.41976620616366,6.20976676923087,2.35063663075416,2.52060615002494,3.06912957540949,69.6512370206359,102336,6.35016631387965,25.2029220779221,3399,73.90408943807,13.3568696675493,1.61812297734628,9.7381582818476
06037553400,553400,889,63,986,31,7.08661417322835,6.55723682664244,3.14401622718053,3.79132096228452,3.94259794604782,56.2491777766693,111400,6.31704410011919,21.1248892825509,3381,83.7622005323869,4.61401952085182,3.54924578527063,4.28867199053534
06037553502,553502,780,15,1045,53,1.92307692307692,4.19800488141919,5.07177033492823,5.71556569778738,-3.14869341185131,132.70288986857,80348,4.73512873631252,21.587982832618,3453,77.8453518679409,12.0474949319432,7.64552562988706,1.53489719084854
06037553503,553503,682,38,779,14,5.57184750733138,5.3575434104709,1.79717586649551,3.42282888361946,3.77467164083587,58.4521613492426,59375,18.6730506155951,9.48553054662379,2935,86.7802385008518,2.93015332197615,9.19931856899489,0
06037553504,553504,1080,102,1535,88,9.44444444444444,6.7434716007444,5.7328990228013,4.26587976173688,3.71154542164314,43.4051452935452,81984,8.92561983471074,16.2526189763544,4840,89.5661157024794,1.5495867768595,7.25206611570248,1.13636363636364
06037553601,553601,1018,46,1344,22,4.51866404715128,4.53877798970331,1.63690476190476,2.57397204293876,2.88175928524652,61.0608694795556,69655,16.059009483667,18.2359117955898,4771,80.5910710542863,3.41647453364075,10.6686229302033,4.42255292391532
06037553602,553602,1370,126,1484,22,9.1970802919708,9.39355112609806,1.48247978436658,2.2693503782552,7.71460050760423,62.0888939197874,93190,3.15427260562034,14.1894060995185,5231,77.442171668897,2.27489963678073,15.2743261326706,2.2557828331103
06037553701,553701,778,58,1115,24,7.45501285347044,6.76874972603103,2.152466367713,2.34757231979794,5.30254648575743,55.1942908170228,71250,10.2521929824561,12.2170012815036,3658,90.8419901585566,0.984144341170038,6.15090213231274,1.83160196828868
06037553702,553702,835,62,1297,28,7.4251497005988,4.91122963014163,2.15882806476484,2.15610457649787,5.26632163583396,40.2086159541941,66570,16.516041572526,6.31252155915833,4559,93.3099363895591,0.372888791401623,5.30818161877605,0
06037553801,553801,761,87,967,58,11.4323258869908,10.0605027024393,5.99793174767322,5.4065018845719,5.43439413931759,53.4957380886442,66250,26.1363636363636,11.4031369224248,3710,68.8948787061995,4.55525606469003,19.4070080862534,3.58490566037736
06037553802,553802,1636,91,1681,178,5.56234718826406,5.92738475764193,10.5889351576443,5.32254497533503,-5.0265879693802,64.779728538042,64875,13.0144267274108,15.3738644304682,6585,68.3067577828398,8.27638572513288,10.4479878511769,12.589217919514
06037553901,553901,1234,53,1802,34,4.29497568881686,4.10520440308318,1.88679245283019,2.18992547055983,2.40818323598667,58.1042866709255,87683,15.3299492385787,19.0651906519065,6092,80.4826001313198,4.97373604727512,7.86277084701248,4.28430728824688
06037553902,553902,1662,169,1968,164,10.1684717208183,6.24636727141728,8.33333333333333,6.62329742723563,1.83513838748496,37.3427183147624,77548,9.57207207207207,15.5459924690694,6216,85.3120978120978,3.37837837837838,3.81274131274131,2.83140283140283
06037554001,554001,887,10,1562,79,1.12739571589628,2.6464629041288,5.05761843790013,4.05132531768722,-3.93022272200385,142.699853857887,89959,7.72132238739738,19.1866185634634,4519,55.7866784686878,25.3153352511618,5.53219738880283,10.577561407391
06037554002,554002,1257,175,1833,132,13.9220365950676,8.01569273207774,7.2013093289689,5.35686027760822,6.72072726609872,35.0003500276916,83953,14.7509578544061,20.4710598847407,5755,70.5647263249349,11.1902693310165,7.88879235447437,9.15725456125109
06037554101,554101,919,23,984,34,2.50272034820457,3.17749789053717,3.45528455284553,4.69473140946136,-0.952564204640958,77.1804033673492,70087,22.5363711227011,15.2054794520548,3643,69.5306066428768,5.13313203403788,4.80373318693385,20.4501784243755
06037554105,554105,959,81,1191,115,8.44629822732013,8.94841111060381,9.65575146935348,6.52916454521603,-1.20945324203336,64.4041146389662,48553,28.6803790154842,27.4900398406375,4327,62.5606655881673,12.0637855327016,12.2486711347354,13.1268777443957
06037554106,554106,916,41,1121,124,4.47598253275109,4.89316287193286,11.0615521855486,5.78012278151292,-6.58556965279753,66.4561819362518,85000,16.448362720403,22.2983257229833,3974,58.4046300956215,13.8399597382989,6.19023653749371,14.9974836436839
06037554201,554201,715,24,1021,32,3.35664335664336,5.04675985714185,3.13418217433888,4.37021355827102,0.222461182304473,91.3990197025436,94457,6.73211781206171,25.6552819698173,3630,67.3829201101929,9.94490358126722,6.19834710743802,9.25619834710744
06037554203,554203,843,23,956,92,2.72835112692764,3.0187763840772,9.6234309623431,13.6030974569328,-6.89507983541546,67.2612261603563,72083,18.8969521044993,18.8103514870606,3549,53.1135531135531,9.97464074387151,15.1028458720766,12.6232741617357
06037554204,554204,1121,192,1285,228,17.1275646743979,12.7570352774429,17.7431906614786,9.99350950246294,-0.61562598708074,45.2781045656455,41750,18.0404685835996,21.1721386928506,4735,63.6536430834213,14.1288278775079,11.4044350580781,3.46356916578669
06037554301,554301,891,68,821,28,7.63187429854097,7.15760049606042,3.41047503045067,4.18471896210732,4.2213992680903,57.0125338994264,85694,10.2641967810507,23.009238891333,3293,73.1248102034619,16.8843000303674,5.34467051320984,4.64621925296083
06037554302,554302,837,18,1012,77,2.1505376344086,2.95872226612557,7.60869565217391,6.52904151515022,-5.45815801776531,83.6356142096287,73882,13.3315733896515,21.2688084587231,3937,61.1887223774448,2.54000508001016,9.5250190500381,16.4846329692659
06037554403,554403,1343,103,1480,123,7.66939687267312,6.28867134708913,8.31081081081081,9.08554321440111,-0.64141393813769,49.8461688502417,70736,13.2205855610111,21.7830109335576,5622,62.8068303094984,10.5300604766987,13.2337246531483,11.704019921736
06037554404,554404,924,34,1334,70,3.67965367965368,5.37891483187444,5.24737631184408,4.17907085760113,-1.5677226321904,88.8631736930446,75972,17.1133051245886,16.8978562421185,4309,68.5773961475981,6.24274773729404,11.5804130888837,9.5381759108842
06037554405,554405,931,126,956,55,13.5338345864662,13.4474321920156,5.75313807531381,7.43818272103604,7.78069651115236,60.4021776946328,49342,15.5618121320706,18.0230397621702,3907,29.4343486050678,30.4837471205529,23.8034297414896,13.0278986434605
06037554406,554406,1205,92,1279,71,7.63485477178423,8.13871429801565,5.5512118842846,3.84707388491175,2.08364288749964,64.8021060467084,89562,3.15653854412712,31.7862595419847,4810,36.3201663201663,23.2848232848233,20.4573804573805,15.9251559251559
06037554511,554511,877,7,984,135,0.798175598631699,2.24490381979735,13.719512195122,15.4903122113547,-12.9213365964903,170.975306119173,146250,5.5094130675526,55.1057622173596,3620,6.87845303867403,7.81767955801105,12.9281767955801,66.5469613259669
06037554512,554512,1616,82,1886,44,5.07425742574257,5.23831883671777,2.33297985153765,2.50543254710404,2.74127757420493,62.755750909155,181179,5.24292742927429,69.2168674698795,6504,21.509840098401,9.74784747847479,3.15190651906519,61.1316113161132
06037554513,554513,587,16,610,29,2.72572402044293,3.54320186833386,4.75409836065574,4.74233584136325,-2.02837434021281,79.0220173522787,143594,3.82293762575453,71.2686567164179,2537,15.8849034292471,7.60741032715806,6.18841150965708,66.2199448167127
06037554514,554514,955,28,1313,63,2.93193717277487,3.0501945417693,4.7981721249048,4.94831119467403,-1.86623495212993,63.242201202555,146946,4.00350032815576,49.7493364789148,4571,20.6956902209582,12.8199518704879,9.91030409100853,51.0829140231897
06037554515,554515,533,6,619,52,1.12570356472796,3.45063356763569,8.40064620355412,7.07111834723969,-7.27494263882617,186.341204817611,89161,9.4085197670855,44.4212285833682,3263,12.9328838492185,15.3846153846154,6.43579528041679,63.8676064970886
06037554516,554516,819,18,861,65,2.1978021978022,3.51884579265316,7.54936120789779,6.3624828299431,-5.3515590100956,97.3297772435981,165357,4.4365119836818,64.8135116115412,3922,9.2044875063743,15.8337582865885,1.47883732789393,72.3100458949516
06037554517,554517,979,28,1162,30,2.86006128702758,3.90122176622765,2.58175559380379,2.89313060020945,0.278305693223793,82.9200197380996,136435,5.42876135608243,62.6902764833799,4513,14.6244183469976,4.91912253489918,5.53955240416574,73.0334588965212
06037554518,554518,1146,51,1212,80,4.45026178010471,6.33446458669117,6.6006600660066,5.79936119122601,-2.15039828590189,86.5283558775622,117120,7.08124373119358,52.9411764705882,4993,11.5762066893651,9.59343080312437,3.96555177248147,69.8978569997997
06037554519,554519,740,6,601,73,0.810810810810811,2.22671920044723,12.1464226289517,9.76686193066629,-11.3356118181409,166.947538837989,115058,7.87253983130272,57.1164510166359,3201,4.2174320524836,7.43517650734146,5.27960012496095,78.8503592627304
06037554521,554521,1400,132,1492,75,9.42857142857143,6.58179793812393,5.02680965147453,3.47113766810075,4.4017617770969,42.4358345462536,122148,3.76202974628171,52.450869663429,5809,24.5481149939749,19.8829402651059,6.40385608538475,40.5405405405405
06037554522,554522,978,51,1395,79,5.21472392638037,6.70094823705674,5.66308243727599,3.65300060026266,-0.448358510895617,78.1158278305202,122243,2.94237012987013,57.4474385549304,4934,21.8889339278476,13.8832590190515,4.17511147142278,51.2971220105391
06037554600,554600,832,66,1216,37,7.93269230769231,7.27263974089641,3.04276315789474,3.0497736442774,4.88992914979757,55.7321199633952,101563,13.5796178343949,27.8343278343278,3941,48.9215935041868,14.3618370971835,5.88683075361583,26.7191068256788
06037554700,554700,1090,117,1377,53,10.7339449541284,5.28440615854125,3.84894698620189,2.74995989139925,6.88499796792655,29.9275333843035,119688,6.27185824201446,24.2644628099174,4289,81.1611098158079,1.8186057356027,0.396362788528795,13.7328048496153
06037554801,554801,584,72,1089,105,12.3287671232877,7.95334385062527,9.64187327823691,7.38830319451288,2.68689384505076,39.2160824785981,113047,13.533091866974,19.7508075680665,3037,68.4886401053671,14.2245637141916,0.724399078037537,13.4343101745143
06037554802,554802,1440,120,1500,115,8.33333333333333,4.50101291516889,7.66666666666667,5.34849599258671,0.666666666666667,32.8341367671895,109000,6.59888739689238,40.1503074470508,5630,19.1651865008881,12.7175843694494,2.71758436944938,63.2682060390764
06037554900,554900,1514,197,1984,205,13.0118890356671,8.93201385205487,10.3326612903226,4.80108782651929,2.67922774534453,41.7294955395093,91471,9.76496922216004,30.8994708994709,7222,29.1055109387981,13.0296316809748,9.02797009138743,40.002769315979
06037555001,555001,1268,37,1394,35,2.91798107255521,3.24917014046993,2.51076040172166,3.3817966966949,0.407220670833541,67.6899324425511,92967,10.8569212873207,20.7677437172052,5158,49.3020550601008,11.9426134160527,5.29274912756883,31.8922062815045
06037555002,555002,1168,37,1260,68,3.16780821917808,2.66149069453956,5.3968253968254,4.3720427770706,-2.22901717764732,51.0740348512644,88285,6.91854759568204,24.9559393725767,4076,53.0421982335623,14.4259077526987,6.35426889106968,11.6290480863592
06037555105,555105,1854,95,1642,154,5.12405609492988,4.60222731204404,9.37880633373934,4.11596299844618,-4.25475023880946,54.5994524813928,108199,5.0656660412758,32.1814254859611,5885,47.6805437553101,8.90399320305862,15.2931180968564,24.4519966015293
06037555106,555106,675,0,457,0,0,2.07407407407407,0,3.06345733041576,0,,49041,14.4564379336931,25.4040404040404,2594,49.3060909791827,5.93677717810332,15.343099460293,25.3662297609869
06037555107,555107,1397,88,1480,127,6.2992125984252,6.39460728586007,8.58108108108108,5.10086591363047,-2.28186848265588,61.7108757829961,84222,6.75014674232049,28.5675455286763,5111,36.4507924085306,17.2373312463314,7.57190373703776,33.8485619252593
06037555202,555202,872,25,917,78,2.86697247706422,3.32488783526907,8.50599781897492,9.75093430164617,-5.6390253419107,70.4997493581674,144583,2.49584026622296,55.8930741190766,3606,29.3677204658902,51.9689406544648,2.46810870770937,14.8363838047698
06037555211,555211,1061,34,1703,94,3.20452403393025,5.16991611649722,5.51967116852613,3.85661196932454,-2.31514713459588,98.0740389702048,90962,23.079486752208,15.8530042918455,6040,89.7516556291391,2.05298013245033,0.115894039735099,7.20198675496689
06037555212,555212,1096,63,1604,125,5.74817518248175,5.47216667731507,7.7930174563591,5.33628322951305,-2.04484227387735,57.8713241505024,79078,9.21494957484675,12.5950714937633,5057,72.1969547162349,12.6161755981807,2.39272295827566,12.1020367807
06037555300,555300,821,46,1204,62,5.60292326431182,7.05719118699603,5.14950166112957,6.36824993947581,0.453421603182247,76.5687057555668,114698,9.97454292987734,14.9332591768632,4591,67.9590503158353,17.4907427575692,5.38009148333696,7.68895665432368
06037570001,570001,1372,155,1644,135,11.2973760932945,8.025779013384,8.21167883211679,4.50525383839878,3.08569726117767,43.1860723849901,137500,7.51480498264243,24.3023255813954,4919,40.5163651148608,33.6450498068713,4.57410042691604,16.52774954259
06037570002,570002,694,65,739,18,9.36599423631124,7.1193743402886,2.43572395128552,3.18704323421673,6.93027028502572,46.2085180468579,127321,3.49887133182844,35.6179775280899,2658,39.7667419112114,34.4996237772762,10.3461249059443,10.6847253574116
06037570003,570003,960,35,1154,79,3.64583333333333,4.16197654112186,6.84575389948007,5.9835775750112,-3.19992056614674,69.3963956487536,126389,2.99741602067184,27.9175401816911,3870,39.0697674418605,42.1188630490956,4.57364341085271,6.8733850129199
06037570100,570100,744,17,678,36,2.28494623655914,3.18192964345597,5.30973451327434,5.91601938275791,-3.0247882767152,84.6542340329426,113478,13.7756820478276,22.7635075287865,3044,33.4756898817346,14.323258869908,8.93561103810775,31.4388961892247
06037570202,570202,1564,74,1654,105,4.73145780051151,4.05491647803433,6.34824667472793,5.40535136890197,-1.61678887421642,52.0979986169859,72702,20.5654714894961,18.1928588778237,6381,64.8801128349789,3.41639241498198,17.7088230684846,8.69769628584861
06037570203,570203,962,85,1026,96,8.83575883575884,7.59588167885403,9.35672514619883,7.8437111086132,-0.520966310439993,52.2598832473276,57094,10.814455231931,23.9910313901345,3708,63.6461704422869,2.69687162891046,21.6828478964401,6.87702265372168
06037570204,570204,1215,136,1240,44,11.1934156378601,6.46094639826411,3.54838709677419,3.10644545368472,7.64502854108589,35.0887264164621,77609,6.9620253164557,20.49025769956,4465,58.4770436730123,12.5867861142217,13.1243001119821,13.437849944009
06037570303,570303,911,25,1130,121,2.74423710208562,3.46121397928071,10.7079646017699,6.45749266980734,-7.96372749968429,76.6727279057685,64848,21.9654714475432,14.9054982817869,3765,63.6918990703851,6.69322709163347,20.3452855245684,7.80876494023904
06037570304,570304,1533,62,1221,4,4.044357469015,4.15021007223987,0.327600327600328,1.45591449000744,3.71675714141468,62.3813319025759,64188,19.1552901023891,16.6666666666667,4688,67.6407849829352,7.35921501706485,15.8703071672355,2.55972696245734
06037570305,570305,1231,74,1473,55,6.01137286758733,5.77399545331759,3.73387644263408,3.89336829152133,2.27749642495325,58.3897839730054,67545,23.7155694471576,15.2352941176471,5119,68.3922641140848,6.48564172689979,15.8429380738425,6.54424692322719
06037570306,570306,835,34,1142,16,4.07185628742515,5.17920969952943,1.40105078809107,1.97372239950727,2.67080549933408,77.3223690167544,108368,17.5980240815066,20.0973882248783,3239,56.2210558814449,5.95862920654523,16.9496758258722,20.4075331892559
06037570402,570402,953,36,810,59,3.77754459601259,3.70406776812771,7.28395061728395,4.86741496206655,-3.50640602127136,59.6078450358952,103953,6.52431791221827,26.9869779973058,3372,42.0521945432977,4.50771055753262,41.5183867141163,3.17319098457889
06037570403,570403,772,68,1000,63,8.80829015544041,6.98385117259629,6.3,6.56003635736876,2.50829015544041,48.1989371110704,69391,23.5946159936659,11.1607142857143,3789,80.4433887569279,2.42808128793877,9.29005014515703,4.11718131433096
06037570404,570404,942,184,1001,47,19.5329087048832,19.0127239790407,4.6953046953047,4.98623874556292,14.8376040095785,59.171355848607,80505,18.0319553639361,20.4081632653061,3973,65.8192801409514,3.64963503649635,11.5781525295746,7.2992700729927
06037570502,570502,1537,91,1482,52,5.9206245933637,4.01094086384349,3.50877192982456,3.25445469135617,2.41185266353913,41.1825118255616,102222,15.4147383410466,18.1521466231484,5618,54.8415806336775,4.48558205767177,15.4325382698469,18.7967248131008
06037570503,570503,976,23,928,29,2.35655737704918,3.98456646710986,3.125,3.87794938458288,-0.76844262295082,102.786754906812,87960,6.87787706471703,16.1452298184627,3693,67.8039534253994,10.181424316274,4.63038180341186,11.8331979420525
06037570504,570504,822,15,954,79,1.82481751824818,2.74427308269724,8.28092243186583,8.21553694740219,-6.45610491361765,91.4201610527713,92375,18.7090739008419,16.1744661517492,3207,62.7065793576551,11.1007171811662,9.91580916744621,13.5952603679451
06037570601,570601,1859,221,1468,57,11.8881118881119,6.77166565166426,3.88283378746594,3.62278887059223,8.00527810064595,34.627147798605,98783,15.1925938171599,15.6639279088259,6081,65.9431014635751,7.8605492517678,10.9685906923203,12.3992764347969
06037570602,570602,1437,141,1519,206,9.81210855949896,5.81527736988271,13.5615536537196,9.07789164691463,-3.7494450942206,36.028168662922,86645,21.3808854532677,20.4741911583107,5692,34.9437807449051,6.90442726633872,10.8397751229796,45.0632466619817
06037570603,570603,1386,54,746,53,3.8961038961039,3.62995118594134,7.10455764075067,9.26202167293817,-3.20845374464677,56.6375362345458,46339,31.3224131042749,10.8239700374532,5038,31.9174275506153,9.36879714172291,47.2211194918619,2.67963477570464
06037570701,570701,1887,36,2187,66,1.90779014308426,2.35411541788177,3.01783264746228,2.69693485368483,-1.11004250437802,75.0120870236895,101975,7.00260881504874,33.1104317921284,7323,30.8070462925031,26.560152942783,18.1756110883518,18.7354909190223
06037570703,570703,702,64,895,73,9.11680911680912,6.52022076754063,8.15642458100559,7.14648445462534,0.960384535803531,43.4763960753564,116974,4.50791465932553,44.7342026078235,2906,41.3626978664831,26.8754301445286,5.91878871300757,22.0233998623538
06037570800,570800,1349,124,1441,0,9.19199406968124,5.45130760666639,0,1.31852879944483,9.19199406968124,36.0516421286056,130625,6.55857168883221,43.6717663421419,5489,37.875751503006,33.7219894334123,4.28128985243214,16.8154490799781
06037570901,570901,1495,138,1528,36,9.23076923076923,9.92654329009592,2.35602094240838,2.30032224263874,6.87474828836085,65.3723722245425,121071,4.72157145431609,34.155098133078,5549,37.6103802486935,35.6280410884844,1.135339700847,16.2191385835286
06037570902,570902,805,20,1168,0,2.48447204968944,3.43552801585973,0,1.1986301369863,2.48447204968944,84.0607918774189,147063,0.626865671641791,35.7115009746589,3350,25.2537313432836,53.4626865671642,3.64179104477612,9.70149253731343
06037571000,571000,1240,87,1568,158,7.01612903225807,5.1520267395501,10.0765306122449,5.10811213359173,-3.06040157998683,44.6390186705944,132196,3.96003633060854,35.9261186264308,5505,28.1562216167121,51.3533151680291,0.599455040871935,10.3905540417802
06037571101,571101,1357,0,1365,13,0,1.40014738393515,0.952380952380952,2.01072609492961,-0.952380952380952,,130982,7.8591325109431,33.2512988788625,5026,35.1770791882213,44.8467966573816,4.31754874651811,6.14803024273776
06037571102,571102,1062,35,1048,49,3.29566854990584,4.29483826968709,4.67557251908397,4.10383232070128,-1.37990396917813,79.2204644795083,140574,7.17065036131184,29.8745724059293,3609,38.2377389858687,39.3183707398171,6.89941812136326,13.6880022166805
06037571201,571201,850,27,1124,47,3.17647058823529,3.92781435492229,4.18149466192171,5.0656775946402,-1.00502407368641,75.169249165461,179148,4.53058142461616,43.0313588850174,3973,26.8814497860559,51.1955700981626,10.3699974830103,5.13465894789831
06037571202,571202,948,0,1178,131,0,1.47679324894515,11.1205432937182,7.15834460787448,-11.1205432937182,,104821,5.7827559260224,34.4273275284662,3839,26.6736129200313,35.4519406095337,15.1862464183381,13.2326126595468
06037571300,571300,1124,67,1231,39,5.96085409252669,5.35006477105694,3.16815597075548,3.34312842606114,2.79269812177121,54.5612920443497,136806,5.21367521367521,44.6912077882568,4685,38.4418356456777,35.709711846318,6.57417289220918,11.8249733191035
06037571400,571400,1483,125,1223,38,8.42886041807148,5.93117906554358,3.10711365494685,3.0792364018461,5.32174676312462,42.7766008714949,120588,3.02457466918715,30.576070901034,4779,45.4488386691777,20.0251098556183,8.05607867754761,18.5812931575643
06037571502,571502,1824,176,1112,31,9.64912280701754,5.48063159967106,2.78776978417266,3.0424718140254,6.86135302284488,34.5284333994198,102981,6.59099960175229,31.3884992987377,5022,35.941855834329,23.5961768219833,12.6244524093986,19.4743130227001
06037571504,571504,1404,62,1374,116,4.41595441595442,3.8173583062479,8.44250363901019,6.56730101535768,-4.02654922305577,52.5499662905388,89880,13.3058984910837,44.5971954907891,5120,29.375,32.4609375,15.703125,17.734375
06037571505,571505,642,48,847,134,7.47663551401869,5.52490558985758,15.8205430932704,10.6434117822627,-8.34390757925167,44.9213448415472,95871,5.03543453935099,37.6398779247202,2681,46.6243938828795,15.4046997389034,5.66952629615815,24.1327862737784
06037571600,571600,639,128,254,31,20.0312989045383,11.2078461099831,12.2047244094488,13.977748427287,7.82657449508952,34.0131727976785,31402,38.0453020134228,9.40988835725678,2384,34.7315436241611,2.39093959731544,55.6627516778524,1.09060402684564
06037571701,571701,1165,111,1646,122,9.52789699570815,6.89961625391967,7.41190765492102,4.88139051539548,2.11598934078713,44.0212105250221,81867,26.1454095170706,20.5720889916209,5653,70.2812665841146,13.0019458694499,4.82929418008137,9.42862197063506
06037571703,571703,711,83,973,100,11.6736990154712,8.58969543112164,10.2774922918808,7.7972985710538,1.39620672359039,44.7304606989233,67750,21.2615384615385,13.5840707964602,3363,54.9212013083556,10.6452572108237,12.9051442164734,18.2575081772227
06037571704,571704,921,62,1094,126,6.73181324647123,5.87923559526352,11.5173674588665,7.70217712613272,-4.78555421239532,53.091244075279,63021,17.8476996298255,20.3982121088988,3782,64.6218931782126,10.5235325224749,12.5066102591222,8.67265996827076
06037571800,571800,807,48,821,35,5.94795539033457,6.76277639649698,4.26309378806334,4.28427030891555,1.68486160227123,69.118041438362,131204,6.37936884967764,56.7744755244755,3005,20.765391014975,48.8851913477538,7.22129783693844,9.81697171381032
06037571900,571900,1614,80,1802,135,4.95662949194548,3.70913366497224,7.49167591564928,4.89018427774564,-2.5350464237038,45.4904387178207,165625,4.01379742866102,57.6754890678941,6378,25.7917842583882,38.7895892129194,15.1614926309188,12.6058325493885
06037572001,572001,1623,8,1910,39,0.492914356130622,1.37979193663577,2.04188481675393,2.26160258490497,-1.5489704606233,170.167349024305,130929,4.37092903668152,54.5991960274297,5836,19.876627827279,51.5764222069911,11.6004112405757,7.98492117888965
06037572201,572201,1365,206,1495,217,15.0915750915751,10.9079265912193,14.5150501672241,10.5032447250637,0.576524924351011,43.9381467731413,89545,15.1017087062653,26.8960982025427,6275,29.2908366533865,17.7848605577689,14.5179282868526,29.8645418326693
06037572202,572202,739,7,984,169,0.94722598105548,2.39681441072402,17.1747967479675,12.1712187250851,-16.227570766912,153.820742468524,138134,15.7169693174703,40.0339270568278,3468,54.1522491349481,14.5905420991926,6.97808535178777,19.9826989619377
06037572301,572301,713,26,1110,25,3.64656381486676,3.94839087813992,2.25225225225225,1.99903383811569,1.39431156261451,65.8219007742287,103576,19.0568654646325,18.1781701444623,3648,66.0361842105263,5.23574561403509,7.26425438596491,17.1326754385965
06037572500,572500,801,59,632,73,7.36579275905119,5.73733397241421,11.5506329113924,8.77567491899393,-4.18484015234122,47.3505178703187,58354,24.5076040887559,17.7594604720869,4011,40.2892046871105,17.9755671902269,19.8204936424832,19.5213163799551
06037572600,572600,995,66,1434,115,6.63316582914573,4.91856645228535,8.01952580195258,6.67191303796144,-1.38635997280685,45.0766659300352,121746,9.29050620044725,25.6493506493507,4929,53.5402718604179,2.47514708865896,7.54716981132076,30.6755934266586
06037572700,572700,1419,87,1403,127,6.13107822410148,5.42318200160602,9.0520313613685,5.71333946654273,-2.92095313726702,53.7714094279352,89375,7.89680976762505,28.8154897494305,5078,33.3202048050414,5.02166207168177,7.14848365498228,50.4726270185112
06037573002,573002,771,46,811,128,5.9662775616083,6.17866458455988,15.7829839704069,10.5463608327826,-9.8167064087986,62.9542803580767,62066,7.54250386398764,13.614573346117,3282,66.3315051797684,4.11334552102377,17.5807434491164,8.77513711151737
06037573003,573003,476,57,517,24,11.9747899159664,10.2632601932381,4.642166344294,5.41670142145904,7.33262357167238,52.1016568227094,97375,16.8776371308017,30.4888152444076,1699,38.3166568569747,17.9517363154797,13.5373749264273,20.0706297822248
06037573004,573004,1602,103,1307,163,6.42946317103621,6.19168080070184,12.4713083397093,11.7550201958173,-6.04184516867305,58.5420523665379,65294,17.9637214745465,13.0261660978385,5127,67.0762629217866,6.0464209089136,20.2262531694948,3.27677004095963
06037573101,573101,1276,97,1193,231,7.60188087774295,4.96328003563312,19.3629505448449,18.4735401901675,-11.761069667102,39.6900656501605,64194,12.1070234113712,28.8544073951799,4485,49.453734671126,8.3835005574136,21.5607580824972,13.7569676700111
06037573102,573102,770,20,805,53,2.5974025974026,4.14090635295777,6.58385093167702,6.63075020966983,-3.98644833427442,96.9148295373095,99547,14.8136142625608,27.2938984629716,3120,49.775641025641,16.1858974358974,18.3974358974359,13.1730769230769
06037573201,573201,734,28,941,70,3.81471389645777,3.3412530108323,7.43889479277365,6.90566051395243,-3.62418089631588,53.2453258782221,54953,16.9050715214564,8.57952246054229,3845,68.6345903771131,4.99349804941483,12.2756827048114,13.8621586475943
06037573202,573202,1198,51,1973,193,4.25709515859766,4.21866713730514,9.78205778003041,5.20762208212255,-5.52496262143275,60.2415308479834,89613,12.776221599751,15.6608263032663,6426,54.5907251789605,5.2443199502023,11.7335823218176,25.1945222533458
06037573300,573300,764,70,909,121,9.16230366492147,8.03510276399535,13.3113311331133,8.47458014835456,-4.14902746819185,53.3114938054055,57115,20.7873123760974,12.4191461836999,3572,44.7368421052632,3.94736842105263,16.013437849944,30.515117581187
06037573401,573401,316,32,375,8,10.126582278481,9.91347456289858,2.13333333333333,5.24846518865689,7.99324894514768,59.5109795189201,87708,11.7554858934169,34.0401785714286,1276,36.6771159874608,25.3918495297806,8.93416927899687,15.987460815047
06037573402,573402,1338,130,2364,88,9.71599402092676,10.2356744478779,3.72250423011844,3.12123186521756,5.99348979080831,64.0417695172345,84831,8.03886925795053,27.1602474555977,6838,44.1357121965487,24.4369698742322,4.27025446036853,19.9473530272009
06037573403,573403,1242,42,1079,32,3.38164251207729,3.66502660688093,2.96570898980538,3.18325174691849,0.415933522271919,65.8845425639907,141950,3.30948121645796,57.4306347396427,3354,23.9713774597496,32.9457364341085,9.391771019678,30.4114490161002
06037573601,573601,1677,62,1632,58,3.69707811568277,3.15520812239295,3.55392156862745,3.69585063751594,0.143156547055316,51.8804198573682,134436,6.14285714285714,49.3577981651376,6300,23.5873015873016,56.4126984126984,1.44444444444444,10.4444444444444
06037573700,573700,1272,117,1507,18,9.19811320754717,5.65076193106733,1.19442601194426,1.79141490167333,8.00368719560291,37.3458508108885,154266,2.55302435192459,43.588269120184,5105,34.2605288932419,43.6238981390793,3.03623898139079,14.103819784525
06037573800,573800,968,38,1122,42,3.92561983471074,3.79598143900633,3.74331550802139,3.41326711776314,0.182304326689354,58.7827552864842,135434,3.10715101667809,43.8454043520624,4377,27.3018048891935,51.1309115832762,2.12474297464016,8.5218185972127
06037573902,573902,547,21,645,54,3.83912248628885,3.97473680296406,8.37209302325582,10.4074721500084,-4.53297053696697,62.9376474517685,155724,10.1868327402135,63.4230108757871,2248,17.6156583629893,61.0320284697509,2.13523131672598,12.6779359430605
06037574000,574000,1252,56,1444,8,4.47284345047923,3.95200048858338,0.554016620498615,1.55340876219727,3.91882682998062,53.7115133706729,140320,5.64239420510865,53.2291666666667,5246,18.7380861608845,62.6953869614945,3.39306138009912,6.57643919176516
06037574100,574100,1182,110,1513,33,9.30626057529611,5.91501617782823,2.18109715796431,2.08521149123053,7.1251634173318,38.6380167018125,135774,1.43644234553325,42.9700272479564,5107,24.3195613863325,46.0152731544938,6.08968083023301,12.2381045623654
06037574201,574201,843,10,856,33,1.18623962040332,2.60289883716928,3.85514018691589,4.10912269077662,-2.66890056651257,133.388675971654,134821,3.584,52.5706345530338,3125,21.76,44.256,12.128,15.68
06037574202,574202,551,7,421,0,1.27041742286751,3.21744324056322,0,3.32541567695962,1.27041742286751,153.956684806803,123782,6.61925601750547,32.6073030108905,2131,37.2125762552792,36.1332707648991,8.21210699202253,13.139371187236
06037574300,574300,1551,283,1664,242,18.2462927143778,14.7494852238452,14.5432692307692,12.5407193444036,3.70302348360859,49.1401324974146,119009,9.45903689806129,54.0900735294118,6424,32.7366127023661,49.06600249066,4.76338729763387,7.79887920298879
06037574400,574400,1224,54,1595,57,4.41176470588235,4.75140388709495,3.57366771159875,3.50183715247064,0.838096994283607,65.4702055364654,130455,4.52224653537564,48.1893429901707,5484,17.6148796498906,59.7556528081692,4.15754923413567,9.90153172866521
06037574500,574500,1880,82,1695,44,4.36170212765957,4.41777508718827,2.59587020648968,2.4766665993239,1.7658319211699,61.5717782186519,161653,3.26301411443315,55.9810582664196,6679,20.1377451714329,57.1043569396616,2.69501422368618,12.2623147177721
06037574602,574602,264,3,375,8,1.13636363636364,5.62218924547586,2.13333333333333,4.52209282173587,-0.996969696969697,300.761491551292,158500,0.645161290322581,66.6005946481665,1240,17.741935483871,50.6451612903226,4.75806451612903,19.5967741935484
06037574800,574800,936,9,837,56,0.961538461538461,2.10373456008762,6.69056152927121,6.53646050860937,-5.72902306773275,133.002063373321,108321,12.1308351857733,69.376026272578,3170,22.9652996845426,60.3470031545741,4.70031545741325,6.37223974763407
06037574901,574901,1009,28,1065,48,2.77502477700694,2.77746836717485,4.50704225352113,3.26099907810867,-1.73201747651419,60.8438033538736,140144,14.0355329949239,57.8102189781022,3940,18.8832487309645,57.2081218274112,3.83248730964467,10
06037574902,574902,1479,43,1163,45,2.90736984448952,2.4526094208346,3.86930352536543,3.5739832387884,-0.961933680875914,51.281675739229,88871,26.0798025503908,48.1375358166189,5570,28.2046678635548,30.1077199281867,13.3752244165171,23.016157989228
06037575001,575001,1152,75,1275,111,6.51041666666667,4.43215914327053,8.70588235294118,7.86415968801634,-2.19546568627451,41.3847808149759,96677,20.155226776619,52.8057553956835,4123,36.4055299539171,24.5209798690274,14.1159349987873,18.9910259519767
06037575002,575002,1429,56,1394,57,3.91882435269419,3.03116316340456,4.08895265423242,3.22712220048897,-0.170128301538233,47.0205401704854,102083,15.9207459207459,50.4004576659039,4632,24.8488773747841,42.2279792746114,12.7806563039724,15.9326424870466
06037575101,575101,1078,103,1289,83,9.55473098330241,7.64011208002427,6.43910007757952,4.20786934873663,3.11563090572289,48.6088519034801,65181,18.1071835803877,22.1947776993649,4401,50.6475800954329,11.2928879800045,12.7925471483754,23.653715064758
06037575102,575102,873,127,1213,43,14.5475372279496,8.65746455078166,3.54492992580379,5.83966118340234,11.0026073021458,36.1772326201201,55278,31.4113389626056,11.8116217242689,4147,78.0323125150711,4.99156016397396,6.2213648420545,10.7306486616831
06037575103,575103,1489,94,1388,103,6.31296171927468,4.22141428808181,7.42074927953891,7.37381170099532,-1.10778756026422,40.6498472156362,59259,12.6311188811189,26.0977888508253,4632,46.2435233160622,20.185664939551,20.4879101899827,11.5500863557858
06037575201,575201,853,80,1032,160,9.37866354044549,9.05596534498114,15.5038759689922,9.63560505321671,-6.12521242854676,58.6986203591863,54327,23.7470167064439,13.5982500911411,4190,51.0262529832936,7.56563245823389,7.70883054892602,28.9021479713604
06037575202,575202,708,102,922,38,14.406779661017,8.74467797748855,4.12147505422993,4.68501061460399,10.285304606787,36.8986948451153,63661,20.0610432852386,15.3171953255426,3647,60.3783931998903,4.14038936111873,8.80175486701399,23.6907046887853
06037575300,575300,909,28,1126,0,3.08030803080308,4.61790379109415,0,1.24333925399645,3.08030803080308,91.1349228420447,45481,33.5240820219361,12.4306326304107,4209,80.5654549774293,2.44713708719411,6.58113566167736,9.78854834877643
06037575401,575401,896,197,1031,27,21.9866071428571,30.6223820978072,2.6188166828322,3.94743139837362,19.3677904600249,84.6671327037329,50852,27.7050830397584,7.07727620504973,4027,74.42264713186,5.43829153215793,18.1028060591011,1.71343431835113
06037575402,575402,944,0,932,43,0,1.48305084745763,4.6137339055794,4.2983001249488,-4.6137339055794,,72623,16.4119977362762,18.2444061962134,3565,73.4642356241234,6.98457223001403,9.87377279102384,6.45161290322581
06037575801,575801,454,6,660,106,1.3215859030837,3.64999684589569,16.0606060606061,8.01047190858792,-14.7390201575224,167.892458767644,48696,16.4494382022472,17.1641791044776,2225,61.7078651685393,4.9438202247191,23.7303370786517,4.80898876404494
06037575802,575802,1137,180,1269,22,15.8311345646438,8.34891023997567,1.73364854215918,2.72275505454632,14.0974860224846,32.0591386114567,60863,14.3769212579806,18.3781735505873,4237,78.0269058295964,5.45197073400991,3.2806230823696,3.2806230823696
06037575803,575803,455,28,520,78,6.15384615384615,7.39145596427147,15,11.5981668427569,-8.84615384615385,73.0159023826209,25268,43.4563758389262,28.8325471698113,2416,49.9172185430464,29.9668874172185,6.78807947019868,10.3890728476821
06037575901,575901,931,120,831,106,12.8893662728249,11.2549817801508,12.7557160048135,11.4301195143445,0.133650268011442,53.0820062680869,51297,37.0793269230769,35.3663887670031,3328,42.7283653846154,16.5865384615385,24.7896634615385,11.1478365384615
06037575902,575902,1610,82,2229,111,5.09316770186335,6.19470053514105,4.97981157469717,4.39751278005951,0.11335612716618,73.9377853182377,60904,21.2151394422311,53.4317170297494,5020,35.9561752988048,35.1394422310757,13.9840637450199,11.3745019920319
06037576001,576001,2159,291,2739,157,13.4784622510422,6.44649882915171,5.73201898503103,5.5242471791905,7.74644326601112,29.0748618058232,105933,7.54220226111197,58.1542351453856,6518,30.5768640687327,32.2491561828782,16.6922368824793,11.6139920220927
06037576200,576200,1673,133,2074,112,7.94979079497908,5.91907648040416,5.40019286403086,4.15476120626818,2.54959793094822,45.2618550253269,63250,11.3556500832254,47.2995090016367,5437,36.4171418061431,27.1289313959904,14.2173993010852,3.67849917233769
06037576301,576301,1247,151,1488,53,12.1090617481957,8.55579549441947,3.56182795698925,4.3901592846268,8.54723379120642,42.9520601523423,67594,21.8679284097922,29.9863201094391,4897,60.6493771696957,16.9287318766592,12.3545027567899,4.75801511129263
06037576302,576302,548,57,896,100,10.4014598540146,8.26962407389608,11.1607142857143,10.1776344124985,-0.759254431699688,48.330976297073,54095,20.4878048780488,14.7767857142857,3188,57.4968632371393,16.1856963613551,6.96361355081556,18.0677540777917
06037576401,576401,843,38,1345,152,4.50771055753262,5.43616507098857,11.3011152416357,12.6513592864067,-6.79340468410307,73.3112646751458,63860,26.6948100322821,7.23684210526316,4027,80.4072510553762,8.0456915818227,2.85572386391855,7.32555252048671
06037576402,576402,819,106,1151,125,12.9426129426129,9.55843032338812,10.8601216333623,8.46836822460986,2.08249130925065,44.8950761877322,55313,22.258138997922,18.4581976112921,4404,64.2824704813806,7.72025431425976,10.3996366939146,13.1244323342416
06037576403,576403,1167,59,1487,126,5.05569837189375,3.57108729750552,8.47343644922663,6.92566885810488,-3.41773807733289,42.9391466301473,74356,19.5359436503004,12.7289661595778,4854,61.2690564482901,9.04408735063865,8.69386073341574,12.1137206427689
06037576501,576501,903,121,745,30,13.3997785160576,9.37159301186178,4.02684563758389,5.24854351086269,9.37293287847369,42.5157551795382,46172,29.2964648232412,30.4025913928737,2926,45.0444292549556,25.3246753246753,14.5933014354067,4.92139439507861
06037576502,576502,1467,194,1711,103,13.2242672119973,8.65124123349846,6.01987142022209,6.4324724387723,7.20439579177518,39.7686550607659,82569,16.9628751974724,38.7078330474557,5064,49.0521327014218,21.109794628752,21.6034755134281,2.76461295418641
06037576503,576503,1035,65,1248,14,6.28019323671498,4.4093175329907,1.12179487179487,1.74742228316131,5.15839836492011,42.6807916450351,69345,18.1688125894135,38.8126159554731,3715,43.8223418573351,35.1278600269179,6.35262449528937,7.67160161507402
06037576601,576601,1678,75,1440,86,4.46960667461263,5.87655251414747,5.97222222222222,6.53531622593842,-1.50261554760959,79.9258773555376,76560,12.924844423169,50.2488865601258,4204,36.0608943862988,35.1332064700286,9.80019029495718,14.9857278782112
06037576602,576602,1776,80,1607,90,4.50450450450451,4.84905152986559,5.60049782202863,5.99095624002863,-1.09599331752412,65.4400875155113,86916,11.5471869328494,42.8182268449728,4408,30.6261343012704,44.8956442831216,14.2014519056261,4.15154264972777
06037576700,576700,1156,88,1717,115,7.61245674740485,8.47283939904813,6.69772859638905,5.03036637488125,0.914728151015794,67.6609722665075,104483,11.7044623262619,63.5287323130234,4229,33.0574603925278,48.5221092456846,4.51643414518799,4.30361787656656
06037576801,576801,1037,89,1091,25,8.5824493731919,7.94638922151937,2.29147571035747,3.00507317120509,6.29097366283443,56.2850013504702,78627,24.2071574047134,54.1422287390029,3437,37.8818737270876,32.8775094559209,6.54640675007274,12.5400058190282
06037576802,576802,1375,20,1398,127,1.45454545454545,1.73788509455357,9.08440629470672,4.46669788456621,-7.62986084016127,72.6319758362053,100871,11.4478899510375,45.8602466236054,4389,41.2166780587833,40.1458190931875,10.8908635224425,4.12394622920939
06037576901,576901,1307,56,1622,62,4.28462127008416,4.0122052460559,3.82244143033292,2.788838070432,0.46217983975124,56.9252307489694,68422,13.2320162107396,20.6618464961068,4944,57.8681229773463,15.7160194174757,5.88592233009709,15.2305825242718
06037576903,576903,1288,17,1201,114,1.31987577639752,2.27798048229434,9.49208992506245,6.46419337405655,-8.17221414866493,104.918249998037,75302,16.1808300395257,24.0899357601713,4048,67.4407114624506,19.1699604743083,7.83102766798419,4.34782608695652
06037576904,576904,903,5,947,67,0.553709856035438,1.89981094418107,7.07497360084477,4.24811121654876,-6.52126374480934,208.574988765411,72442,24.7956403269755,26.5376344086022,3330,45.6156156156156,27.6876876876877,16.996996996997,5.43543543543544
06037577000,577000,2406,91,2463,107,3.78221113881962,2.87992347409204,4.34429557450264,3.13292049216186,-0.562084435683021,46.2880916441127,85020,16.0862118184413,39.870990237099,7177,35.4465654173053,34.5130277274627,12.3449909432911,9.1403093214435
06037577100,577100,2339,73,2552,328,3.12099187687046,4.06133105787789,12.8526645768025,11.9370234843655,-9.73167269993205,79.1060777314102,97094,9.87897551365044,52.5073746312684,7179,36.7739239448391,49.4219250592005,2.91126897896643,5.93397409109904
06037577200,577200,2027,45,2190,102,2.22002960039467,2.29927779252203,4.65753424657534,3.22304416597004,-2.43750464618067,62.9602983511268,109805,7.3397913561848,66.605653853976,5432,21.1340206185567,52.779823269514,4.78645066273932,11.2481590574374
06037577300,577300,2175,19,2348,122,0.873563218390805,1.77946163152105,5.19591141396934,5.29606827141416,-4.32234819557853,123.830716639203,108548,7.71852104276708,57.8448442638808,5869,22.7636735389334,50.9797239734197,6.33838814108025,6.28727210768444
06037577400,577400,1058,57,938,45,5.3875236294896,6.02700409981974,4.79744136460554,3.63848964480019,0.590082264884059,68.0058693287398,137098,6.51890482398957,69.4977541853818,3112,15.6491002570694,71.754498714653,3.14910025706941,6.04113110539846
06037577501,577501,772,25,905,66,3.23834196891192,4.15032514648096,7.29281767955801,7.01110782009005,-4.05447571064609,77.9100550293812,134896,10.3147397943285,64.0675530003593,3209,14.085384855095,73.4808351511374,1.02835774384543,6.79339358055469
06037577504,577504,298,0,514,26,0,4.69798657718121,5.05836575875486,6.489924201812,-5.05836575875486,,101938,10.5478331970564,78.240302743614,1223,16.2714636140638,71.2183156173344,2.12591986917416,6.78659035159444
06037577602,577602,774,46,938,59,5.94315245478036,5.02819602431613,6.28997867803838,6.0769802443579,-0.346826223258018,51.4315279875867,110964,5.9981823689791,63.5984848484849,3301,22.205392305362,65.3135413511057,1.27234171463193,7.02817328082399
06037577604,577604,396,10,468,0,2.52525252525253,4.50036682009133,0,2.99145299145299,2.52525252525253,108.337097918308,107195,5.31135531135531,69.5553880934439,1638,15.6288156288156,69.8412698412698,1.89255189255189,1.4041514041514
06037577605,577605,1175,70,1250,13,5.95744680851064,5.49509063550024,1.04,2.21038866087573,4.91744680851064,56.0723534234718,168750,2.69922879177378,66.0786581839214,4668,15.8740359897172,75.6212510711226,0.364181662382177,5.01285347043702
06037577606,577606,998,72,1094,0,7.21442885771543,7.05967355790806,0,1.27970749542962,7.21442885771543,59.4862733096272,140792,8.6910157291389,71.3753261274693,3757,21.6129890870375,62.8426936385414,2.39552834708544,6.81394729837636
06037577700,577700,1259,133,1228,86,10.5639396346307,8.76879834704467,7.00325732899023,4.76578887757941,3.56068230564043,50.4601189246486,98125,6.85600177501664,22.9860031104199,4652,52.4505588993981,1.63370593293207,16.3370593293207,17.7128116938951
06037577800,577800,936,28,1278,146,2.99145299145299,3.37415497783931,11.4241001564945,7.66079238507371,-8.43264716504153,68.5672830928701,121250,5.12494705633206,18.613485280152,4722,68.847945785684,21.6645489199492,2.43540872511648,6.22617534942821
06037577900,577900,1549,19,1428,87,1.22659780503551,1.75073064084714,6.09243697478992,6.24833143248107,-4.86583916975441,86.7663337921045,81528,16.7945823927765,35.1196780343148,6928,31.25,22.6905311778291,20.1934180138568,19.1685912240185
06037578000,578000,1238,44,1421,105,3.55411954765751,3.50654218782256,7.38916256157636,5.61070141404234,-3.83504301391884,59.9765021901675,58504,34.851008698871,16.4728157965918,5403,67.925226725893,7.58837682768832,8.2176568573015,13.2333888580418
06037578100,578100,325,26,129,32,8,9.87706685732875,24.8062015503876,24.3447082974543,-16.8062015503876,75.0536995237747,,64.7058823529412,44.5714285714286,2273,22.1293444786626,48.3062032556093,6.55521337439507,18.2138143422789
06037599000,599000,855,0,885,0,0,1.6374269005848,0,1.5819209039548,0,,101288,12.4101894186806,28.0246370435548,3074,51.2687052700065,48.5035783994795,0.0650618087182824,0.130123617436565
06037599100,599100,110,5,105,0,4.54545454545455,15.9051191779401,0,13.3333333333333,4.54545454545455,212.712840069715,118882,5.51948051948052,7.72727272727273,554,62.9963898916968,21.2996389891697,2.88808664259928,4.87364620938628
06037600100,600100,1767,216,1850,54,12.2241086587436,7.57795151178115,2.91891891891892,2.94240549975513,9.30518973982471,37.6850172276182,56102,17.946645109135,12.4803591470258,7423,72.4504917149401,0.0538865687727334,26.9028694597872,0.0134716421931833
06037600201,600201,1074,180,1145,208,16.7597765363129,12.6612617782229,18.1659388646288,12.4135969873292,-1.40616232831597,45.9243335015584,64583,23.0249260667512,7.09408194233687,4830,73.2712215320911,0.393374741200828,25.4451345755694,0.020703933747412
06037600202,600202,1521,117,1157,103,7.69230769230769,5.88420352202876,8.90233362143474,8.95420113187211,-1.21002592912705,46.5013044294066,33134,30.9447740757645,8.35515353487265,6670,57.2863568215892,2.57871064467766,34.6926536731634,0
06037600302,600302,804,65,533,57,8.08457711442786,6.83336118379534,10.6941838649156,9.1836707878152,-2.60960675048771,51.3820190953608,76288,10.548048048048,25.279403938265,2678,45.6310679611651,2.68857356235997,48.3569828230023,0
06037600303,600303,893,113,1036,153,12.6539753639418,8.38588297455953,14.7683397683398,13.3128966615719,-2.114364404398,40.2861634681747,35573,34.8725767806578,5.33864541832669,4605,78.1324647122693,0.152008686210641,14.7882736156352,0.586319218241042
06037600304,600304,732,132,987,111,18.0327868852459,12.9595540981582,11.2462006079027,10.0351866266489,6.78658627734317,43.6879137876567,61378,23.472850678733,5.98607888631091,3623,74.2478608887662,1.68368755175269,22.3847640077284,0
06037600400,600400,1181,165,719,34,13.9712108382727,10.4269079642395,4.72878998609179,6.12186302334575,9.24242085218086,45.3686222925923,41726,32.4912280701754,27.8759586528843,4294,19.981369352585,1.60689333954355,63.1578947368421,5.07685142058687
06037600501,600501,648,5,562,50,0.771604938271605,2.47958289225907,8.89679715302491,7.23212118014803,-8.12519221475331,195.35194093421,95645,8.84158821121572,33.54943273906,2478,17.5141242937853,2.46166263115416,75.9887005649718,0.847457627118644
06037600601,600601,656,83,504,19,12.6524390243902,9.5671881440377,3.76984126984127,5.06490314876953,8.88259775454898,45.9667881677865,103333,14.6801051709027,34.887459807074,2394,17.0008354218881,3.04928989139515,76.4411027568922,0
06037600602,600602,700,69,739,32,9.85714285714286,7.16269181377774,4.33017591339648,4.52331592885825,5.52696694374638,44.1732458450678,66541,15.7874470542934,13.472706155633,2760,82.8260869565217,0.434782608695652,11.4130434782609,1.1231884057971
06037600702,600702,1511,18,1167,31,1.19126406353408,2.12052795076414,2.65638389031705,3.09592011838806,-1.46511982678297,108.210663073442,116071,11.1819727891156,32.5436778205508,4704,19.4302721088435,2.78486394557823,73.7457482993197,0.340136054421769
06037600703,600703,581,113,249,35,19.4492254733219,16.3623230984007,14.0562248995984,22.3605871095305,5.39300057372347,51.1418872968276,92826,11.7315284827975,46.4779460171165,1773,0.620417371686407,2.53807106598985,88.7196841511562,5.0761421319797
06037600704,600704,723,83,622,67,11.4799446749654,9.00087616891151,10.7717041800643,16.7796650867483,0.708240494901114,47.6627492593329,79630,8.68740515933232,37.9708689100954,2643,14.1505864547862,10.4048429814605,65.79644343549,2.57283390087022
06037600801,600801,892,130,929,74,14.5739910313901,9.57067151288416,7.96555435952637,6.65130405370549,6.60843667186376,39.9206873485745,139494,5.13585155732273,51.7849462365591,3018,9.60901259111995,4.44002650762094,78.9595758780649,1.55732273028496
06037600802,600802,882,63,532,24,7.14285714285714,6.86062939676745,4.51127819548872,6.50909569675434,2.63157894736842,58.3883352916378,69018,10.7254290171607,35.727969348659,2570,14.6303501945525,4.5136186770428,75.4863813229572,0.0389105058365759
06037600902,600902,2698,132,1406,227,4.89251297257228,4.28120113651509,16.1450924608819,13.7925424173349,-11.2525794883097,53.1946240504638,64163,4.46996740648766,21.2101496421601,6585,31.2224753227031,4.99620349278664,51.4502657555049,1.62490508731967
06037600911,600911,966,42,1206,66,4.34782608695652,3.5965775709302,5.4726368159204,5.1346567795747,-1.12481072896388,50.2864949127018,75167,14.0864714086471,21.7518248175183,3595,63.5048678720445,8.34492350486787,18.8317107093185,0.66759388038943
06037600912,600912,1119,33,1118,56,2.94906166219839,2.78580889712177,5.00894454382827,5.44667136645657,-2.05988288162987,57.425074254016,77637,12.4944714727996,21.3114754098361,4522,74.3476337903583,8.6687306501548,14.6616541353383,0
06037601001,601001,350,21,804,55,6,9.22015538405522,6.8407960199005,6.6489142705232,-0.840796019900497,93.4159613379455,64650,15.0200803212851,37.1114299378288,2614,38.5998469778118,10.5967865340474,37.2991583779648,9.60214231063504
06037601002,601002,1455,229,1443,123,15.7388316151203,10.8287561491823,8.52390852390852,10.9252751349748,7.21492309121175,41.8254076719457,62986,20.7634470792366,30.4136253041363,5222,37.8207583301417,4.72998851014937,52.2979701263884,0.861738797395634
06037601100,601100,1448,161,1969,239,11.1187845303867,9.26259619490899,12.1381411884205,7.9160669699205,-1.01935665803378,50.6418444381741,61563,16.7598684210526,16.0726145671906,6188,54.3309631544926,0.96961861667744,33.8073691014868,8.12863606981254
06037601202,601202,914,45,1122,31,4.92341356673961,4.76804322777107,2.76292335115865,3.48657639941841,2.16049021558096,58.871888013276,88750,5.48988705017074,21.1836881992061,3807,84.3708957184135,2.81061203047019,4.25531914893617,7.09219858156028
06037601211,601211,873,63,746,56,7.21649484536083,6.99387806013316,7.50670241286863,6.71087819438732,-0.290207567507808,58.9149953827978,52788,11.7937853107345,20.4417051874679,2907,44.8228414172687,5.95115239078087,42.1740626074991,2.1671826625387
06037601212,601212,1651,30,1186,80,1.81708055723804,2.70968024064819,6.74536256323777,7.27783605838101,-4.92828200599974,90.6521190944307,61023,15.9395656279509,18.4311574328031,5295,67.0066100094429,5.09915014164306,25.2313503305005,0.434372049102927
06037601301,601301,596,34,642,51,5.70469798657718,5.20644268364102,7.94392523364486,5.79649288272002,-2.23922724706768,55.4807766753093,126307,9.81098109810981,52.9302899444787,2222,32.6732673267327,17.2367236723672,39.1989198919892,2.47524752475248
06037601302,601302,2153,109,2268,154,5.06270320483047,5.03066312903252,6.79012345679012,4.70719084201885,-1.72742025195965,60.4055532015672,78608,10.6633213109613,34.6524288107203,6377,32.2251842559197,14.3013956405833,44.456641053787,2.7128743923475
06037601303,601303,1698,186,1628,234,10.9540636042403,9.3511325134743,14.3734643734644,9.86386368702347,-3.41940076922409,51.894705389023,43010,26.4733221788437,33.2894736842105,5379,32.9243353783231,5.40992749581707,57.85461981781,1.07826733593605
06037601401,601401,1310,110,1682,225,8.3969465648855,5.60715967966609,13.3769322235434,7.82834565209448,-4.9799856586579,40.5934190680441,62042,21.8755159319795,17.4784432533209,6057,46.6567607726597,10.8634637609378,28.727092620109,2.49298332507842
06037601402,601402,1261,40,1199,147,3.17208564631245,3.95443617718797,12.2602168473728,7.0549521867659,-9.08813120106036,75.7833437603957,82917,24.1045923972753,19.6543643819567,4551,84.7506042627994,9.11887497253351,2.2632388486047,3.1641397495056
06037601501,601501,721,12,1087,64,1.66435506241331,3.24334693138053,5.88776448942042,6.10096008861249,-4.22340942700711,118.462671607161,52708,31.8734105679571,6.18955512572534,3553,83.6476217281171,0.53475935828877,7.40219532789192,3.54629890233605
06037601502,601502,591,92,1114,170,15.5668358714044,18.1380453309915,15.2603231597846,11.620820182203,0.306512711619838,70.8311404163868,66801,11.2802983219391,12.4442642886096,3218,93.5363579863269,0.901180857675575,1.52268489745183,2.05096333126165
06037601600,601600,927,35,1388,29,3.77562028047465,4.77935677495235,2.08933717579251,3.42203422147176,1.68628310468214,76.9511720430887,51250,8.63163239400863,10.4974271012007,3978,93.8914027149321,1.0306686777275,2.46354952237305,2.61437908496732
06037601700,601700,1017,4,1675,111,0.393313667649951,2.15669079185895,6.62686567164179,9.37036768921911,-6.23355200399184,333.336555519841,52938,20.6552137435078,9.93020304568528,5006,88.6336396324411,2.17738713543748,2.61685976827807,4.07510986815821
06037601801,601801,647,33,963,91,5.10046367851623,4.61630016419115,9.44963655244029,4.75174493807475,-4.34917287392406,55.0197330060178,57098,21.7580213903743,7.68854064642507,3082,93.6404931862427,0.519143413367943,1.68721609344581,2.98507462686567
06037601802,601802,807,46,762,84,5.7001239157373,4.7910720393656,11.0236220472441,6.91757652723535,-5.3234981315068,51.0954821695261,85590,11.7888748419722,15.8855451406019,3164,93.2996207332491,3.76106194690265,0,1.07458912768647
06037601900,601900,926,185,1438,145,19.9784017278618,13.1173143749347,10.0834492350487,7.0991257684663,9.89495249281309,39.9133594387235,68518,15.8687345470892,8.95522388059701,4498,77.2787905735883,1.2894619831036,18.1636282792352,1.04490884837706
06037602002,602002,701,39,916,69,5.56348074179743,4.3176263050218,7.53275109170306,5.33347016577729,-1.96927034990562,47.1772432362291,82770,13.5019710906702,14.9975810353169,3044,78.8107752956636,4.63206307490145,12.7135348226018,1.6754270696452
06037602003,602003,921,110,1271,38,11.943539630836,7.79093862087893,2.9897718332022,3.37737667298198,8.95376779763384,39.6543491010196,77736,14.3217347453354,5.72703607288955,4005,79.7503121098627,2.29712858926342,16.8039950062422,1.14856429463171
06037602103,602103,1403,208,1412,84,14.8253741981468,9.5648437420078,5.94900849858357,6.29027134720504,8.87636569956326,39.219884761623,56660,27.8608825729245,15.7384316985315,5527,68.2106024968337,3.81762258006152,24.3169893251312,3.60050660394427
06037602104,602104,1156,46,1751,192,3.97923875432526,3.77730375777655,10.9651627641348,6.58054273364306,-6.98592400980952,57.7053408747151,71959,15.367524532494,20.5226960110041,5401,73.2827254212183,3.90668394741715,15.0897981855212,5.03610442510646
06037602105,602105,1302,168,1166,104,12.9032258064516,6.68951911104419,8.91938250428816,5.46082723553678,3.98384330216345,31.5159714958009,64276,16.2834794975113,19.0390173410405,4255,59.0599294947121,6.69800235017626,26.1339600470035,2.53819036427732
06037602106,602106,1376,120,1739,57,8.72093023255814,7.87577876362543,3.27774583093732,3.39982936080726,5.44318440162082,54.8990454850486,84431,10.4344908572387,21.4604367222353,5992,51.3351134846462,8.16088117489987,18.2076101468625,14.9699599465955
06037602201,602201,1201,27,1516,46,2.248126561199,3.56940867638858,3.03430079155673,3.67509833631021,-0.786174230357728,96.5182893243878,141857,5.7618726085978,46.7346288626951,4458,34.3876177658143,26.3346792283535,11.9336025123374,20.0538358008075
06037602202,602202,542,0,833,92,0,2.5830258302583,11.0444177671068,10.013815102025,-11.0444177671068,,81719,5.23791958686832,29.7347603536529,2728,57.7712609970675,14.6627565982405,2.56598240469208,17.558651026393
06037602301,602301,1464,73,1991,77,4.98633879781421,3.70023373692873,3.86740331491713,3.39286627089013,1.11893548289708,45.1108980377537,130163,11.7791234140715,36.7408906882591,6936,51.0236447520185,29.2099192618224,3.21510957324106,10.423875432526
06037602302,602302,1324,83,1298,109,6.26888217522659,4.57558850002245,8.39753466872111,7.46709675333276,-2.12865249349452,44.3701554475389,176066,7.50376263169211,77.0845830833833,4651,16.1040636422275,51.4298000430015,1.41904966673834,23.5863255213933
06037602402,602402,1811,181,2212,124,9.99447818884594,6.50188879355161,5.60578661844485,4.93218446533945,4.38869157040109,39.5469969441031,102917,5.75246949447995,25.5645691734269,6969,68.3885779882336,20.7920792079208,2.89855072463768,5.45271918496198
06037602403,602403,1000,47,1394,151,4.7,4.71214766852653,10.832137733142,5.17150866080973,-6.13213773314204,60.9473927249115,74883,14.8148148148148,20.7027213227695,3969,66.4902998236332,9.32224741748551,15.8730158730159,6.47518266565886
06037602404,602404,1324,172,1571,284,12.9909365558912,10.6457069748725,18.0776575429663,15.6954385332514,-5.08672098707503,49.8159186920591,56165,26.1041292639138,19.3221243661596,5636,65.4897090134848,3.15826827537261,17.8495386799148,8.41022001419447
06037602504,602504,1220,28,1659,109,2.29508196721311,2.58567581410962,6.57022302591923,4.12427743141842,-4.27514105870611,68.487288172248,64984,14.1259944098043,25.0635324015248,4681,54.4541764580218,5.3834650715659,29.7158726767785,5.53300576799829
06037602505,602505,1094,21,1284,158,1.91956124314442,2.40460889255697,12.3052959501558,7.46133140865938,-10.3857347070113,76.1511688654602,66250,27.7144160583942,23.7848605577689,4459,68.2664274501009,4.21619197129401,19.3316887194438,2.96030500112133
06037602506,602506,1147,97,1373,74,8.45684394071491,8.11396588778402,5.38965768390386,4.2989719082422,3.06718625681105,58.3255655894982,76826,25.4655493482309,28.8671023965142,4296,50.0465549348231,2.51396648044693,36.987895716946,2.9096834264432
06037602507,602507,1204,14,1147,157,1.16279069767442,1.90123350215427,13.6878814298169,8.5878677620067,-12.5250907321425,99.3957940335969,51446,11.6289491373516,18.1761006289308,4574,44.949715784871,2.42675994752951,43.8784433756012,5.59685177087888
06037602510,602510,764,226,1102,0,29.5811518324607,24.4461334304566,0,1.27041742286751,29.5811518324607,50.2376360138496,47231,24.2189452636841,21.1882918304937,4001,58.6853286678331,0.399900024993752,33.6165958510372,3.29917520619845
06037602511,602511,1117,30,909,23,2.6857654431513,2.95881817970387,2.53025302530253,3.02644944837102,0.155512417848768,66.9706161444625,57625,11.9226393629124,17.8002331908278,4395,38.8850967007964,0.273037542662116,58.4755403868032,2.07053469852105
06037602512,602512,546,81,431,41,14.8351648351648,8.97556088056658,9.51276102088167,8.0135364039688,5.32240381428317,36.779288084276,83920,13.0705394190871,15.7544378698225,1928,51.2966804979253,6.79460580912863,6.43153526970954,25.103734439834
06037602513,602513,428,0,292,6,0,3.27102803738318,2.05479452054795,6.0557056970459,-2.05479452054795,,66406,26.1481481481482,25.2325581395349,1433,44.1730635031403,3.07048150732729,51.2212142358688,1.53524075366364
06037602601,602601,1447,145,1055,79,10.0207325501037,7.79809131424234,7.48815165876777,7.18661125317792,2.53258089133589,47.3067315028138,104125,8.74273110086224,23.6363636363636,4990,24.9899799599198,2.66533066132265,62.9458917835671,4.86973947895792
06037602602,602602,818,48,451,119,5.8679706601467,6.35569235876617,26.3858093126386,24.0844904704588,-20.5178386524919,65.8429122273395,57708,20.5934298834334,24.1182078169685,2957,28.2042610754143,4.15962123774095,56.0365235035509,7.23706459249239
06037602700,602700,1120,85,1008,92,7.58928571428571,5.71233247511161,9.12698412698413,7.4329378090198,-1.53769841269841,45.7558546191669,114702,7.8525641025641,41.8000711490573,3749,14.8306214990664,7.04187783408909,64.0970925580155,9.8159509202454
06037602801,602801,870,42,784,91,4.82758620689655,5.8277290654886,11.6071428571429,10.5226896281168,-6.77955665024631,73.3843434212633,55329,25.5599800895968,17.4877940523746,4059,58.0684897758069,1.67528948016753,36.9056417836906,0.0492732200049273
06037602802,602802,1169,189,905,59,16.1676646706587,13.0350926651717,6.51933701657459,5.41859060654938,9.6483276540841,49.0118310274385,97961,6.95364238410596,30.1539491298527,4265,34.841735052755,1.3599062133646,56.7174677608441,1.82883939038687
06037602900,602900,1321,90,1556,137,6.81302043906132,5.44709601051983,8.80462724935733,5.17209349835072,-1.99160681029601,48.6025925693799,106083,11.8432385874246,21.9399538106236,4670,74.4753747323341,1.7558886509636,12.3982869379015,10.3426124197002
06037603004,603004,510,44,507,40,8.62745098039216,7.25706072928474,7.88954635108481,7.30816136266748,0.737904629307344,51.1343046689033,76696,6.7524115755627,23.4501347708895,1649,50.9399636143117,9.4602789569436,13.0988477865373,24.620982413584
06037603005,603005,1919,39,1573,172,2.0323084940073,2.17798831703288,10.9345200254291,8.30920153322404,-8.90221153142182,65.1478385221119,75459,10.9591298615689,27.2388059701493,6073,54.3553433229047,4.11658159064713,10.0279927548164,17.767166145233
06037603006,603006,512,3,564,14,0.5859375,2.89941515638254,2.4822695035461,3.58835565287777,-1.8963320035461,300.810650469678,73242,9.7145993413831,40.0139664804469,1822,31.0098792535675,4.99451152579583,6.31174533479693,51.4270032930845
06037603007,603007,852,22,829,84,2.58215962441315,4.49278409189551,10.1326899879373,9.44691577019138,-7.55053036352413,105.770987739568,80035,22.0906728270286,21.4771622934888,3463,43.6904418134565,11.146404851285,23.7943979208779,13.2255269997112
06037603008,603008,629,47,1192,63,7.47217806041336,9.53246317586621,5.28523489932886,4.52092464236783,2.1869431610845,77.5518248414906,74280,9.17256396298312,22.3817567567568,3820,64.4502617801047,2.95811518324607,17.9319371727749,13.9267015706806
06037603101,603101,1314,114,1484,70,8.67579908675799,5.4338157054309,4.71698113207547,4.58426548188996,3.95881795468252,38.0740886094823,98017,15.6510851419032,33.3849489005884,4810,39.8128898128898,10.1871101871102,8.96049896049896,35.8835758835759
06037603102,603102,837,150,787,53,17.921146953405,9.87390922195219,6.73443456162643,6.88747231046162,11.1867123917786,33.4932604610901,68300,8.56446205425175,29.8278443113772,3420,37.4269005847953,10.4385964912281,12.5146198830409,36.1111111111111
06037603200,603200,924,9,922,38,0.974025974025974,2.28705088728204,4.12147505422993,4.79275798061198,-3.14744908020396,142.737927716893,111711,7.84840346165324,44.5137614678899,3364,26.397146254459,12.4554102259215,7.81807372175981,49.1082045184304
06037603301,603301,834,6,801,62,0.719424460431655,2.05694776984756,7.74032459425718,6.53328968656722,-7.02090013382552,173.808960491678,75217,11.6071428571429,33.6128326649654,3431,40.1632177207811,6.67443893908482,1.36986301369863,45.817545904984
06037603302,603302,1171,88,1365,52,7.51494449188728,5.10195442838463,3.80952380952381,2.65269071242047,3.70542068236347,41.2709908513291,88889,8.2204577300327,29.5835743204164,4315,40.8806488991889,2.98957126303592,6.23406720741599,46.6975666280417
06037603400,603400,1104,24,1095,60,2.17391304347826,2.896455097245,5.47945205479452,4.16395427491425,-3.30553901131626,80.9950969442372,96508,11.9515885022693,26.5243902439024,3979,44.2322191505403,11.2088464438301,10.2789645639608,27.0671022870068
06037603500,603500,676,24,763,34,3.55029585798817,4.5957935333873,4.45609436435125,4.64503723014737,-0.90579850636308,78.6919054855576,84712,15.8239359767188,27.1889400921659,2749,55.2200800291015,6.76609676245908,15.5329210622044,17.4972717351764
06037603600,603600,867,12,1151,14,1.3840830449827,2.7971557024449,1.21633362293658,2.3245212347929,0.167749422046122,122.853799089145,96932,9.78428351309707,34.4311377245509,3910,42.6854219948849,20.4347826086957,3.83631713554987,28.0306905370844
06037603702,603702,1207,0,1383,101,0,1.57415078707539,7.30296456977585,5.37218207108769,-7.30296456977585,,111845,11.0909090909091,30.0514138817481,5008,41.6134185303514,32.9472843450479,0.399361022364217,17.1525559105431
06037603703,603703,664,14,668,17,2.10843373493976,2.96103384417621,2.54491017964072,3.08644951835924,-0.43647644470096,85.3724043653062,131023,2.67073636016788,32.1578947368421,2631,34.8156594450779,20.2964652223489,14.0250855188141,19.7263397947548
06037603705,603705,819,68,706,70,8.3028083028083,8.29617894010274,9.91501416430595,8.77548629168868,-1.61220586149765,60.7417356690876,76622,14.4755244755245,18.5994397759104,2860,43.6713286713287,5.10489510489511,50.1048951048951,1.11888111888112
06037603706,603706,989,92,896,55,9.30232558139535,6.81078763340195,6.13839285714286,5.78555506688539,3.16393272425249,44.5081866620492,69476,13.8182880514169,22.3716990533134,3423,81.1568799298861,3.62255331580485,10.4878761320479,3.88548057259714
06037603801,603801,1202,89,1547,230,7.40432612312812,5.95966685787182,14.8674854557208,9.79507568367735,-7.46315933259263,48.9294734685422,69706,23.8917306052856,17.6780185758514,4712,53.4804753820034,9.44397283531409,18.6969439728353,17.1264855687606
06037603802,603802,914,84,1119,104,9.19037199124726,7.06236072093494,9.29401251117069,5.95912382292201,-0.103640519923424,46.7144138003657,86744,10.1139601139601,24.7468610773593,3510,60.6552706552707,5.81196581196581,12.2222222222222,16.7236467236467
06037603901,603901,924,49,1318,32,5.3030303030303,6.80898624555546,2.42792109256449,3.83330605803406,2.87510921046581,78.0535114557812,133378,4.62712281565346,31.0393756651295,4065,61.549815498155,24.1574415744157,2.73062730627306,10.6027060270603
06037603902,603902,793,187,1331,193,23.5813366960908,13.6934933541798,14.5003756574005,20.7431730607466,9.08096103869034,35.3004249788358,77199,11.9047619047619,13.4384072998756,3446,71.4741729541497,11.1433546140453,0,16.5409170052235
06037604001,604001,1169,105,1490,303,8.98203592814371,5.99122776078789,20.3355704697987,16.4021519899971,-11.3535345416549,40.5485323627792,79167,11.0470085470085,17.7570093457944,4780,71.3598326359833,17.6150627615063,2.71966527196653,3.09623430962343
06037604002,604002,1079,81,1165,55,7.50695088044486,6.05172303073935,4.72103004291846,4.30912289737781,2.7859208375264,49.0060351245282,85967,12.93057763646,26.7918742813338,3805,55.0065703022339,24.5466491458607,4.94086727989488,10.5913272010512
06037604101,604101,1014,73,1338,82,7.19921104536489,9.02189908699182,6.12855007473842,5.55704257205074,1.07066097062648,76.1810856827223,72051,11.8306986231515,11.4425981873112,3923,80.6015804231456,8.56487382105532,2.06474636757583,4.05302064746368
06037604102,604102,390,10,802,21,2.56410256410256,5.37924624282652,2.61845386533666,3.67824594774183,-0.0543513012340942,127.532281744823,87891,17.8386968613429,22.8473019517796,2540,69.2125984251969,12.4803149606299,5.74803149606299,12.5590551181102
06037604200,604200,1477,154,1854,169,10.4265402843602,7.13258288459443,9.11542610571737,4.31551358007682,1.31111417864282,41.5853823887655,75880,14.1069193634901,14.6167557932264,5603,60.8067106907014,6.35373906835624,26.0217740496163,1.90969123683741
06037609900,609900,469,31,373,32,6.60980810234542,6.37742167778355,8.57908847184987,7.56985997824979,-1.96928036950445,58.6530202349345,91429,20.5226258763544,39.9014778325123,1770,46.3841807909605,31.2429378531074,7.74011299435028,10.1129943502825
06037620001,620001,969,43,1226,49,4.437564499484,5.48952015770011,3.99673735725938,4.57295392366867,0.440827142224624,75.201032484787,164141,2.36016049091338,59.6719070403281,4242,20.6742102781707,52.7581329561528,4.47901933050448,10.5139085337105
06037620002,620002,1265,73,844,45,5.77075098814229,5.11806253311469,5.33175355450237,4.61487940451841,0.438997433639924,53.9147196101935,150458,9.69343065693431,64.5235361653272,3463,19.5784002310136,54.6058330926942,5.05342188853595,11.8394455674271
06037620101,620101,1407,90,1302,106,6.39658848614073,5.20140687360079,8.14132104454685,7.48761315186863,-1.74473255840613,49.4318100044331,123261,4.81188118811881,60.8648354636932,5050,16.970297029703,56.8316831683168,2.35643564356436,13.7821782178218
06037620102,620102,1228,75,1661,112,6.10749185667752,7.2904376011093,6.74292594822396,4.46597583168699,-0.635434091546437,72.564598777404,158816,5.13203786746388,66.1835748792271,4014,22.9696063776781,63.2536123567514,0,8.44544095665172
06037620201,620201,388,17,679,36,4.38144329896907,5.43117776159731,5.3019145802651,5.80545168682157,-0.920471281296023,75.3547996245219,196563,5.64464400256575,84.1975308641975,1559,5.58050032071841,75.9461193072482,1.09044259140475,8.33867864015395
06037620301,620301,816,38,960,29,4.65686274509804,4.77707197871705,3.02083333333333,3.61528208217755,1.63602941176471,62.3594742382517,241250,4.14519906323185,80.427691192461,4270,9.34426229508197,74.9648711943794,0.515222482435597,8.00936768149883
06037620303,620303,784,58,1343,48,7.39795918367347,6.56133054104269,3.5740878629933,3.16825352292927,3.82387132068017,53.9155554363009,217083,7.65327695560254,74.002493765586,4741,6.26450116009281,72.9803838852563,0.274203754482177,15.9881881459608
06037620305,620305,1370,82,1738,24,5.98540145985402,7.46983401057484,1.38089758342923,1.87384489835452,4.60450387642479,75.8667995736343,211158,2.42351323478859,83.6852207293666,5844,6.19438740588638,80.3901437371663,0,6.19438740588638
06037620400,620400,1147,83,1378,3,7.23626852659111,6.95876308253,0.217706821480406,1.52456289569776,7.0185617051107,58.4590123826265,172188,5.10934393638171,75.5355129650507,5045,8.70168483647175,57.0069375619425,1.14965312190287,24.4202180376611
06037620501,620501,1789,48,1785,106,2.68306316377865,3.47324308379822,5.93837535014006,5.62847150445795,-3.25531218636141,78.6934128282043,182560,5.38072721343551,69.8034682080925,6133,10.5331811511495,48.9483124082831,10.1418555356269,18.783629545084
06037620521,620521,1321,31,1272,106,2.34670704012112,2.08030269179339,8.33333333333333,4.40451869773878,-5.98662629321221,53.8892019974325,126071,5.36927956502039,53.3957845433255,4414,20.0951517897599,45.0158586316266,1.69913910285455,24.1504304485727
06037620522,620522,1110,80,1431,0,7.20720720720721,5.3098559029764,0,0.978336827393431,7.20720720720721,44.7867785129468,138617,4.45832435925048,62.7956989247312,4683,21.6741405082212,44.650864830237,0.683322656416827,21.460602178091
06037620601,620601,1521,15,1797,201,0.986193293885602,2.05435061320569,11.1853088480801,7.09459205723744,-10.1991155541945,126.632919257785,132416,7.39226707545563,61.223506743738,5881,18.9763645638497,42.2717224961741,1.68338717905118,26.3730658051352
06037620602,620602,1545,156,1491,144,10.0970873786408,6.44238328971796,9.6579476861167,7.70103781860415,0.439139692524078,38.7868528665507,158000,6.03492117308018,51.0431829209122,5899,11.5951856246822,51.9240549245635,1.45787421596881,19.4439735548398
06037620701,620701,2077,46,2204,126,2.21473278767453,2.29722110203122,5.71687840290381,7.393829845768,-3.50214561522928,63.0544235353356,205080,2.38873880278686,78.8757396449704,7033,13.280250248827,57.4008246836343,1.53561780179155,16.8491397696573
06037620703,620703,826,32,1035,79,3.87409200968523,4.639251192861,7.63285024154589,6.98834818101673,-3.75875823186066,72.7967607390422,248207,3.15759797011559,78.3643444396365,3547,14.4629264166902,58.9512263884973,0,13.1660558218213
06037620704,620704,842,25,997,61,2.96912114014252,3.23960608562183,6.11835506519559,3.89285029316453,-3.14923392505307,66.3282267256798,194597,2.503259452412,62.315875613748,3835,7.11864406779661,58.6701434159061,0,25.6844850065189
06037620801,620801,802,49,1014,61,6.10972568578554,5.50037922476208,6.01577909270217,4.33372754596525,0.0939465930833663,54.727425572349,219188,3.95627277459656,77.1850170261067,3842,6.14263404476835,60.9838625715773,0.728787090057262,25.5335762623634
06037620802,620802,962,7,1169,21,0.727650727650728,1.82475020681004,1.79640718562874,2.07531998981886,-1.06875645797801,152.445479717869,191250,3.43661971830986,78.1412639405205,3550,8.50704225352113,67.4929577464789,3.71830985915493,12.8169014084507
06037620901,620901,563,15,693,30,2.66429840142096,3.82678926094331,4.32900432900433,3.62921491041256,-1.66470592758337,87.3143811108848,250001,2.49816311535636,80.9601745771959,2722,14.2909625275533,66.7891256429096,0.404114621601763,8.74357090374724
06037620904,620904,562,26,723,24,4.62633451957295,5.71563981639225,3.3195020746888,4.05084591667232,1.30683244488416,75.1038011880394,212359,7.01554797117937,78.7187839305103,2637,4.55062571103527,88.775123246113,0,2.38907849829352
06037621001,621001,1141,95,1526,87,8.32602979842244,6.48748801080946,5.70117955439056,5.65310931384129,2.62485024403187,47.3666537855293,175699,8.64821175995151,76.1383285302594,4954,11.7480823576908,65.6035526846992,0.222042793702059,9.04319741622931
06037621005,621005,1332,46,1316,43,3.45345345345345,4.01128789316125,3.26747720364742,3.68435786008365,0.185976249806037,70.6096930578934,156261,4.38943207821926,74.8739919354839,4830,10.2277432712215,78.9648033126294,0.476190476190476,3.97515527950311
06037621102,621102,743,0,1116,108,0,1.8842530282638,9.67741935483871,7.27360263658669,-9.67741935483871,,183958,6.01328903654485,71.5837860426243,3032,12.2361477572559,69.1952506596306,3.66094986807388,7.42084432717678
06037621104,621104,1833,116,2225,112,6.32842334969995,6.83903305236663,5.03370786516854,4.01557224444414,1.29471548453141,65.69514508431,145515,3.95389787097807,79.0630182421227,6247,13.2703697774932,67.3283175924444,0.352169041139747,8.13190331359052
06037621201,621201,1624,194,2364,84,11.9458128078818,7.18409420660642,3.55329949238579,2.58550252907648,8.39251331549599,36.5586719879949,147083,5.98230585591911,70.8223741890233,7226,17.7968447273734,59.4658178798782,4.59451978964849,10.2823138665929
06037621204,621204,853,1,903,129,0.117233294255569,1.78535273432269,14.2857142857143,6.88254982727413,-14.1684809914587,925.778651901067,98909,7.48492373181979,65.6814449917898,2819,9.29407591344448,61.0145441645974,4.25682866264633,20.610145441646
06037621301,621301,1560,46,1994,160,2.94871794871795,4.53664947021482,8.02407221664995,5.84166890730322,-5.075354267932,93.5268028747868,121763,6.27985389154257,66.1781946072685,7118,19.5982017420624,52.3180668727171,3.13290250070244,14.0207923574038
06037621324,621324,722,38,1238,87,5.26315789473684,5.25871354646738,7.02746365105008,6.5057809430395,-1.76430575631324,60.7389406582858,120577,8.82533825338253,72.1618583739228,3252,12.9458794587946,74.60024600246,3.4440344403444,4.1820418204182
06037621326,621326,1047,47,915,25,4.48901623686724,4.48699440723197,2.73224043715847,3.26297298319877,1.75677579970877,60.7628939322496,113646,6.635700066357,72.4124663332051,3052,13.5976408912189,66.5465268676278,1.53997378768021,7.07732634338139
06037621400,621400,1106,20,1197,33,1.80831826401447,3.21656780211675,2.75689223057644,3.27790175820103,-0.948573966561975,108.131428241372,173466,5.00113662195954,71.1350293542074,4399,16.2991588997499,59.1498067742669,0.386451466242328,18.4132757444874
06037650001,650001,1399,135,1572,108,9.64974982130093,6.53874895231899,6.87022900763359,5.0053199273489,2.77952081366734,41.1919837185377,105573,15.091237876048,46.2488769092543,6087,20.1905700673567,24.0019714144899,1.08427796944308,46.1803844258255
06037650003,650003,750,66,926,146,8.8,6.89702575511116,15.7667386609071,15.3245834110945,-6.96673866090713,47.6445548156339,96182,13.172606568833,43.6363636363636,2912,22.5618131868132,25.6524725274725,10.6456043956044,31.0782967032967
06037650004,650004,1247,119,1175,92,9.54290296712109,9.77663792719681,7.82978723404255,6.37161941021515,1.71311573307854,62.2792137887381,103800,10.7646107646108,37.1382113821138,4337,34.6091768503574,14.3417108600415,9.06156329259857,37.9755591422642
06037650101,650101,995,22,1578,70,2.21105527638191,3.3104781658642,4.43599493029151,4.43411478269568,-2.2249396539096,91.0175676992229,100500,6.45161290322581,55.2679738562092,4841,12.2495352199959,20.4709770708531,1.15678578806032,56.1041107209254
06037650102,650102,478,15,641,81,3.13807531380753,3.92670744489267,12.6365054602184,10.3874318891882,-9.49843014641088,76.0675241604335,127628,2.33196159122085,47.0430107526882,2187,26.2459990855053,32.9675354366712,1.60036579789666,28.212162780064
06037650200,650200,1422,99,1692,20,6.9620253164557,6.31716237965839,1.18203309692671,1.77240135825596,5.77999221952898,55.1595278245938,150742,3.60876897133221,47.7692876509736,5945,31.3877207737595,31.959629941127,4.7098402018503,27.4852817493692
06037650300,650300,2072,162,1911,112,7.81853281853282,7.8378363519218,5.86080586080586,4.45831363478978,1.95772695772696,60.940361443889,81885,14.274311560463,40.1024515184779,7693,29.845313921747,18.5103340699337,3.04172624463798,42.0252177304043
06037650401,650401,1051,105,1257,55,9.99048525214082,6.24247642284893,4.37549721559268,4.35436090461125,5.61498803654814,37.9843260698464,142566,6.90366972477064,51.8910741301059,4360,15.2981651376147,36.5825688073395,1.55963302752294,37.0642201834862
06037650501,650501,545,0,783,21,0,2.56880733944954,2.68199233716475,3.28029835812172,-2.68199233716475,,163750,2.38095238095238,43.358024691358,2772,12.7705627705628,43.4704184704185,0,33.982683982684
06037650502,650502,962,0,1113,52,0,1.45530145530146,4.67205750224618,3.83780277868236,-4.67205750224618,,150241,2.56717850287908,54.2405063291139,4177,14.4122576011492,43.5719415848695,6.7273162556859,28.1062963849653
06037650603,650603,612,13,1035,99,2.12418300653595,3.95766703261911,9.56521739130435,12.2927260579004,-7.4410343847684,113.261268363942,125417,9.84320557491289,62.6666666666667,3454,9.46728430804864,43.8911407064273,2.28720324261726,38.6508396062536
06037650604,650604,1261,133,2094,38,10.5471847739889,10.6026203634692,1.81470869149952,3.00279507226277,8.73247608248938,61.109784849668,69970,14.1951128520798,51.1968734733757,5438,24.770136079441,25.8734828981243,3.49393159249724,34.3876425156307
06037650605,650605,619,6,859,23,0.969305331179321,2.7731848113408,2.67753201396973,3.20192118883292,-1.70822668279041,173.921114308,114531,2.7736131934033,53.9325842696629,2668,9.14542728635682,20.5397301349325,5.43478260869565,58.8830584707646
06037650606,650606,919,32,1305,66,3.48204570184984,4.09682229781701,5.05747126436782,6.05143174125389,-1.57542556251798,71.5231704349133,87031,14.4260454673028,45.8294573643411,4042,18.43146956952,28.154379020287,11.6773874319644,37.110341415141
06037650607,650607,863,53,844,98,6.14136732329085,7.79953823931115,11.6113744075829,11.6684187868648,-5.47000708429209,77.2036646272354,102049,2.9741077676697,56.3547863710114,2858,13.296011196641,15.850244926522,7.2778166550035,35.9692092372288
06037650701,650701,558,17,694,14,3.04659498207885,4.61247103768568,2.01729106628242,3.08309883886284,1.02930391579643,92.035002289598,163417,6.56117329216519,60.9051254089422,2591,16.0941721343111,41.5283674257044,0.810497877267464,33.384793516017
06037650702,650702,938,49,1464,143,5.22388059701493,5.38268927419672,9.76775956284153,6.14585631898246,-4.5438789658266,62.6383293740652,158493,4.56457719814893,61.3035819142689,4754,15.2292806058056,42.3432898611696,0.0420698359276399,25.704669751788
06037650801,650801,917,30,1050,81,3.27153762268266,4.15710003710972,7.71428571428571,5.60841454777065,-4.44274809160305,77.2454049448756,146406,3.56143474942763,59.6187175043328,3931,7.78427880946324,15.6957517171203,0.737725769524294,70.0076316458916
06037650802,650802,626,0,943,90,0,2.23642172523962,9.5440084835631,7.05444504544129,-9.5440084835631,,130532,11.8168812589413,71.1666666666667,3495,6.63805436337625,19.5994277539342,2.14592274678112,67.9542203147353
06037650901,650901,1208,25,1698,37,2.06953642384106,3.23677864405941,2.17903415783274,2.57465349124423,-0.109497733991685,95.0766833318849,104861,8.39430894308943,56.0914343129867,4920,27.9878048780488,30.2845528455285,6.5650406504065,32.1138211382114
06037650903,650903,1291,191,1506,78,14.7947327652982,17.1770636582771,5.1792828685259,4.38650260776071,9.61544989677232,70.5790645390148,93643,6.35767022149303,46.0822093770071,4888,43.2487725040917,27.3527004909984,4.74631751227496,19.4967266775777
06037650904,650904,629,48,652,21,7.63116057233704,8.96688210598694,3.22085889570552,4.94804409889275,4.41030167663152,71.4307097855343,126645,7.41803278688525,57.1933962264151,2440,9.91803278688525,18.1147540983607,8.81147540983607,55.1639344262295
06037651001,651001,1338,25,1426,128,1.86846038863976,3.0879037501811,8.97615708274895,5.55387475723565,-7.10769669410919,100.464807726257,123191,6.46681749622926,39.5879870935716,5360,26.9216417910448,33.3768656716418,2.1455223880597,27.8917910447761
06037651002,651002,1203,73,1270,112,6.06816292601829,3.86422595664909,8.81889763779528,5.28965793980259,-2.75073471177699,38.7114446088092,119868,5.1697699890471,55.2890173410405,4571,21.7020345657405,27.1494202581492,1.68453292496172,45.3073725661781
06037651101,651101,958,26,1302,0,2.71398747390397,2.83041303963203,0,1.0752688172043,2.71398747390397,63.398075566226,126535,4.5563028856585,60.9098811938569,4732,12.8909551986475,32.9247675401522,6.74133558748943,41.251056635672
06037651102,651102,956,38,931,76,3.97489539748954,3.65635965958258,8.16326530612245,7.86722359514942,-4.18836990863291,55.9187303561182,84688,11.0792055515674,52.42656449553,4179,6.48480497726729,38.6695381670256,8.13591768365638,41.7324718832257
06037651201,651201,1030,42,935,36,4.07766990291262,5.15358640558425,3.85026737967914,3.71905988691333,0.227402523233477,76.8301345744937,162875,13.595991801412,73.8831615120275,4391,15.2584832612161,47.0507856980187,0.432703256661353,29.8565247096333
06037651221,651221,1007,118,990,108,11.7179741807349,6.65234736315198,10.9090909090909,12.0129862501763,0.808883271643948,34.5109154329712,99844,8.6075205640423,59.4594594594595,3502,24.5573957738435,28.4123358081097,4.36893203883495,40.2055968018275
06037651222,651222,1716,194,1931,8,11.3053613053613,14.2799834464296,0.414293112377007,1.2200425413402,10.8910681929843,76.7851709149037,105276,2.24112547030918,54.0676745860331,6113,18.2888925241289,38.8679862587927,3.45166039587764,34.9746442008834
06037651302,651302,1464,95,1445,218,6.48907103825137,7.65408870849966,15.0865051903114,15.574376662962,-8.59743415206005,71.7042768788578,150237,3.41103873842989,73.8644304682041,5847,8.89344963229006,69.6254489481786,0,15.8884898238413
06037651304,651304,989,80,1481,87,8.08897876643074,6.58297234048529,5.87440918298447,4.4583320796998,2.21456958344627,49.4723377259875,125945,6.61338661338661,62.1848739495798,5005,15.6843156843157,60.2797202797203,0,16.6033966033966
06037651401,651401,530,41,576,43,7.73584905660377,9.92761672002909,7.46527777777778,9.6474687751664,0.270571278825996,78.0137424807683,88095,16.560779330792,47.5204359673025,2361,10.0804743752647,48.58110969928,0.804743752647184,32.7827191867853
06037651402,651402,1164,11,1231,10,0.945017182130584,2.17588741996801,0.812347684809098,2.1169812215354,0.132669497321486,139.968662992139,124053,4.77646159724876,59.8619591186621,5279,21.3108543284713,26.6527751468081,1.55332449327524,42.4322788406895
06037670001,670001,907,16,923,33,1.76405733186329,2.8242008327997,3.57529794149512,3.84088207898009,-1.81124060963184,97.3233341698071,98385,5.76271186440678,37.5569358178054,3316,44.3908323281062,29.5235223160434,2.0205066344994,14.475271411339
06037670002,670002,709,28,912,72,3.94922425952045,4.85251679843958,7.89473684210526,7.55742988183717,-3.94551258258481,74.6946246220942,78241,10.9291338582677,45.364238410596,3175,37.2913385826772,34.992125984252,3.84251968503937,18.1102362204724
06037670003,670003,1495,42,1903,38,2.80936454849498,3.54431828097735,1.99684708355229,3.19208076421793,0.812517464942697,76.6935277183548,92891,10.2355673523557,33.4600760456274,6034,21.610871726881,49.6353994033809,0.0828637719588996,18.4620483924428
06037670101,670101,1038,65,874,1,6.26204238921002,5.02942063605035,0.11441647597254,1.6379292240043,6.14762591323748,48.8243032052398,127094,29.5730100158144,30.4365904365904,3889,37.2075083569041,29.0048855746979,8.15119568012343,8.7426073540756
06037670102,670102,1132,95,1298,121,8.39222614840989,5.34750869679153,9.32203389830508,6.81760995626699,-0.929807749895192,38.7354333371814,97027,8.58042508527946,35.02722323049,3811,40.9078981894516,18.2891629493571,9.60377853581737,25.1902387824718
06037670201,670201,702,56,1029,94,7.97720797720798,5.73842949775625,9.13508260447036,7.36419975932744,-1.15787462726238,43.7296733328798,166806,1.50451354062187,73.2232591529074,3994,13.3700550826239,62.4436654982474,3.02954431647471,15.4732098147221
06037670202,670202,573,86,679,31,15.0087260034904,14.295253843085,4.56553755522828,4.48305461337638,10.4431884482621,57.9004767942864,208700,1.7564870259481,75.2235665439243,2505,7.90419161676647,58.0838323353293,0.199600798403194,24.5508982035928
06037670324,670324,1081,73,1164,37,6.75300647548566,6.21625130794434,3.1786941580756,4.09009625537896,3.57431231741006,55.9584266468571,220644,3.56409777943646,77.5722844490753,5359,4.29184549356223,65.8518380294831,1.02631087889532,20.5635379735025
06037670326,670326,595,25,812,0,4.20168067226891,5.54805417617106,0,1.72413793103448,4.20168067226891,80.2697199956664,250001,2.07286432160804,77.2652388797364,3184,4.52261306532663,57.820351758794,0.785175879396985,31.8781407035176
06037670328,670328,627,59,1079,60,9.40988835725678,7.30826794205052,5.56070435588508,5.89995462125808,3.8491840013717,47.2132708223758,243269,2.67001369237791,84.1226575809199,4382,6.02464628023733,53.7197626654496,9.37927886809676,23.961661341853
06037670405,670405,363,41,507,34,11.2947658402204,11.3115756997057,6.70611439842209,7.21115894817418,4.5886514417983,60.8807469640918,183889,6.37019230769231,65.9783169850284,2582,6.9713400464756,42.4477149496514,1.89775367931836,41.3245546088304
06037670406,670406,266,3,513,42,1.12781954887218,5.57995772162499,8.18713450292398,9.81573211009978,-7.0593149540518,300.763678612411,239792,5.65002742731761,72.020725388601,1837,3.15732172019597,33.3696243875885,8.00217746325531,41.5895481763745
06037670407,670407,1134,74,1226,134,6.52557319223986,5.58121549304674,10.9298531810767,6.22681988724735,-4.40427998883681,51.9929217868644,158149,5.62095838169458,78.725018972932,6031,10.7776488144586,37.8378378378378,4.7421654783618,37.8378378378378
06037670413,670413,874,36,1315,94,4.11899313501144,4.89353788036343,7.14828897338403,4.3548676741928,-3.02929583837259,72.2214134994535,214625,3.08983016165337,77.6123936816525,4897,7.10639166836839,44.9867265672861,0.387992648560343,41.0659587502553
06037670416,670416,887,175,1060,32,19.7294250281849,17.7185141343456,3.0188679245283,4.85709083481496,16.7105571036566,54.594258053546,169481,4.38964241676942,75.1961787785739,4055,6.95437731196054,42.268803945746,2.98397040690506,33.3908754623921
06037670417,670417,522,24,711,11,4.59770114942529,6.27229788251372,1.54711673699015,2.97416454940072,3.05058441243513,82.9315981426586,183389,1.57932519741565,75.8144126357354,2786,2.51256281407035,43.0007178750897,3.40990667623833,39.770279971285
06037670418,670418,853,26,1031,39,3.04806565064478,3.08762045627332,3.7827352085354,3.25760243507028,-0.734669557890619,61.5791500865359,192045,3.78170289855072,73.2603092783505,4428,13.3694670280036,47.5383920505872,1.4453477868112,26.1291779584463
06037670500,670500,233,27,361,6,11.587982832618,10.2369801217333,1.66204986149584,4.18900305134357,9.92593297112218,53.7029464902368,250001,5.53250345781466,76.1658031088083,1509,6.29555997349238,63.8833664678595,6.56063618290258,19.2180251822399
06037670603,670603,394,7,516,25,1.77664974619289,4.47241610675914,4.84496124031008,5.67865826550391,-3.06831149411718,153.0292614905,198194,6.52770159078442,77.2,1886,12.9374337221633,45.1749734888653,0.795334040296925,36.4262990455992
06037670604,670604,928,25,1040,27,2.69396551724138,3.61917887264862,2.59615384615385,3.4358841658873,0.0978116710875332,81.6680363238399,159962,4.68094038623006,75.7058987978753,4764,11.0411418975651,60.3904282115869,0,22.544080604534
06037670701,670701,1213,17,1466,83,1.40148392415499,2.90754690432774,5.66166439290587,4.91111494845015,-4.26018046875088,126.116731448223,176829,3.56728057076489,50.5641261800599,6035,21.0439105219553,48.9312344656172,0.149130074565037,25.0041425020713
06037670702,670702,1196,111,1510,36,9.2809364548495,6.47443285298372,2.3841059602649,2.98068207926757,6.8968304945846,42.4076326962322,203409,3.34488734835355,64.1745283018868,5770,14.8526863084922,56.7590987868284,0,21.1438474870017
06037700101,700101,1851,23,2139,206,1.24257158292815,2.26704798561926,9.63066853669939,6.00435875523649,-8.38809695377125,110.910686437987,89610,14.8997134670487,56.6516897831608,5584,16.1174785100287,66.0995702005731,3.11604584527221,7.70057306590258
06037700102,700102,1647,240,1385,190,14.5719489981785,7.77294961660057,13.7184115523466,8.83509577830129,0.853537445831936,32.42666671363,68036,16.0076226774655,53.2312925170068,4237,12.2492329478405,63.5355204153883,10.9039414680198,4.97993863582724
06037700200,700200,2024,151,3572,338,7.4604743083004,8.89848538621021,9.46248600223964,5.17228745502424,-2.00201169393925,72.5076367144647,97490,9.48236371965186,63.136288998358,6549,28.2027790502367,59.566346007024,2.67216368911284,3.4509085356543
06037700300,700300,1579,172,2491,174,10.8929702343255,5.92460296835973,6.985146527499,3.78902888613611,3.90782370682653,33.0633635648548,92778,10.6038820992092,66.5377176015474,5564,10.8554996405464,75.0539180445723,3.25305535585909,4.94248741912293
06037700400,700400,1428,100,2010,122,7.00280112044818,8.36916393725935,6.06965174129353,3.94858770239268,0.933149379154647,72.6514656681237,101078,12.8656256872663,65.552460538533,4547,3.27688585880801,82.1640642181658,1.84737189355619,9.96261271167803
06037700501,700501,953,155,1765,159,16.2644281217209,13.9826929597038,9.00849858356941,6.15893646213648,7.25592953815148,52.2620115328865,111885,11.6079703429101,71.56890261016,4316,7.29842446709917,73.1696014828545,5.49119555143652,4.81927710843374
06037700502,700502,1088,19,1886,243,1.74632352941176,2.89538535849283,12.8844114528102,7.7917649425525,-11.1380879233984,100.789610303638,113661,17.0296060680206,75.1466666666667,4087,5.97014925373134,70.5162711034989,4.966968436506,7.5360900415953
06037700600,700600,673,24,1230,41,3.56612184249629,4.58127582269078,3.33333333333333,4.6514747574382,0.232788509162952,78.0952033604583,250001,8.17623384876086,61.341059602649,4721,4.97775894937513,80.7244227917814,0,9.46833298030078
06037700700,700700,564,0,704,0,0,2.4822695035461,0,1.98863636363636,0,,250001,4.59965928449744,67.9563040509786,2935,1.66950596252129,88.6541737649063,0.0340715502555366,2.99829642248722
06037700801,700801,1379,93,938,124,6.74401740391588,5.30146340142149,13.2196162046908,10.8782386453086,-6.47559880077495,47.7871558032502,85443,20.3544061302682,70.9515859766277,4176,5.72318007662835,68.4147509578544,6.39367816091954,14.8227969348659
06037700802,700802,1146,107,1150,177,9.33682373472949,5.64751901780507,15.3913043478261,10.486046727059,-6.05448061309659,36.7699161685346,121523,13.648615535408,64.2857142857143,4129,4.79534996367159,65.076289658513,1.69532574473238,19.7868733349479
06037700901,700901,1025,69,886,35,6.73170731707317,4.83386239575795,3.95033860045147,4.94269005696929,2.7813687166217,43.6519004066068,104250,6.90734055354994,67.50835499443,4155,11.7689530685921,60.8904933814681,1.37184115523466,17.3044524669073
06037700902,700902,2098,352,1799,77,16.7778836987607,10.6153528258421,4.28015564202335,3.64435580649323,12.4977280567374,38.4619546639552,89683,8.05598755832037,74.4108405341713,6430,11.7262830482115,61.6796267496112,1.88180404354588,16.6096423017107
06037701000,701000,1491,103,1723,190,6.90811535881958,6.11868207741211,11.0272780034823,11.7437274768538,-4.11916264466271,53.843391137731,149211,5.82906656163844,77.6750635544257,5078,9.80701063410792,65.833005120126,3.09176841276093,9.96455297361166
06037701201,701201,538,21,1050,143,3.90334572490706,4.88699960850128,13.6190476190476,10.0089085155021,-9.71570189414055,76.1095900817395,190074,6.64879356568365,84.8783926683116,3730,4.12868632707775,73.5924932975871,0,12.0107238605898
06037701202,701202,1028,52,897,31,5.05836575875486,4.29780659330143,3.45596432552954,3.67432587804361,1.60240143322532,51.6500488416398,131992,9.86575085857009,73.6702127659575,3203,7.211988760537,79.1757727130815,0.218545113955667,6.96222291601624
06037701302,701302,1849,112,1595,117,6.05732828555976,5.15271478343485,7.33542319749216,4.95378621377549,-1.2780949119324,51.7117327104377,130000,8.6030486531635,82.1006986268369,4789,8.72833576947171,69.1584882021299,1.3572770933389,12.9254541657966
06037701304,701304,1460,0,1865,160,0,1.3013698630137,8.57908847184987,5.14037820983139,-8.57908847184987,,134185,5.18630412890232,73.8215303661478,5965,12.070410729254,72.5733445096396,1.05616093880972,10.360435875943
06037701402,701402,2483,218,1370,81,8.77970197341925,12.4888818307368,5.91240875912409,5.84905261223209,2.86729321429516,86.4724731204355,84499,19.22099915326,72.3221422861711,5975,24.2845188284519,58.6778242677824,1.47280334728033,11.2301255230126
06037701501,701501,1309,117,1899,155,8.93812070282659,9.04229303815671,8.1621906266456,6.43020645642532,0.775930076180982,61.4987742547846,147068,12.6721763085399,71.6431707880749,5082,3.87642660369933,64.6792601338056,7.89059425423062,11.0192837465565
06037701502,701502,1475,48,1143,125,3.25423728813559,2.70822753379031,10.9361329833771,5.60382729947076,-7.68189569524149,50.5906232565946,122117,5.4029304029304,72.4658727853616,3855,20,60.4669260700389,7.98962386511025,5.83657587548638
06037701601,701601,1146,57,1060,33,4.9738219895288,3.28760826604772,3.11320754716981,2.74025997146825,1.86061444235898,40.1812944370574,196042,4.16047548291233,79.1597750578895,4051,8.5657862256233,67.316711922982,1.62922735127129,11.4786472475932
06037701602,701602,1260,97,1116,131,7.6984126984127,5.4515548613237,11.7383512544803,5.87134246590976,-4.03993855606759,43.0480313682065,96172,17.8361886881014,67.1216257203518,4438,16.6516448850834,52.0955385308698,6.01622352410996,13.4069400630915
06037701701,701701,786,29,1219,52,3.68956743002545,3.73572644894854,4.26579163248564,4.16398647979183,-0.576224202460199,61.5508015695116,84344,5.21134916039375,67.5385166606951,3454,15.3155761436016,57.469600463231,6.28257093225246,12.5651418645049
06037701702,701702,906,57,1156,78,6.29139072847682,6.75474728001351,6.74740484429066,6.11361052121611,-0.456014115813836,65.2674349244627,80508,20.5128205128205,74.1494082840237,3081,16.390782213567,62.1551444336255,7.40019474196689,8.82830249918858
06037701801,701801,1689,43,1809,103,2.54588513913558,4.07158521471769,5.69375345494749,6.16802278896943,-3.1478683158119,97.2207171507483,91445,14.9427195749626,52.0610057708162,6023,37.1575626764071,30.0514693674249,12.0205877469699,15.2913830317118
06037701802,701802,1491,157,1290,72,10.5298457411133,8.77327957596354,5.58139534883721,5.18470930992824,4.94845039227614,50.649371179841,96150,22.4877450980392,50.5018359853121,4947,24.4390539721043,46.9779664443097,12.9371336163331,7.56013745704467
06037701902,701902,2017,109,2024,125,5.40406544372831,3.88092035522132,6.17588932806324,4.96391254356858,-0.771823884334932,43.6564309778388,107583,19.3214285714286,78.6672254819782,5600,10.3928571428571,62.7142857142857,4.67857142857143,11.0535714285714
06037702002,702002,1769,101,2078,265,5.70944036178632,4.14890921637216,12.7526467757459,8.75461309389852,-7.04320641395959,44.1747895137522,103674,7.85806869734284,71.8120805369128,6226,14.7124959845808,58.7857372309669,14.9212977834886,8.19145518792162
06037702102,702102,2386,164,1758,114,6.8734283319363,4.62172449222569,6.48464163822526,3.98447377049149,0.388786693711039,40.8756566033453,134571,8.66782006920415,71.9109461966605,5913,9.20006764755623,71.0975815998647,1.86030779638086,7.01843395907323
06037702201,702201,1269,112,1152,89,8.82584712371946,7.8723278941735,7.72569444444445,6.60017707902838,1.10015267927502,54.2226666180318,114570,9.53539284845536,71.5504112092598,4111,16.6139625395281,69.0829481877889,4.03794697153977,6.88396983702262
06037702202,702202,1247,81,1059,89,6.49558941459503,4.2106315913568,8.40415486307838,5.86635725806256,-1.90856544848335,39.4060384586434,170040,4.10992820004952,73.6228127025276,4039,12.8249566724437,71.0571923743501,1.60930923495915,6.70958157959891
06037702300,702300,1914,98,1604,48,5.12016718913271,3.47944986712667,2.9925187032419,2.76201023494453,2.12764848589081,41.3105083163603,121395,7.17420917209021,64.1897565071369,6679,17.7421769726007,66.1775714927384,2.02126066776464,9.25288216798922
06037702400,702400,1501,63,1633,121,4.19720186542305,3.66036410575842,7.40967544396816,4.89163882855347,-3.21247357854511,53.0149710304761,149345,7.78713786726937,65.6412930135558,4867,29.4431888226834,45.8187795356483,0.0410930758167249,18.6768029587015
06037702501,702501,1001,138,1327,89,13.7862137862138,9.1343948276656,6.706857573474,4.58353023425784,7.07935621273978,40.2780900510694,157539,7.54757323070344,70.3758508434448,4708,13.4876805437553,57.2429906542056,0.0424808836023789,20.2846219201359
06037702502,702502,1357,164,1012,75,12.0854826823876,8.09253687688493,7.41106719367589,7.08919652126881,4.67441548871173,40.7056584696154,125076,8.00093305341731,73.6119402985075,4287,13.692558898997,38.6517378119897,11.6631677163518,26.0788430137625
06037702600,702600,1576,20,1377,22,1.26903553299492,2.50290044645636,1.59767610748003,2.74952007579294,-0.328640574485105,119.895778225387,110139,4.77867203219316,62.0681818181818,6070,10.329489291598,57.3640856672158,3.36079077429984,19.8682042833608
06037702700,702700,769,31,888,139,4.03120936280884,4.02285800412674,15.6531531531532,12.6166980553013,-11.6219437903443,60.6643358206386,162188,1.59656125268652,63.7205387205387,3257,16.3033466380104,54.620816702487,4.54405894995395,15.1059256984955
06037702801,702801,1451,75,1278,27,5.16884906960717,5.52306530210733,2.11267605633803,2.78058532525967,3.05617301326914,64.9561722663241,89345,13.3664276521419,44.7430830039526,5479,29.293666727505,35.0611425442599,1.38711443694105,28.6001095090345
06037702802,702802,572,41,745,11,7.16783216783217,5.90564390737858,1.47651006711409,2.45559576071997,5.69132210071807,50.0856744758032,111061,4.91725768321513,55.3079178885631,2151,26.8247326824733,40.8647140864714,10.9716410971641,14.2724314272431
06037702803,702803,903,40,958,89,4.4296788482835,4.01517615422115,9.2901878914405,7.98681423971101,-4.860509043157,55.1018855206946,132188,8.12898891501512,61.8046430135786,3065,34.2903752039152,34.1598694942904,11.1256117455139,8.15660685154976
06037702900,702900,4119,299,3654,573,7.25904345714979,6.77336702254284,15.6814449917898,8.70079604474506,-8.42240153464003,56.7230154534445,146623,1.80906713164778,74.9276506182584,9176,11.2249346120314,60.9415867480384,8.20619006102877,6.23365300784656
06037703002,703002,2160,184,1862,66,8.51851851851852,6.28543101801339,3.54457572502685,3.66235505350148,4.97394279349167,44.8544039874089,165217,11.5394841797394,57.6883206634416,7589,12.8343655290552,16.7083937277639,56.1865858479378,3.62366583212545
06037703003,703003,2081,146,1936,187,7.01585776069198,4.10638134258318,9.65909090909091,11.0611833555065,-2.64323314839893,35.580545338367,98912,8.25202579791632,63.0088861334987,6047,15.2472300314205,36.4643624937986,18.9350090954192,18.2900611873656
06037703100,703100,1604,123,1430,134,7.66832917705736,8.34076574788177,9.37062937062937,8.65230905222294,-1.70230019357201,66.1209788697079,133824,9.59125134456795,63.0458878297495,5584,8.48853868194842,10.2972779369628,70.8989971346705,2.4176217765043
06037703200,703200,1308,135,1594,93,10.3211009174312,8.28642055884576,5.83437892095358,4.40745249930507,4.48672199647762,48.8062055205235,126761,4.58437388512308,62.7506487379099,5646,5.20722635494155,14.0276301806589,72.9365922777188,3.02869287991498
06037800101,800101,1095,58,1684,231,5.29680365296804,4.21643077358375,13.7173396674584,8.47815974669854,-8.4205360144904,48.3910669434462,198141,2.07226354941552,74.8798380976474,5646,6.55331207934821,78.9762663832802,0.974140984767977,9.03294367693943
06037800103,800103,1015,96,1125,136,9.45812807881773,9.84458920222172,12.0888888888889,10.4738588804548,-2.63076081007115,63.2741770532868,157386,7.70036668412782,57.1752510528021,3818,6.993190151912,62.3101100052384,1.83342063907805,21.0057621791514
06037800104,800104,829,51,907,40,6.15199034981906,5.69732826923701,4.41014332965821,4.68302592526811,1.74184702016084,56.2975759603967,148464,3.80901287553648,61.7883211678832,3728,7.64484978540773,73.068669527897,0.965665236051502,4.2381974248927
06037800202,800202,1341,68,1521,141,5.07084265473527,6.97308461193211,9.27021696252466,6.75634719025598,-4.19937430778938,83.5947297032091,250001,7.05281090289608,73.6907114624506,5912,11.2313937753721,83.7280108254398,2.31732070365359,1.97902571041949
06037800204,800204,767,96,1151,64,12.51629726206,11.0013187706909,5.56038227628149,4.5050595345775,6.95591498577848,53.4321903313066,220986,4.27979751495628,70.7620528771384,4384,6.34124087591241,73.220802919708,2.53193430656934,10.3102189781022
06037800205,800205,1092,63,1257,107,5.76923076923077,6.92495961020086,8.51233094669849,6.43476548626975,-2.74310017746772,72.96816610546,121348,19.6197517824135,68.1924882629108,3793,16.5304508304772,50.487740574743,4.71921961508041,23.8597416293172
06037800206,800206,471,35,866,4,7.43099787685775,6.92574938131822,0.46189376443418,1.75576991359177,6.96910411242357,56.6570205575489,250001,6.38419696535929,71.9552609776305,3493,5.61122244488978,81.9925565416548,5.78299456054967,0.944746636129402
06037800324,800324,1803,75,1393,16,4.15973377703827,4.25841614109296,1.14860014357502,2.30163978878301,3.01113363346325,62.2324158248479,164289,4.23572744014733,67.921146953405,6557,8.26597529357938,69.1322251029434,1.14381576940674,11.6364190940979
06037800325,800325,915,38,735,86,4.15300546448087,5.3419418944261,11.7006802721088,9.18632455001393,-7.54767480762797,78.1935183714587,167000,6.90559440559441,75.2926927735164,3443,6.09933197792623,83.3865814696486,0.0871333139703747,5.80888759802498
06037800328,800328,294,43,355,11,14.6258503401361,12.1379223238104,3.09859154929577,5.50954423975383,11.5272587908403,50.4495534487914,173125,5.05359877488515,66.9327251995439,1306,11.3323124042879,68.989280245023,0,15.7733537519142
06037800333,800333,609,92,528,67,15.1067323481117,10.0242783156731,12.6893939393939,8.85215692154689,2.41733840871772,40.3382152388326,107050,11.0217596972564,56.7733990147783,2211,10.3120759837178,69.3803708729082,1.99004975124378,9.99547715965626
06037800334,800334,716,13,890,86,1.81564245810056,3.6048779484793,9.66292134831461,7.87103704377513,-7.84727889021405,120.696404541089,195332,9.57025297165498,57.9485083776052,3299,16.5807820551682,73.992118823886,1.39436192785693,3.27371930888148
06037800335,800335,1064,111,1248,44,10.4323308270677,6.68863395925234,3.52564102564103,3.94439105194313,6.90668980142664,38.9753636881869,169410,5.36664353458247,56.0200176626435,4329,15.4077154077154,70.8939708939709,0.0231000231000231,5.1975051975052
06037800336,800336,837,29,1005,81,3.4647550776583,4.17076346646973,8.05970149253731,7.8658927135667,-4.59494641487901,73.1774241994584,210821,4.62988633213197,75.322643723113,3607,23.8702522872193,60.8816190740227,0,5.82201275298032
06037800337,800337,1109,226,987,205,20.3787195671776,16.8174138580744,20.7700101317123,20.4518403689789,-0.391290564534621,50.1668019705855,83646,19.9436443331246,77.6486365668306,3205,10.9828393135725,53.6973478939158,3.52574102964119,13.4477379095164
06037800338,800338,1515,34,1911,36,2.24422442244224,2.8650352118183,1.88383045525903,2.82394268050072,0.360393967183218,77.606442801801,204139,7.03607409814755,69.4654836615451,6155,15.9382615759545,68.2696994313566,0.129975629569456,5.91389114541024
06037800406,800406,398,21,527,45,5.27638190954774,6.66012506119634,8.53889943074004,6.01268875705948,-3.2625175211923,76.7326610032173,239063,7.83483324510323,64.6036161335188,2018,6.14469772051536,80.0792864222002,0.792864222001982,4.85629335976214
06037800410,800410,962,93,790,87,9.66735966735967,5.21732516206246,11.0126582278481,6.6841641607845,-1.34529856048843,32.8075746374095,189028,5.87288817377313,82.3475046210721,3815,13.7614678899083,52.4246395806029,8.80733944954129,18.872870249017
06037800411,800411,819,23,566,52,2.80830280830281,4.73046692887178,9.18727915194346,11.0057807189272,-6.37897634364065,102.398636573173,198594,6.31536604987932,74.2564102564103,2486,12.5905068382944,76.4682220434433,1.68946098149638,1.36765888978278
06037800412,800412,652,160,728,9,24.5398773006135,19.34886093493,1.23626373626374,2.78739780870285,23.3036135643498,47.9310688813614,192500,15.813819022839,61.9493177387914,3460,11.5606936416185,75.8381502890173,0,2.3121387283237
06037800504,800504,341,12,427,0,3.51906158357771,6.77212264297874,0,3.27868852459016,3.51906158357771,116.985502596543,182159,20.7677165354331,70.8416169648774,2049,7.75988286969253,79.2581747193753,1.12249877989263,2.19619326500732
06037800506,800506,740,0,781,26,0,1.89189189189189,3.32906530089629,4.44175939117419,-3.32906530089629,,225729,4.586541680616,72.6827276439363,2987,8.13525276196853,72.0790090391697,0.736524941412789,6.99698694342149
06037900102,900102,88,0,162,6,0,15.9090909090909,3.7037037037037,10.1487802481267,-3.7037037037037,,45789,18.716577540107,17.4537987679671,594,54.3771043771044,42.7609427609428,2.86195286195286,0
06037900103,900103,940,44,1186,120,4.68085106382979,6.80540264235833,10.1180438448567,6.87132044274333,-5.43719278102687,88.3818524981601,56551,16.9757937755423,14.559585492228,6500,66.3076923076923,23.4461538461538,4.76923076923077,0.8
06037900104,900104,1058,173,1367,60,16.351606805293,9.17544785561974,4.38917337234821,4.89928435510093,11.9624334329448,34.1115091492724,64207,20.7601892840788,13.3107580098984,6551,69.882460693024,16.2723248359029,6.65547244695466,2.83926118149901
06037900301,900301,910,78,925,88,8.57142857142857,5.56641617166757,9.51351351351351,5.8273912546013,-0.942084942084943,39.478128877075,92024,25.2801311833834,16.7495029821074,4344,50.828729281768,23.4116022099448,17.7486187845304,4.25874769797422
06037900501,900501,1561,124,1957,342,7.94362588084561,4.85609995556113,17.4757281553398,9.58139617298372,-9.53210227449419,37.1623297903271,84149,9.05680600214362,15.1291512915129,7504,54.1311300639659,14.9386993603412,22.7745202558635,0.533049040511727
06037900504,900504,1428,132,1400,183,9.2436974789916,7.830207639399,13.0714285714286,7.79011286400819,-3.82773109243698,51.4945956943068,90175,14.7480916030534,30.1201979731322,6568,55.1918392204629,12.1954933008526,21.4829476248477,4.44579780755177
06037900505,900505,664,34,1064,94,5.12048192771084,5.97271789413889,8.83458646616541,8.35569400642165,-3.71410453845457,70.9080043216203,79432,22.4582338902148,12.9560177292874,4240,61.7688679245283,10.4481132075472,24.1981132075472,0.731132075471698
06037900506,900506,1075,174,1230,105,16.1860465116279,8.54263760176452,8.53658536585366,6.21096223010872,7.64946114577425,32.0837627848124,91359,14.3222003929273,18.0998389694042,5116,45.0742767787334,22.7912431587178,24.2963252541048,0
06037900508,900508,592,10,801,34,1.68918918918919,3.56532716451929,4.24469413233458,4.31178641425671,-2.55550494314539,128.308430479965,83508,20.7239819004525,23.4799802273851,3315,49.2307692307692,23.8009049773756,17.315233785822,7.20965309200603
06037900509,900509,1225,168,660,32,13.7142857142857,8.72372333208391,4.84848484848485,6.39468578565166,8.86580086580086,38.6689864010812,70053,24.5200333889816,11.4840274969672,4792,41.110183639399,22.9757929883139,20.7429048414023,1.89899833055092
06037900510,900510,817,91,769,0,11.1383108935129,9.5790638170037,0,1.82054616384915,11.1383108935129,52.2802708072549,67632,18.8496188496189,24.0581025873808,4360,47.0183486238532,6.46788990825688,37.7981651376147,2.6605504587156
06037900602,900602,1032,133,960,64,12.8875968992248,14.1214908312924,6.66666666666667,8.36103324530003,6.22093023255814,66.6105013501556,55550,21.1383671904944,13.253436728939,5367,59.23234581703,17.4399105645612,15.2785541270729,0.614868641699273
06037900606,900606,956,42,708,73,4.39330543933054,4.87750168403201,10.3107344632768,8.48987796707651,-5.91742902394629,67.4901086978521,49507,13.7227630968938,7.79764168885508,4325,48.0231213872833,16.9017341040462,32.7861271676301,0
06037900607,900607,1033,113,941,44,10.9390125847047,7.90401340628485,4.67587672688629,4.57705309490082,6.26313585781845,43.9241781138459,74729,14.9468294604175,8.78594249201278,5095,68.0078508341511,18.2924435721295,9.67615309126595,0.0196270853778214
06037900608,900608,818,73,809,62,8.92420537897311,7.21814022881109,7.66378244746601,6.52628904932146,1.2604229315071,49.1688279732479,79486,15.2245622938341,9.00974025974026,3967,62.4401310814217,11.5200403327451,19.7630451222586,1.84018149735316
06037900609,900609,879,19,1076,67,2.16154721274175,3.74090631092558,6.22676579925651,4.9930268235366,-4.06521858651475,105.207379532989,72070,23.0049637266132,7.34667103968514,5262,52.6985936906119,8.26681870011402,30.9007981755986,6.25237552261498
06037900610,900610,510,49,684,31,9.6078431372549,7.73505486439731,4.53216374269006,5.2819607999849,5.07567939456484,48.9408595104848,43352,11.2618296529968,10.607476635514,3170,73.8801261829653,15.615141955836,9.4006309148265,0.757097791798107
06037900611,900611,900,77,1241,50,8.55555555555556,5.68509571383062,4.0290088638195,3.54698454183554,4.52654669173606,40.3946326329101,98591,10.8318505338078,14.1804788213628,4496,54.8709964412811,8.16281138790036,23.5320284697509,10.9653024911032
06037900701,900701,774,80,955,82,10.3359173126615,7.86083105404802,8.58638743455497,6.55681832451421,1.74952987810653,46.2331552874861,60250,19.3169690501601,10.177762286511,4716,55.6191687871077,13.3375742154368,24.4910941475827,2.88379983036472
06037900703,900703,1032,51,1204,218,4.94186046511628,3.75700191700458,18.1063122923588,10.2328014212004,-13.1644518272425,46.2152211496362,59589,22.9726868515774,23.4066239910938,5011,33.2069447216125,30.672520454999,28.3376571542606,2.75394132907603
06037900704,900704,801,72,1093,44,8.98876404494382,8.34449129144374,4.0256175663312,5.05680860150882,4.96314647861262,56.4331097977578,70469,17.3349056603774,23.1489741302409,3392,33.2547169811321,17.6297169811321,36.6450471698113,4.56957547169811
06037900705,900705,944,109,1044,66,11.5466101694915,16.1734638298423,6.32183908045977,5.56806114237278,5.22477108903176,85.1496046143229,47130,17.6130653266332,31.3228923692103,3986,32.1625689914701,42.8499749121927,8.95634721525339,6.14651279478174
06037900804,900804,443,13,769,100,2.93453724604966,4.46382505939531,13.0039011703511,11.7687271762709,-10.0693639243014,92.4701660655658,45391,18.6896135265701,4.35835351089588,3450,66.1159420289855,16.3188405797101,13.536231884058,2.05797101449275
06037900805,900805,1306,39,947,38,2.98621745788668,2.54214197035149,4.01267159450898,4.37113239191103,-1.0264541366223,51.7502519410654,98750,11.7903930131004,14.3950995405819,5852,54.4941900205058,32.4333561175667,8.06561859193438,3.05878332194122
06037900806,900806,1312,0,570,144,0,1.06707317073171,25.2631578947368,20.5882366983927,-25.2631578947368,,26735,37.4125030171373,8.69858395144976,4171,32.2704387437065,20.0911052505394,33.8767681611124,4.86693838408056
06037900807,900807,968,96,794,159,9.91735537190083,9.57519250163362,20.0251889168766,18.9459723534746,-10.1078335449757,58.6929226290612,76510,4.32569974554707,13.8945647731917,3930,51.8575063613232,13.9185750636132,30.4325699745547,3.2824427480916
06037900808,900808,599,22,1181,24,3.67278797996661,6.00640373923184,2.03217612193057,2.30536771172218,1.64061185803604,99.4151931417484,83297,17.5175370226033,9.87450462351387,5162,55.8117008911275,18.3068578070515,20.030995738086,1.16234017822549
06037900901,900901,506,113,570,22,22.3320158102767,14.2870313668217,3.85964912280702,4.95348901063207,18.4723666874697,38.8909157361369,44747,27.1991555242787,19.3682955899881,2869,49.2854653189265,26.9780411293134,12.4782154060648,7.00592540955037
06037900902,900902,234,13,362,18,5.55555555555556,8.58661814745634,4.97237569060774,6.35134049833872,0.58317986494782,93.9569158992183,72393,4.44887118193891,28.412017167382,1506,20.1859229747676,61.7529880478088,5.1128818061089,0
06037901003,901003,0,0,0,0,,,,,,,,,4.32624113475177,3160,43.4493670886076,15.0949367088608,36.4240506329114,1.10759493670886
06037901007,901007,436,42,524,23,9.63302752293578,6.40110587129729,4.38931297709924,4.54045609492436,5.24371454583654,40.3948785625361,89063,6.97674418604651,24.4114002478315,2075,36.1927710843374,51.2771084337349,6.8433734939759,1.20481927710843
06037901008,901008,900,92,924,45,10.2222222222222,8.57772997278732,4.87012987012987,4.37198161373469,5.35209235209235,51.010684389511,126906,6.18224435980076,31.397945511389,3413,44.9164957515382,13.7708760621154,23.0588924699678,12.3351889832992
06037901009,901009,1136,35,1455,112,3.08098591549296,3.82874681429916,7.69759450171821,6.66974325758773,-4.61660858622526,75.5441837784429,99801,17.7570093457944,31.074428033594,5457,43.3571559464907,38.7025838372732,9.47407000183251,2.8587135788895
06037901010,901010,1232,67,1501,128,5.43831168831169,6.46605838977514,8.52764823451033,4.83975931667668,-3.08933654619864,72.2785821911988,87232,28.0383988407897,25.2312867956266,5564,45.1114306254493,34.273903666427,11.5204888569375,3.54061826024443
06037901011,901011,911,22,1554,152,2.41492864983535,3.55034025467234,9.78120978120978,7.830256882514,-7.36628113137444,89.371648853454,86573,13.0434782608696,28.0752532561505,4830,29.8757763975155,34.9689440993789,23.4782608695652,4.07867494824017
06037901012,901012,1390,28,2003,115,2.01438848920863,3.12080812737765,5.74138791812282,4.58081101567127,-3.72699942891418,94.1798371049703,131250,6.84506209343584,28.335832083958,6764,43.4062684801892,25.3252513305736,9.26966292134832,15.5972797161443
06037901013,901013,750,30,984,0,4,4.900297315243,0,1.42276422764228,4,74.4726035751216,125929,4.9408131755018,25.4035683942226,3899,53.0905360348807,26.9556296486279,7.97640420620672,10.0282123621441
06037901014,901014,1123,52,1490,87,4.63045414069457,3.66698405723607,5.83892617449665,6.34108714673646,-1.20847203380208,48.1414904872119,116615,7.82386475329271,32.460167431812,5184,44.3865740740741,29.9382716049383,11.2654320987654,9.91512345679012
06037901101,901101,1054,80,1508,100,7.59013282732448,8.78480072148028,6.63129973474801,5.4603715343871,0.958833092576468,70.3585103376916,103125,13.1551178332747,25.4408788667245,5686,41.2240590925079,42.6486106225818,12.0471333098839,1.77629264861062
06037901102,901102,1116,18,1419,70,1.61290322580645,2.50277398659448,4.93305144467935,4.0005260306444,-3.3201482188729,94.3294754825883,99420,8.60539389638041,22.020202020202,5636,34.1022001419446,41.11071682044,13.9460610361959,3.14052519517388
06037901209,901209,117,12,233,17,10.2564102564103,14.7502245631943,7.29613733905579,9.36132062225571,2.96027291735446,87.4253431557106,65433,25.5707762557078,21.2737127371274,885,37.8531073446328,44.8587570621469,0.790960451977401,9.83050847457627
06037901210,901210,501,65,474,24,12.9740518962076,9.80488839358996,5.06329113924051,8.43337099043398,7.91076075696708,45.9410716407629,120977,5.49943883277217,27.086383601757,1802,14.8723640399556,69.2008879023308,3.44062153163152,5.54938956714761
06037901214,901214,1205,63,1193,0,5.22821576763486,5.77551756358954,0,1.59262363788768,5.22821576763486,67.1539408899059,119641,7.52750434279097,33.9571385451253,5187,34.1430499325236,46.5779834200887,8.67553499132447,3.95218816271448
06037901215,901215,594,90,875,57,15.1515151515152,10.3332876312633,6.51428571428571,5.35885363700178,8.63722943722944,41.4587832014212,62121,16.8048645660586,23.9770554493308,3685,34.4911804613297,49.0637720488467,10.3392130257802,2.11668928086839
06037901216,901216,810,41,852,68,5.06172839506173,4.96718551852749,7.981220657277,11.0326644128415,-2.91949226221527,59.6548338647381,143939,5.49199084668192,38.9855072463768,3059,40.2745995423341,50.2124877410919,2.81137626675384,3.17097090552468
06037901217,901217,306,12,371,0,3.92156862745098,8.16309680105279,0,3.77358490566038,3.92156862745098,126.540406338508,126250,6.05207600281492,34.0679522497704,1421,16.8895144264602,66.3617171006334,0,12.9486277269529
06037901218,901218,446,14,605,27,3.1390134529148,6.43357696591275,4.46280991735537,6.4313866082293,-1.32379646444057,124.592936465353,157411,2.10309278350515,48.821752265861,2425,26.4329896907217,25.5670103092784,17.2371134020619,23.5876288659794
06037901300,901300,226,72,292,64,31.858407079646,20.9177867065834,21.9178082191781,17.5072580679943,9.94059886046794,39.9140475826397,65398,29.3732970027248,9.41402497598463,1840,64.8913043478261,30.7065217391304,1.90217391304348,0
06037910002,910002,1221,79,1980,61,6.47010647010647,7.170936615258,3.08080808080808,3.39274841290426,3.38929838929839,67.3749652358895,71778,15.2108018737944,8.88352708927396,7288,78.4851811196488,18.6059275521405,0,1.23490669593853
06037910210,910210,1369,32,1917,35,2.33747260774288,3.80538461079761,1.82576943140323,2.7781714397624,0.511703176339644,98.9660245475289,131676,2.73132664437012,41.2074643249177,7176,40.9838350055741,31.8840579710145,5.96432552954292,17.3773690078038
06037910211,910211,443,24,464,21,5.4176072234763,7.95483494331564,4.52586206896552,5.79050713665647,0.891745154510781,89.2601793284911,208125,5.89798087141339,29.7423887587822,1882,22.7417640807651,67.8002125398512,4.56960680127524,3.77258235919235
06037910212,910212,637,28,1025,70,4.3956043956044,5.24777966849551,6.82926829268293,5.27530672066475,-2.43366389707853,72.5756762664272,145938,10.5152154263332,20.3020134228188,3319,45.013558300693,40.3133473937933,8.64718288641157,3.73606507984333
06037910213,910213,439,0,490,26,0,3.18906605922551,5.30612244897959,4.87833285593347,-5.30612244897959,,142661,4.03800475059382,16.121308858739,1691,57.1850975753992,31.9337670017741,0.413956238911886,2.12891780011827
06037910214,910214,1345,57,1397,91,4.23791821561338,4.25094107125533,6.51395848246242,4.75100889744547,-2.27604026684904,60.9770782364253,119615,5.27633697013057,44.3619361936194,5692,46.0646521433591,20.3794799718904,14.1426563598032,10.172171468728
06037910215,910215,1347,70,1895,83,5.19673348181143,6.04932217391575,4.37994722955145,4.31096816239834,0.816786252259981,70.7636731937865,99128,8.04089527493783,17.9498557798979,7246,53.2707700800442,17.8029257521391,16.6712669058791,8.57024565277395
06037910216,910216,1311,86,1091,93,6.55987795575896,4.94622034245927,8.52428964252979,7.24494695011487,-1.96441168677083,45.8365368556168,119505,5.62357335546794,26.4359614698537,4819,44.4490558207097,42.7059555924466,6.78564017431002,2.75990869474995
06037910217,910217,1375,172,1431,66,12.5090909090909,10.8576164057413,4.61215932914046,3.41189210947044,7.89693157995045,52.7646234462936,130170,13.1155863936368,34.253341080767,5970,48.6599664991625,16.5996649916248,19.9832495812395,9.53098827470687
06037910218,910218,1196,31,905,65,2.59197324414716,2.74916723933443,7.18232044198895,6.22168496536187,-4.59034719784179,64.4769882977543,75625,11.3776559287183,19.8032786885246,4437,49.9211178724363,32.0712192923146,11.2914131169709,3.42573811133649
06037910301,910301,755,38,1332,160,5.03311258278146,5.95450422155232,12.012012012012,5.95566759433502,-6.97889942923055,71.9189039717165,116056,9.77610285967635,23.882945248584,4520,39.2920353982301,51.0840707964602,0.929203539823009,2.7212389380531
06037910302,910302,1451,126,1389,153,8.68366643694004,7.01941734520829,11.0151187904968,8.32214935250001,-2.33145235355672,49.1396466825745,104722,8.22294856356442,27.1575424336601,5817,39.4361354650163,45.1091627986935,3.54134433556816,8.13133917827059
06037910401,910401,1244,115,1976,103,9.2443729903537,8.22221007622349,5.21255060728745,3.97339912632468,4.03182238306625,54.0686102012529,87580,4.85299326957138,27.7551020408163,5742,55.9909439219784,23.1452455590387,8.65552072448624,5.53814002089864
06037910404,910404,1028,76,1019,133,7.39299610894942,6.49301943435692,13.0520117762512,7.1410133000231,-5.65901566730181,53.3900494202441,60542,16.9588173178458,11.4909390444811,4735,60.4223864836325,11.0242872228089,15.1847940865892,4.96304118268215
06037910405,910405,1186,44,1028,132,3.70994940978078,4.05904795234757,12.84046692607,7.33488632745743,-9.13051751628926,66.5105121785606,43409,35.7941437444543,6.4299424184261,5675,69.7621145374449,5.93832599118943,17.4977973568282,2.92511013215859
06037910501,910501,1249,89,1050,106,7.12570056044836,6.57633151253741,10.0952380952381,7.17765958903554,-2.96953753478974,56.1035351194237,39403,38.6746786846937,5.2345994254708,5997,54.5272636318159,10.1717525429381,33.7502084375521,0.100050025012506
06037910502,910502,855,107,949,177,12.5146198830409,8.7650918584843,18.6512118018967,13.7341959818184,-6.1365919188558,42.5767891316313,39433,28.5334621889345,7.99366838148002,4139,83.1360231940082,2.92341145204156,12.732544092776,1.2080212611742
06037910504,910504,911,103,675,48,11.3062568605928,8.74743583314574,7.11111111111111,7.47005379659516,4.19514574948165,47.0322781243295,71007,10.726030862636,13.3638634471274,4046,64.1374196737519,9.2436974789916,19.327731092437,5.90706870983688
06037910505,910505,575,14,856,176,2.43478260869565,3.69044071636257,20.5607476635514,9.18218638707639,-18.1259650548558,92.1408342122657,65792,10.0505689001264,12.7441860465116,3164,76.1061946902655,9.16561314791403,8.81795195954488,3.12895069532238
06037910601,910601,1454,187,1559,205,12.8610729023384,7.66045267591475,13.1494547787043,5.96202750072553,-0.288381876365921,36.2085665223739,68661,21.5221459762945,4.43150164598633,6445,72.3196276183088,9.04577191621412,15.8262218774244,0.232738557020947
06037910602,910602,1077,96,1050,32,8.91364902506964,9.75359385810764,3.04761904761905,3.60735220588735,5.86602997745059,66.5186207268359,63611,17.5927959587085,11.3815050542868,4553,68.4383922688337,15.0010981770261,10.5644629914342,1.82297386338678
06037910605,910605,796,152,1136,78,19.0954773869347,11.9792173087132,6.86619718309859,7.38499625673492,12.2292802038361,38.1357261947516,65411,28.2206035379813,8.06451612903226,4913,77.4679421941787,12.3956849175656,7.16466517402809,1.56727050681864
06037910606,910606,546,29,603,63,5.31135531135531,4.47890209441765,10.4477611940299,5.74005139151823,-5.13640588267454,51.2625624892996,81895,15.7358738501971,9.03047091412742,3120,78.4294871794872,9.00641025641026,4.07051282051282,5.06410256410256
06037910607,910607,641,47,889,22,7.33229329173167,8.95243672567036,2.47469066366704,3.42114010649913,4.85760262806463,74.2224916401048,58839,24.8374187093547,10.906174819567,4099,76.9212002927543,17.8824103439863,3.34227860453769,1.85411075872164
06037910608,910608,704,9,946,64,1.27840909090909,2.79357317450181,6.76532769556025,4.7243827453109,-5.48691860465116,132.838602826698,70682,16.3698271346255,10.3932584269663,3863,74.1651566140306,7.30002588661662,10.6652860471136,2.3039088791095
06037910706,910706,1247,135,1707,103,10.8259823576584,6.08521974386419,6.03397773872291,3.9050202571265,4.79200461893548,34.1698481170715,108563,7.48951467944877,11.0450718177316,6761,74.7966277177932,7.88344919390623,11.7142434551102,3.38707291820737
06037910707,910707,1104,231,1426,105,20.9239130434783,9.9115838049712,7.3632538569425,5.74982716030249,13.5606591865358,28.7961381615237,72256,16.0284951024043,9.85119047619048,5615,64.7907390917186,11.7008014247551,18.2902938557435,3.3659839715049
06037910709,910709,406,26,448,31,6.40394088669951,6.14848209034633,6.91964285714286,5.92232278030989,-0.51570197044335,58.3652964386395,102566,7.07491082045184,16.323165704864,1682,51.6052318668252,40.1307966706302,0.772889417360285,1.48632580261593
06037910712,910712,703,43,892,44,6.11664295874822,4.63181175254363,4.93273542600897,3.80102507716556,1.18390753273925,46.0332743625952,96324,12.4260355029586,12.1291448516579,3211,73.559638741825,12.0211772033634,10.7754593584553,2.9585798816568
06037910713,910713,1318,88,1446,50,6.67678300455235,4.75077241824174,3.45781466113416,3.4216861826153,3.21896834341819,43.2544767010404,80764,24.9116087212728,13.3773538762534,6801,77.2827525363917,6.17556241729158,13.8803117188649,1.61740920452875
06037910714,910714,770,31,1197,67,4.02597402597403,3.79977743266654,5.59732664995823,4.45307807979979,-1.5713526239842,57.3748136710115,79653,12.0710059171598,11.7715167888846,4225,81.2781065088757,5.37278106508876,6.62721893491124,2.05917159763314
06037910715,910715,1080,127,2058,147,11.7592592592593,7.20862444516296,7.14285714285714,5.55282085730048,4.61640211640212,37.2654639483809,86250,15.6081485919712,13.6943441636582,6701,72.6607968959857,7.65557379495598,8.84942545888673,9.55081331144605
06037910716,910716,1719,238,1621,164,13.8452588714369,6.87486126774122,10.1172115977791,6.71369311320593,3.72804727365773,30.1854014437617,86330,12.7695888285493,13.1406044678055,6583,68.8439921008659,7.26112714567826,12.0765608385235,0
06037910717,910717,560,98,506,23,17.5,14.5448381169477,4.54545454545455,5.20299009815202,12.9545454545455,50.5248393120198,91333,2.51572327044025,15.7181571815718,2226,77.6280323450135,7.95148247978437,12.533692722372,0
06037910718,910718,1060,88,1440,122,8.30188679245283,5.25536550404798,8.47222222222222,6.33656065213586,-0.170335429769391,38.4822287530454,105588,10.0767754318618,18.7350119904077,5245,79.675881792183,5.12869399428027,6.44423260247855,1.33460438512869
06037910719,910719,1050,106,1111,103,10.0952380952381,6.71257245244356,9.27092709270927,8.27871477144664,0.824311002528823,40.4209501351479,97792,17.2186986140475,14.5356101624323,4305,73.1010452961673,5.29616724738676,20.3484320557491,1.25435540069686
06037910720,910720,1068,222,1298,140,20.7865168539326,11.818320832946,10.7858243451464,11.5053643966036,10.0006925087862,34.5627389840531,59871,26.593911545089,5.29323308270677,5263,71.2521375641269,9.48128443853316,16.9105073152195,1.67205016150485
06037910721,910721,684,87,1057,101,12.719298245614,13.050000800063,9.55534531693472,7.79358967909177,3.16395292867931,62.3708244924927,46136,13.7259923175416,7.01357466063348,3905,45.9411011523688,30.1152368758003,17.4391805377721,6.5044814340589
06037910804,910804,616,0,910,9,0,2.27272727272727,0.989010989010989,2.16403669008872,-0.989010989010989,,155625,5.01514641534837,37.2103386809269,2971,30.7640525075732,58.7680915516661,0,4.00538539212386
06037910807,910807,1383,83,1606,46,6.00144613159798,5.20187884347441,2.86425902864259,2.38210416004283,3.13718710295539,52.6912399057026,121010,13.5273098519653,36.5026765230691,5928,28.8461538461539,49.7638326585695,2.49662618083671,14.2712550607287
06037910808,910808,637,14,1253,29,2.1978021978022,3.58652876033049,2.31444533120511,2.87742770290549,-0.11664313340291,99.2018593282902,120625,2.5180752929444,27.8806195693238,4011,48.0678135128397,46.3724756918474,0.448765893792072,1.79506357516829
06037910809,910809,420,11,584,43,2.61904761904762,4.83287253592454,7.36301369863014,5.58615720358469,-4.74396607958252,112.174991162659,153088,11.2505602868669,40.5256723716381,2231,22.3666517256836,56.2976243836845,1.12057373375168,8.60600627521291
06037910810,910810,604,46,802,100,7.6158940397351,7.66796374182814,12.4688279301746,6.94954535273359,-4.85293389043947,61.2058953358557,152778,5.52505147563487,37.3742721016411,2914,23.8160603980782,55.4907343857241,5.79958819492107,9.98627316403569
06037910814,910814,831,76,811,82,9.14560770156438,5.93465761600037,10.1109741060419,9.98329986780529,-0.965366404477544,39.4472922644082,134250,23.0858468677494,20.7325746799431,3457,39.4272490598785,53.6303153022852,0.173560890945907,1.01243853051779
06037910815,910815,903,70,1521,100,7.75193798449612,8.85871690255256,6.57462195923734,5.90541872295242,1.17731602525878,69.4695732783757,95435,14.1416139240506,24.5048851333509,5176,35.4714064914992,59.5633693972179,1.52627511591963,1.25579598145286
06037911001,911001,515,7,714,119,1.35922330097087,3.54916537753587,16.6666666666667,14.0715456599012,-15.3074433656958,158.733840159008,77381,11.201248049922,21.6161616161616,3205,37.9719188767551,58.2215288611545,1.18564742589704,0
06037911100,911100,1141,129,1869,86,11.3058720420684,8.37962750924281,4.60139111824505,4.88798804508733,6.70448092382331,45.0562191656467,68038,20.6736842105263,9.00048520135856,7146,85.4464035824237,7.79457038902883,3.84830674503219,1.10551357402743
06037920013,920013,1515,37,1680,42,2.44224422442244,3.01161015428005,2.5,3.03791863827486,-0.057755775577558,74.9624477735032,112083,10.2716117468634,43.6167967925723,7253,20.7638218668137,44.4781469736661,12.0088239349235,12.5051702743692
06037920015,920015,1816,118,1681,56,6.49779735682819,4.65486801184983,3.3313503866746,5.19338548909642,3.1664469701536,43.5487110891726,184496,2.65182517596988,52.4574669187146,6119,19.4149370812224,63.2946559895408,2.71286157868933,6.48798823337147
06037920016,920016,1158,35,1289,39,3.02245250431779,3.32395671633591,3.0256012412723,2.99860886104138,-0.00314873695451468,66.8543964831435,176591,1.50404211317917,58.821743091406,5345,34.5182413470533,50.6828811973807,3.62956033676333,8.10102899906455
06037920017,920017,946,42,1182,18,4.43974630021142,4.89431664931482,1.52284263959391,2.21243662524833,2.91690366061751,67.0143805218095,140365,3.57391506149919,26.9582245430809,4315,37.0336037079954,50.2665121668598,2.36384704519119,5.30706836616454
06037920018,920018,487,20,549,7,4.10677618069815,4.59824273430235,1.27504553734062,3.12248990839787,2.83173064335753,68.0651736050226,136719,7.61099365750529,31.3517338995046,1892,26.5327695560254,62.5264270613108,0.951374207188161,5.23255813953488
06037920020,920020,1580,155,1785,35,9.81012658227848,7.5944012327442,1.96078431372549,3.00404999840587,7.84934226855299,47.0601194145929,99815,3.4136546184739,36.4141765114663,6033,32.8857947952926,53.0913310127631,0.0994530084535057,4.93949941985745
06037920028,920028,2048,46,2319,99,2.24609375,3.58962520624111,4.26908150064683,3.05757879011872,-2.02298775064683,97.1528006129483,152468,1.30742049469965,40.5673512008354,8576,41.6044776119403,27.4720149253731,5.50373134328358,18.7383395522388
06037920029,920029,776,18,819,59,2.31958762886598,3.15274470006574,7.2039072039072,6.68516240636246,-4.88431957504123,82.6251228386023,113438,4.44242973708069,24.6395250212044,3317,47.3620741634007,43.1413928248417,1.29635212541453,4.76334036780223
06037920030,920030,1752,94,1763,161,5.36529680365297,4.5260797738143,9.13216108905275,6.36663546898785,-3.76686428539978,51.281716120563,152042,4.20892494929006,40.4937099454071,5916,38.0493576741041,36.7139959432049,6.15280594996619,13.657876943881
06037920031,920031,1258,24,1491,52,1.90779014308426,2.61155030498491,3.48759221998659,3.36469613934484,-1.57980207690233,83.215052777888,80179,11.9032564021499,36.3523057748234,6371,25.6003767069534,52.582012242976,0.36101083032491,19.0550933919322
06037920034,920034,1415,89,1536,21,6.28975265017668,5.05628592592034,1.3671875,2.05354576360007,4.92256515017668,48.8688541045543,178125,5.30028598665396,39.6503884572697,5299,37.2711832421212,35.0632194753727,9.73768635591621,12.3608227967541
06037920035,920035,1772,51,2523,98,2.87810383747178,4.33679564396582,3.88426476416964,3.18145975324998,-1.00616092669786,91.6002369760705,103750,16.6410408042578,26.0286554004409,8455,64.3997634535778,17.7409816676523,2.38911886457717,7.14370195150798
06037920038,920038,1228,69,1448,181,5.61889250814332,3.91037018902838,12.5,5.5190655562111,-6.88110749185668,42.3059300658724,77669,10.4704412989176,20.5144694533762,4804,60.0957535387177,20.503746877602,6.36969192339717,10.0333055786844
06037920039,920039,384,26,507,18,6.77083333333333,8.62803667650563,3.55029585798817,5.10083956891841,3.22053747534517,77.4647202192696,140700,6.92354003612282,35.1788756388416,1661,42.8055388320289,40.8187838651415,1.80614087898856,10.5960264900662
06037920040,920040,540,25,919,84,4.62962962962963,5.02750940561186,9.14036996735582,6.99336076301936,-4.51074033772619,66.0147131679125,144915,3.16927665920955,30.3637322087507,2682,44.1461595824012,42.0581655480984,4.6607009694258,5.07084265473527
06037920041,920041,1002,80,1175,49,7.98403193612774,6.76265000811788,4.17021276595745,2.86160804421704,3.8138191701703,51.4906938308064,129375,10.750307503075,36.3186132893108,4065,48.0688806888069,21.1562115621156,16.1131611316113,8.33948339483395
06037920042,920042,2236,243,2596,449,10.8676207513417,5.97872597156242,17.2958397534669,10.5380289191698,-6.42821900212519,33.4432343237734,120130,7.64128416025471,33.087964666912,7539,42.4857408144316,31.0385992837246,10.7441305212893,11.80527921475
06037920043,920043,1943,70,2586,126,3.6026762738034,3.330383692881,4.8723897911833,3.35821788506876,-1.2697135173799,56.1957057339799,162303,6.01664417453891,38.7636491722438,8892,29.6108861898336,35.2226720647773,6.91632928475034,23.897885739991
06037920044,920044,636,42,780,59,6.60377358490566,4.78369268936632,7.56410256410256,4.46576221727973,-0.960328979196904,44.0357294896075,102796,9.75975975975976,31.407739764442,2684,37.779433681073,44.5230998509687,3.94932935916542,9.76154992548435
06037920045,920045,1131,84,1365,85,7.42705570291777,9.57941846341437,6.22710622710623,4.16970364305379,1.19994947581155,78.4073113483981,149167,2.78875713658322,39.6753246753247,4554,32.7843653930611,56.4558629776021,0.197628458498024,6.06060606060606
06037920046,920046,431,21,660,161,4.8723897911833,6.81776676207467,24.3939393939394,31.8780963853904,-19.5215496027561,85.061730335915,69534,5.34031413612565,21.2017167381974,1910,73.2984293193717,16.3350785340314,2.14659685863874,1.98952879581152
06037920047,920047,1817,27,1706,120,1.48596587782058,2.61362841965248,7.03399765533412,6.27956470773273,-5.54803177751353,106.922500022707,74846,18.2702538379693,14.1093474426808,6579,76.9569843441253,9.1047271621827,2.44718042255662,1.21599027207782
06037920048,920048,1184,57,1664,57,4.81418918918919,3.94087936306656,3.42548076923077,3.13360930018194,1.38870841995842,49.7627170678911,109482,10.1785385606479,16.594711279007,5433,58.9545370881649,29.8729983434567,2.39278483342536,5.30093870789619
06037920049,920049,1602,94,1839,71,5.86766541822722,3.91678866573343,3.86079390973355,6.29820555280119,2.00687150849367,40.5787715353098,198843,6.02390933084925,45.8980044345898,6500,21.9384615384615,51.3846153846154,3.03076923076923,16.0461538461538
06037920050,920050,233,41,325,24,17.5965665236052,11.6325010324007,7.38461538461539,6.81204860040201,10.2119511389898,40.1864147164262,72713,17.5229357798165,27.9233870967742,1147,11.4210985178727,81.691368788143,1.743679163034,0.523103748910201
06037920102,920102,1103,175,1173,68,15.8658204895739,10.9561827016226,5.79710144927536,5.05865247726074,10.0687190402985,41.9788780543281,85294,8.62803579037069,33.6288998357964,4758,30.0336275746112,51.3451029844473,1.02984447246742,11.3913408995376
06037920104,920104,648,37,787,111,5.70987654320988,3.69138274562916,14.1041931385006,9.9159528273215,-8.39431659529076,39.3003535557003,143269,4.56698240866035,37.5404530744337,2987,30.3983930364915,52.1258788081687,0.33478406427854,6.96350853699364
06037920106,920106,812,49,1028,63,6.03448275862069,5.25415120073891,6.1284046692607,5.49232187791342,-0.0939219106400113,52.9293564295019,137813,5.65123789020452,20.3389830508475,3716,62.7825618945102,25.1883745963402,4.14424111948332,3.68675995694295
06037920109,920109,973,20,1472,22,2.05549845837616,2.78037669756896,1.4945652173913,2.54446272616299,0.560933240984852,82.2281619068266,114469,8.71014794748906,49.1545189504373,4803,13.2625442431813,46.7624401415782,3.93504059962523,17.4474286904018
06037920110,920110,693,53,875,123,7.64790764790765,6.09914001045721,14.0571428571429,16.5616452574471,-6.40923520923521,48.4797158599168,131397,14.5486725663717,44.5771619684663,2912,19.4368131868132,57.7953296703297,0,14.6291208791209
06037920111,920111,668,0,955,60,0,2.09580838323353,6.28272251308901,4.73402024875433,-6.28272251308901,,154925,3.12002546959567,41.4705882352941,3141,25.2148997134671,58.8347659980898,0.477554918815664,12.225405921681
06037920112,920112,769,77,1104,75,10.0130039011704,8.03013013513472,6.79347826086957,6.85284922581702,3.21952564030079,48.7519841623069,124504,8.40435606060606,41.8589535261618,4277,27.3088613514145,45.7329904138415,2.31470657002572,18.0500350713117
06037920114,920114,1910,86,1366,100,4.50261780104712,4.55119530169727,7.32064421669107,10.2629452838011,-2.81802641564395,61.4461230383954,126422,6.42990654205608,63.9549756971092,5350,22.8598130841122,49.0280373831776,3.27102803738318,19.3831775700935
06037920115,920115,1168,68,1172,25,5.82191780821918,7.38861518559055,2.13310580204778,2.19670748954519,3.6888120061714,77.1491376432127,109844,2.93692826191623,41.3648124191462,4158,20.6349206349206,43.9153439153439,9.23520923520923,13.6604136604137
06037920116,920116,1114,17,1360,25,1.52603231597846,2.55857911807795,1.83823529411765,1.8605051416807,-0.312202978139191,101.92230064505,130000,8.61919235779418,41.7599032355609,4606,36.4307425097699,52.1493703864525,0.173686495874946,5.97047329570126
06037920118,920118,1691,127,1490,20,7.5103489059728,4.79256486984966,1.34228187919463,1.84661215474062,6.16806702677817,38.7919833181714,146319,1.59494932713075,42.9135802469136,6019,43.9774048845323,35.0722711413856,3.12344243229772,9.13773052001994
06037920119,920119,461,0,573,7,0,3.03687635574837,1.2216404886562,2.99037730992365,-1.2216404886562,,214417,8.72765509989485,48.7158243579122,1902,31.7034700315457,37.7497371188223,9.30599369085174,17.2450052576236
06037920120,920120,958,2,1118,30,0.208768267223382,1.58931986198089,2.68336314847943,4.3568259755047,-2.47459488125605,462.786756163433,228065,9.46852425180599,61.3181818181818,3876,18.3178534571723,49.5872033023736,1.52218782249742,26.2383900928793
06037920121,920121,2897,298,3456,184,10.2865032792544,5.99510794974304,5.32407407407407,3.09930166028058,4.96242920518033,35.4293623761359,179006,3.96479687083296,63.7492519449432,11359,19.3943128796549,33.4184347213663,12.0521172638437,32.5028611673563
06037920200,920200,0,0,0,0,,,,,,,,,1.60028449502134,3604,61.9866814650389,11.5149833518313,21.3928967813541,1.80355160932297
06037920303,920303,529,44,621,59,8.31758034026465,6.11386330323446,9.50080515297907,6.70050615353681,-1.18322481271442,44.6840796823851,127045,6.98356807511737,59.1941391941392,1704,14.0258215962441,48.8262910798122,9.27230046948357,21.6549295774648
06037920312,920312,1292,108,1314,49,8.35913312693499,7.04178125220088,3.72907153729072,3.68925038019743,4.63006158964427,51.2100719230189,90625,8.52201818505973,42.1125206839493,5684,47.4313863476425,39.7079521463758,1.91766361717101,6.56228008444757
06037920313,920313,1345,41,1580,31,3.04832713754647,2.75527543829632,1.9620253164557,2.65925045365647,1.08630182109077,54.9461852547787,155833,4.61941275481579,37.305972112602,5349,39.2409796223593,36.9414843896055,0.89736399326977,15.3860534679379
06037920314,920314,756,74,821,73,9.78835978835979,6.3499507643739,8.89159561510353,7.6923334098176,0.896764173256255,39.4361519581588,143724,10.2769230769231,46.1427193828351,3250,33.5692307692308,47.4153846153846,0.461538461538462,14
06037920322,920322,566,42,637,30,7.42049469964664,8.34445734558943,4.70957613814757,4.72506037406981,2.71091856149908,68.3595724070577,117150,8.88806247675716,44.8806366047745,2689,38.0810710301227,54.4812197843064,0,5.35515061361101
06037920326,920326,1508,158,2078,187,10.4774535809019,6.86926310958119,8.9990375360924,6.35257106844522,1.47841604480946,39.8555221778632,133417,2.92640941041458,46.9781312127237,6971,23.2104432649548,42.4185913068426,4.73389757567064,23.1674078324487
06037920328,920328,432,60,594,23,13.8888888888889,8.77748900147718,3.87205387205387,4.09274104698278,10.016835016835,38.4181889426357,117692,11.6267210606833,62.8808864265928,1961,18.6129525752167,63.2330443651198,4.4365119836818,13.0035696073432
06037920329,920329,1188,77,1919,220,6.48148148148148,4.97969264926123,11.4643043251694,14.7462945146663,-4.98282284368788,46.7048898063581,117391,5.34276173639757,41.8009721156306,5091,20.0942840306423,61.657827538794,3.29994107248085,4.18385385975251
06037920330,920330,957,26,1147,15,2.71682340647858,3.44313695676197,1.3077593722755,1.93592606600224,1.40906403420308,77.0419001080478,104117,10.4266484143281,45.3086755507207,4445,14.7356580427447,76.1079865016873,0.989876265466817,4.09448818897638
06037920331,920331,814,21,910,101,2.57985257985258,4.27227520995829,11.0989010989011,7.17765486428473,-8.51904851904852,100.66961994228,126088,5.49247425402693,50.9936257967754,3794,19.3463363205061,57.0374275171323,4.42804428044281,15.3663679493938
06037920332,920332,444,28,556,65,6.30630630630631,6.46173163272768,11.6906474820144,10.905031564054,-5.38434117570808,62.2885116137884,100729,6.69700910273082,41.4677276746242,1778,31.8897637795276,55.1743532058493,2.47469066366704,6.01799775028122
06037920334,920334,1610,169,1553,130,10.4968944099379,7.61025393361097,8.37089504185448,6.26777313041846,2.12599936808341,44.0729801014862,110117,6.30127421888637,50.7565011820331,6224,16.3239074550129,56.5713367609255,2.44215938303342,8.1780205655527
06037920338,920338,1156,151,1535,89,13.0622837370242,8.54919145335652,5.79804560260586,4.01672340542825,7.26423813441836,39.7868931342424,194342,5.1662495530926,60.7517965726921,5594,20.3611011798355,46.4068644976761,1.10833035395066,26.0993922059349
06037920339,920339,1941,98,2956,369,5.0489438433797,3.3980123624373,12.4830852503383,7.18283123326895,-7.43414140695859,40.9127349140301,164079,3.90336428072277,70.5805609915199,10017,17.550164719976,31.4665069382051,4.96156533892383,35.6194469402017
06037920340,920340,538,56,795,99,10.4089219330855,8.66701175324409,12.4528301886792,8.47747404716363,-2.04390825559374,50.6171550504269,87448,22.1719457013575,23.1800766283525,2652,62.8582202111614,29.9773755656109,0.301659125188537,4.37405731523379
06037920341,920341,860,9,775,6,1.04651162790698,2.37770383284145,0.774193548387097,2.21417979597053,0.27231807951988,138.117210148169,63051,17.0883882149047,21.9090326713645,2885,85.8232235701907,7.90294627383016,0.97053726169844,3.98613518197574
06037920342,920342,809,80,995,65,9.88875154511743,6.93668791836958,6.53266331658292,8.53588675442856,3.35608822853451,42.6427091638373,88657,6.71817265703729,14.7249190938511,2977,91.3671481357071,2.18340611353712,0,4.7027208599261
06037920343,920343,1267,23,1371,27,1.81531176006314,2.42204349291755,1.96936542669584,2.14467962811456,-0.154053666632701,81.1082094760548,85984,6.45476772616137,27.8420422816115,4090,63.2762836185819,19.1931540342298,9.58435207823961,4.20537897310514
06037930400,930400,251,39,191,9,15.5378486055777,16.1157779247265,4.71204188481675,9.27303513812609,10.8258067207609,63.0513640262857,99750,14.0733399405352,32.725430597771,1212,38.943894389439,39.3564356435644,8.82838283828383,7.92079207920792
06037980001,980001,0,0,0,0,,,,,,,,,,0,,,,
06037980002,980002,0,0,0,0,,,,,,,,,,0,,,,
06037980003,980003,0,0,0,0,,,,,,,,,,0,,,,
06037980004,980004,0,0,0,0,,,,,,,,,,0,,,,
06037980005,980005,0,0,0,0,,,,,,,,,,0,,,,
06037980006,980006,0,0,0,0,,,,,,,,,,0,,,,
06037980007,980007,0,0,0,0,,,,,,,,,,0,,,,
06037980008,980008,23,0,20,20,0,60.8695652173913,100,0,-100,,,89.622641509434,12.5,106,89.622641509434,0,10.377358490566,0
06037980009,980009,1,0,0,0,0,1400,,,,,,,,5,40,20,0,40
06037980010,980010,29,1,55,0,3.44827586206897,48.6664378071886,0,25.4545454545455,3.44827586206897,857.949359518826,,37.3626373626374,14.2857142857143,182,43.4065934065934,2.74725274725275,0,51.0989010989011
06037980011,980011,12,0,27,0,0,116.666666666667,0,51.8518518518519,0,,,5.78512396694215,26.4462809917355,121,44.6280991735537,23.9669421487603,31.404958677686,0
06037980012,980012,0,0,0,0,,,,,,,,,0,13,0,0,100,0
06037980013,980013,0,0,0,0,,,,,,,,,,0,,,,
06037980014,980014,4,0,0,0,0,350,,,,,,100,10.5263157894737,38,0,10.5263157894737,89.4736842105263,0
06037980015,980015,464,35,448,20,7.54310344827586,14.5391081872492,4.46428571428571,10.3075424683662,3.07881773399015,117.171449394419,79375,25.3818181818182,45.8661417322835,1392,33.9798850574713,18.0316091954023,25,13.9367816091954
06037980016,980016,74,3,45,7,4.05405405405405,19.2065370761069,15.5555555555556,37.2414441697281,-11.5015015015015,288.000758588027,70667,7.25075528700906,18.1372549019608,331,89.4259818731118,3.62537764350453,0,4.83383685800604
06037980017,980017,9,0,141,10,0,155.555555555556,7.09219858156028,19.2917912683343,-7.09219858156028,,,70.5882352941177,15.4779969650986,1412,26.7705382436261,48.5835694050992,19.6883852691218,3.18696883852691
06037980018,980018,0,0,0,0,,,,,,,,,,0,,,,
06037980019,980019,55,12,30,19,21.8181818181818,31.9347911511638,63.3333333333333,79.0841089998256,-41.5151515151515,88.9773816268496,,14.2857142857143,59.4594594594595,133,0,90.2255639097744,0,9.77443609022556
06037980020,980020,0,0,0,0,,,,,,,,,,0,,,,
06037980021,980021,1,0,0,0,0,1400,,,,,,50,0,2,0,100,0,0
06037980022,980022,0,0,0,0,,,,,,,,,,0,,,,
06037980023,980023,0,0,41,0,,,0,34.1463414634146,,,,0,100,63,0,0,0,65.0793650793651
06037980024,980024,53,0,67,0,0,26.4150943396226,0,20.8955223880597,0,,130598,12.1621621621622,56,222,43.6936936936937,46.3963963963964,0,7.65765765765766
06037980025,980025,254,22,76,8,8.66141732283465,14.6648888841683,10.5263157894737,23.9044088202131,-1.86489846663904,102.925719164928,80227,5.59006211180124,39.2344497607656,483,5.175983436853,5.175983436853,68.5300207039338,9.93788819875776
06037980026,980026,15,0,0,0,0,93.3333333333333,,,,,,21.7391304347826,43.4782608695652,39,28.2051282051282,38.4615384615385,12.8205128205128,0
06037980028,980028,0,0,0,0,,,,,,,,,,0,,,,
06037980030,980030,0,0,0,0,,,,,,,,,,0,,,,
06037980031,980031,10,0,6,0,0,140,0,233.333333333333,0,,,0,5.88876772082879,972,35.9053497942387,42.0781893004115,11.0082304526749,5.8641975308642
06037980033,980033,3,3,3,3,100,0,100,0,0,0,,66.6666666666667,0,21,28.5714285714286,28.5714285714286,14.2857142857143,0
06037980034,980034,0,0,0,0,,,,,,,,,,0,,,,
06037980035,980035,176,23,177,0,13.0681818181818,13.1886398653713,0,7.90960451977401,13.0681818181818,61.3506175843889,68603,2.9806259314456,11.9521912350598,758,82.1899736147757,8.57519788918206,1.31926121372032,6.99208443271768
06037980036,980036,105,4,171,0,3.80952380952381,14.6689214460397,0,8.18713450292398,3.80952380952381,234.0785337134,159088,8.97666068222621,38.7978142076503,557,19.7486535008977,0.718132854578097,0,79.5332136445243
06037980037,980037,0,0,0,0,,,,,,,,,,0,,,,
06037980038,980038,0,0,0,0,,,,,,,,,,0,,,,
06037980039,980039,0,0,0,0,,,,,,,,,,0,,,,
06037990100,990100,0,0,0,0,,,,,,,,,,0,,,,
06037990200,990200,0,0,0,0,,,,,,,,,,0,,,,
06037990300,990300,0,0,0,0,,,,,,,,,,0,,,,
