GEO_ID,B03002_E001,B03002_M001,B03002_E002,B03002_M002,B03002_E003,B03002_M003,B03002_E004,B03002_M004,B03002_E005,B03002_M005,B03002_E006,B03002_M006,B03002_E007,B03002_M007,B03002_E008,B03002_M008,B03002_E009,B03002_M009,B03002_E010,B03002_M010,B03002_E011,B03002_M011,B03002_E012,B03002_M012,B03002_E013,B03002_M013,B03002_E014,B03002_M014,B03002_E015,B03002_M015,B03002_E016,B03002_M016,B03002_E017,B03002_M017,B03002_E018,B03002_M018,B03002_E019,B03002_M019,B03002_E020,B03002_M020,B03002_E021,B03002_M021
1400000US06037101110,4294,436,2881,402,2315,399,84,97,8,18,336,168,8,19,0,14,130,80,0,14,130,80,1413,310,166,119,59,65,0,14,0,14,0,14,473,226,715,290,586,274,129,128
1400000US06037101122,4124,876,3634,866,2939,846,12,20,0,14,509,179,0,14,35,38,139,116,44,68,95,94,490,162,0,14,0,14,21,35,0,14,0,14,239,142,230,134,227,134,3,6
1400000US06037101220,3467,423,2173,303,1578,312,9,18,44,66,484,224,0,14,16,22,42,34,7,13,35,26,1294,434,46,46,0,14,29,47,0,14,0,14,509,266,710,373,694,373,16,25
1400000US06037101221,3593,599,2479,553,1821,547,144,85,0,14,185,158,0,14,62,105,267,266,0,14,267,266,1114,331,106,130,51,103,45,71,0,14,0,14,489,230,423,269,423,269,0,14
1400000US06037101222,2290,438,1365,304,1172,343,14,25,0,14,29,41,48,75,0,14,102,137,41,70,61,111,925,338,116,131,0,14,79,126,17,29,0,14,88,80,625,341,577,353,48,56
1400000US06037101300,4253,416,3614,413,3209,438,14,19,0,14,192,82,0,14,115,161,84,59,14,21,70,56,639,155,73,99,0,14,0,14,12,21,0,14,74,75,480,141,334,156,146,116
1400000US06037101400,4006,503,2911,509,2393,475,80,119,0,14,281,236,0,14,0,14,157,132,6,9,151,132,1095,481,121,164,0,14,0,14,0,14,0,14,474,417,500,287,401,228,99,134
1400000US06037102103,2066,490,2025,491,1631,515,226,195,0,14,155,106,0,14,9,11,4,7,0,14,4,7,41,35,0,14,0,14,0,14,0,14,0,14,24,26,17,22,17,22,0,14
1400000US06037102104,4231,615,3699,603,3014,606,75,53,7,14,543,242,0,14,0,14,60,89,0,14,60,89,532,124,32,28,0,14,15,23,6,12,0,14,146,172,333,134,229,115,104,87
1400000US06037102105,1519,328,571,119,266,122,45,44,0,14,197,104,0,14,0,14,63,44,19,24,44,32,948,300,52,49,0,14,0,14,0,14,0,14,364,133,532,279,522,278,10,12
1400000US06037102107,3699,742,2722,832,2395,751,18,22,23,34,151,90,0,14,0,14,135,112,54,74,81,86,977,367,184,188,0,14,10,16,0,14,0,14,141,119,642,306,583,288,59,91
1400000US06037103101,2876,354,2032,285,1671,288,2,7,0,14,236,127,0,14,13,21,110,86,12,18,98,86,844,307,203,184,24,36,26,30,42,60,0,14,90,61,459,196,427,193,32,30
1400000US06037103102,4475,484,3659,447,3078,463,77,101,0,14,347,187,0,14,0,14,157,112,59,88,98,74,816,259,76,73,0,14,0,14,0,14,0,14,461,220,279,140,213,123,66,89
1400000US06037103201,4275,541,2484,578,1895,591,126,91,0,14,401,257,6,11,0,14,56,47,14,23,42,38,1791,497,119,147,11,22,77,102,0,14,0,14,464,285,1120,531,815,445,305,199
1400000US06037103202,2146,626,1599,619,1058,166,66,45,0,14,37,34,0,14,394,617,44,43,6,10,38,39,547,128,75,85,0,14,12,17,0,14,0,14,400,133,60,69,60,69,0,14
1400000US06037103300,3781,571,3207,606,2600,553,79,106,3,7,257,131,0,14,10,16,258,153,55,60,203,132,574,218,41,44,0,14,0,14,0,14,0,14,14,20,519,211,503,209,16,26
1400000US06037103401,2522,410,2069,404,1654,407,7,10,14,17,285,155,0,14,0,14,109,87,11,17,98,86,453,153,16,20,0,14,0,14,0,14,0,14,162,143,275,137,219,119,56,46
1400000US06037103402,3626,599,2930,600,2384,567,210,233,0,14,169,115,0,14,77,106,90,82,27,44,63,68,696,258,141,108,0,14,11,17,0,14,0,14,120,76,424,261,374,256,50,49
1400000US06037104103,4063,909,1153,467,338,143,441,402,0,14,221,126,0,14,52,78,101,73,0,14,101,73,2910,907,85,69,0,14,32,41,0,14,0,14,1118,419,1675,850,1619,848,56,48
1400000US06037104105,5766,704,1099,232,293,144,427,222,9,16,111,106,0,19,0,19,259,331,7,11,252,331,4667,721,411,251,0,19,48,70,11,19,0,19,1993,695,2204,603,2204,603,0,19
1400000US06037104108,4939,531,830,217,107,81,333,165,0,14,191,178,0,14,80,96,119,101,0,14,119,101,4109,595,204,180,13,22,0,14,0,14,0,14,1565,469,2327,579,2243,564,84,111
1400000US06037104124,3950,522,1945,316,1243,288,382,174,6,11,229,132,0,14,0,14,85,73,13,21,72,70,2005,447,160,142,0,14,55,96,0,14,0,14,507,306,1283,361,1159,353,124,139
1400000US06037104201,4337,615,632,368,10,18,409,248,5,9,208,272,0,14,0,14,0,14,0,14,0,14,3705,626,91,86,0,14,20,21,7,11,0,14,1849,661,1738,556,1736,556,2,3
1400000US06037104203,4992,847,307,221,41,39,148,140,0,14,55,45,0,14,5,15,58,87,58,87,0,14,4685,882,459,407,16,21,16,36,0,14,0,14,1459,619,2735,869,2708,875,27,48
1400000US06037104204,3577,561,807,156,452,130,163,60,39,55,124,73,0,14,0,14,29,34,8,18,21,29,2770,515,106,129,0,14,40,41,0,14,0,14,1313,431,1311,460,1243,453,68,71
1400000US06037104310,4561,617,259,184,80,86,54,62,0,14,14,18,0,14,102,146,9,17,0,14,9,17,4302,593,218,177,4,9,122,115,0,14,0,14,2683,623,1275,426,1164,404,111,137
1400000US06037104321,2749,583,227,136,28,37,26,40,69,96,24,24,0,14,42,63,38,35,21,31,17,18,2522,583,211,176,0,14,43,65,0,14,0,14,1098,512,1170,600,1170,600,0,14
1400000US06037104322,1778,272,193,109,46,38,27,40,0,14,37,53,37,61,17,24,29,25,0,14,29,25,1585,259,85,105,0,14,17,37,0,14,0,14,796,220,687,257,687,257,0,14
1400000US06037104401,2862,492,115,77,97,75,18,18,0,14,0,14,0,14,0,14,0,14,0,14,0,14,2747,512,227,115,0,14,19,22,0,14,0,14,1383,541,1118,357,1058,336,60,72
1400000US06037104403,2410,377,109,94,34,50,0,14,0,14,75,83,0,14,0,14,0,14,0,14,0,14,2301,388,88,79,0,14,28,43,0,14,0,14,910,374,1275,429,1252,432,23,31
1400000US06037104404,3477,611,95,69,34,28,0,14,0,14,43,45,0,14,9,13,9,13,9,13,0,14,3382,607,295,143,0,14,0,14,0,14,0,14,1552,537,1535,415,1477,412,58,65
1400000US06037104500,3472,795,86,60,47,53,5,11,0,14,27,29,0,14,7,10,0,14,0,14,0,14,3386,791,180,99,0,14,0,14,7,10,0,14,1219,489,1980,858,1851,856,129,188
1400000US06037104610,3112,553,93,24,57,65,0,14,0,14,14,19,0,14,0,14,22,59,0,14,22,59,3019,553,152,125,0,14,47,67,0,14,0,14,1670,580,1150,332,1075,329,75,81
1400000US06037104620,3198,483,147,92,106,84,12,1,0,14,6,9,0,14,0,14,23,36,0,14,23,36,3051,486,554,305,0,14,36,45,0,14,0,14,1268,395,1193,380,1193,380,0,14
1400000US06037104701,4175,462,66,60,11,15,55,59,0,14,0,14,0,14,0,14,0,14,0,14,0,14,4109,473,357,281,76,108,115,130,0,14,0,14,1276,388,2285,529,2256,535,29,47
1400000US06037104703,2493,554,308,201,143,89,122,165,0,14,28,35,0,14,0,14,15,24,0,14,15,24,2185,588,128,124,12,18,4,18,0,14,0,14,534,300,1507,552,1507,552,0,14
1400000US06037104704,4570,718,853,256,351,182,278,187,3,8,132,127,0,14,0,14,89,98,50,81,39,54,3717,726,258,163,0,14,0,14,0,14,0,14,1354,421,2105,722,2102,721,3,6
1400000US06037104821,3194,505,200,105,108,59,0,14,26,41,41,43,0,14,0,14,25,37,25,37,0,14,2994,498,396,203,0,14,9,13,0,14,0,14,1174,507,1415,328,1402,323,13,18
1400000US06037104822,2171,365,150,73,48,37,0,14,0,14,95,62,0,14,0,14,7,11,0,14,7,11,2021,377,99,54,0,14,15,21,0,14,0,14,993,424,914,282,853,282,61,44
1400000US06037104823,3235,704,601,143,58,47,106,132,0,14,404,110,0,14,18,23,15,22,0,14,15,22,2634,691,132,86,0,14,0,14,0,14,0,14,689,345,1813,659,1723,637,90,107
1400000US06037104824,2576,1091,48,65,0,14,0,14,14,22,0,14,34,59,0,14,0,14,0,14,0,14,2528,1091,59,61,0,14,71,80,0,14,0,14,1260,1107,1138,324,1138,324,0,14
1400000US06037106010,3653,735,1104,299,777,287,117,102,0,14,60,46,13,22,74,50,63,38,0,14,63,38,2549,596,295,178,2,5,16,26,12,18,0,14,942,323,1282,568,1224,572,58,57
1400000US06037106020,5176,970,884,177,370,162,127,129,0,19,250,163,0,19,49,70,88,81,11,18,77,78,4292,936,460,377,0,19,82,88,0,19,0,19,2377,1026,1373,488,1289,473,84,86
1400000US06037106111,4920,661,2145,427,1202,404,150,126,16,28,515,290,0,14,54,85,208,234,0,14,208,234,2775,700,588,386,135,206,64,53,0,14,0,14,1213,364,775,457,670,428,105,110
1400000US06037106112,5292,528,1430,237,941,190,48,56,0,19,358,89,0,19,0,19,83,65,15,24,68,72,3862,544,323,195,0,19,290,226,0,19,0,19,2160,702,1089,431,1039,423,50,56
1400000US06037106113,4049,456,874,172,398,172,30,38,0,14,405,139,5,9,0,14,36,35,16,19,20,30,3175,448,527,464,8,12,140,156,0,14,0,14,988,372,1512,514,1453,512,59,62
1400000US06037106114,6808,892,1628,787,338,133,316,268,7,12,956,790,11,18,0,19,0,19,0,19,0,19,5180,889,764,499,0,19,10,17,0,19,19,30,2434,622,1953,674,1936,681,17,21
1400000US06037106403,3650,331,489,184,273,134,66,104,0,14,52,56,65,102,0,14,33,39,0,14,33,39,3161,326,108,92,0,14,13,19,0,14,0,14,2006,374,1034,393,987,391,47,50
1400000US06037106405,4137,669,1111,584,483,388,312,208,0,14,222,127,0,14,0,14,94,88,0,14,94,88,3026,623,285,169,220,203,5,29,0,14,0,14,1160,664,1356,636,1240,689,116,109
1400000US06037106406,6486,1021,1963,447,1025,305,132,99,0,19,806,380,0,19,0,19,0,19,0,19,0,19,4523,993,623,431,0,19,0,19,44,55,0,19,2081,742,1775,902,1775,902,0,19
1400000US06037106407,2229,311,362,91,182,66,93,64,0,14,62,62,0,14,3,5,22,20,7,13,15,16,1867,328,115,81,0,14,17,15,0,14,0,14,1269,275,466,234,445,233,21,28
1400000US06037106408,3802,487,450,170,206,117,103,106,0,14,80,58,0,14,15,22,46,64,46,64,0,14,3352,490,505,227,0,14,204,172,0,14,9,13,1347,370,1287,463,1222,461,65,57
1400000US06037106510,5724,1036,2513,892,692,253,225,226,0,19,1214,841,0,19,146,193,236,134,78,98,158,109,3211,463,447,274,2,5,97,148,0,19,0,19,1213,446,1452,455,1420,455,32,27
1400000US06037106520,5270,699,823,225,284,134,281,149,0,19,59,64,0,19,147,170,52,53,20,22,32,47,4447,760,509,303,19,28,90,87,0,19,0,19,2618,787,1211,605,1159,595,52,42
1400000US06037106603,3783,673,2830,454,1753,501,322,257,0,14,681,244,0,14,0,14,74,44,25,29,49,37,953,488,156,159,0,14,6,9,0,14,0,14,82,89,709,467,704,467,5,9
1400000US06037106604,4490,490,573,169,271,114,101,117,0,14,146,121,0,14,0,14,55,65,0,14,55,65,3917,468,335,313,44,68,86,114,0,14,0,14,2249,511,1203,474,1185,475,18,20
1400000US06037106641,2280,298,2115,293,1595,251,71,57,0,14,348,81,0,14,0,14,101,82,60,70,41,30,165,72,22,25,0,14,0,14,0,14,0,14,31,32,112,56,74,50,38,35
1400000US06037106642,3621,630,2673,523,2068,520,121,141,0,14,377,163,0,14,0,14,107,84,50,52,57,66,948,298,102,46,0,14,42,93,6,17,0,14,276,260,522,236,522,236,0,14
1400000US06037106643,4082,856,3650,854,2121,467,328,318,0,14,575,272,72,112,492,656,62,71,0,14,62,71,432,154,199,113,37,56,0,14,0,14,0,14,59,66,137,105,88,64,49,64
1400000US06037106645,3143,585,2297,272,1712,251,0,14,41,63,406,142,0,14,0,14,138,92,24,36,114,82,846,561,381,382,0,14,36,47,80,123,0,14,161,165,188,138,188,138,0,14
1400000US06037106646,3221,343,2323,332,1386,227,74,48,0,14,666,207,0,14,42,62,155,113,77,71,78,67,898,264,67,60,0,14,11,13,21,31,0,14,546,289,253,125,230,122,23,34
1400000US06037106648,4517,546,726,379,363,284,112,138,24,56,201,261,26,42,0,14,0,14,0,14,0,14,3791,615,459,282,0,14,184,289,0,14,0,14,1488,525,1660,559,1588,571,72,71
1400000US06037106649,2471,618,734,110,235,107,23,20,18,27,380,111,2,5,13,19,63,52,5,7,58,52,1737,628,114,87,0,14,16,24,5,8,2,6,1279,676,321,121,309,119,12,14
1400000US06037107010,2922,313,310,104,203,75,5,16,27,41,75,76,0,14,0,14,0,14,0,14,0,14,2612,329,285,200,0,14,58,54,0,14,0,14,1552,414,717,276,713,277,4,12
1400000US06037107020,4953,1097,838,219,271,185,101,78,0,14,357,142,65,96,0,14,44,53,0,14,44,53,4115,1084,303,224,0,14,68,63,65,83,105,155,2227,448,1347,1032,1259,1024,88,90
1400000US06037108101,2272,310,1835,320,1111,325,47,49,0,14,522,180,0,14,0,14,155,97,0,14,155,97,437,213,15,22,25,38,59,84,0,14,0,14,64,59,274,179,193,103,81,114
1400000US06037108102,3502,527,2961,488,1563,266,69,72,0,14,1221,437,0,14,0,14,108,102,6,17,102,103,541,207,60,63,0,14,0,14,0,14,0,14,137,106,344,241,332,243,12,21
1400000US06037108103,3199,375,2928,400,1710,382,134,127,0,14,978,235,0,14,60,63,46,51,0,14,46,51,271,151,36,58,14,22,0,14,4,17,0,14,14,23,203,136,200,136,3,8
1400000US06037108104,1723,407,1593,407,1123,378,28,30,0,14,345,108,0,14,56,53,41,36,0,14,41,36,130,63,0,14,0,14,0,14,0,14,0,14,49,43,81,51,60,44,21,26
1400000US06037108202,11154,1495,9804,1491,3286,552,1406,1409,0,21,4412,597,77,113,58,93,565,378,173,184,392,309,1350,464,163,134,0,21,53,71,0,21,0,21,425,268,709,381,709,381,0,21
1400000US06037108203,3074,329,2944,324,1194,248,193,177,0,14,1447,331,0,14,0,14,110,67,7,11,103,67,130,89,55,56,0,14,0,14,0,14,0,14,9,15,66,63,66,63,0,14
1400000US06037108204,1849,324,1724,327,723,311,14,16,9,13,921,168,0,14,0,14,57,41,7,10,50,35,125,105,53,94,0,14,9,13,6,10,0,14,0,14,57,52,48,46,9,14
1400000US06037109100,2783,269,1542,276,845,289,164,91,0,14,527,237,0,14,0,14,6,14,0,14,6,14,1241,273,102,79,8,13,39,34,0,14,0,14,585,219,507,240,488,234,19,24
1400000US06037109200,3094,597,2389,596,1175,247,137,143,22,43,981,603,0,14,0,14,74,84,0,14,74,84,705,313,30,38,0,14,0,14,0,14,0,14,279,177,396,280,369,273,27,44
1400000US06037109300,3156,341,1575,240,841,163,55,39,0,14,531,150,0,14,38,58,110,70,22,34,88,64,1581,308,283,174,5,9,0,14,0,14,0,14,412,183,881,307,875,307,6,11
1400000US06037109400,3670,777,656,161,383,182,14,20,0,14,213,97,13,21,0,14,33,27,0,14,33,27,3014,769,195,191,8,14,22,38,0,14,0,14,1574,606,1215,626,1181,618,34,45
1400000US06037109500,3852,749,443,174,178,165,52,46,0,14,213,168,0,14,0,14,0,14,0,14,0,14,3409,727,397,262,0,14,112,132,0,14,0,14,1864,794,1036,423,1025,420,11,16
1400000US06037109601,5141,767,1837,620,1004,550,318,361,0,19,353,226,0,19,0,19,162,181,0,19,162,181,3304,482,222,159,25,37,62,72,0,19,0,19,1604,497,1391,520,1369,514,22,33
1400000US06037109603,4068,998,996,166,475,163,113,80,0,14,332,118,1,2,20,30,55,45,14,21,41,40,3072,964,191,138,0,14,18,30,82,133,61,87,2027,856,693,257,683,257,10,15
1400000US06037109604,3052,495,876,160,395,96,73,54,16,26,184,92,1,2,108,124,99,63,43,51,56,47,2176,481,289,143,0,14,189,134,21,22,0,14,839,229,838,594,757,602,81,82
1400000US06037109700,4002,645,2393,527,1519,433,27,37,0,14,456,139,46,74,19,32,326,197,17,28,309,194,1609,325,213,145,105,144,8,12,7,12,0,14,536,201,740,393,701,389,39,73
1400000US06037109800,4444,545,2010,537,1320,442,80,86,166,233,347,196,0,14,0,14,97,77,32,52,65,57,2434,487,557,294,0,14,53,59,98,101,28,41,607,281,1091,355,981,356,110,86
1400000US06037111100,2989,328,1578,262,911,185,26,30,0,14,579,180,0,14,10,15,52,46,0,14,52,46,1411,307,163,98,0,14,101,110,11,24,0,14,499,198,637,198,637,198,0,14
1400000US06037111201,3005,667,1913,401,1306,379,39,61,0,14,506,179,0,14,25,41,37,44,15,22,22,37,1092,607,72,65,0,14,9,17,14,17,0,14,502,219,495,587,495,587,0,14
1400000US06037111202,6046,1204,4225,818,2766,728,152,142,32,54,954,286,0,19,56,71,265,192,145,169,120,104,1821,937,93,75,0,19,12,19,0,19,0,19,591,286,1125,958,1035,967,90,59
1400000US06037111204,6274,582,5070,651,2979,631,54,46,7,11,1576,532,0,19,114,91,340,248,10,16,330,247,1204,506,43,43,0,19,0,19,27,42,0,19,531,385,603,398,486,375,117,142
1400000US06037111205,3975,779,2926,861,1361,860,227,201,0,14,1162,224,0,14,92,125,84,78,33,53,51,56,1049,330,201,164,0,14,0,14,72,115,0,14,505,342,271,173,203,133,68,89
1400000US06037111206,4177,507,3315,486,1934,409,244,176,22,25,924,306,0,14,30,38,161,109,0,14,161,109,862,197,35,38,0,14,12,18,30,47,0,14,294,166,491,178,322,152,169,112
1400000US06037111302,4893,663,3235,578,2066,470,138,86,5,8,850,241,0,14,0,14,176,114,14,21,162,111,1658,465,138,90,0,14,37,38,32,46,0,14,902,460,549,203,458,197,91,81
1400000US06037111303,4424,572,2945,527,1986,496,100,80,0,14,657,106,0,14,0,14,202,156,26,36,176,147,1479,268,86,79,32,52,18,22,0,14,0,14,377,255,966,271,902,276,64,78
1400000US06037111304,2948,520,1660,334,519,259,265,211,0,14,740,302,0,14,71,136,65,65,0,14,65,65,1288,563,15,26,0,14,46,50,0,14,0,14,758,322,469,452,469,452,0,14
1400000US06037111401,2287,344,1416,363,909,349,43,33,0,14,392,76,0,14,6,11,66,56,0,14,66,56,871,140,87,66,3,7,0,14,0,14,0,14,398,139,383,156,375,157,8,12
1400000US06037111402,5888,968,3686,1039,2644,886,16,29,0,19,953,573,0,19,0,19,73,58,25,27,48,50,2202,438,286,239,0,19,20,24,0,19,0,19,1062,502,834,404,781,398,53,61
1400000US06037113101,3666,427,3068,429,2214,432,46,45,0,14,571,147,0,14,110,118,127,95,0,14,127,95,598,159,108,93,0,14,0,14,19,27,0,14,256,103,215,150,205,148,10,16
1400000US06037113102,2722,269,2280,266,1296,223,66,71,0,14,512,190,0,14,89,85,317,206,98,67,219,194,442,99,73,78,0,14,0,14,0,14,0,14,85,89,284,116,218,118,66,126
1400000US06037113211,4165,588,3541,470,1874,305,477,420,5,8,927,222,0,14,53,66,205,139,8,14,197,136,624,323,117,136,8,15,0,14,0,14,0,14,413,278,86,73,77,77,9,15
1400000US06037113212,2769,323,2038,253,999,196,206,155,2,3,589,172,79,117,0,14,163,169,0,14,163,169,731,164,163,103,0,14,42,50,0,14,0,14,274,129,252,140,218,129,34,53
1400000US06037113213,5002,724,3399,482,1781,373,201,172,0,19,1025,277,0,19,26,40,366,167,34,39,332,174,1603,562,233,214,0,19,5,8,0,19,0,19,836,209,529,338,316,158,213,290
1400000US06037113231,2305,235,1963,274,1377,234,101,113,0,14,177,84,0,14,0,14,308,167,103,130,205,108,342,152,49,44,0,14,0,14,0,14,0,14,152,111,141,80,134,80,7,11
1400000US06037113232,5082,621,4038,513,2476,471,224,141,0,19,999,244,0,19,0,19,339,185,8,17,331,186,1044,312,99,98,8,12,0,19,0,19,0,19,566,304,371,145,272,140,99,76
1400000US06037113234,5411,1228,2397,531,1131,291,423,353,10,16,833,335,0,19,0,19,0,19,0,19,0,19,3014,1231,148,114,27,54,253,396,7,11,0,19,1842,1190,737,372,718,370,19,32
1400000US06037113235,1811,343,1149,208,810,186,10,18,0,14,33,31,16,24,103,108,177,102,81,80,96,67,662,350,6,10,0,14,72,68,0,14,0,14,380,314,204,115,179,111,25,27
1400000US06037113237,4734,825,3454,782,2164,594,201,183,0,14,798,263,0,14,57,61,234,244,19,25,215,244,1280,614,117,77,29,43,29,27,399,569,0,14,361,204,345,188,205,138,140,103
1400000US06037113238,4171,561,1650,550,690,262,139,107,0,14,408,202,21,18,15,24,377,366,22,37,355,364,2521,845,184,260,0,14,0,14,0,14,0,14,2045,808,292,169,160,98,132,126
1400000US06037113239,1993,220,757,226,359,162,176,124,21,25,168,103,12,20,0,14,21,25,8,11,13,21,1236,273,99,91,5,7,0,14,0,14,0,14,882,300,250,168,245,168,5,8
1400000US06037113301,4300,621,3563,570,2500,597,121,71,29,57,844,293,0,14,17,19,52,44,13,20,39,36,737,194,243,159,20,32,12,27,0,14,0,14,246,112,216,152,104,129,112,94
1400000US06037113303,4012,267,2589,423,1285,273,174,200,0,14,727,232,0,14,16,32,387,209,20,32,367,203,1423,316,73,71,0,14,91,97,49,75,0,14,561,246,649,196,566,184,83,75
1400000US06037113322,4919,768,3501,813,2177,485,687,709,3,7,540,289,0,14,9,14,85,79,17,19,68,76,1418,595,205,175,30,45,48,64,0,14,0,14,446,308,689,352,625,351,64,61
1400000US06037113323,3416,354,1922,324,837,244,154,125,0,14,863,268,0,14,0,14,68,54,0,14,68,54,1494,394,134,82,0,14,8,13,0,14,0,14,886,399,466,213,446,214,20,32
1400000US06037113324,3010,1599,1240,352,544,255,498,377,0,14,167,111,0,14,14,22,17,34,0,14,17,34,1770,1547,474,361,0,14,0,14,0,14,0,14,398,192,898,1231,883,1228,15,31
1400000US06037113423,2739,706,1399,236,942,232,69,69,0,14,274,113,0,14,0,14,114,89,39,63,75,62,1340,573,32,36,17,28,47,54,6,11,0,14,843,293,395,490,390,489,5,13
1400000US06037113424,3069,535,1666,189,995,145,58,63,0,14,480,143,0,14,7,17,126,101,0,14,126,101,1403,520,64,93,0,14,58,98,0,14,0,14,1016,553,265,176,265,176,0,14
1400000US06037113425,3723,653,1347,387,561,264,307,182,0,14,323,241,0,14,3,5,153,75,0,14,153,75,2376,563,322,235,0,14,0,14,0,14,0,14,1370,537,684,338,684,338,0,14
1400000US06037113426,2169,312,1223,321,659,311,39,28,0,14,425,112,0,14,5,9,95,83,0,14,95,83,946,161,11,13,0,14,0,14,0,14,0,14,478,139,457,221,424,217,33,50
1400000US06037113427,2402,314,968,203,297,166,153,191,0,14,456,205,0,14,0,14,62,69,0,14,62,69,1434,331,115,82,0,14,8,14,0,14,0,14,1109,328,202,144,176,136,26,46
1400000US06037113428,4137,1491,2586,1463,1823,1436,68,70,0,14,633,194,0,14,0,14,62,57,14,22,48,41,1551,526,182,195,5,17,88,87,0,14,0,14,941,433,335,288,277,263,58,68
1400000US06037115101,5010,529,4278,525,2898,511,16,30,0,19,962,250,0,19,64,67,338,203,78,73,260,174,732,243,83,63,0,19,6,10,0,19,0,19,385,216,258,152,249,148,9,14
1400000US06037115103,2647,158,1913,184,890,172,275,84,0,14,689,228,0,14,4,10,55,41,0,14,55,41,734,120,112,56,7,11,15,29,12,17,0,14,303,101,285,94,266,95,19,21
1400000US06037115104,4306,709,2810,540,1134,294,476,298,24,42,749,277,0,14,217,277,210,133,65,101,145,110,1496,439,180,197,66,97,0,14,0,14,0,14,995,442,255,214,245,212,10,15
1400000US06037115202,6118,1156,3201,559,1543,387,478,225,14,36,815,414,47,74,117,141,187,182,0,19,187,182,2917,1027,334,234,0,19,16,25,68,76,0,19,1907,1018,592,362,510,348,82,106
1400000US06037115203,2232,374,1145,341,660,307,113,82,15,23,357,189,0,14,0,14,0,14,0,14,0,14,1087,362,81,80,0,14,0,14,31,49,0,14,576,316,399,193,399,193,0,14
1400000US06037115204,4654,865,3225,826,1305,463,661,521,0,14,903,554,0,14,171,190,185,141,33,51,152,132,1429,454,21,33,0,14,9,3,0,14,0,14,1089,444,310,229,274,223,36,55
1400000US06037115301,4418,673,3280,695,1744,257,104,86,0,14,1252,630,0,14,0,14,180,125,31,54,149,112,1138,181,117,110,24,36,0,14,0,14,0,14,641,180,356,160,288,155,68,80
1400000US06037115302,3749,435,846,136,445,123,38,28,17,26,344,75,0,14,0,14,2,5,0,14,2,5,2903,409,224,186,0,14,140,157,66,60,0,14,2241,397,232,137,204,136,28,45
1400000US06037115401,5755,791,3245,726,1609,405,559,329,0,19,1064,454,0,19,0,19,13,19,0,19,13,19,2510,559,393,322,3,8,0,19,0,19,0,19,1582,579,532,243,380,222,152,160
1400000US06037115403,3405,784,1298,307,547,182,184,146,0,14,398,169,0,14,0,14,169,134,82,85,87,134,2107,779,225,216,0,14,0,14,8,18,0,14,1667,831,207,198,109,119,98,145
1400000US06037115404,2622,459,1147,401,484,258,28,42,0,14,482,218,0,14,0,14,153,166,0,14,153,166,1475,410,47,41,0,14,0,14,0,14,0,14,1211,389,217,112,217,112,0,14
1400000US06037117101,5209,673,3317,612,803,473,175,124,0,19,2097,489,0,19,52,47,190,127,48,39,142,123,1892,519,184,278,0,19,0,19,0,19,0,19,1338,478,370,274,360,272,10,19
1400000US06037117102,2256,341,896,186,625,181,55,83,0,14,124,60,0,14,80,72,12,12,6,9,6,8,1360,312,179,147,6,10,8,12,0,14,0,14,813,319,354,142,354,142,0,14
1400000US06037117201,4032,648,1578,320,962,290,26,38,0,14,457,223,41,49,14,21,78,68,20,21,58,60,2454,639,337,239,0,14,20,24,0,14,0,14,1520,584,577,287,422,228,155,140
1400000US06037117202,2786,440,1627,198,612,165,174,97,6,9,731,167,0,14,0,14,104,59,0,14,104,59,1159,379,167,123,21,22,57,47,0,14,0,14,306,145,608,403,594,402,14,15
1400000US06037117301,3783,323,2247,283,1201,250,256,167,0,14,551,118,0,14,0,14,239,113,11,18,228,112,1536,317,267,204,0,14,9,14,0,14,0,14,757,335,503,265,415,238,88,81
1400000US06037117302,4698,621,3190,565,1702,244,172,163,0,14,1103,536,0,14,32,43,181,121,22,35,159,109,1508,372,132,111,0,14,179,286,12,20,0,14,599,198,586,294,534,262,52,63
1400000US06037117303,4219,1072,2047,342,1181,338,256,333,0,14,512,249,0,14,73,97,25,25,0,14,25,25,2172,974,244,207,0,14,0,14,0,14,0,14,1228,695,700,420,697,420,3,10
1400000US06037117404,4924,1303,2506,809,1655,823,91,80,6,10,660,211,0,14,0,14,94,57,9,14,85,57,2418,900,162,122,0,14,86,121,0,14,0,14,1415,719,755,538,679,519,76,65
1400000US06037117405,3358,586,397,264,168,166,41,35,0,14,44,38,0,14,18,20,126,155,0,14,126,155,2961,581,127,93,0,14,0,14,0,14,0,14,2061,328,773,456,773,456,0,14
1400000US06037117407,3410,453,191,127,46,57,32,38,0,14,48,65,0,14,0,14,65,104,0,14,65,104,3219,498,260,220,0,14,9,10,0,14,0,14,2455,477,495,266,491,265,4,6
1400000US06037117408,2588,321,915,332,292,180,253,231,0,14,332,213,0,14,10,9,28,29,5,9,23,28,1673,259,114,84,0,14,73,72,0,14,0,14,1129,221,357,191,337,192,20,15
1400000US06037117510,3788,629,723,299,266,127,191,241,41,48,188,151,0,14,0,14,37,48,0,14,37,48,3065,669,167,167,89,128,0,14,0,14,0,14,2139,554,670,433,670,433,0,14
1400000US06037117520,3955,692,556,206,273,165,36,29,0,14,202,125,0,14,4,11,41,42,0,14,41,42,3399,692,45,73,0,14,66,77,0,14,0,14,2302,648,986,472,950,473,36,52
1400000US06037117530,5586,721,1776,344,469,164,214,140,0,19,910,289,0,19,0,19,183,113,14,22,169,113,3810,727,226,221,0,19,110,128,13,19,0,19,2514,668,947,428,935,428,12,20
1400000US06037119001,4341,587,1363,378,346,80,15,21,0,14,917,394,16,17,6,10,63,55,4,6,59,55,2978,449,441,276,0,14,0,14,18,16,0,14,1028,308,1491,428,1371,422,120,135
1400000US06037119003,3417,678,347,185,142,73,0,14,0,14,205,161,0,14,0,14,0,14,0,14,0,14,3070,747,548,621,0,14,20,32,3,12,0,14,1371,339,1128,338,1053,343,75,70
1400000US06037119004,2708,1098,245,138,127,98,0,14,0,14,118,121,0,14,0,14,0,14,0,14,0,14,2463,1082,656,951,0,14,0,14,0,14,0,14,619,339,1188,431,1167,431,21,34
1400000US06037119201,3685,783,674,155,331,122,9,12,5,11,285,115,0,14,27,28,17,26,17,26,0,14,3011,801,29,25,4,6,114,106,0,14,0,14,1565,280,1299,801,1295,801,4,7
1400000US06037119202,4240,606,313,234,72,54,22,34,0,14,202,240,0,14,0,14,17,28,0,14,17,28,3927,672,362,191,0,14,66,102,14,23,0,14,2332,711,1153,494,1049,459,104,84
1400000US06037119310,3822,582,1572,444,801,277,199,209,5,13,532,295,0,14,0,14,35,44,0,14,35,44,2250,451,76,68,13,19,18,21,6,13,0,14,1489,348,648,352,619,352,29,45
1400000US06037119320,4160,483,998,201,211,148,125,170,0,14,662,188,0,14,0,14,0,14,0,14,0,14,3162,526,205,192,0,14,51,64,0,14,0,14,2465,564,441,300,441,300,0,14
1400000US06037119340,3615,483,332,146,130,94,117,83,0,14,85,73,0,14,0,14,0,14,0,14,0,14,3283,438,148,122,0,14,62,87,0,14,0,14,2480,387,593,282,557,279,36,44
1400000US06037119341,2625,395,1045,174,134,83,148,133,0,14,689,177,50,76,11,16,13,16,0,14,13,16,1580,414,163,147,0,14,36,55,0,14,0,14,1142,370,239,129,239,129,0,14
1400000US06037119342,3017,472,737,293,256,193,19,24,0,14,443,255,6,9,0,14,13,16,0,14,13,16,2280,408,190,151,0,14,69,68,0,14,0,14,1520,362,501,165,472,162,29,29
1400000US06037119400,4712,786,791,180,286,187,65,70,0,14,434,114,0,14,0,14,6,10,0,14,6,10,3921,740,693,435,0,14,83,132,0,14,0,14,2425,801,720,347,702,345,18,25
1400000US06037119700,4568,805,2381,786,1426,748,4,9,0,14,829,307,0,14,47,47,75,92,0,14,75,92,2187,503,83,58,0,14,46,69,0,14,0,14,1109,470,949,371,928,372,21,31
1400000US06037119801,2601,279,603,138,221,115,0,14,0,14,333,144,0,14,0,14,49,63,0,14,49,63,1998,246,305,260,0,14,1,2,0,14,0,14,1174,379,518,248,509,240,9,16
1400000US06037119802,3131,750,769,382,143,112,50,46,0,14,565,373,0,14,0,14,11,19,0,14,11,19,2362,698,69,65,17,25,27,27,0,14,0,14,1444,683,805,204,795,205,10,17
1400000US06037119900,4084,643,1096,324,318,196,200,209,0,14,574,314,0,14,4,6,0,14,0,14,0,14,2988,627,339,282,0,14,21,35,0,14,0,14,2053,646,575,274,575,274,0,14
1400000US06037120010,2569,323,438,197,340,184,5,7,0,14,46,42,0,14,14,24,33,30,0,14,33,30,2131,365,18,24,0,14,0,14,0,14,0,14,1919,368,194,113,194,113,0,14
1400000US06037120020,4161,590,1242,382,240,165,150,177,13,21,756,265,28,46,0,14,55,59,0,14,55,59,2919,648,449,309,0,14,111,102,0,14,0,14,1913,553,446,245,309,180,137,182
1400000US06037120030,2525,301,414,180,215,164,0,14,11,17,172,108,0,14,0,14,16,17,10,15,6,9,2111,319,0,14,0,14,0,14,0,14,0,14,2053,329,58,59,58,59,0,14
1400000US06037120103,2793,343,214,95,69,60,72,72,0,14,73,50,0,14,0,14,0,14,0,14,0,14,2579,363,96,94,0,14,86,105,0,14,0,14,2175,367,222,170,158,143,64,91
1400000US06037120104,2367,390,995,211,219,98,215,135,49,57,406,156,0,14,0,14,106,81,22,36,84,72,1372,362,38,46,0,14,15,17,3,5,0,14,1128,366,188,116,188,116,0,14
1400000US06037120105,2684,391,816,233,176,83,104,77,0,14,448,164,0,14,0,14,88,80,43,42,45,64,1868,416,41,73,0,14,46,59,0,14,0,14,1372,291,409,299,409,299,0,14
1400000US06037120106,3974,558,459,152,95,72,49,56,0,14,226,127,37,58,14,22,38,52,0,14,38,52,3515,547,27,28,0,14,64,98,0,14,0,14,2967,532,457,274,457,274,0,14
1400000US06037120107,4018,757,642,242,128,71,80,69,0,14,304,169,19,27,75,113,36,42,0,14,36,42,3376,804,18,27,67,108,0,14,0,14,0,14,2901,591,390,579,390,579,0,14
1400000US06037120108,4684,594,1135,327,414,201,74,61,0,14,610,227,0,14,8,13,29,27,11,17,18,23,3549,679,47,41,0,14,0,14,0,14,0,14,2651,572,851,584,851,584,0,14
1400000US06037120300,5464,761,3261,680,1147,483,457,471,0,19,1487,468,0,19,0,19,170,177,0,19,170,177,2203,485,40,64,0,19,76,97,0,19,0,19,1711,450,376,261,361,259,15,25
1400000US06037120400,6168,832,2548,592,1302,423,225,198,0,19,1021,360,0,19,0,19,0,19,0,19,0,19,3620,820,101,120,18,28,82,78,0,19,0,19,2753,773,666,407,522,369,144,118
1400000US06037121010,4951,631,1814,240,1414,275,1,4,0,14,309,181,0,14,44,82,46,49,0,14,46,49,3137,646,326,248,0,14,208,165,0,14,0,14,1220,607,1383,563,1340,565,43,37
1400000US06037121020,3671,566,1689,351,1127,322,31,32,0,14,365,206,0,14,15,23,151,113,43,65,108,91,1982,575,204,194,0,14,45,71,73,89,0,14,777,302,883,512,863,513,20,37
1400000US06037121101,3108,501,788,165,563,168,58,56,0,14,92,64,0,14,0,14,75,70,0,14,75,70,2320,508,133,109,0,14,58,56,0,14,0,14,755,321,1374,478,1361,480,13,13
1400000US06037121102,2436,240,1159,143,850,200,63,58,0,14,49,43,0,14,80,86,117,131,3,7,114,131,1277,233,68,73,0,14,5,7,6,10,0,14,733,294,465,182,421,170,44,63
1400000US06037121210,3233,534,813,199,326,132,82,55,19,29,290,110,0,14,63,69,33,28,0,14,33,28,2420,551,158,110,8,14,24,51,0,14,0,14,872,468,1358,415,1192,410,166,109
1400000US06037121221,2173,327,458,123,275,115,46,41,0,14,120,47,0,14,17,27,0,14,0,14,0,14,1715,293,164,131,0,14,13,20,0,14,0,14,590,262,948,310,905,298,43,63
1400000US06037121222,5396,795,957,294,622,307,163,106,0,19,149,98,0,19,23,37,0,19,0,19,0,19,4439,734,454,376,0,19,232,226,0,19,0,19,1503,688,2250,675,2170,712,80,114
1400000US06037121600,2580,357,1861,412,1006,376,0,14,0,14,787,302,0,14,0,14,68,54,0,14,68,54,719,333,14,22,0,14,99,156,0,14,6,9,280,164,320,211,262,208,58,71
1400000US06037121801,4126,669,869,264,491,224,22,35,7,12,274,190,0,14,43,72,32,37,0,14,32,37,3257,719,92,78,0,14,20,32,0,14,0,14,1164,460,1981,693,1981,693,0,14
1400000US06037121802,3442,393,957,224,613,228,204,89,0,14,99,73,22,47,4,7,15,17,0,14,15,17,2485,392,140,119,2,9,66,84,0,14,0,14,1168,413,1109,456,1087,441,22,47
1400000US06037121900,2797,548,469,241,277,199,33,53,0,14,159,117,0,14,0,14,0,14,0,14,0,14,2328,573,209,125,0,14,30,57,17,26,0,14,641,377,1431,583,1406,586,25,40
1400000US06037122000,5131,793,3157,693,2432,625,33,56,0,19,655,176,0,19,17,33,20,23,10,16,10,16,1974,438,8,13,0,19,47,69,0,19,0,19,811,360,1108,571,912,487,196,305
1400000US06037122120,4394,599,1021,375,701,323,163,199,5,11,129,111,0,14,0,14,23,28,0,14,23,28,3373,516,232,153,11,19,210,252,0,14,0,14,1547,489,1373,462,1350,461,23,33
1400000US06037122121,2507,409,847,263,463,205,70,60,0,14,306,221,0,14,0,14,8,10,0,14,8,10,1660,393,171,108,0,14,9,14,15,24,0,14,671,236,794,400,781,402,13,21
1400000US06037122122,2446,584,449,149,227,96,154,120,0,14,29,35,0,14,18,23,21,29,0,14,21,29,1997,567,129,82,26,43,8,13,0,14,0,14,530,164,1304,548,1261,546,43,59
1400000US06037122200,3729,450,766,228,476,208,9,11,0,14,149,114,0,14,38,55,94,88,13,19,81,89,2963,461,246,166,0,14,21,31,0,14,8,12,1476,480,1212,352,1180,352,32,26
1400000US06037122410,3967,552,1120,344,331,164,118,107,0,14,478,254,7,12,95,103,91,80,0,14,91,80,2847,596,241,156,15,23,0,14,0,14,0,14,1137,452,1454,721,1454,721,0,14
1400000US06037122420,4757,759,712,180,458,148,43,57,0,14,157,127,0,14,10,18,44,57,0,14,44,57,4045,777,504,457,0,14,58,84,0,14,0,14,1635,584,1848,628,1824,617,24,34
1400000US06037123010,4078,625,485,178,320,181,23,40,0,14,72,69,70,115,0,14,0,14,0,14,0,14,3593,647,336,222,0,14,10,15,0,14,0,14,1485,409,1762,697,1736,695,26,39
1400000US06037123020,2836,438,591,139,424,162,39,43,0,14,94,65,0,14,0,14,34,45,0,14,34,45,2245,450,417,327,0,14,53,63,0,14,0,14,629,248,1146,354,1108,360,38,40
1400000US06037123103,4134,613,2000,407,1160,293,242,173,193,254,283,155,0,14,0,14,122,94,0,14,122,94,2134,604,311,292,0,14,32,50,0,14,0,14,1238,497,553,209,495,202,58,59
1400000US06037123104,4713,628,2536,728,1431,471,188,114,9,15,687,600,0,14,13,21,208,149,111,136,97,60,2177,453,200,219,70,72,46,82,0,14,0,14,1180,439,681,415,534,354,147,192
1400000US06037123203,2643,280,716,224,443,122,2,9,0,14,167,194,0,14,89,102,15,24,0,14,15,24,1927,265,188,142,0,14,84,129,0,14,0,14,694,256,961,321,917,321,44,43
1400000US06037123204,3183,713,857,242,589,232,73,66,0,14,165,119,0,14,23,34,7,12,0,14,7,12,2326,703,552,473,27,41,47,60,0,14,0,14,806,522,894,252,894,252,0,14
1400000US06037123205,2744,691,584,183,418,166,43,35,9,14,45,33,0,14,0,14,69,59,0,14,69,59,2160,666,410,467,12,17,0,14,0,14,0,14,791,260,947,447,926,447,21,23
1400000US06037123206,2480,231,495,200,325,149,12,19,0,14,6,9,0,14,129,123,23,34,0,14,23,34,1985,270,284,145,0,14,68,56,0,14,0,14,895,223,738,232,710,227,28,33
1400000US06037123301,3842,488,2384,315,1085,285,191,95,0,14,962,157,0,14,30,52,116,86,28,26,88,83,1458,386,156,124,0,14,0,14,0,14,0,14,569,332,733,265,468,224,265,214
1400000US06037123303,2932,361,1342,276,1176,273,65,59,3,6,69,49,2,16,0,14,27,20,0,14,27,20,1590,322,257,167,0,14,18,27,0,14,0,14,829,295,486,179,452,186,34,51
1400000US06037123304,4269,642,2719,545,2203,523,95,72,0,14,246,265,0,14,35,42,140,89,0,14,140,89,1550,462,323,243,0,14,7,10,11,17,0,14,759,297,450,251,414,248,36,57
1400000US06037123410,3254,500,1618,520,1302,520,14,21,0,14,179,116,0,14,22,29,101,67,25,44,76,61,1636,267,29,45,0,14,0,14,0,14,0,14,1157,246,450,203,432,201,18,31
1400000US06037123420,4136,768,1556,363,1140,379,116,106,0,14,200,132,0,14,0,14,100,89,46,75,54,56,2580,768,694,610,0,14,17,27,0,14,0,14,1355,575,514,238,426,241,88,101
1400000US06037123510,4742,591,2305,421,1716,298,35,41,0,14,431,301,0,14,38,61,85,77,41,62,44,41,2437,571,692,484,14,22,23,34,0,14,0,14,829,301,879,354,879,354,0,14
1400000US06037123520,2484,390,1290,257,924,194,62,49,0,14,183,122,0,14,10,15,111,91,13,21,98,89,1194,342,74,62,0,14,5,7,0,14,0,14,446,212,669,343,517,316,152,157
1400000US06037123601,5563,699,3185,593,2621,550,96,68,0,19,185,161,0,19,13,22,270,211,0,19,270,211,2378,575,357,251,0,19,0,19,11,17,0,19,696,395,1314,621,1291,624,23,29
1400000US06037123602,3192,463,2364,439,1787,417,141,105,0,14,145,146,0,14,14,21,277,227,11,13,266,228,828,156,75,59,9,23,0,14,0,14,0,14,387,182,357,178,345,180,12,15
1400000US06037123700,4012,565,2945,452,2034,369,495,324,0,14,194,210,0,14,9,15,213,154,39,47,174,147,1067,387,37,59,0,14,19,30,0,14,0,14,253,153,758,372,648,332,110,119
1400000US06037123800,5814,781,4048,759,3266,547,58,63,7,17,253,190,0,19,25,49,439,330,67,92,372,306,1766,500,260,229,51,76,6,2,0,19,0,19,680,337,769,430,761,430,8,13
1400000US06037123901,4289,751,2069,480,1444,383,363,368,0,14,69,66,0,14,17,23,176,128,67,95,109,105,2220,655,121,94,0,14,17,25,0,14,0,14,741,391,1341,532,1341,532,0,14
1400000US06037123902,2664,394,1693,334,1190,244,172,145,0,14,251,167,0,14,0,14,80,56,13,18,67,51,971,335,99,86,28,38,36,46,10,16,0,14,446,190,352,278,352,278,0,14
1400000US06037124000,4291,602,3875,611,3104,592,230,202,44,41,213,120,0,14,0,14,284,196,0,14,284,196,416,185,87,115,0,14,0,14,21,34,0,14,109,80,199,121,137,96,62,99
1400000US06037124102,3715,736,2088,713,964,192,278,144,0,14,791,676,0,14,8,13,47,41,25,28,22,30,1627,343,162,145,20,32,0,14,0,14,0,14,801,298,644,249,644,249,0,14
1400000US06037124103,1727,280,622,118,405,124,44,35,0,14,161,126,0,14,0,14,12,14,0,14,12,14,1105,251,138,109,0,14,10,18,0,14,0,14,693,248,264,140,264,140,0,14
1400000US06037124104,2780,492,943,365,665,352,119,125,0,14,52,35,0,14,0,14,107,85,0,14,107,85,1837,370,72,63,0,14,0,14,11,14,0,14,1003,353,751,280,723,275,28,32
1400000US06037124105,2199,247,1033,224,721,230,112,87,0,14,92,50,0,14,49,69,59,41,6,9,53,37,1166,219,72,44,48,69,53,79,0,14,0,14,837,229,156,100,156,100,0,14
1400000US06037124201,3560,861,1434,379,861,172,150,124,0,14,305,249,0,14,6,9,112,129,0,14,112,129,2126,842,199,280,0,14,2,11,0,14,0,14,1264,674,661,375,580,374,81,100
1400000US06037124203,2109,254,900,176,608,147,90,68,0,14,75,58,0,14,52,52,75,47,19,20,56,42,1209,274,59,80,0,14,34,37,6,9,0,14,797,289,313,179,310,179,3,5
1400000US06037124204,2324,427,939,227,646,236,161,96,0,14,82,80,0,14,9,14,41,46,0,14,41,46,1385,376,12,19,43,62,16,21,0,14,0,14,745,327,569,300,523,267,46,53
1400000US06037124300,3052,405,1476,255,1042,252,157,126,0,14,193,129,0,14,17,27,67,44,11,19,56,37,1576,321,115,123,0,14,31,38,0,14,0,14,924,315,506,297,466,300,40,48
1400000US06037124400,4397,894,2580,498,2237,442,2,5,0,14,194,133,0,14,82,116,65,69,12,19,53,65,1817,893,231,178,0,14,0,14,65,77,0,14,417,239,1104,881,1094,880,10,15
1400000US06037124500,2791,377,2016,363,1243,295,198,124,24,36,310,215,0,14,6,10,235,276,177,272,58,40,775,392,73,77,0,14,0,14,0,14,0,14,213,186,489,381,465,382,24,33
1400000US06037124600,2996,441,2569,388,2117,334,34,33,0,14,197,117,0,14,13,20,208,96,29,27,179,97,427,210,58,62,0,14,0,14,15,20,0,14,88,75,266,216,257,216,9,14
1400000US06037124700,5070,862,4398,886,3192,709,574,334,0,19,419,343,0,19,0,19,213,120,0,19,213,120,672,239,76,60,0,19,24,37,0,19,0,19,230,140,342,219,331,217,11,19
1400000US06037124902,3074,647,2365,561,1391,405,184,126,0,14,601,405,0,14,0,14,189,118,33,33,156,114,709,368,58,67,0,14,0,14,0,14,0,14,409,328,242,181,242,181,0,14
1400000US06037124903,3848,403,2898,272,1727,354,406,174,0,14,455,267,34,51,30,29,246,146,113,130,133,72,950,289,153,103,0,14,0,14,29,43,0,14,198,125,570,251,409,180,161,204
1400000US06037125101,4478,734,2936,715,1433,382,560,610,64,73,381,211,0,14,13,21,485,264,63,77,422,255,1542,425,199,165,0,14,0,14,0,14,0,14,854,409,489,290,299,170,190,242
1400000US06037125102,2155,264,1764,283,1351,330,140,147,0,14,66,65,0,14,0,14,207,222,11,17,196,224,391,279,26,33,0,14,0,14,13,20,0,14,186,188,166,223,166,223,0,14
1400000US06037125200,4151,541,2904,474,1982,411,377,216,0,14,220,104,8,14,24,27,293,147,91,74,202,119,1247,447,122,74,0,14,22,27,0,14,0,14,898,420,205,169,199,169,6,12
1400000US06037125310,4373,650,3474,602,2267,509,694,473,0,14,351,216,0,14,21,35,141,116,19,30,122,113,899,513,117,141,22,32,0,14,0,14,0,14,432,435,328,255,302,253,26,40
1400000US06037125321,2776,547,1545,247,1039,234,171,93,0,14,145,92,0,14,4,8,186,96,0,14,186,96,1231,508,774,475,0,14,0,14,162,167,0,14,188,127,107,80,74,71,33,38
1400000US06037125322,2542,461,1541,317,972,314,203,140,30,47,163,104,0,14,28,30,145,87,0,14,145,87,1001,413,78,75,58,92,0,14,0,14,0,14,213,127,652,399,494,377,158,142
1400000US06037125402,4099,585,3378,583,1842,501,873,545,0,14,365,374,37,57,0,14,261,125,23,46,238,127,721,205,67,51,18,27,10,16,0,14,0,14,324,200,302,128,211,125,91,67
1400000US06037125403,2726,480,1930,391,1184,324,316,180,0,14,272,127,0,14,0,14,158,106,35,33,123,101,796,274,127,69,0,14,15,22,25,39,0,14,316,184,313,236,313,236,0,14
1400000US06037125404,2973,504,2418,529,1243,243,844,445,0,14,214,187,0,14,32,37,85,58,0,14,85,58,555,315,89,77,13,21,0,14,0,14,0,14,249,271,204,129,204,129,0,14
1400000US06037125501,2911,396,2283,450,1545,387,282,234,16,20,239,136,0,14,0,14,201,124,0,14,201,124,628,220,29,28,14,22,0,14,37,59,0,14,369,218,179,99,22,27,157,93
1400000US06037125502,3751,543,2988,381,2175,404,341,157,0,14,248,114,0,14,17,24,207,114,46,62,161,90,763,426,64,67,11,18,87,100,0,14,0,14,362,233,239,203,193,194,46,40
1400000US06037125600,3043,465,2385,403,1660,289,246,208,0,14,276,194,0,14,66,86,137,140,35,47,102,129,658,357,68,57,0,14,0,14,0,14,0,14,364,337,226,139,216,139,10,15
1400000US06037127102,5315,646,1979,559,1438,551,218,156,0,19,323,199,0,19,0,19,0,19,0,19,0,19,3336,689,181,210,48,73,0,19,0,19,0,19,1207,513,1900,579,1770,584,130,160
1400000US06037127103,3468,551,1802,546,978,517,348,208,0,14,336,186,0,14,31,41,109,76,40,43,69,65,1666,336,79,77,27,34,79,88,0,14,0,14,665,291,816,229,802,231,14,21
1400000US06037127104,4482,1026,1933,439,1409,457,136,168,0,14,317,229,0,14,0,14,71,61,0,14,71,61,2549,1065,817,1039,0,14,28,44,0,14,0,14,873,479,831,445,831,445,0,14
1400000US06037127210,5608,647,2255,413,1180,255,284,193,0,19,582,335,0,19,15,18,194,178,0,19,194,178,3353,634,154,169,0,19,119,117,29,43,0,19,1308,565,1743,708,1692,733,51,89
1400000US06037127220,4792,733,1975,351,908,261,169,121,0,14,647,311,0,14,12,18,239,176,115,109,124,136,2817,752,247,305,0,14,24,36,0,14,0,14,1260,573,1286,514,1286,514,0,14
1400000US06037127300,3740,676,1801,202,880,196,396,173,0,14,296,108,0,14,85,127,144,83,63,76,81,46,1939,652,95,76,0,14,54,59,0,14,0,14,521,268,1269,742,1227,751,42,54
1400000US06037127400,5620,679,1643,493,1085,468,105,62,0,19,283,222,0,19,68,85,102,76,0,19,102,76,3977,627,465,349,0,19,82,85,0,19,0,19,2166,558,1264,413,1252,416,12,19
1400000US06037127520,4443,776,482,125,145,103,57,61,0,14,260,89,0,14,0,14,20,38,0,14,20,38,3961,799,413,568,0,14,79,123,0,14,0,14,3060,573,409,243,402,242,7,12
1400000US06037127603,2677,290,571,163,192,109,158,151,0,14,168,93,0,14,10,15,43,39,30,36,13,13,2106,300,130,90,0,14,114,112,0,14,0,14,1099,248,763,314,747,312,16,16
1400000US06037127604,3021,400,1568,375,933,317,351,163,0,14,165,91,0,14,65,104,54,40,8,13,46,37,1453,276,210,198,9,17,32,49,8,14,0,14,660,254,534,179,364,163,170,146
1400000US06037127605,3561,697,1058,440,637,357,164,211,22,40,86,78,0,14,0,14,149,137,25,40,124,127,2503,479,72,140,0,14,0,14,0,14,0,14,1953,486,478,259,478,259,0,14
1400000US06037127606,3436,498,1420,363,793,339,104,87,0,14,482,240,0,14,0,14,41,37,13,19,28,31,2016,551,97,63,0,14,11,18,0,14,0,14,1258,422,650,386,600,375,50,57
1400000US06037127711,2958,362,1468,302,777,179,129,113,0,14,366,195,0,14,11,16,185,182,0,14,185,182,1490,358,121,111,0,14,0,14,18,22,0,14,975,322,376,224,362,222,14,21
1400000US06037127712,4520,900,908,275,419,196,177,114,0,14,178,133,0,14,0,14,134,96,13,21,121,99,3612,912,149,103,58,72,54,103,25,40,0,14,1089,441,2237,810,2211,813,26,41
1400000US06037127803,5006,799,1900,701,865,256,222,149,0,19,691,600,0,19,14,23,108,107,0,19,108,107,3106,665,175,137,0,19,72,110,0,19,0,19,1876,724,983,454,900,423,83,117
1400000US06037127804,4501,1123,2201,422,832,203,189,123,44,65,737,301,276,341,10,16,113,83,0,14,113,83,2300,1102,106,75,10,15,8,14,0,14,0,14,1047,894,1129,461,1057,421,72,108
1400000US06037127805,3287,545,1336,442,844,432,200,134,0,14,142,121,0,14,80,87,70,59,25,42,45,43,1951,365,111,97,0,14,0,14,0,14,0,14,1019,379,821,384,768,381,53,83
1400000US06037127806,3697,525,1250,246,824,295,58,62,0,14,225,126,0,14,20,25,123,114,0,14,123,114,2447,536,460,307,8,14,0,14,0,14,0,14,946,463,1033,412,1017,408,16,23
1400000US06037127910,5103,572,1565,296,762,296,215,129,59,68,433,189,0,19,11,17,85,88,8,12,77,87,3538,579,19,21,0,19,61,72,0,19,3,9,1999,654,1456,503,1456,503,0,19
1400000US06037127920,4190,767,2226,691,1876,695,106,99,0,14,211,152,0,14,0,14,33,34,9,15,24,29,1964,334,77,51,0,14,14,21,6,66,0,14,899,401,968,366,904,379,64,64
1400000US06037128101,3083,418,2117,485,1621,459,345,251,0,14,118,98,0,14,0,14,33,29,17,26,16,19,966,261,155,134,0,14,0,14,0,14,0,14,318,204,493,222,493,222,0,14
1400000US06037128102,4864,679,954,204,600,202,78,70,10,15,226,136,5,10,0,14,35,37,0,14,35,37,3910,648,495,399,59,96,48,56,0,14,0,14,1743,658,1565,548,1420,560,145,128
1400000US06037128210,4701,827,649,188,384,158,118,107,0,14,88,80,0,14,0,14,59,72,0,14,59,72,4052,843,276,198,0,14,273,216,0,14,0,14,1326,430,2177,934,2167,935,10,15
1400000US06037128220,3228,401,1668,402,1098,335,205,160,0,14,250,147,0,14,53,76,62,63,10,17,52,61,1560,358,374,216,0,14,0,14,0,14,0,14,531,186,655,313,620,307,35,40
1400000US06037128302,4159,675,1371,372,748,261,222,113,0,14,345,259,0,14,0,14,56,56,0,14,56,56,2788,655,301,219,0,14,47,57,0,14,0,14,951,328,1489,634,1460,633,29,34
1400000US06037128303,3453,651,806,224,264,124,403,250,0,14,84,69,0,14,16,38,39,65,0,14,39,65,2647,697,186,192,0,14,43,66,0,14,0,14,651,268,1767,695,1767,695,0,14
1400000US06037128400,4285,511,3079,486,2093,355,309,234,0,14,272,146,0,14,9,14,396,242,90,139,306,190,1206,257,104,97,90,142,30,50,10,18,12,18,424,244,536,213,487,199,49,55
1400000US06037128500,4341,476,3449,475,2715,490,146,84,22,40,222,118,0,14,159,167,185,91,32,32,153,89,892,396,1,12,9,15,0,14,0,14,0,14,593,348,289,197,255,189,34,53
1400000US06037128601,5042,894,2185,510,1650,376,111,103,0,19,167,130,0,19,19,22,238,257,31,34,207,257,2857,907,79,79,47,57,323,290,35,51,0,19,583,255,1790,959,1743,958,47,39
1400000US06037128602,2725,425,2057,398,1513,302,242,250,1,2,117,82,0,14,54,87,130,109,26,34,104,112,668,171,72,72,10,20,0,14,0,14,0,14,135,90,451,171,427,170,24,28
1400000US06037128703,3429,780,2982,826,1963,654,463,295,0,14,100,80,0,14,8,13,448,332,325,319,123,87,447,232,51,56,8,15,11,17,0,14,0,14,82,92,295,220,278,219,17,28
1400000US06037128704,2564,247,2203,294,1604,388,188,171,5,9,237,137,0,14,0,14,169,150,17,26,152,151,361,173,38,35,0,14,52,65,0,14,0,14,116,133,155,125,105,112,50,72
1400000US06037128801,3827,581,3110,585,2225,562,330,246,24,37,401,199,0,14,0,14,130,70,78,54,52,44,717,291,137,124,9,14,17,19,0,14,18,27,173,124,363,183,308,176,55,51
1400000US06037128802,4457,696,3265,581,2014,454,349,232,0,14,755,265,0,14,0,14,147,151,75,137,72,66,1192,385,314,202,0,14,0,14,0,14,40,65,144,157,694,306,608,279,86,89
1400000US06037128910,4495,642,3265,512,2355,381,156,89,0,14,459,207,0,14,116,136,179,118,49,66,130,98,1230,335,84,57,0,14,42,61,12,19,0,14,261,179,831,314,709,339,122,163
1400000US06037131021,3202,673,1494,538,683,243,218,294,0,14,393,183,139,208,0,14,61,71,0,14,61,71,1708,324,226,249,0,14,15,28,0,14,0,14,1253,353,214,177,214,177,0,14
1400000US06037131022,2874,438,1089,274,304,134,160,149,23,29,506,232,0,14,37,42,59,56,11,17,48,54,1785,317,226,165,0,14,27,79,62,100,0,14,1205,369,265,280,206,261,59,73
1400000US06037131023,2615,317,1080,278,452,186,73,54,0,14,469,203,0,14,5,8,81,66,0,14,81,66,1535,277,290,159,0,14,0,14,70,62,0,14,932,247,243,147,196,140,47,49
1400000US06037131024,3679,1013,1519,386,688,388,336,205,0,14,384,172,0,14,10,19,101,78,11,20,90,79,2160,929,23,35,0,14,102,160,0,14,0,14,1984,927,51,48,26,25,25,38
1400000US06037131100,3051,423,1669,280,1321,274,1,3,0,14,264,161,0,14,22,37,61,54,0,14,61,54,1382,352,57,76,0,14,0,14,7,13,0,14,1046,379,272,188,260,192,12,18
1400000US06037131200,3585,628,2349,589,1798,587,141,134,0,14,331,162,0,14,34,50,45,43,0,14,45,43,1236,400,321,153,0,14,66,90,0,14,0,14,627,411,222,117,211,114,11,18
1400000US06037131300,4668,737,1367,484,596,204,123,118,1,2,603,422,0,14,28,31,16,24,13,21,3,9,3301,804,154,184,0,14,32,51,0,14,0,14,2005,893,1110,425,1070,429,40,52
1400000US06037131400,5932,921,2495,337,1324,229,99,68,27,41,740,229,0,19,52,59,253,156,3,6,250,155,3437,967,462,312,0,19,175,189,0,19,0,19,1640,605,1160,806,1032,751,128,96
1400000US06037131600,5289,829,2084,323,834,224,140,181,0,19,676,145,0,19,222,191,212,131,0,19,212,131,3205,798,152,167,0,19,26,40,16,32,0,19,2183,567,828,631,738,631,90,86
1400000US06037131701,4896,685,2665,624,1030,352,247,132,0,14,1216,609,0,14,27,40,145,109,8,13,137,107,2231,561,300,272,0,14,0,14,0,14,0,14,1433,537,498,283,498,283,0,14
1400000US06037131702,3344,578,1466,470,1080,481,0,14,0,14,265,212,0,14,9,16,112,89,76,89,36,32,1878,386,238,146,0,14,72,78,20,33,0,14,924,402,624,232,609,237,15,22
1400000US06037131801,3127,531,1460,494,657,327,36,35,0,14,606,353,0,14,97,133,64,71,0,14,64,71,1667,438,54,44,0,14,0,14,0,14,0,14,1167,350,446,253,401,235,45,44
1400000US06037131802,2264,516,1086,343,520,180,198,292,0,14,336,148,0,14,19,30,13,17,0,14,13,17,1178,407,121,103,15,25,11,17,0,14,0,14,847,412,184,139,174,138,10,17
1400000US06037131900,4038,740,2058,385,1413,231,8,13,0,14,379,132,0,14,24,38,234,213,133,201,101,73,1980,556,176,140,0,14,0,14,0,14,0,14,1354,341,450,470,450,470,0,14
1400000US06037132001,2716,307,1995,263,1471,240,74,61,0,14,329,157,0,14,12,19,109,99,0,14,109,99,721,320,20,32,32,52,51,69,0,14,0,14,308,218,310,195,269,196,41,35
1400000US06037132002,3501,751,1680,360,1141,341,89,97,0,14,147,98,0,14,20,35,283,249,62,80,221,189,1821,722,553,437,0,14,113,178,0,14,0,14,680,309,475,431,192,132,283,418
1400000US06037132101,4290,1220,1915,271,1307,276,125,104,0,14,240,136,0,14,0,14,243,128,10,17,233,126,2375,1205,118,104,49,71,13,21,8,12,0,14,423,209,1764,1222,1747,1222,17,28
1400000US06037132102,5143,796,2895,686,1680,595,220,185,0,19,908,488,0,19,0,19,87,113,0,19,87,113,2248,795,457,405,0,19,18,30,16,25,0,19,1196,682,561,273,397,217,164,263
1400000US06037132301,3604,634,1699,521,540,214,437,439,0,14,582,263,0,14,0,14,140,97,0,14,140,97,1905,463,315,220,45,76,37,58,110,152,0,14,1114,438,284,185,273,187,11,16
1400000US06037132302,2904,753,1249,650,636,181,44,41,0,14,508,605,0,14,18,28,43,44,5,8,38,44,1655,614,250,282,8,13,19,32,0,14,0,14,1336,513,42,37,33,34,9,14
1400000US06037132501,5052,897,2146,352,1438,217,102,99,0,19,388,172,0,19,123,189,95,77,4,12,91,74,2906,722,18,19,0,19,26,37,0,19,0,19,2415,752,447,232,377,224,70,79
1400000US06037132502,3495,450,1994,477,1529,456,48,42,0,14,229,120,0,14,0,14,188,129,33,36,155,120,1501,447,332,216,0,14,0,14,0,14,0,14,772,326,397,281,355,272,42,48
1400000US06037132700,5150,636,2349,453,1804,513,146,180,0,19,237,136,0,19,95,90,67,82,67,82,0,19,2801,523,107,104,8,14,0,19,0,19,0,19,2130,600,556,325,556,325,0,19
1400000US06037132900,4026,723,2883,577,2231,594,29,44,3,25,329,172,0,14,126,139,165,113,38,45,127,107,1143,524,345,248,0,14,150,225,0,14,0,14,352,293,296,186,266,170,30,49
1400000US06037133000,3979,555,1772,345,1219,334,41,135,0,14,359,128,5,7,22,35,126,125,0,14,126,125,2207,468,318,335,0,14,22,40,0,14,0,14,841,343,1026,393,1014,394,12,20
1400000US06037133101,1718,161,1307,212,994,205,5,10,0,14,211,118,0,14,0,14,97,68,3,6,94,68,411,213,132,102,0,14,0,14,0,14,0,14,69,105,210,182,210,182,0,14
1400000US06037133102,3629,639,2675,576,1838,475,32,36,81,128,645,405,0,14,0,14,79,68,0,14,79,68,954,281,54,54,0,14,47,78,0,14,0,14,707,283,146,104,146,104,0,14
1400000US06037134001,3694,340,1090,334,459,260,256,152,0,14,272,87,0,14,0,14,103,89,6,9,97,87,2604,415,45,50,0,14,83,78,0,14,0,14,1904,499,572,251,545,257,27,38
1400000US06037134002,4020,712,1622,340,581,183,304,241,0,14,418,216,0,14,12,21,307,241,36,63,271,227,2398,753,265,271,0,14,83,100,0,14,0,14,1813,677,237,225,130,143,107,137
1400000US06037134101,4515,593,2896,485,1089,276,37,37,0,14,1559,413,0,14,11,18,200,147,160,148,40,42,1619,415,64,85,0,14,59,79,0,14,0,14,1135,431,361,256,312,250,49,73
1400000US06037134103,4132,941,2109,448,941,287,163,131,12,26,777,270,0,14,39,52,177,111,11,18,166,109,2023,866,82,91,0,14,93,114,0,14,0,14,1512,860,336,202,336,202,0,14
1400000US06037134104,4220,530,2527,612,893,367,43,107,0,14,1408,441,9,14,19,27,155,133,4,9,151,131,1693,416,105,76,0,14,47,58,0,14,0,14,1078,414,463,326,463,326,0,14
1400000US06037134201,4149,675,2341,552,1007,280,179,142,0,14,1038,530,0,14,0,14,117,94,67,74,50,56,1808,362,56,77,0,14,75,157,0,14,0,14,1355,505,322,307,260,289,62,96
1400000US06037134302,4172,637,2760,407,1546,250,120,104,34,36,714,351,0,14,79,99,267,171,7,11,260,172,1412,500,232,158,9,14,6,21,80,98,0,14,745,577,340,200,330,201,10,15
1400000US06037134303,5398,586,3114,506,2167,456,74,60,0,19,719,227,0,19,33,49,121,80,0,19,121,80,2284,389,264,216,33,39,0,19,0,19,0,19,1260,543,727,381,573,340,154,168
1400000US06037134304,2895,255,1781,229,1011,189,131,87,0,14,490,135,0,14,16,26,133,81,0,14,133,81,1114,263,100,67,0,14,8,11,0,14,0,14,838,263,168,109,161,108,7,11
1400000US06037134305,3659,691,662,251,292,151,77,79,0,14,252,189,0,14,0,14,41,50,0,14,41,50,2997,694,286,258,0,14,50,60,13,20,0,14,2324,581,324,329,309,326,15,23
1400000US06037134306,3560,663,1659,435,648,204,131,110,0,14,769,385,0,14,0,14,111,70,32,35,79,61,1901,505,236,204,17,28,0,14,0,14,0,14,1509,505,139,67,139,67,0,14
1400000US06037134421,4238,601,3830,567,2529,351,61,87,9,15,724,251,0,14,0,14,507,390,0,14,507,390,408,261,79,53,0,14,0,14,0,14,0,14,8,12,321,259,247,251,74,79
1400000US06037134422,4956,612,4271,584,2749,550,198,143,0,14,982,275,0,14,145,145,197,142,35,33,162,130,685,310,37,36,0,14,0,14,0,14,0,14,411,309,237,132,174,104,63,76
1400000US06037134423,3560,443,2999,412,2473,390,0,14,0,14,502,101,0,14,0,14,24,38,0,14,24,38,561,169,144,98,0,14,58,82,12,18,0,14,77,75,270,157,270,157,0,14
1400000US06037134424,2748,319,2676,321,1877,261,70,65,0,14,577,132,0,14,8,13,144,114,23,38,121,105,72,47,4,14,0,14,0,14,0,14,0,14,46,37,22,19,22,19,0,14
1400000US06037134520,5092,682,1548,505,791,460,202,200,0,19,471,202,0,19,0,19,84,82,0,19,84,82,3544,723,278,207,0,19,60,79,0,19,0,19,2110,553,1096,567,1075,561,21,51
1400000US06037134521,2601,278,185,105,52,30,40,56,2,5,55,58,0,14,9,13,27,27,0,14,27,27,2416,285,42,27,0,14,3,4,0,14,0,14,1857,296,514,210,512,212,2,5
1400000US06037134522,4146,808,1196,742,856,704,2,4,12,18,311,247,0,14,0,14,15,27,0,14,15,27,2950,502,266,188,0,14,53,66,19,34,0,14,2212,541,400,212,389,217,11,18
1400000US06037134710,5198,654,1701,494,727,261,284,278,0,19,528,296,0,19,34,58,128,108,21,25,107,99,3497,581,99,126,0,19,128,117,0,19,0,19,2936,636,334,169,263,147,71,105
1400000US06037134720,5498,584,2471,405,1004,232,144,97,0,19,944,360,0,19,202,207,177,159,0,19,177,159,3027,589,268,230,0,19,78,84,19,26,0,19,1760,552,902,344,784,332,118,105
1400000US06037134801,2898,570,1548,389,830,229,91,87,0,14,496,273,0,14,65,91,66,65,7,10,59,64,1350,473,433,324,8,13,45,68,0,14,0,14,466,225,398,192,385,190,13,21
1400000US06037134802,3025,468,2128,386,883,273,257,160,0,14,728,355,0,14,21,30,239,135,40,33,199,116,897,351,242,263,0,14,0,14,0,14,0,14,351,225,304,151,266,158,38,49
1400000US06037134901,2291,479,1685,326,1291,365,7,15,0,14,292,284,0,14,0,14,95,77,34,53,61,59,606,296,75,81,0,14,0,14,0,14,0,14,241,127,290,287,274,287,16,25
1400000US06037134904,4581,1059,2647,950,1039,294,140,106,0,14,1127,893,0,14,0,14,341,171,14,22,327,166,1934,477,132,120,0,14,0,14,0,14,0,14,1453,444,349,193,349,193,0,14
1400000US06037134905,6371,1001,5471,987,2753,638,1418,789,0,19,927,497,37,67,0,19,336,211,11,18,325,210,900,574,96,96,40,63,0,19,0,19,0,19,537,537,227,151,164,118,63,98
1400000US06037134906,2888,422,806,305,481,254,37,46,0,14,233,160,0,14,0,14,55,68,0,14,55,68,2082,534,7,13,0,14,43,71,0,14,0,14,1741,474,291,277,84,74,207,271
1400000US06037134907,4209,1011,3242,1096,2056,883,794,379,109,123,198,123,0,14,25,42,60,58,0,14,60,58,967,335,80,74,36,56,63,94,25,40,0,14,327,302,436,278,341,281,95,116
1400000US06037135102,4117,559,3035,498,1923,434,301,272,0,14,411,216,11,17,33,49,356,221,0,14,356,221,1082,328,124,187,0,14,0,14,0,14,0,14,280,221,678,212,555,213,123,127
1400000US06037135111,3963,1174,2604,806,2086,811,76,57,0,14,266,149,0,14,0,14,176,147,31,40,145,141,1359,880,105,83,0,14,55,80,0,14,69,95,346,262,784,843,784,843,0,14
1400000US06037135113,3014,631,2527,531,1356,430,352,130,0,14,674,320,13,21,0,14,132,101,13,23,119,100,487,205,115,136,52,80,0,14,0,14,0,14,215,146,105,110,51,55,54,90
1400000US06037135115,4309,528,3941,586,1505,465,221,174,42,57,1957,609,0,14,0,14,216,104,0,14,216,104,368,202,117,181,0,14,0,14,0,14,0,14,141,98,110,97,86,74,24,39
1400000US06037135116,1536,318,1312,323,927,348,16,19,18,21,178,88,0,14,0,14,173,135,0,14,173,135,224,94,71,68,13,22,0,14,0,14,0,14,104,66,36,38,21,28,15,26
1400000US06037135201,2861,499,2362,412,1746,389,82,41,0,14,309,88,0,14,31,26,194,103,70,57,124,82,499,292,19,20,0,14,0,14,0,14,0,14,347,270,133,106,115,101,18,24
1400000US06037135202,4578,725,4120,735,2707,621,420,271,36,52,673,220,43,38,163,137,78,75,25,38,53,62,458,106,16,22,0,14,29,43,0,14,0,14,241,130,172,114,172,114,0,14
1400000US06037135204,4915,764,3702,728,2525,689,266,383,0,14,594,303,0,14,16,26,301,301,0,14,301,301,1213,400,269,225,0,14,171,244,0,14,0,14,406,238,367,204,305,200,62,72
1400000US06037135205,2067,283,1934,289,1390,312,32,48,56,76,374,195,0,14,0,14,82,66,14,25,68,60,133,113,40,57,0,14,0,14,0,14,0,14,15,23,78,95,75,94,3,6
1400000US06037137000,4562,593,3899,588,3133,582,101,76,0,14,483,170,2,6,17,21,163,150,39,40,124,116,663,199,33,35,23,33,25,41,0,14,0,14,249,115,333,158,275,147,58,90
1400000US06037137103,4860,669,4295,604,2774,598,440,327,0,14,710,254,0,14,27,42,344,208,69,83,275,198,565,399,0,14,0,14,0,14,142,227,0,14,201,194,222,128,123,68,99,103
1400000US06037137104,2350,328,2217,331,1763,374,92,106,0,14,110,115,0,14,0,14,252,176,126,170,126,89,133,81,16,27,0,14,0,14,0,14,0,14,57,46,60,71,60,71,0,14
1400000US06037137202,3293,553,2661,564,1679,455,206,158,15,24,616,378,0,14,0,14,145,100,0,14,145,100,632,244,154,93,0,14,0,14,0,14,0,14,345,205,133,100,133,100,0,14
1400000US06037137203,2534,627,1769,194,1426,267,33,41,0,14,171,131,0,14,41,53,98,90,12,14,86,89,765,579,426,565,0,14,19,25,0,14,0,14,133,96,187,105,113,89,74,81
1400000US06037137301,2244,432,2083,436,1676,433,14,22,0,14,143,90,0,14,62,68,188,137,38,53,150,133,161,92,35,37,0,14,0,14,0,14,0,14,14,15,112,72,95,63,17,19
1400000US06037137302,4669,431,3821,361,2909,448,313,196,0,14,261,83,0,14,0,14,338,234,193,221,145,101,848,306,246,199,87,141,25,40,0,14,0,14,176,165,314,151,271,118,43,67
1400000US06037137401,4829,543,4071,583,3049,463,414,282,0,14,250,117,0,14,78,73,280,163,0,14,280,163,758,284,266,159,0,14,0,14,16,28,0,14,234,162,242,142,242,142,0,14
1400000US06037137402,5713,991,5053,994,3107,747,806,836,0,19,235,173,0,19,35,56,870,384,247,275,623,331,660,236,31,49,0,19,0,19,12,18,0,19,164,199,453,168,401,163,52,51
1400000US06037137501,5304,788,4695,774,2826,447,347,232,0,19,1059,727,0,19,43,71,420,248,75,96,345,228,609,304,106,81,0,19,0,19,0,19,0,19,161,178,342,197,342,197,0,19
1400000US06037137502,4580,573,3684,492,2584,353,41,42,0,14,317,188,0,14,412,338,330,184,49,67,281,163,896,317,53,68,0,14,0,14,80,125,0,14,352,255,411,287,392,287,19,22
1400000US06037137504,1858,306,1545,228,1076,225,115,115,0,14,185,112,0,14,0,14,169,88,74,64,95,63,313,210,22,23,4,6,0,14,0,14,0,14,12,19,275,209,149,98,126,179
1400000US06037138000,4499,519,4235,538,3535,503,78,60,0,14,242,149,33,56,22,33,325,188,19,23,306,187,264,163,96,96,0,14,9,15,0,14,0,14,10,15,149,99,113,88,36,40
1400000US06037139001,5592,674,4596,654,3772,690,148,215,8,14,330,170,0,19,12,23,326,178,62,61,264,153,996,234,128,132,0,19,0,19,26,41,0,19,214,160,628,267,382,291,246,184
1400000US06037139200,5616,693,4443,723,3544,755,184,142,0,19,321,214,0,19,31,52,363,345,0,19,363,345,1173,504,93,114,0,19,0,19,0,19,0,19,372,258,708,403,641,385,67,61
1400000US06037139301,4067,751,3630,744,2638,358,118,135,0,14,269,127,0,14,78,134,527,605,413,611,114,77,437,93,198,108,0,14,23,47,0,14,0,14,30,35,186,91,157,101,29,30
1400000US06037139302,5394,804,3632,682,1553,390,645,592,0,19,959,540,0,19,42,60,433,301,0,19,433,301,1762,543,139,124,0,19,46,51,0,19,0,19,1083,563,494,248,431,233,63,62
1400000US06037139303,4715,500,3278,456,2170,456,319,167,0,14,517,232,0,14,0,14,272,145,54,55,218,145,1437,412,349,191,51,63,22,36,42,67,0,14,748,333,225,106,188,93,37,44
1400000US06037139401,2606,320,1924,307,1538,288,142,131,0,14,125,71,0,14,0,14,119,91,0,14,119,91,682,276,130,126,0,14,0,14,0,14,0,14,339,180,213,117,213,117,0,14
1400000US06037139402,2749,400,2583,394,2036,378,48,51,0,14,182,101,0,14,4,6,313,228,32,39,281,223,166,102,0,14,0,14,0,14,0,14,0,14,65,47,101,70,91,71,10,15
1400000US06037139502,3336,450,2871,383,2662,388,61,62,0,14,84,90,0,14,45,66,19,25,0,14,19,25,465,302,101,84,0,14,0,14,0,14,0,14,65,65,299,295,299,295,0,14
1400000US06037139504,3541,469,2879,517,2487,497,165,131,0,14,60,37,0,14,103,95,64,49,29,33,35,44,662,367,90,82,0,14,0,14,7,12,0,14,406,338,159,86,152,83,7,11
1400000US06037139505,2656,465,2271,546,1516,278,110,111,0,14,176,100,0,14,16,28,453,466,11,19,442,466,385,213,0,14,0,14,0,14,0,14,0,14,160,90,225,183,225,183,0,14
1400000US06037139506,3196,712,2617,738,2226,780,101,129,0,14,165,158,0,14,23,39,102,90,39,60,63,67,579,316,78,63,0,14,86,131,0,14,0,14,339,282,76,86,76,86,0,14
1400000US06037139600,5047,608,4657,624,3746,605,120,138,0,19,422,235,0,19,10,22,359,209,89,88,270,214,390,279,187,231,0,19,0,19,0,19,0,19,158,159,45,54,30,35,15,24
1400000US06037139701,5166,710,4676,766,4009,792,148,135,0,19,306,77,0,19,32,52,181,219,0,19,181,219,490,296,112,115,0,19,0,19,0,19,0,19,96,104,282,238,282,238,0,19
1400000US06037139703,2663,381,2524,395,1968,382,45,63,0,14,190,87,0,14,10,16,311,128,52,60,259,149,139,108,17,26,0,14,0,14,0,14,0,14,3,8,119,95,75,66,44,56
1400000US06037139704,2752,624,2637,620,2267,578,11,13,0,14,94,87,0,14,56,66,209,142,82,127,127,66,115,90,7,12,0,14,0,14,0,14,0,14,23,24,85,80,81,74,4,24
1400000US06037139705,3777,642,3759,647,2913,592,92,80,74,116,341,191,17,38,0,14,322,308,0,14,322,308,18,25,18,25,0,14,0,14,0,14,0,14,0,14,0,14,0,14,0,14
1400000US06037139801,3631,581,3368,595,2815,556,0,14,0,14,291,152,0,14,34,53,228,150,9,15,219,150,263,169,48,55,0,14,0,14,94,144,0,14,40,51,81,69,81,69,0,14
1400000US06037139802,3528,528,3304,528,2647,499,174,207,0,14,385,228,0,14,8,14,90,57,18,29,72,51,224,131,0,14,0,14,7,12,0,14,0,14,20,28,197,121,180,120,17,27
1400000US06037141101,4947,631,4095,562,2646,610,275,136,0,14,377,280,0,14,182,179,615,414,0,14,615,414,852,358,84,88,35,41,0,14,0,14,0,14,101,85,632,361,581,415,51,128
1400000US06037141102,2649,414,2297,408,1542,345,185,139,0,14,117,85,0,14,0,14,453,233,41,53,412,229,352,148,30,87,0,14,4,6,0,14,0,14,2,4,316,121,291,125,25,25
1400000US06037141201,3978,313,3092,372,2385,434,234,163,0,14,229,134,0,14,22,27,222,158,9,14,213,157,886,240,228,128,32,30,0,14,0,14,0,14,154,115,472,187,301,158,171,119
1400000US06037141202,3132,539,2793,570,2035,545,240,248,20,30,291,192,21,33,30,37,156,93,0,14,156,93,339,188,92,111,0,14,0,14,0,14,0,14,100,80,147,117,147,117,0,14
1400000US06037141303,3236,354,2805,379,1869,392,90,77,0,14,321,126,71,83,106,171,348,235,195,221,153,79,431,153,111,75,10,17,0,14,0,14,0,14,127,79,183,116,183,116,0,14
1400000US06037141304,3028,618,2655,608,2288,612,115,125,0,14,160,107,7,10,16,18,69,55,11,19,58,50,373,137,60,44,0,14,14,15,0,14,0,14,75,65,224,106,216,104,8,13
1400000US06037141305,3127,435,2388,448,1694,404,201,69,3,6,260,126,0,14,0,14,230,113,26,40,204,112,739,275,131,123,18,33,24,36,17,31,0,14,150,99,399,243,333,224,66,75
1400000US06037141306,3291,575,2866,477,2406,455,62,52,0,14,209,103,0,14,0,14,189,103,64,84,125,70,425,244,109,102,11,18,0,14,0,14,0,14,89,97,216,232,81,75,135,219
1400000US06037141400,5217,637,4279,599,3436,509,89,121,0,19,479,235,0,19,5,10,270,188,38,47,232,183,938,378,155,128,0,19,0,19,7,10,0,19,226,139,550,383,443,355,107,124
1400000US06037141500,2807,663,2616,694,2420,703,0,14,0,14,143,114,0,14,0,14,53,42,16,25,37,35,191,171,141,161,0,14,0,14,0,14,0,14,10,16,40,37,40,37,0,14
1400000US06037141600,3854,493,3557,514,2982,523,2,8,0,14,350,122,0,14,0,14,223,108,19,22,204,110,297,144,35,29,0,14,0,14,0,14,0,14,0,14,262,142,149,87,113,80
1400000US06037141700,3234,495,2852,511,2651,522,4,9,0,14,92,58,0,14,25,29,80,49,25,28,55,44,382,178,69,50,0,14,12,19,0,14,0,14,160,123,141,93,102,82,39,41
1400000US06037143101,1972,470,1661,482,1282,467,55,59,0,14,176,130,0,14,71,89,77,74,9,16,68,71,311,151,42,37,0,14,0,14,0,14,0,14,184,133,85,63,85,63,0,14
1400000US06037143102,2449,399,1741,389,1471,388,65,51,0,14,60,46,0,14,22,37,123,124,97,120,26,29,708,226,112,112,9,15,0,14,0,14,0,14,305,227,282,171,229,158,53,51
1400000US06037143200,4367,655,3008,512,2139,390,263,157,0,14,377,318,0,14,0,14,229,148,0,14,229,148,1359,424,1,2,14,25,0,14,100,168,0,14,559,428,685,257,644,261,41,53
1400000US06037143301,4122,1213,3408,1270,2889,1309,154,137,0,14,248,166,0,14,0,14,117,84,48,48,69,70,714,316,28,33,0,14,0,14,0,14,0,14,193,109,493,330,459,331,34,41
1400000US06037143302,3629,505,3161,462,2373,395,154,139,0,14,304,187,0,14,38,60,292,262,0,14,292,262,468,214,182,144,0,14,0,14,0,14,0,14,73,68,213,140,139,116,74,70
1400000US06037143401,5216,646,4233,786,3127,587,284,201,0,19,379,251,0,19,0,19,443,268,62,95,381,241,983,394,77,80,0,19,16,31,61,98,0,19,332,249,497,351,475,349,22,36
1400000US06037143402,1987,499,1717,483,1392,475,112,98,0,14,85,48,0,14,0,14,128,96,7,11,121,99,270,167,32,29,0,14,35,52,0,14,0,14,136,153,67,46,59,44,8,12
1400000US06037143500,5377,686,4877,613,4124,655,249,149,18,24,136,72,0,19,0,19,350,222,63,108,287,187,500,285,83,68,34,55,0,19,0,19,0,19,152,172,231,209,231,209,0,19
1400000US06037143602,4930,1002,4311,983,3749,990,72,63,60,73,309,148,0,14,0,14,121,77,53,61,68,56,619,279,265,206,0,14,0,14,0,14,0,14,108,92,246,152,173,127,73,78
1400000US06037143603,2522,291,2140,227,1396,247,312,206,12,20,323,151,0,14,0,14,97,74,9,15,88,73,382,188,7,13,0,14,0,14,0,14,0,14,160,125,215,182,181,176,34,43
1400000US06037143605,1825,290,1570,266,975,220,144,103,0,14,237,170,0,14,0,14,214,113,66,79,148,97,255,122,105,82,26,30,0,14,0,14,0,14,34,40,90,81,90,81,0,14
1400000US06037143606,1719,258,1483,264,951,262,181,104,0,14,286,118,0,14,17,25,48,36,0,14,48,36,236,111,58,49,0,14,14,20,0,14,0,14,46,31,118,92,118,92,0,14
1400000US06037143700,3633,411,3108,322,2651,341,87,93,0,14,202,96,0,14,27,49,141,91,9,15,132,91,525,357,272,331,0,14,0,14,0,14,0,14,28,46,225,134,168,110,57,80
1400000US06037143801,3276,637,2999,647,1824,360,253,184,0,14,441,305,0,14,0,14,481,395,17,31,464,397,277,160,91,121,20,30,0,14,0,14,0,14,61,62,105,79,85,67,20,31
1400000US06037143802,2235,402,2110,414,1600,349,56,54,0,14,297,211,0,14,0,14,157,134,85,86,72,84,125,75,49,66,0,14,8,14,0,14,0,14,15,23,53,35,53,35,0,14
1400000US06037143901,4189,589,3929,602,3433,636,20,29,0,14,240,80,0,14,40,42,196,144,22,36,174,139,260,139,42,37,0,14,0,14,0,14,0,14,70,67,148,114,137,111,11,21
1400000US06037143902,3083,419,2513,388,1984,291,61,62,0,14,213,156,0,14,0,14,255,210,133,192,122,90,570,176,96,77,13,20,0,14,12,18,0,14,8,14,441,175,322,150,119,107
1400000US06037181000,5831,821,4144,744,2421,438,20,26,0,19,1273,296,0,19,38,62,392,276,39,70,353,263,1687,457,324,185,0,19,31,43,47,74,0,19,721,429,564,341,418,211,146,233
1400000US06037181300,4166,531,2699,532,1285,321,27,40,3,5,967,468,0,14,0,14,417,209,51,51,366,199,1467,517,211,140,0,14,0,14,28,49,0,14,475,301,753,415,690,409,63,55
1400000US06037181400,4247,597,2609,299,1231,253,73,74,0,14,1166,252,0,14,13,20,126,89,0,14,126,89,1638,587,497,500,0,14,106,98,0,14,0,14,697,238,338,154,160,94,178,147
1400000US06037181500,3846,524,2545,488,1156,326,0,14,0,14,825,300,12,18,147,166,405,193,110,85,295,205,1301,236,199,126,0,14,0,14,6,9,0,14,511,245,585,202,386,189,199,172
1400000US06037181600,4251,425,2910,364,1281,217,185,178,9,18,1016,290,7,13,25,41,387,152,16,21,371,152,1341,297,170,153,9,18,89,92,9,18,0,14,552,170,512,191,395,203,117,77
1400000US06037183101,3247,360,1404,182,878,203,40,63,0,14,410,177,0,14,0,14,76,78,24,31,52,75,1843,345,178,183,0,14,33,31,31,38,0,14,1196,343,405,223,367,223,38,33
1400000US06037183103,4318,823,1937,799,1150,758,58,50,0,14,428,170,0,14,81,74,220,161,85,118,135,110,2381,468,427,227,105,124,87,93,0,14,0,14,1322,431,440,188,332,178,108,69
1400000US06037183104,2078,191,1138,175,579,144,36,24,0,14,397,138,0,14,16,17,110,53,7,10,103,54,940,180,74,66,18,21,12,17,0,14,0,14,308,135,528,189,408,190,120,88
1400000US06037183220,2956,338,1695,408,906,312,27,12,4,14,698,327,0,14,0,14,60,48,0,14,60,48,1261,380,48,55,0,14,80,101,0,14,0,14,805,314,328,285,328,285,0,14
1400000US06037183221,3133,592,1334,248,852,244,108,87,0,14,337,175,0,14,23,37,14,23,0,14,14,23,1799,519,151,106,0,14,184,181,0,14,0,14,565,270,899,481,638,424,261,284
1400000US06037183222,3485,557,2039,468,1362,420,43,43,0,14,528,197,0,14,0,14,106,84,0,14,106,84,1446,296,71,59,0,14,88,84,0,14,0,14,742,349,545,213,490,212,55,67
1400000US06037183300,2812,417,1236,413,606,316,9,14,0,14,413,228,0,14,11,17,197,165,31,48,166,162,1576,341,154,116,0,14,0,14,0,14,0,14,624,328,798,262,617,218,181,211
1400000US06037183401,2276,419,1189,348,560,121,20,26,0,14,521,335,0,14,22,22,66,43,0,14,66,43,1087,233,176,144,0,14,23,18,21,31,0,14,579,259,288,187,247,173,41,49
1400000US06037183402,3183,382,1848,319,948,208,11,23,0,14,630,96,0,14,0,14,259,208,47,36,212,206,1335,293,184,136,0,14,0,14,21,37,0,14,684,249,446,293,301,207,145,199
1400000US06037183510,2377,332,821,217,444,130,0,14,0,14,307,237,0,14,11,17,59,35,0,14,59,35,1556,268,81,49,0,14,28,67,9,12,0,14,832,283,606,186,524,164,82,84
1400000US06037183520,3649,644,761,171,494,147,107,107,0,14,74,65,0,14,5,13,81,65,15,40,66,54,2888,676,290,214,0,14,163,143,0,14,0,14,1573,543,862,416,745,407,117,133
1400000US06037183610,2694,293,1167,166,783,145,0,14,9,15,234,82,0,14,32,48,109,70,12,19,97,68,1527,248,275,191,0,14,39,47,7,11,0,14,634,252,572,257,456,241,116,82
1400000US06037183620,2967,392,1252,216,836,217,3,8,0,14,356,164,0,14,14,21,43,41,0,14,43,41,1715,395,343,239,0,14,193,277,0,14,0,14,836,394,343,220,336,220,7,11
1400000US06037183701,3351,490,867,240,600,196,31,37,0,14,154,103,0,14,6,10,76,59,30,34,46,49,2484,471,324,213,0,14,247,202,18,37,0,14,1299,413,596,275,550,269,46,45
1400000US06037183702,2905,460,1454,386,779,229,65,59,32,45,283,119,0,14,0,14,295,241,168,243,127,87,1451,220,55,45,0,14,14,19,0,14,0,14,767,387,615,275,540,279,75,55
1400000US06037183810,4359,628,1312,370,920,253,167,231,0,14,98,75,0,14,0,14,127,118,0,14,127,118,3047,599,176,114,0,14,305,233,0,14,0,14,1605,595,961,322,860,314,101,115
1400000US06037183820,3707,551,880,327,418,197,151,203,0,14,253,215,0,14,9,13,49,36,12,20,37,29,2827,511,459,303,0,14,184,203,37,58,0,14,1073,346,1074,501,923,495,151,171
1400000US06037185101,2427,367,1136,222,915,234,83,95,0,14,123,79,0,14,0,14,15,24,0,14,15,24,1291,453,63,101,0,14,93,86,0,14,0,14,930,512,205,141,102,90,103,111
1400000US06037185102,3515,832,2680,603,2257,624,46,42,12,19,294,121,0,14,0,14,71,51,0,14,71,51,835,430,33,49,0,14,32,49,1,9,0,14,68,73,701,439,664,445,37,50
1400000US06037185202,4198,883,2518,809,1918,749,0,14,0,14,290,116,22,36,0,14,288,138,22,26,266,136,1680,343,147,96,0,14,54,62,0,14,0,14,889,332,590,244,518,235,72,68
1400000US06037185203,2365,288,813,233,390,147,6,9,0,14,240,110,0,14,0,14,177,137,16,25,161,135,1552,350,259,228,0,14,13,18,0,14,0,14,600,241,680,256,600,249,80,64
1400000US06037185204,1800,216,1155,177,651,118,92,65,0,14,371,90,0,14,0,14,41,44,8,11,33,41,645,188,52,63,0,14,25,31,14,24,0,14,306,181,248,133,231,130,17,44
1400000US06037185310,2908,480,475,186,211,57,8,12,0,14,214,184,0,14,0,14,42,40,0,14,42,40,2433,472,366,366,0,14,0,14,6,10,0,14,1589,293,472,207,427,203,45,49
1400000US06037185320,2692,444,419,85,214,81,10,15,0,14,164,81,0,14,0,14,31,34,0,14,31,34,2273,434,75,69,0,14,7,11,17,27,0,14,1333,287,841,391,674,324,167,238
1400000US06037186100,4711,577,2799,557,1783,374,13,21,9,15,638,340,0,14,58,79,298,122,56,54,242,110,1912,459,108,88,0,14,22,24,30,31,0,14,1173,437,579,216,367,155,212,165
1400000US06037186201,3187,900,2097,442,830,326,23,35,0,14,1118,306,0,14,25,39,101,66,0,14,101,66,1090,773,271,252,10,15,0,14,8,12,0,14,170,108,631,734,631,734,0,14
1400000US06037186202,1738,287,1135,277,438,157,31,41,17,20,551,262,0,14,26,30,72,55,6,11,66,54,603,134,38,58,0,14,68,65,0,14,6,10,126,76,365,131,264,126,101,77
1400000US06037186203,2509,271,2001,322,1614,346,13,21,0,14,310,110,0,14,0,14,64,49,6,10,58,48,508,185,23,24,0,14,0,14,0,14,0,14,213,153,272,157,218,164,54,52
1400000US06037186301,2663,275,1186,191,426,110,184,94,0,14,370,173,0,14,6,9,200,100,0,14,200,100,1477,218,109,75,0,14,45,45,0,14,0,14,868,224,455,232,408,224,47,41
1400000US06037186302,4958,687,3197,602,1737,542,36,42,0,14,1040,327,0,14,0,14,384,231,113,112,271,204,1761,392,141,131,0,14,48,60,43,48,0,14,857,404,672,232,632,233,40,42
1400000US06037186401,2555,433,706,119,158,56,63,79,0,14,425,117,0,14,26,37,34,39,0,14,34,39,1849,415,48,64,0,14,168,138,17,20,0,14,797,254,819,416,546,376,273,210
1400000US06037186403,2658,446,956,203,417,118,65,66,8,12,374,135,0,14,0,14,92,75,0,14,92,75,1702,379,97,76,7,11,57,57,0,14,0,14,933,368,608,229,528,245,80,92
1400000US06037186404,2441,466,919,202,577,187,8,12,0,14,183,102,0,14,0,14,151,86,7,11,144,87,1522,407,89,75,0,14,51,51,3,8,0,14,964,384,415,238,401,237,14,15
1400000US06037187101,3026,559,1834,343,1048,226,0,14,0,14,586,182,0,14,7,12,193,158,30,46,163,152,1192,472,65,70,0,14,12,20,13,20,0,14,576,244,526,410,518,411,8,16
1400000US06037187102,4615,875,2277,607,774,167,57,48,0,14,1226,587,0,14,0,14,220,121,96,100,124,68,2338,536,350,275,0,14,82,97,6,11,0,14,1018,402,882,477,675,427,207,253
1400000US06037187200,2872,549,1489,491,789,333,24,25,0,14,529,170,0,14,9,15,138,140,8,12,130,141,1383,270,145,87,0,14,58,47,7,12,0,14,941,256,232,174,218,174,14,22
1400000US06037187300,3681,477,2964,413,2089,411,140,98,6,10,526,131,0,14,38,33,165,98,66,73,99,65,717,285,259,195,0,14,0,14,0,14,0,14,169,124,289,203,269,202,20,34
1400000US06037188100,3954,543,2392,329,1628,247,63,59,0,14,485,283,0,14,0,14,216,123,75,58,141,102,1562,410,236,155,0,14,0,14,0,14,0,14,964,419,362,177,303,174,59,40
1400000US06037188201,2994,310,2542,307,1948,282,130,76,9,15,326,196,0,14,10,17,119,78,14,21,105,74,452,147,118,79,0,14,49,78,0,14,0,14,110,66,175,98,138,81,37,56
1400000US06037188202,3093,527,2780,525,1735,491,371,285,0,14,522,284,0,14,38,55,114,111,0,14,114,111,313,151,62,54,0,14,0,14,0,14,0,14,28,24,223,139,104,96,119,101
1400000US06037188300,3285,452,2593,434,1363,243,20,24,0,14,988,295,0,14,0,14,222,143,95,124,127,71,692,264,33,32,0,14,32,62,0,14,0,14,269,252,358,120,333,120,25,28
1400000US06037189101,2382,255,2164,251,1636,254,105,83,0,14,342,162,0,14,26,28,55,58,55,58,0,14,218,202,9,14,0,14,0,14,0,14,0,14,135,193,74,42,67,40,7,10
1400000US06037189102,3704,412,3372,435,2481,429,79,54,9,12,623,308,0,14,0,14,180,96,56,43,124,84,332,138,43,36,29,45,0,14,0,14,0,14,95,90,165,94,143,88,22,30
1400000US06037189201,3061,394,2052,408,1815,388,30,29,0,14,155,129,0,14,5,33,47,36,34,30,13,20,1009,485,64,41,0,14,23,35,36,59,0,14,627,439,259,162,232,167,27,33
1400000US06037189202,3119,472,2714,487,2175,359,38,39,0,14,260,127,0,14,0,14,241,179,0,14,241,179,405,245,139,116,0,14,10,15,0,14,0,14,49,32,207,195,195,193,12,19
1400000US06037189300,2920,492,2728,497,1916,434,84,61,17,37,358,220,0,14,103,87,250,148,29,45,221,140,192,119,14,23,0,14,0,14,0,14,0,14,86,73,92,93,92,93,0,14
1400000US06037189400,2977,484,2630,439,2110,385,327,323,0,14,92,49,0,14,0,14,101,62,29,30,72,54,347,157,21,25,0,14,0,14,7,11,0,14,34,51,285,144,276,147,9,13
1400000US06037189501,2245,437,2129,449,1770,373,207,259,0,14,64,42,0,14,10,18,78,54,25,21,53,51,116,64,49,52,10,17,0,14,0,14,0,14,14,22,43,32,26,29,17,23
1400000US06037189502,2053,260,1699,305,1193,233,155,102,0,14,193,100,6,13,16,25,136,109,79,100,57,64,354,132,99,84,60,65,0,14,6,13,0,14,104,106,85,77,37,36,48,63
1400000US06037189600,3296,590,2739,444,2127,397,129,106,12,19,179,113,0,14,24,37,268,156,61,76,207,151,557,337,16,27,0,14,0,14,143,220,0,14,82,127,316,190,316,190,0,14
1400000US06037189702,2459,434,2197,371,1748,384,286,175,0,14,17,27,0,14,9,14,137,132,0,14,137,132,262,169,59,65,29,43,0,14,12,19,0,14,28,21,134,151,111,144,23,44
1400000US06037189703,1842,220,1717,223,1110,230,137,79,0,14,319,169,0,14,23,43,128,86,20,34,108,76,125,70,20,25,0,14,0,14,0,14,0,14,17,25,88,62,73,54,15,28
1400000US06037189704,2169,575,1578,461,1086,451,93,97,0,14,124,103,0,14,17,28,258,177,36,56,222,173,591,361,33,41,17,35,0,14,0,14,0,14,312,335,229,122,149,112,80,70
1400000US06037189801,2429,325,2146,343,1823,312,126,96,26,41,44,36,0,14,33,39,94,68,12,19,82,64,283,122,67,61,0,14,0,14,0,14,0,14,66,64,150,87,91,81,59,61
1400000US06037189802,1934,304,1476,339,1070,355,163,98,0,14,70,56,0,14,58,89,115,80,0,14,115,80,458,232,111,111,0,14,0,14,0,14,0,14,113,94,234,134,216,130,18,41
1400000US06037189903,2212,275,1820,260,1336,245,143,103,0,14,170,125,0,14,15,24,156,102,6,11,150,100,392,167,105,74,10,16,0,14,0,14,0,14,128,81,149,74,133,73,16,24
1400000US06037189904,2434,362,1894,299,1206,235,240,119,0,14,188,138,0,14,0,14,260,187,105,136,155,121,540,289,45,47,25,30,5,8,0,14,0,14,265,265,200,122,200,122,0,14
1400000US06037189905,2446,597,1771,221,1380,231,181,109,0,14,94,48,0,14,0,14,116,64,85,62,31,31,675,498,0,14,27,41,0,14,5,9,0,14,245,145,398,373,331,366,67,83
1400000US06037189906,2324,239,2004,247,1310,271,242,163,0,14,291,146,0,14,43,54,118,81,42,49,76,63,320,114,40,31,15,22,0,14,33,46,0,14,80,57,152,102,104,88,48,61
1400000US06037189907,2681,883,2098,345,1473,370,269,119,0,14,276,148,0,14,16,26,64,47,0,14,64,47,583,635,93,75,0,14,0,14,0,14,0,14,131,139,359,489,359,489,0,14
1400000US06037190101,1600,309,1386,331,827,276,225,134,31,47,66,43,12,20,88,138,137,106,0,14,137,106,214,97,34,44,9,15,0,14,0,14,0,14,136,78,35,26,28,24,7,11
1400000US06037190102,2629,535,1763,494,1052,405,69,64,0,14,412,217,0,14,0,14,230,152,104,121,126,123,866,383,30,34,0,14,35,35,0,14,0,14,509,326,292,239,170,188,122,188
1400000US06037190201,3674,779,1808,302,977,207,212,101,0,14,370,207,0,14,89,94,160,100,30,47,130,92,1866,781,432,377,29,44,13,27,0,14,0,14,684,324,708,534,692,534,16,24
1400000US06037190202,3001,420,2583,439,1608,380,388,302,0,14,338,240,0,14,46,52,203,106,19,31,184,99,418,202,122,98,0,14,0,14,7,13,0,14,18,30,271,176,215,161,56,70
1400000US06037190302,2491,536,1844,306,1198,335,66,45,0,14,296,209,0,14,116,100,168,122,0,14,168,122,647,468,14,35,0,14,43,69,0,14,0,14,538,443,52,60,52,60,0,14
1400000US06037190303,2798,462,2241,440,1448,416,129,84,45,68,285,207,0,14,7,12,327,106,16,23,311,109,557,244,152,152,12,19,41,66,0,14,0,14,227,162,125,81,108,74,17,23
1400000US06037190401,2827,482,2079,326,1530,297,204,103,23,38,214,136,0,14,17,19,91,59,14,18,77,58,748,337,110,84,25,39,8,13,0,14,0,14,328,245,277,148,252,140,25,41
1400000US06037190402,2244,310,1474,320,902,280,166,97,0,14,286,159,0,14,19,35,101,118,0,14,101,118,770,329,77,61,0,14,51,75,0,14,0,14,342,252,300,227,300,227,0,14
1400000US06037190510,4003,596,2390,448,1492,377,205,139,0,14,555,273,0,14,0,14,138,89,25,38,113,81,1613,503,105,98,0,14,232,202,0,14,0,14,1038,495,238,176,232,180,6,10
1400000US06037190520,3434,503,2458,487,1298,496,274,170,0,14,744,322,0,14,33,51,109,102,61,74,48,61,976,308,86,88,0,14,120,146,8,13,0,14,423,163,339,276,202,167,137,148
1400000US06037190701,1748,354,1359,318,763,174,129,93,5,7,325,254,12,23,0,14,125,107,63,95,62,54,389,157,64,58,0,14,0,14,12,21,0,14,140,91,173,116,169,116,4,6
1400000US06037190702,1322,239,1083,231,751,173,68,89,0,14,206,94,0,14,0,14,58,48,0,14,58,48,239,105,40,36,8,12,21,19,0,14,0,14,81,58,89,54,52,44,37,39
1400000US06037190801,2857,349,1720,356,989,341,288,126,31,49,329,181,0,14,18,30,65,73,0,14,65,73,1137,232,181,113,16,30,23,31,0,14,23,46,498,257,396,175,372,170,24,34
1400000US06037190802,2797,441,1973,407,1046,376,455,269,0,14,226,124,0,14,42,64,204,108,39,36,165,109,824,188,126,90,13,21,50,76,36,53,0,14,249,140,350,182,350,182,0,14
1400000US06037190901,3673,455,1255,339,743,329,234,176,0,14,188,125,0,14,0,14,90,87,5,9,85,86,2418,434,25,38,0,14,20,26,0,14,0,14,1456,455,917,366,632,403,285,268
1400000US06037190902,3873,572,1650,327,917,328,378,202,0,14,205,128,26,41,77,114,47,34,15,20,32,28,2223,526,302,308,0,14,224,223,0,14,0,14,1438,345,259,194,136,116,123,147
1400000US06037191000,5426,698,3931,673,2124,661,378,216,48,74,878,393,0,19,68,110,435,193,70,111,365,169,1495,569,100,80,74,116,17,34,0,19,0,19,696,393,608,474,608,474,0,19
1400000US06037191110,3828,518,2726,200,2161,268,70,58,0,14,327,136,0,14,8,13,160,187,3,7,157,186,1102,473,408,451,0,14,0,14,0,14,0,14,566,222,128,85,128,85,0,14
1400000US06037191120,3843,580,1717,304,988,260,174,137,0,14,373,151,0,14,36,65,146,101,38,57,108,85,2126,562,86,73,0,14,115,146,0,14,0,14,1506,514,419,246,349,224,70,79
1400000US06037191201,5973,664,4425,535,3163,531,264,152,26,34,510,204,0,19,165,146,297,200,31,32,266,200,1548,567,215,171,0,19,10,11,0,19,0,19,998,520,325,165,280,150,45,83
1400000US06037191203,1945,337,1155,307,464,126,97,70,0,14,560,323,0,14,0,14,34,50,34,50,0,14,790,119,9,14,0,14,30,24,0,14,0,14,596,110,155,90,155,90,0,14
1400000US06037191204,1568,220,891,119,417,78,201,121,0,14,241,107,0,14,11,18,21,24,0,14,21,24,677,201,27,23,0,14,10,16,0,14,0,14,579,198,61,48,22,19,39,45
1400000US06037191301,1993,376,1222,312,488,105,116,105,54,70,450,305,0,14,24,23,90,68,40,52,50,42,771,158,58,44,21,32,5,7,0,14,0,14,537,134,150,82,117,74,33,40
1400000US06037191302,1780,283,1060,290,510,103,164,203,0,14,328,177,0,14,0,14,58,40,41,35,17,20,720,227,23,32,0,14,7,13,26,42,0,14,441,178,223,117,218,117,5,7
1400000US06037191410,3313,323,1065,151,499,161,70,78,13,23,434,152,0,14,6,10,43,39,0,14,43,39,2248,336,129,112,0,14,337,298,11,18,0,14,1553,393,218,147,195,141,23,35
1400000US06037191420,2853,1058,1166,438,591,227,4,13,9,14,422,243,0,14,10,21,130,105,49,63,81,77,1687,1122,134,192,0,14,26,37,0,14,0,14,703,375,824,1043,774,1050,50,46
1400000US06037191500,5173,776,2396,636,1161,560,325,205,0,19,798,288,5,15,0,19,107,79,16,27,91,73,2777,634,95,78,27,39,213,205,0,19,0,19,2062,629,380,226,312,223,68,62
1400000US06037191610,3663,508,1657,378,775,250,104,77,0,14,607,274,0,14,0,14,171,98,38,37,133,98,2006,465,105,85,22,24,0,14,0,14,0,14,1687,445,192,143,154,119,38,60
1400000US06037191620,2838,538,1062,538,480,236,56,54,0,14,521,485,0,14,0,14,5,8,0,14,5,8,1776,436,100,80,0,14,36,45,14,23,0,14,1354,408,272,186,263,190,9,14
1400000US06037191710,2519,531,495,157,328,139,42,50,0,14,55,58,0,14,10,17,60,84,0,14,60,84,2024,581,93,112,0,14,14,21,143,148,0,14,1430,561,344,253,334,259,10,17
1400000US06037191720,3462,495,1044,265,400,217,284,158,0,14,338,203,0,14,22,34,0,14,0,14,0,14,2418,575,389,216,0,14,39,42,0,14,0,14,1740,587,250,229,203,200,47,73
1400000US06037191810,2795,505,1177,228,696,184,272,181,6,11,108,60,11,18,37,47,47,47,20,33,27,24,1618,432,58,60,41,53,80,129,0,14,0,14,1268,377,171,95,138,95,33,41
1400000US06037191820,3776,447,2725,460,1509,405,433,259,37,57,542,258,0,14,13,21,191,124,25,37,166,113,1051,247,208,161,119,107,0,14,12,19,0,14,363,227,349,164,338,161,11,18
1400000US06037191901,4328,750,3474,687,2341,615,387,223,0,14,372,158,16,26,16,26,342,174,42,53,300,167,854,274,102,95,0,14,0,14,0,14,19,30,355,196,378,201,230,178,148,149
1400000US06037191902,2845,405,2484,409,1888,418,49,44,0,14,341,174,0,14,35,52,171,90,60,54,111,78,361,202,12,19,0,14,27,39,0,14,0,14,181,169,141,96,85,56,56,80
1400000US06037192001,2364,276,2108,294,1622,301,107,79,29,44,241,150,0,14,14,17,95,65,0,14,95,65,256,116,87,54,0,14,6,14,0,14,0,14,60,67,103,70,89,66,14,21
1400000US06037192002,2680,308,2460,322,2060,358,40,35,0,14,188,118,15,22,0,14,157,104,22,39,135,96,220,114,55,50,0,14,0,14,0,14,0,14,48,54,117,76,112,73,5,11
1400000US06037192300,2606,437,2008,351,1461,288,68,89,0,14,386,191,0,14,10,16,83,69,6,9,77,68,598,397,80,81,0,14,11,17,0,14,0,14,146,88,361,377,361,377,0,14
1400000US06037192410,4334,748,3693,765,2148,654,198,132,0,14,919,300,0,14,45,58,383,268,139,217,244,156,641,222,20,22,0,14,9,15,0,14,0,14,276,211,336,251,336,251,0,14
1400000US06037192420,3114,350,2285,372,729,240,83,66,145,134,1166,327,0,14,0,14,162,114,10,16,152,113,829,316,78,83,0,14,0,14,0,14,0,14,461,261,290,181,290,181,0,14
1400000US06037192510,4005,693,1654,520,202,98,0,14,0,14,1316,506,4,10,0,14,132,103,28,31,104,110,2351,650,31,49,0,14,166,218,0,14,0,14,1230,467,924,533,908,533,16,25
1400000US06037192520,4836,538,1860,541,492,273,322,298,0,14,984,380,0,14,11,17,51,52,27,36,24,38,2976,502,317,214,21,33,0,14,0,14,0,14,2299,506,339,164,324,161,15,24
1400000US06037192610,4070,550,1798,374,779,289,171,138,0,14,667,256,0,14,38,33,143,144,0,14,143,144,2272,473,341,319,0,14,129,171,0,14,0,14,1435,433,367,211,244,153,123,121
1400000US06037192620,3661,593,1376,337,341,198,182,180,0,14,786,272,0,14,11,18,56,58,0,14,56,58,2285,668,148,148,0,14,241,212,0,14,0,14,1023,488,873,503,706,392,167,268
1400000US06037192700,3018,554,1293,305,730,273,130,75,0,14,390,179,0,14,0,14,43,53,0,14,43,53,1725,528,510,413,0,14,103,81,14,24,0,14,782,330,316,128,309,127,7,12
1400000US06037194101,3153,498,2756,486,2189,463,115,88,0,14,312,229,39,58,22,27,79,71,27,32,52,61,397,183,117,109,11,19,25,39,0,14,0,14,54,44,190,139,182,141,8,13
1400000US06037194102,2733,314,2388,292,1789,317,98,123,0,14,440,270,0,14,0,14,61,61,26,42,35,45,345,242,68,72,0,14,0,14,0,14,0,14,97,124,180,170,180,170,0,14
1400000US06037194200,3389,565,3151,568,2588,495,0,14,0,14,370,264,0,14,28,44,165,106,52,66,113,87,238,109,47,51,0,14,9,15,0,14,0,14,48,49,134,92,112,88,22,34
1400000US06037194300,2918,616,2699,628,2334,601,50,52,0,14,0,14,15,24,65,107,235,124,50,52,185,109,219,124,36,53,0,14,0,14,0,14,0,14,11,17,172,113,112,89,60,75
1400000US06037194401,2579,331,2288,335,1631,320,113,79,0,14,365,181,0,14,31,49,148,61,11,17,137,58,291,136,70,58,0,14,0,14,0,14,0,14,125,91,96,87,81,77,15,27
1400000US06037194402,3397,458,2863,379,2171,404,74,72,0,14,542,207,0,14,0,14,76,60,27,33,49,49,534,240,91,73,0,14,0,14,0,14,0,14,199,122,244,136,66,31,178,135
1400000US06037194500,2120,232,1980,223,1527,200,83,72,0,14,220,147,0,14,50,76,100,80,0,14,100,80,140,78,21,29,0,14,5,7,0,14,0,14,41,47,73,66,51,60,22,26
1400000US06037195100,4871,565,4260,514,3076,429,126,88,0,14,598,155,0,14,0,14,460,193,145,131,315,153,611,204,206,165,0,14,0,14,19,30,0,14,88,86,298,189,250,188,48,52
1400000US06037195201,2980,333,2553,317,1921,296,36,39,0,14,287,175,0,14,9,14,300,136,14,21,286,136,427,176,29,34,0,14,0,14,0,14,0,14,270,162,128,72,104,62,24,26
1400000US06037195202,3280,409,2628,290,2278,249,29,35,0,14,166,82,8,14,11,18,136,61,5,12,131,61,652,266,66,47,0,14,9,14,0,14,0,14,80,81,497,214,371,213,126,131
1400000US06037195300,2990,409,2244,293,1612,274,69,50,0,14,352,110,0,14,98,87,113,59,12,16,101,56,746,280,214,138,0,14,12,17,0,14,0,14,321,234,199,116,149,79,50,62
1400000US06037195400,4306,574,3643,531,2816,576,114,102,0,14,311,133,121,160,0,14,281,183,155,119,126,114,663,260,19,31,0,14,0,14,0,14,0,14,310,286,334,153,305,148,29,27
1400000US06037195500,5111,744,3843,613,2473,424,24,45,0,19,890,403,0,19,48,70,408,306,83,74,325,302,1268,487,195,95,0,19,0,19,0,19,0,19,456,453,617,260,540,259,77,65
1400000US06037195600,2868,508,1626,488,1185,462,35,57,0,14,236,96,0,14,113,109,57,52,10,16,47,46,1242,572,102,81,0,14,0,14,0,14,0,14,880,555,260,192,249,197,11,24
1400000US06037195710,3971,440,1933,285,951,215,277,200,5,9,580,198,0,14,0,14,120,68,10,16,110,68,2038,460,160,130,0,14,42,64,0,14,0,14,1168,470,668,359,460,191,208,288
1400000US06037195720,1745,219,1068,196,747,166,63,47,0,14,194,73,0,14,0,14,64,37,0,14,64,37,677,128,51,38,0,14,25,28,0,14,0,14,513,121,88,46,88,46,0,14
1400000US06037195802,2864,380,1509,298,565,201,22,27,0,14,759,258,0,14,68,99,95,59,22,31,73,48,1355,324,200,133,0,14,0,14,31,44,0,14,944,274,180,130,117,85,63,89
1400000US06037195803,2182,232,1521,205,1121,209,169,155,0,14,181,83,0,14,0,14,50,48,2,8,48,45,661,143,20,23,8,14,0,14,0,14,0,14,366,137,267,145,250,146,17,30
1400000US06037195804,2475,383,1165,232,661,176,15,24,28,30,266,142,0,14,82,79,113,89,58,62,55,59,1310,363,227,185,16,24,43,62,0,14,0,14,735,351,289,131,243,130,46,44
1400000US06037195901,2446,377,1737,267,991,270,47,59,0,14,450,231,0,14,155,110,94,55,27,31,67,53,709,176,235,151,0,14,14,21,0,14,0,14,269,153,191,116,165,116,26,29
1400000US06037195902,1839,384,1658,390,1111,193,20,27,0,14,195,144,0,14,0,14,332,331,244,319,88,61,181,82,10,15,0,14,0,14,0,14,0,14,126,70,45,36,37,33,8,12
1400000US06037195903,2035,234,1195,168,733,136,58,45,0,14,295,120,0,14,0,14,109,62,0,14,109,62,840,171,21,20,7,10,84,74,0,14,0,14,492,175,236,100,155,82,81,74
1400000US06037197200,3505,480,2423,494,439,229,136,119,73,97,1502,441,11,17,0,14,262,180,0,14,262,180,1082,375,43,44,114,116,68,107,16,29,18,28,528,274,295,195,283,199,12,13
1400000US06037197300,3792,477,2591,412,1750,391,32,38,0,14,382,178,0,14,0,14,427,205,35,34,392,206,1201,293,41,33,0,14,61,101,6,9,0,14,587,252,506,229,487,226,19,22
1400000US06037197410,4014,564,2686,552,1729,449,71,40,0,14,476,211,0,14,0,14,410,249,35,36,375,245,1328,297,334,210,0,14,0,14,0,14,0,14,364,183,630,295,429,240,201,154
1400000US06037197420,3445,414,1908,283,1194,229,225,136,0,14,351,166,0,14,0,14,138,63,32,30,106,59,1537,399,109,86,0,14,9,15,0,14,0,14,979,313,440,368,335,291,105,147
1400000US06037197500,3790,460,2176,411,1414,374,61,58,9,15,400,180,0,14,0,14,292,142,73,70,219,126,1614,309,278,226,0,14,58,74,0,14,0,14,921,328,357,206,357,206,0,14
1400000US06037197600,2352,483,1044,181,768,143,13,23,0,14,232,127,0,14,6,11,25,31,8,14,17,27,1308,461,169,144,0,14,0,14,0,14,0,14,573,263,566,410,534,409,32,28
1400000US06037197700,4690,527,3188,539,725,212,364,366,0,14,1819,475,0,14,22,35,258,170,20,31,238,171,1502,356,95,96,18,30,16,26,0,14,0,14,882,218,491,237,491,237,0,14
1400000US06037199001,2390,427,1120,417,22,32,0,14,0,14,1060,402,0,14,0,14,38,52,0,14,38,52,1270,365,93,97,0,14,28,41,0,14,0,14,699,289,450,302,450,302,0,14
1400000US06037199002,2697,487,1137,346,606,339,10,18,0,14,459,198,0,14,8,13,54,53,9,15,45,52,1560,419,192,191,0,14,24,48,0,14,0,14,1093,279,251,276,240,276,11,19
1400000US06037199110,2335,580,394,109,132,60,0,14,0,14,204,120,0,14,4,6,54,31,13,19,41,23,1941,585,166,128,0,14,156,111,0,14,0,14,1106,553,513,293,465,287,48,38
1400000US06037199120,3454,425,1301,256,275,137,55,48,0,14,961,266,0,14,0,14,10,19,0,14,10,19,2153,437,40,36,21,25,19,30,0,14,0,14,1594,423,479,233,419,219,60,68
1400000US06037199201,3268,493,1403,345,141,89,48,54,0,14,1201,356,0,14,0,14,13,20,0,14,13,20,1865,495,273,183,0,14,13,22,25,40,0,14,1264,479,290,214,262,207,28,45
1400000US06037199202,2501,386,938,293,489,264,8,13,0,14,362,148,0,14,0,14,79,73,47,70,32,22,1563,319,53,62,0,14,18,21,0,14,0,14,1237,355,255,147,195,132,60,66
1400000US06037199300,3687,578,1744,512,629,150,34,46,79,77,781,450,0,14,10,17,211,135,26,30,185,130,1943,336,241,163,0,14,90,99,8,15,0,14,574,223,1030,361,678,318,352,271
1400000US06037199400,4243,844,1580,696,285,136,179,130,0,14,1103,706,0,14,0,14,13,17,0,14,13,17,2663,662,328,263,0,14,69,80,0,14,0,14,1745,534,521,283,457,294,64,65
1400000US06037199700,3500,559,1374,408,373,120,178,183,0,14,589,282,32,46,27,44,175,182,0,14,175,182,2126,431,123,88,11,18,135,120,0,14,80,79,1428,564,349,162,270,150,79,69
1400000US06037199801,3520,638,1187,388,51,47,18,22,24,36,993,420,91,125,0,14,10,16,0,14,10,16,2333,578,0,14,0,14,0,14,10,15,19,27,2041,581,263,154,228,139,35,46
1400000US06037199802,1905,263,1036,265,107,94,0,14,50,68,849,286,0,14,8,14,22,28,9,16,13,23,869,179,85,108,0,14,0,14,5,11,0,14,661,204,118,90,92,83,26,31
1400000US06037199900,2414,396,500,186,45,36,0,14,0,14,419,190,0,14,36,25,0,14,0,14,0,14,1914,346,180,152,40,57,14,16,16,23,0,14,1374,307,290,148,281,148,9,13
1400000US06037201110,2476,301,574,172,343,106,48,56,0,14,168,109,0,14,0,14,15,18,10,17,5,7,1902,305,237,126,0,14,26,37,0,14,0,14,1058,351,581,145,549,145,32,39
1400000US06037201120,3892,527,1046,379,558,261,96,141,29,41,292,210,0,14,7,13,64,52,0,14,64,52,2846,581,188,140,0,14,156,131,0,14,0,14,1608,516,894,368,616,277,278,214
1400000US06037201200,2513,387,414,170,207,114,0,14,0,14,136,120,0,14,34,46,37,29,0,14,37,29,2099,449,153,92,0,14,13,21,0,14,0,14,1253,295,680,369,603,320,77,117
1400000US06037201301,3215,745,816,292,228,164,134,133,3,7,363,240,0,14,43,63,45,45,0,14,45,45,2399,811,594,693,0,14,28,44,0,14,0,14,1350,349,427,195,421,195,6,15
1400000US06037201302,4108,546,3271,529,997,295,336,267,0,14,1569,422,0,14,17,26,352,216,36,42,316,211,837,178,170,117,7,11,29,45,0,14,0,14,236,124,395,117,336,109,59,69
1400000US06037201401,4131,644,1026,158,475,133,66,83,6,9,417,122,0,14,0,14,62,49,13,21,49,44,3105,636,321,237,126,143,7,11,0,14,0,14,2007,703,644,285,611,289,33,37
1400000US06037201402,4143,698,1051,236,344,197,10,17,0,14,578,155,0,14,0,14,119,75,0,14,119,75,3092,572,609,427,0,14,36,71,27,33,0,14,1459,491,961,490,919,482,42,52
1400000US06037201501,5137,614,1436,418,444,168,180,245,70,117,709,320,0,19,9,16,24,27,0,19,24,27,3701,615,361,175,0,19,82,84,0,19,0,19,2312,592,946,332,871,325,75,65
1400000US06037201503,3141,449,560,200,204,110,76,59,0,14,249,126,0,14,8,11,23,24,7,10,16,17,2581,435,244,120,21,30,179,134,0,14,0,14,1226,504,911,327,889,324,22,31
1400000US06037201504,2237,395,558,235,235,114,0,14,0,14,301,215,0,14,0,14,22,27,0,14,22,27,1679,417,181,105,0,14,43,49,16,19,0,14,973,383,466,327,457,326,9,15
1400000US06037201601,2098,361,565,188,186,117,142,132,0,14,196,92,0,14,12,20,29,28,0,14,29,28,1533,282,100,46,7,12,47,67,0,14,0,14,908,229,471,186,434,187,37,42
1400000US06037201602,2577,619,507,117,219,101,5,7,0,14,241,51,0,14,28,29,14,15,8,11,6,9,2070,624,97,48,6,9,0,14,38,59,0,14,1436,684,493,236,481,235,12,14
1400000US06037201700,5135,543,2125,360,673,229,404,198,17,24,916,260,0,19,9,13,106,65,9,20,97,64,3010,508,231,112,47,54,81,78,40,37,0,19,1696,521,915,309,763,299,152,104
1400000US06037203100,4348,728,320,192,79,77,91,107,11,18,81,69,0,14,43,76,15,26,0,14,15,26,4028,748,478,216,0,14,9,14,0,14,0,14,2485,842,1056,491,1056,491,0,14
1400000US06037203200,4748,975,200,94,124,70,0,14,0,14,67,63,0,14,0,14,9,16,9,16,0,14,4548,960,177,153,13,21,180,162,0,14,0,14,2636,1040,1542,578,1332,590,210,170
1400000US06037203300,2151,297,918,192,325,114,99,62,0,14,450,137,0,14,22,32,22,27,0,14,22,27,1233,318,94,89,61,90,45,42,0,14,0,14,830,320,203,83,182,80,21,18
1400000US06037203500,2904,427,660,225,184,132,25,41,0,14,395,187,0,14,50,56,6,9,6,9,0,14,2244,448,383,324,0,14,119,90,0,14,8,11,1099,385,635,237,635,237,0,14
1400000US06037203601,2697,474,135,103,11,15,14,27,0,14,110,105,0,14,0,14,0,14,0,14,0,14,2562,460,111,93,0,14,17,21,0,14,0,14,1586,343,848,369,848,369,0,14
1400000US06037203602,2065,315,236,198,26,32,40,56,48,73,122,156,0,14,0,14,0,14,0,14,0,14,1829,365,60,51,0,14,5,35,0,14,0,14,1495,408,269,183,256,186,13,22
1400000US06037203710,3322,567,97,65,55,45,11,19,14,23,17,18,0,14,0,14,0,14,0,14,0,14,3225,569,363,229,0,14,59,36,6,10,0,14,2474,554,323,211,292,206,31,26
1400000US06037203720,3363,488,200,100,88,66,0,14,30,40,54,45,0,14,0,14,28,31,0,14,28,31,3163,522,99,97,0,14,171,145,0,14,0,14,2257,551,636,270,622,270,14,21
1400000US06037203800,4938,893,167,106,49,61,31,51,0,14,74,77,0,14,0,14,13,22,0,14,13,22,4771,886,275,266,0,14,252,276,26,41,0,14,3742,872,476,307,416,288,60,68
1400000US06037203900,2575,528,283,143,117,113,0,14,0,14,166,91,0,14,0,14,0,14,0,14,0,14,2292,536,111,76,0,14,42,41,35,38,0,14,1857,538,247,109,247,109,0,14
1400000US06037204110,2526,505,185,97,65,50,31,35,1,4,48,40,0,14,0,14,40,52,24,36,16,19,2341,499,51,47,0,14,5,7,5,8,0,14,1618,509,662,280,513,208,149,199
1400000US06037204120,2475,576,98,57,75,50,3,6,0,14,19,25,0,14,0,14,1,4,0,14,1,4,2377,583,177,104,0,14,13,20,0,14,0,14,1991,619,196,101,196,101,0,14
1400000US06037204200,3383,552,216,149,56,48,38,46,0,14,104,134,18,28,0,14,0,14,0,14,0,14,3167,542,475,437,0,14,13,19,0,14,0,14,2359,468,320,185,283,172,37,65
1400000US06037204300,4281,929,169,88,96,59,5,16,0,14,68,51,0,14,0,14,0,14,0,14,0,14,4112,917,364,221,0,14,85,75,11,17,0,14,2947,931,705,276,666,267,39,40
1400000US06037204410,2309,456,334,112,211,86,0,14,0,14,35,23,0,14,20,32,68,61,20,29,48,54,1975,478,134,129,0,14,26,30,0,14,0,14,1349,475,466,260,442,258,24,34
1400000US06037204420,2884,314,238,106,127,104,47,48,0,14,29,34,7,13,0,14,28,21,11,20,17,30,2646,336,196,138,0,14,212,186,0,14,0,14,1923,363,315,126,291,127,24,25
1400000US06037204600,3735,804,320,145,109,52,65,50,0,14,99,112,0,14,0,14,47,52,24,38,23,34,3415,814,75,60,0,14,29,34,0,14,0,14,1973,530,1338,771,1338,771,0,14
1400000US06037204700,4777,712,210,150,144,115,0,14,6,9,7,14,0,14,0,14,53,83,53,83,0,14,4567,728,317,148,10,16,23,30,0,14,0,14,2753,766,1464,551,1414,552,50,52
1400000US06037204810,5402,810,212,177,46,65,32,38,0,19,29,21,0,19,105,170,0,19,0,19,0,19,5190,800,449,319,0,19,213,260,12,18,0,19,3107,892,1409,590,1270,572,139,156
1400000US06037204820,2037,345,101,71,45,45,0,14,0,14,56,61,0,14,0,14,0,14,0,14,0,14,1936,351,96,68,0,14,28,40,0,14,0,14,1203,318,609,280,593,280,16,24
1400000US06037204910,3098,604,95,95,83,95,0,14,0,14,0,14,0,14,0,14,12,12,5,8,7,10,3003,600,218,126,0,14,12,13,0,14,0,14,1912,583,861,290,790,282,71,61
1400000US06037204920,2274,358,144,87,52,23,36,43,0,14,0,14,45,74,0,14,11,16,0,14,11,16,2130,349,34,45,0,14,1,7,0,14,2,5,1534,418,559,205,545,204,14,23
1400000US06037205110,3501,438,53,39,17,21,0,14,14,19,0,14,0,14,0,14,22,31,0,14,22,31,3448,437,80,82,0,14,61,104,14,20,0,14,2511,538,782,296,762,298,20,27
1400000US06037205120,3252,673,86,102,0,14,8,10,16,24,62,99,0,14,0,14,0,14,0,14,0,14,3166,662,231,251,13,19,93,109,0,14,0,14,1841,489,988,554,988,554,0,14
1400000US06037206010,3392,593,1639,325,394,199,19,26,0,14,1115,251,0,14,64,74,47,50,0,14,47,50,1753,523,269,242,13,22,8,18,44,67,0,14,1283,565,136,78,109,68,27,30
1400000US06037206020,7629,304,4345,312,1153,160,2600,308,8,11,249,84,21,30,135,79,179,71,7,13,172,70,3284,267,256,84,70,56,131,72,9,13,0,19,1454,228,1364,176,1158,163,206,85
1400000US06037206050,2340,545,325,76,114,54,18,21,22,36,145,65,0,14,14,19,12,17,0,14,12,17,2015,549,132,85,23,8,33,40,0,14,0,14,1196,297,631,489,618,493,13,21
1400000US06037206051,1751,401,1388,276,941,237,86,73,0,14,269,149,0,14,39,60,53,49,0,14,53,49,363,269,176,244,0,14,0,14,0,14,0,14,92,66,95,103,30,28,65,101
1400000US06037206052,3160,474,2755,377,942,254,145,105,0,14,1392,358,0,14,27,44,249,157,52,54,197,147,405,228,56,66,61,86,0,14,0,14,0,14,140,169,148,110,148,110,0,14
1400000US06037206053,3066,464,695,226,168,92,149,112,0,14,303,156,0,14,50,62,25,31,0,14,25,31,2371,443,199,108,56,89,56,73,0,14,0,14,1366,450,694,368,640,366,54,53
1400000US06037206054,2174,413,439,196,5,7,23,23,0,14,389,205,0,14,0,14,22,26,0,14,22,26,1735,407,85,85,0,14,0,14,8,12,0,14,1116,382,526,213,503,215,23,30
1400000US06037206201,2191,376,1796,361,456,339,391,177,0,14,822,197,0,14,28,61,99,67,0,14,99,67,395,226,0,14,0,14,18,43,50,87,0,14,241,185,86,76,86,76,0,14
1400000US06037206202,1702,240,1363,303,168,127,148,177,28,43,993,236,0,14,0,14,26,39,12,22,14,32,339,129,2,5,85,84,30,70,0,14,0,14,82,65,140,106,61,89,79,65
1400000US06037206301,1929,289,1350,287,398,274,771,236,16,20,47,74,0,14,0,14,118,139,0,14,118,139,579,204,95,91,77,84,15,36,0,14,0,14,315,138,77,66,77,66,0,14
1400000US06037206302,1289,250,900,281,217,77,562,280,0,14,20,33,0,14,0,14,101,84,0,14,101,84,389,125,74,82,50,38,49,49,0,14,0,14,121,87,95,93,88,92,7,11
1400000US06037206303,2137,187,1375,229,457,207,661,184,0,14,42,90,0,14,0,14,215,156,0,14,215,156,762,174,56,56,38,52,73,56,14,35,0,14,229,128,352,167,249,139,103,75
1400000US06037207101,4264,696,3748,768,640,260,568,306,43,64,2032,716,0,14,97,154,368,309,85,86,283,296,516,265,20,23,0,14,30,45,0,14,0,14,414,252,52,56,30,45,22,34
1400000US06037207102,3331,405,2753,498,288,133,60,56,0,14,2253,459,0,14,0,14,152,130,0,14,152,130,578,297,0,14,0,14,32,37,0,14,0,14,420,237,126,163,113,162,13,21
1400000US06037207103,2024,235,1574,208,205,78,33,37,0,14,1312,213,0,14,0,14,24,24,0,14,24,24,450,189,25,32,0,14,7,12,5,8,0,14,320,171,93,68,64,46,29,36
1400000US06037207303,2688,450,2108,333,941,249,388,212,11,3,563,139,0,14,19,22,186,117,44,71,142,103,580,309,137,171,101,165,0,14,0,14,28,46,228,203,86,78,38,60,48,53
1400000US06037207304,2522,479,1457,405,356,198,782,285,0,14,66,78,0,14,0,14,253,173,55,84,198,150,1065,257,183,223,0,14,0,14,0,14,0,14,396,162,486,165,428,152,58,52
1400000US06037207305,1051,209,944,239,437,156,178,84,0,14,252,208,0,14,0,14,77,58,51,58,26,21,107,84,11,18,0,14,0,14,0,14,0,14,62,73,34,41,16,28,18,27
1400000US06037207306,2193,282,1894,304,847,228,397,184,0,14,386,237,0,14,45,58,219,155,0,14,219,155,299,139,66,65,33,53,23,27,0,14,10,17,157,107,10,16,10,16,0,14
1400000US06037207307,1432,271,1168,262,257,133,571,244,0,14,130,100,69,89,0,14,141,89,55,62,86,64,264,103,0,14,0,14,11,43,0,14,0,14,148,95,105,91,97,90,8,13
1400000US06037207308,1074,243,890,250,509,238,168,109,0,14,159,135,0,14,7,12,47,51,0,14,47,51,184,91,16,18,7,11,0,14,0,14,0,14,147,85,14,16,14,16,0,14
1400000US06037207400,2598,502,1792,309,668,175,406,150,10,15,583,256,0,14,0,14,125,90,8,12,117,90,806,274,292,79,5,6,7,13,17,14,0,14,301,182,184,154,183,155,1,4
1400000US06037207501,2074,377,1485,320,593,207,196,128,0,14,644,223,0,14,0,14,52,61,0,14,52,61,589,272,0,14,0,14,12,20,0,14,0,14,418,213,159,177,117,159,42,52
1400000US06037207502,4518,529,3776,516,1110,375,227,57,0,14,2174,407,0,14,36,58,229,138,38,43,191,131,742,282,116,117,0,14,0,14,13,19,0,14,377,261,236,107,166,117,70,22
1400000US06037207711,3495,518,2881,475,961,312,451,231,0,14,1440,498,0,14,0,14,29,36,0,14,29,36,614,467,12,21,23,53,36,56,0,14,0,14,485,461,58,57,58,57,0,14
1400000US06037207712,4967,699,3935,733,909,321,680,357,0,14,1857,533,0,14,2,5,487,376,29,35,458,377,1032,423,91,100,64,77,0,14,18,29,0,14,572,334,287,329,287,329,0,14
1400000US06037207901,4049,469,3574,455,750,309,817,551,91,132,1531,447,0,14,39,63,346,237,30,49,316,229,475,252,102,134,0,14,0,14,0,14,0,14,144,133,229,185,101,92,128,164
1400000US06037207902,7082,982,5876,938,2025,565,890,489,0,19,2526,718,0,19,0,19,435,334,0,19,435,334,1206,442,101,124,0,19,136,174,103,164,0,19,545,275,321,198,242,170,79,100
1400000US06037208001,3070,552,1644,418,297,184,512,258,0,14,733,378,0,14,0,14,102,110,45,70,57,89,1426,668,91,130,0,14,20,31,0,14,0,14,1054,666,261,230,246,230,15,25
1400000US06037208002,3983,833,808,246,385,122,41,70,0,14,284,206,0,14,57,109,41,39,0,14,41,39,3175,856,271,288,0,14,35,66,45,74,0,14,2190,743,634,465,607,465,27,43
1400000US06037208301,1653,324,218,108,80,64,81,70,0,14,57,64,0,14,0,14,0,14,0,14,0,14,1435,344,43,47,0,14,183,123,0,14,0,14,1151,334,58,49,58,49,0,14
1400000US06037208302,4577,656,1544,326,446,177,226,205,0,14,686,246,0,14,162,163,24,41,0,14,24,41,3033,668,0,14,0,14,238,222,0,14,0,14,2022,617,773,419,708,404,65,104
1400000US06037208401,3782,580,1407,385,100,75,230,211,8,15,985,329,8,14,0,14,76,68,0,14,76,68,2375,562,341,287,10,17,83,89,20,33,0,14,1527,570,394,211,362,206,32,44
1400000US06037208402,2608,446,821,187,286,125,73,60,0,14,408,137,15,22,0,14,39,39,0,14,39,39,1787,381,366,396,36,54,0,14,0,14,0,14,1027,233,358,200,309,191,49,54
1400000US06037208501,2605,442,1450,336,305,125,50,45,0,14,1058,308,0,14,0,14,37,34,4,8,33,33,1155,358,156,189,0,14,13,19,0,14,0,14,828,290,158,110,147,109,11,16
1400000US06037208502,3242,376,1028,382,207,120,104,111,0,14,717,348,0,14,0,14,0,14,0,14,0,14,2214,380,208,120,70,78,17,25,17,27,0,14,1482,500,420,272,319,232,101,132
1400000US06037208610,4020,588,2074,336,330,167,247,184,4,8,1277,224,109,150,0,14,107,130,21,33,86,125,1946,483,457,372,22,34,62,61,0,14,0,14,1031,297,374,216,348,223,26,35
1400000US06037208620,4204,590,1953,281,263,98,279,151,94,90,1184,254,0,14,24,36,109,70,0,14,109,70,2251,527,589,278,0,14,22,34,23,35,0,14,1219,429,398,270,335,256,63,73
1400000US06037208710,4519,775,3013,634,222,118,201,127,0,14,2384,640,15,23,0,14,191,104,0,14,191,104,1506,611,132,92,11,19,0,14,11,17,27,42,1040,595,285,220,271,215,14,23
1400000US06037208720,3267,530,844,246,312,132,97,99,0,14,397,215,0,14,23,31,15,23,0,14,15,23,2423,598,358,318,0,14,689,516,0,14,0,14,878,393,498,317,498,317,0,14
1400000US06037208801,3525,503,1967,337,495,233,652,266,0,14,722,217,0,14,0,14,98,66,0,14,98,66,1558,624,10,16,14,12,175,158,0,14,0,14,1106,524,253,212,252,212,1,4
1400000US06037208802,3519,686,1651,623,367,110,234,112,0,14,932,590,0,14,7,13,111,105,16,52,95,85,1868,515,102,168,7,14,98,90,0,14,0,14,1364,670,297,197,297,197,0,14
1400000US06037208902,2373,349,187,69,44,43,40,29,0,14,103,76,0,14,0,14,0,14,0,14,0,14,2186,358,32,34,0,14,207,210,0,14,0,14,1763,372,184,121,132,95,52,78
1400000US06037208903,4340,842,738,217,234,101,287,168,17,27,188,121,0,14,2,4,10,14,2,4,8,14,3602,898,226,163,0,14,449,369,0,14,0,14,2721,963,206,178,131,91,75,98
1400000US06037208904,3859,719,650,194,52,49,72,62,3,6,493,185,0,14,0,14,30,31,10,21,20,23,3209,692,171,172,14,22,271,170,0,14,0,14,2062,462,691,509,638,507,53,69
1400000US06037209103,3004,511,319,158,56,45,190,131,0,14,73,85,0,14,0,14,0,14,0,14,0,14,2685,518,33,25,64,60,18,15,0,14,0,14,2265,541,305,170,305,170,0,14
1400000US06037209104,2566,261,635,201,145,78,120,67,0,14,262,143,0,14,0,14,108,110,20,31,88,97,1931,335,68,70,0,14,93,74,0,14,0,14,1418,329,352,191,305,183,47,53
1400000US06037209105,2995,697,425,287,0,14,58,66,0,14,333,279,0,14,34,51,0,14,0,14,0,14,2570,569,389,377,0,14,42,70,0,14,0,14,1966,490,173,177,173,177,0,14
1400000US06037209106,2879,462,1035,298,234,148,315,158,0,14,417,175,0,14,0,14,69,68,27,39,42,54,1844,533,124,108,0,14,25,33,0,14,0,14,1648,542,47,33,43,32,4,8
1400000US06037209201,3494,407,2551,493,556,209,893,425,0,14,1003,301,0,14,17,25,82,76,0,14,82,76,943,286,63,76,107,143,33,51,0,14,0,14,418,212,322,238,270,211,52,77
1400000US06037209202,1312,282,313,209,97,54,38,40,0,14,160,195,0,14,0,14,18,26,0,14,18,26,999,231,52,53,0,14,122,128,109,81,0,14,502,253,214,227,206,234,8,13
1400000US06037209300,4917,728,2011,503,307,187,928,388,0,14,461,197,0,14,0,14,315,218,13,20,302,218,2906,687,94,114,0,14,53,81,0,14,0,14,1960,745,799,436,799,436,0,14
1400000US06037209401,4391,520,1687,395,138,69,1023,589,0,14,442,306,1,2,4,7,79,83,0,14,79,83,2704,551,83,98,15,68,137,147,0,14,0,14,1967,735,502,436,481,428,21,28
1400000US06037209402,4013,769,207,160,39,58,17,28,14,21,106,118,0,14,0,14,31,47,0,14,31,47,3806,846,217,219,0,14,61,92,0,14,0,14,2606,845,922,560,815,559,107,148
1400000US06037209403,4136,900,1103,317,126,76,377,287,48,77,545,185,0,14,0,14,7,14,0,14,7,14,3033,831,362,268,29,47,75,101,24,36,0,14,2260,775,283,211,198,167,85,124
1400000US06037209510,2957,521,1015,274,141,74,129,90,0,14,675,263,0,14,0,14,70,69,0,14,70,69,1942,535,55,50,0,14,0,14,0,14,0,14,1368,489,519,417,469,398,50,54
1400000US06037209520,2228,376,389,199,83,52,152,139,0,14,154,124,0,14,0,14,0,14,0,14,0,14,1839,350,170,95,0,14,55,65,0,14,0,14,1232,376,382,243,370,241,12,20
1400000US06037209810,2601,345,484,152,150,113,74,53,0,14,233,152,0,14,0,14,27,30,10,15,17,26,2117,381,412,270,5,8,0,14,0,14,0,14,1410,374,290,199,166,104,124,205
1400000US06037209820,2548,433,405,172,171,82,99,65,0,14,115,94,0,14,0,14,20,29,0,14,20,29,2143,428,158,132,0,14,102,94,0,14,0,14,1649,398,234,150,226,149,8,13
1400000US06037210010,3012,821,813,185,121,89,50,49,80,95,553,177,0,14,0,14,9,15,0,14,9,15,2199,789,312,281,0,14,137,168,0,14,0,14,1197,420,553,645,553,645,0,14
1400000US06037211000,5054,592,4379,423,2315,469,476,374,0,19,1461,305,0,19,24,39,103,110,58,93,45,54,675,395,104,116,15,24,0,19,0,19,0,19,86,64,470,374,460,381,10,17
1400000US06037211121,2531,517,1392,372,243,146,143,159,0,14,860,410,0,14,0,14,146,128,0,14,146,128,1139,315,223,288,0,14,0,14,10,5,0,14,722,155,184,70,116,69,68,41
1400000US06037211122,2228,372,1429,335,373,170,331,211,0,14,452,155,0,14,125,153,148,120,102,114,46,37,799,312,29,39,0,14,0,14,27,33,0,14,538,284,205,156,205,156,0,14
1400000US06037211123,1964,312,1643,273,164,127,42,46,13,21,1383,280,0,14,0,14,41,48,26,40,15,25,321,193,21,31,18,29,11,18,0,14,0,14,271,187,0,14,0,14,0,14
1400000US06037211124,4171,926,2797,947,271,166,50,45,0,14,2420,930,0,14,9,15,47,39,0,14,47,39,1374,414,157,142,0,14,15,26,0,14,0,14,1005,367,197,169,187,169,10,17
1400000US06037211201,2549,314,897,190,233,107,141,64,20,29,375,125,0,14,0,14,128,118,0,14,128,118,1652,366,169,156,0,14,25,19,0,14,0,14,956,318,502,200,425,223,77,74
1400000US06037211202,2401,371,1377,295,320,132,52,64,0,14,974,254,0,14,9,19,22,24,0,14,22,24,1024,335,37,38,0,14,12,18,0,14,0,14,648,277,327,252,327,252,0,14
1400000US06037211310,3672,619,1600,565,390,169,265,245,0,14,862,340,0,14,0,14,83,82,11,16,72,80,2072,458,190,185,0,14,12,19,0,14,0,14,1546,432,324,208,247,210,77,75
1400000US06037211320,3058,521,1265,372,222,111,94,86,0,14,615,232,0,14,0,14,334,252,0,14,334,252,1793,473,279,219,0,14,68,74,0,14,0,14,1208,457,238,202,107,89,131,159
1400000US06037211410,2767,484,1484,358,122,65,162,148,11,22,1107,295,0,14,42,65,40,46,0,14,40,46,1283,444,9,16,19,30,119,143,0,14,0,14,985,396,151,136,151,136,0,14
1400000US06037211420,3438,392,1561,297,359,151,141,95,0,14,1025,275,0,14,0,14,36,36,0,14,36,36,1877,299,69,82,62,95,70,112,0,14,0,14,1019,371,657,315,629,322,28,44
1400000US06037211500,3825,517,3062,495,1572,432,153,89,0,14,1210,302,0,14,12,15,115,80,39,54,76,62,763,268,71,61,0,14,137,175,0,14,0,14,401,197,154,121,114,109,40,61
1400000US06037211701,2895,450,2608,392,994,166,163,119,0,14,1231,207,0,14,46,78,174,200,0,14,174,200,287,269,12,19,14,21,0,14,0,14,0,14,40,46,221,260,221,260,0,14
1400000US06037211703,4330,580,3164,579,598,296,157,154,0,14,2060,567,0,14,0,14,349,247,0,14,349,247,1166,431,165,151,14,23,0,14,0,14,0,14,641,426,346,274,319,273,27,53
1400000US06037211704,2879,432,2054,288,413,135,291,150,18,30,1274,247,0,14,0,14,58,43,0,14,58,43,825,277,98,156,80,68,0,14,0,14,0,14,330,133,317,177,218,138,99,91
1400000US06037211802,4912,694,2700,604,536,221,158,106,27,45,1685,491,80,121,0,14,214,180,0,14,214,180,2212,699,311,267,0,14,63,104,31,36,0,14,1233,590,574,393,530,379,44,51
1400000US06037211803,3806,475,2868,530,216,96,163,107,0,14,2429,507,0,14,0,14,60,49,0,14,60,49,938,379,142,175,4,6,0,14,0,14,0,14,457,295,335,259,324,258,11,17
1400000US06037211804,3132,469,2512,316,561,287,184,111,0,14,1653,525,0,14,17,18,97,83,25,39,72,71,620,415,0,14,10,15,76,87,0,14,0,14,383,417,151,106,108,78,43,46
1400000US06037211910,4039,485,2126,388,407,167,589,330,0,14,1130,343,0,14,0,14,0,14,0,14,0,14,1913,388,48,52,10,16,130,184,0,14,0,14,1235,374,490,232,462,229,28,35
1400000US06037211921,1988,281,1098,226,44,45,33,42,65,95,831,201,6,10,43,42,76,94,7,12,69,94,890,326,135,161,0,14,29,45,15,25,0,14,503,268,208,160,196,159,12,16
1400000US06037211922,3614,874,1544,290,260,106,259,148,18,19,879,313,0,14,35,52,93,72,0,14,93,72,2070,875,87,68,29,42,55,68,0,14,0,14,1583,829,316,287,290,286,26,40
1400000US06037212101,2979,288,2392,307,353,181,208,131,0,14,1618,211,0,14,73,92,140,101,24,32,116,92,587,140,42,56,22,35,0,14,0,14,0,14,380,141,143,99,87,76,56,65
1400000US06037212102,2910,618,2016,512,169,100,415,304,0,14,1145,297,11,19,48,80,228,261,172,258,56,51,894,357,22,26,0,14,0,14,63,102,31,51,446,303,332,245,304,240,28,38
1400000US06037212202,3870,709,1129,316,36,36,211,149,0,14,709,305,0,14,0,14,173,198,38,63,135,187,2741,699,193,187,0,14,56,69,0,14,0,14,2175,682,317,229,317,229,0,14
1400000US06037212203,2830,468,1541,302,276,111,264,147,0,14,970,241,0,14,0,14,31,34,0,14,31,34,1289,420,262,259,13,26,69,73,14,19,0,14,803,356,128,71,128,71,0,14
1400000US06037212204,3597,632,1444,300,66,77,243,165,0,14,1097,289,0,14,0,14,38,42,22,35,16,26,2153,645,347,504,0,14,89,162,0,14,0,14,1114,413,603,497,567,496,36,56
1400000US06037212303,3713,921,1536,328,323,100,159,149,25,40,884,275,11,19,0,14,134,99,36,58,98,74,2177,914,166,149,0,14,28,46,14,23,0,14,1190,387,779,783,743,781,36,43
1400000US06037212304,1640,265,710,175,331,137,136,121,0,14,200,127,0,14,10,14,33,25,7,11,26,25,930,271,216,146,0,14,73,76,14,14,0,14,532,222,95,53,53,40,42,39
1400000US06037212305,2809,477,868,211,62,56,129,100,20,51,589,212,0,14,9,16,59,54,0,14,59,54,1941,446,83,107,0,14,0,14,0,14,0,14,1611,477,247,164,130,109,117,122
1400000US06037212306,2686,472,1514,273,344,151,92,69,0,14,1015,226,0,14,0,14,63,61,3,6,60,60,1172,463,141,119,11,18,72,76,0,14,0,14,527,215,421,422,407,421,14,34
1400000US06037212410,4054,1092,2139,386,347,157,59,56,0,14,1510,332,18,28,0,14,205,205,0,14,205,205,1915,1059,66,67,0,14,0,14,68,66,0,14,863,453,918,1075,908,1074,10,16
1400000US06037212420,2762,332,1018,255,232,81,164,148,0,14,584,231,0,14,0,14,38,51,18,29,20,40,1744,371,143,105,46,61,0,14,12,20,0,14,1142,316,401,218,335,192,66,84
1400000US06037212501,1915,359,987,262,364,110,93,70,10,15,470,233,0,14,0,14,50,40,25,30,25,24,928,487,135,113,0,14,0,14,10,15,0,14,756,469,27,28,11,17,16,23
1400000US06037212502,3591,485,2414,330,486,174,253,145,0,14,1553,322,0,14,9,14,113,66,0,14,113,66,1177,503,9,14,0,14,38,59,0,14,0,14,1049,477,81,106,65,104,16,25
1400000US06037212610,4114,604,2807,461,514,219,136,119,0,14,1882,454,0,14,28,33,247,198,0,14,247,198,1307,485,5,32,0,14,162,166,0,14,0,14,810,346,330,295,319,295,11,12
1400000US06037212620,4040,469,2512,471,305,143,215,124,0,14,1930,439,0,14,12,19,50,44,0,14,50,44,1528,463,177,134,11,17,7,18,23,34,0,14,978,427,332,211,295,204,37,43
1400000US06037212701,2525,243,1946,285,283,139,251,133,9,23,1258,247,0,14,0,14,145,100,6,9,139,102,579,219,10,11,0,14,43,66,22,34,0,14,376,210,128,85,105,76,23,26
1400000US06037212702,3508,507,2992,481,666,212,202,151,0,14,1964,413,0,14,0,14,160,105,10,18,150,103,516,247,87,91,0,14,0,14,9,15,0,14,178,183,242,111,161,92,81,81
1400000US06037212800,3479,508,2400,465,632,286,169,111,0,14,1500,435,0,14,0,14,99,90,85,82,14,22,1079,339,254,223,0,14,44,60,13,25,0,14,445,195,323,200,214,182,109,75
1400000US06037212900,3421,588,1594,354,399,172,357,208,0,14,761,365,0,14,21,35,56,49,11,17,45,46,1827,554,145,170,0,14,47,74,28,30,0,14,1082,307,525,448,525,448,0,14
1400000US06037213100,2814,323,2211,328,171,71,370,202,6,9,1614,300,0,14,8,12,42,31,24,27,18,16,603,158,7,13,8,12,15,18,0,14,0,14,463,169,110,73,102,71,8,12
1400000US06037213201,4086,580,2029,452,92,73,55,53,81,123,1757,426,0,14,0,14,44,44,0,14,44,44,2057,446,95,91,0,14,61,74,0,14,0,14,1364,377,537,317,525,319,12,19
1400000US06037213202,3540,522,1694,337,192,114,188,137,0,14,1208,353,0,14,88,116,18,21,0,14,18,21,1846,427,133,135,0,14,13,21,0,14,0,14,1297,439,403,231,384,229,19,31
1400000US06037213310,2660,596,970,366,77,65,24,31,16,29,853,376,0,14,0,14,0,14,0,14,0,14,1690,490,27,45,0,14,85,115,0,14,0,14,1533,522,45,83,45,83,0,14
1400000US06037213320,2341,556,665,249,73,55,64,58,7,12,487,226,0,14,0,14,34,40,0,14,34,40,1676,595,267,249,0,14,8,13,0,14,0,14,728,248,673,545,673,545,0,14
1400000US06037213401,4457,581,1002,223,86,71,55,62,0,14,861,210,0,14,0,14,0,14,0,14,0,14,3455,616,240,207,29,46,92,98,25,29,0,14,1838,383,1231,529,1216,528,15,23
1400000US06037213402,4335,716,1137,312,110,57,171,127,11,40,794,278,0,14,0,14,51,50,0,14,51,50,3198,675,150,78,0,14,79,123,30,48,0,14,1911,415,1028,614,1006,613,22,35
1400000US06037214000,3736,745,3554,729,3157,699,29,39,13,20,87,68,18,26,62,68,188,179,6,9,182,179,182,128,52,60,0,14,15,24,0,14,0,14,43,48,72,85,72,85,0,14
1400000US06037214100,4138,495,3898,558,3408,568,95,81,0,14,243,145,0,14,12,22,140,93,36,51,104,78,240,144,72,83,0,14,0,14,0,14,0,14,0,14,168,105,168,105,0,14
1400000US06037214400,2981,358,2648,345,1889,287,173,108,0,14,246,150,18,28,36,44,286,134,0,14,286,134,333,142,36,43,0,14,0,14,0,14,0,14,96,63,201,121,172,117,29,26
1400000US06037214501,3809,831,3427,823,1275,197,204,139,0,14,1637,869,0,14,0,14,311,203,17,23,294,201,382,180,61,48,10,19,27,44,0,14,0,14,28,43,256,153,222,149,34,33
1400000US06037214503,3504,376,3070,405,1509,376,57,67,0,14,1201,289,0,14,66,109,237,116,25,30,212,112,434,181,62,68,0,14,54,62,0,14,0,14,185,113,133,85,122,82,11,17
1400000US06037214504,3273,438,2751,472,1296,253,115,83,16,27,1113,397,0,14,58,92,153,122,0,14,153,122,522,215,48,55,0,14,0,14,8,13,0,14,206,130,260,162,233,158,27,31
1400000US06037214505,1731,199,1491,208,886,209,116,97,0,14,257,168,0,14,30,45,202,98,57,60,145,82,240,112,58,33,32,49,0,14,0,14,0,14,56,42,94,86,60,50,34,44
1400000US06037214600,2280,411,1997,373,1430,341,176,103,0,14,163,101,0,14,4,6,224,118,13,20,211,116,283,114,61,40,20,30,0,14,0,14,0,14,51,27,151,82,130,83,21,26
1400000US06037214700,2677,476,2197,480,1714,475,130,90,0,14,224,176,0,14,0,14,129,94,0,14,129,94,480,226,103,96,0,14,26,35,0,14,0,14,26,32,325,163,286,151,39,51
1400000US06037214800,2985,406,2650,415,1887,351,90,80,0,14,287,165,0,14,75,84,311,245,65,56,246,211,335,153,41,40,0,14,0,14,0,14,0,14,70,63,224,127,193,119,31,51
1400000US06037214902,2652,402,2458,386,1794,340,128,116,0,14,253,136,0,14,28,43,255,185,66,73,189,173,194,100,57,49,0,14,0,14,0,14,0,14,63,57,74,66,74,66,0,14
1400000US06037214903,1677,364,1638,372,1471,345,0,14,0,14,117,131,0,14,13,22,37,36,13,21,24,28,39,43,0,14,0,14,0,14,0,14,0,14,15,22,24,25,24,25,0,14
1400000US06037214904,1567,247,1481,243,1283,270,58,51,0,14,90,66,0,14,0,14,50,52,0,14,50,52,86,21,0,14,0,14,0,14,0,14,0,14,86,21,0,14,0,14,0,14
1400000US06037215101,3023,395,2370,344,1522,391,179,91,0,14,362,142,0,14,85,79,222,96,102,5,120,96,653,291,92,74,0,14,24,25,19,26,0,14,233,159,285,221,201,180,84,121
1400000US06037215102,3234,420,2804,404,1631,359,711,461,0,14,191,102,0,14,0,14,271,170,43,41,228,166,430,194,179,154,0,14,0,14,0,14,0,14,92,83,159,136,146,134,13,21
1400000US06037216100,2179,369,2015,376,1075,358,304,162,0,14,510,121,5,21,0,14,121,90,31,38,90,80,164,109,22,30,0,14,0,14,0,14,0,14,69,91,73,58,73,58,0,14
1400000US06037216201,2626,411,2233,363,955,216,377,233,0,14,776,277,0,14,0,14,125,82,11,22,114,72,393,230,160,106,0,14,8,15,0,14,0,14,67,63,158,185,158,185,0,14
1400000US06037216202,2613,351,2176,306,1148,270,572,158,0,14,293,107,0,14,116,105,47,43,6,13,41,40,437,198,146,134,0,14,5,13,11,27,0,14,120,116,155,104,155,104,0,14
1400000US06037216301,1448,434,1224,425,972,387,13,15,0,14,142,72,0,14,0,14,97,96,60,90,37,32,224,148,33,32,0,14,0,14,0,14,0,14,9,14,182,145,182,145,0,14
1400000US06037216302,3210,356,2738,373,1811,353,350,167,0,14,323,123,0,14,43,32,211,121,46,51,165,109,472,227,41,35,9,14,14,25,0,14,0,14,285,222,123,109,112,108,11,19
1400000US06037216401,3998,696,3563,685,2573,636,154,112,0,14,382,228,27,45,21,34,406,311,141,202,265,189,435,197,138,123,5,10,0,14,0,14,0,14,76,66,216,138,191,133,25,41
1400000US06037216402,2648,581,2324,591,1869,577,42,43,0,14,180,107,0,14,105,170,128,69,40,27,88,61,324,172,58,60,0,14,0,14,0,14,0,14,49,51,217,136,217,136,0,14
1400000US06037216700,3519,582,2787,602,1193,421,810,303,0,14,319,151,0,14,271,245,194,105,103,95,91,71,732,306,74,60,23,29,32,40,28,46,0,14,347,254,228,165,210,163,18,19
1400000US06037216800,3402,393,2540,331,1769,277,183,103,7,11,205,103,0,14,61,67,315,137,71,64,244,128,862,334,200,129,11,16,0,14,0,14,0,14,363,255,288,199,278,198,10,16
1400000US06037216901,3014,411,2439,387,888,239,920,320,0,14,86,76,27,38,0,14,518,163,246,120,272,160,575,289,123,93,113,173,25,31,0,14,0,14,150,156,164,87,141,76,23,28
1400000US06037216902,2318,654,1823,623,807,219,267,125,9,20,161,64,0,14,71,114,508,556,364,546,144,93,495,204,80,85,0,14,0,14,0,14,0,14,316,182,99,87,99,87,0,14
1400000US06037217001,3156,465,2726,528,2452,542,0,14,0,14,47,41,0,14,37,46,190,113,86,97,104,65,430,236,146,165,0,14,0,14,14,21,0,14,111,148,159,135,159,135,0,14
1400000US06037217002,4911,626,4356,585,2354,559,790,477,0,14,497,303,0,14,439,436,276,206,138,186,138,96,555,127,22,36,0,14,20,37,0,14,0,14,242,105,271,180,271,180,0,14
1400000US06037217101,2785,1342,964,249,330,121,549,249,0,14,34,38,0,14,0,14,51,51,16,24,35,40,1821,1364,182,162,0,14,47,49,28,41,0,14,647,386,917,1277,895,1276,22,32
1400000US06037217102,2627,299,1878,313,890,249,522,233,0,14,252,127,0,14,0,14,214,152,11,17,203,152,749,261,87,92,14,21,0,14,0,14,0,14,489,278,159,136,159,136,0,14
1400000US06037217200,3809,602,2420,536,997,206,703,424,10,16,418,188,22,34,98,149,172,91,31,45,141,83,1389,247,16,21,5,9,0,14,0,14,0,14,964,327,404,251,404,251,0,14
1400000US06037218110,3153,744,1377,298,431,238,635,214,0,14,236,141,0,14,46,61,29,33,0,14,29,33,1776,666,58,95,32,49,9,15,0,14,0,14,1392,654,285,161,242,151,43,56
1400000US06037218120,3790,898,1280,322,181,97,544,223,0,14,504,188,0,14,11,19,40,52,0,14,40,52,2510,886,110,105,12,21,36,68,0,14,0,14,1978,862,374,279,352,278,22,33
1400000US06037218210,4113,740,1268,231,519,155,525,194,0,14,166,136,0,14,43,47,15,21,0,14,15,21,2845,743,109,82,0,14,69,115,6,12,0,14,1882,486,779,614,779,614,0,14
1400000US06037218220,3811,575,2330,443,704,202,960,372,0,14,475,203,0,14,53,64,138,98,40,65,98,80,1481,422,34,53,0,14,64,74,0,14,0,14,1063,325,320,240,210,187,110,152
1400000US06037218300,4547,822,2429,752,1217,672,968,349,20,31,83,60,0,14,25,38,116,89,13,30,103,80,2118,397,432,271,54,87,259,267,0,14,0,14,882,408,491,273,396,214,95,112
1400000US06037218400,4144,813,1666,401,506,224,606,171,0,14,294,172,0,14,0,14,260,233,0,14,260,233,2478,753,167,156,15,24,24,35,0,14,0,14,1268,719,1004,499,987,498,17,27
1400000US06037218500,2669,420,1201,257,319,106,582,224,0,14,147,94,0,14,5,9,148,109,11,13,137,108,1468,302,213,124,6,9,46,69,0,14,0,14,619,183,584,318,397,182,187,204
1400000US06037218600,2871,343,1564,333,465,197,483,171,0,14,351,238,0,14,9,13,256,160,98,130,158,92,1307,258,201,185,23,33,71,90,0,14,0,14,702,281,310,177,310,177,0,14
1400000US06037218701,1788,297,800,164,97,64,543,140,12,18,99,74,0,14,23,28,26,28,16,24,10,17,988,297,81,121,10,17,3,5,0,14,0,14,655,280,239,219,218,216,21,24
1400000US06037218702,2698,473,1079,303,232,126,536,211,0,14,109,72,0,14,144,204,58,41,0,14,58,41,1619,510,27,37,0,14,26,38,6,10,0,14,1136,465,424,314,398,314,26,28
1400000US06037218800,2684,363,1307,292,252,170,522,274,0,14,393,187,0,14,18,34,122,111,73,102,49,38,1377,226,69,77,42,64,0,14,8,12,0,14,902,270,356,167,356,167,0,14
1400000US06037218900,5397,996,2857,1018,301,135,2168,997,0,19,265,120,0,19,0,19,123,105,27,37,96,98,2540,511,246,273,32,52,3,5,0,19,0,19,1510,546,749,571,722,568,27,43
1400000US06037219010,3108,602,1320,479,404,153,626,206,0,14,29,24,0,14,0,14,261,241,21,20,240,240,1788,433,12,18,26,42,0,14,0,14,0,14,1121,383,629,336,582,310,47,54
1400000US06037219020,4190,684,1200,274,309,114,638,246,0,14,102,64,0,14,31,44,120,127,0,14,120,127,2990,600,205,222,0,14,0,14,0,14,0,14,1886,564,899,519,834,510,65,80
1400000US06037219300,3912,702,1445,501,426,224,874,536,0,14,35,50,0,14,22,34,88,96,14,25,74,95,2467,793,58,59,24,27,38,51,0,14,0,14,1537,576,810,584,810,584,0,14
1400000US06037219500,1941,231,1620,256,198,91,872,203,0,14,351,117,0,14,108,124,91,64,0,14,91,64,321,104,0,14,10,18,8,12,0,14,0,14,167,110,136,80,136,80,0,14
1400000US06037219700,3876,843,1278,361,422,148,673,314,0,14,78,45,0,14,0,14,105,61,13,23,92,65,2598,772,368,405,4,8,89,84,0,14,0,14,1030,383,1107,505,1016,516,91,133
1400000US06037219800,3254,509,758,168,254,97,329,127,0,14,22,25,0,14,6,9,147,109,19,26,128,109,2496,470,208,185,0,14,16,27,0,14,0,14,1641,539,631,300,624,299,7,12
1400000US06037219901,4788,1056,1160,364,461,232,534,221,0,14,62,55,0,14,23,35,80,88,0,14,80,88,3628,1127,288,223,10,16,0,14,0,14,0,14,1960,487,1370,993,1359,992,11,17
1400000US06037219902,3640,581,2143,516,785,279,843,444,74,114,254,223,0,14,0,14,187,189,0,14,187,189,1497,436,182,166,0,14,20,33,0,14,0,14,1045,493,250,206,250,206,0,14
1400000US06037220000,5308,1260,2816,928,484,192,1888,853,17,27,73,80,0,19,0,19,354,263,29,47,325,262,2492,974,512,464,66,103,0,19,0,19,0,19,1470,922,444,287,362,290,82,133
1400000US06037220100,2386,307,1664,222,320,175,1031,210,0,14,44,48,0,14,0,14,269,148,15,25,254,154,722,309,253,286,0,14,0,14,0,14,0,14,237,108,232,123,214,115,18,29
1400000US06037221110,3027,568,705,273,136,100,53,64,0,14,509,267,7,22,0,14,0,14,0,14,0,14,2322,569,69,101,0,14,7,11,0,14,11,17,1360,402,875,463,875,463,0,14
1400000US06037221120,2924,393,274,172,14,13,32,31,0,14,222,168,0,14,0,14,6,6,0,14,6,6,2650,391,112,97,0,14,18,18,0,14,0,14,2086,418,434,171,434,171,0,14
1400000US06037221210,2829,528,957,424,331,199,215,256,1,4,246,121,0,14,52,59,112,99,112,99,0,14,1872,523,93,75,0,14,0,14,31,53,0,14,982,291,766,403,735,406,31,36
1400000US06037221220,3081,400,405,215,78,44,53,44,0,14,212,151,23,30,0,14,39,32,32,33,7,12,2676,495,186,136,0,14,92,110,0,14,0,14,1766,548,632,269,590,271,42,62
1400000US06037221302,3782,569,868,343,285,235,329,285,25,40,221,121,0,14,0,14,8,16,0,14,8,16,2914,460,0,14,0,14,114,128,0,14,0,14,2310,579,490,257,490,257,0,14
1400000US06037221303,2527,409,439,148,144,85,146,105,0,14,149,77,0,14,0,14,0,14,0,14,0,14,2088,432,95,105,0,14,51,48,34,58,0,14,1641,365,267,288,267,288,0,14
1400000US06037221304,3615,735,1265,408,116,71,506,269,0,14,547,291,0,14,86,115,10,15,0,14,10,15,2350,819,180,176,37,54,10,16,0,14,0,14,1315,779,808,524,753,510,55,86
1400000US06037221401,3690,628,2087,442,342,134,1157,432,0,14,253,121,0,14,10,18,325,244,175,197,150,170,1603,592,31,31,0,14,15,23,8,12,0,14,1259,592,290,250,266,251,24,36
1400000US06037221402,2771,419,1352,226,231,83,406,150,8,11,517,171,0,14,117,129,73,44,13,23,60,37,1419,383,52,55,6,8,24,22,0,14,0,14,1164,397,173,137,173,137,0,14
1400000US06037221500,3542,575,1096,454,351,367,465,208,8,14,244,161,0,14,1,3,27,32,17,28,10,19,2446,507,186,255,0,14,44,68,0,14,0,14,1857,392,359,231,359,231,0,14
1400000US06037221601,3641,568,914,271,185,109,592,298,0,14,110,92,0,14,0,14,27,24,0,14,27,24,2727,546,131,96,6,10,99,83,0,14,0,14,1576,372,915,442,915,442,0,14
1400000US06037221602,2355,500,284,123,82,72,68,56,0,14,134,78,0,14,0,14,0,14,0,14,0,14,2071,504,151,122,0,14,40,54,0,14,0,14,1495,410,385,277,371,274,14,20
1400000US06037221710,2469,452,544,150,234,112,61,32,0,14,228,98,0,14,0,14,21,23,0,14,21,23,1925,417,316,220,6,10,3,18,8,11,0,14,1219,329,373,230,373,230,0,14
1400000US06037221810,2266,356,1390,267,313,152,82,58,0,14,639,154,112,137,0,14,244,147,22,35,222,139,876,274,90,101,0,14,0,14,0,14,0,14,531,268,255,170,255,170,0,14
1400000US06037221820,2700,414,2067,438,852,305,138,108,9,14,983,326,0,14,10,21,75,84,0,14,75,84,633,207,124,82,28,54,25,34,4,9,0,14,293,143,159,113,149,112,10,20
1400000US06037221900,4775,472,3613,491,1013,284,503,324,0,14,1880,391,0,14,0,14,217,117,9,16,208,116,1162,278,220,140,3,6,74,42,25,37,0,14,585,138,255,170,255,170,0,14
1400000US06037222001,2756,396,1136,257,251,97,534,191,6,8,189,191,0,14,25,32,131,101,79,92,52,43,1620,442,257,243,0,14,11,17,0,14,0,14,941,299,411,249,352,242,59,67
1400000US06037222002,4544,678,1420,321,231,198,991,303,0,14,55,59,0,14,9,14,134,112,28,33,106,107,3124,598,148,119,0,14,0,14,0,14,0,14,2471,619,505,297,505,297,0,14
1400000US06037222100,3964,820,1376,351,298,346,328,204,0,14,483,248,0,14,159,135,108,96,43,55,65,77,2588,699,205,201,214,217,0,14,0,14,0,14,1666,553,503,400,496,400,7,12
1400000US06037222200,3474,518,1089,200,302,116,523,206,0,14,21,18,0,14,129,118,114,78,0,14,114,78,2385,475,18,27,58,93,27,42,50,80,0,14,1605,480,627,295,529,235,98,149
1400000US06037222500,4076,723,996,395,56,43,771,355,0,14,37,55,0,14,103,114,29,34,0,14,29,34,3080,645,386,370,0,14,100,131,9,13,0,14,2208,539,377,192,324,185,53,57
1400000US06037222600,4907,765,2487,507,472,170,723,295,0,14,1145,398,0,14,33,39,114,74,36,40,78,61,2420,626,435,348,55,70,42,52,0,14,0,14,1461,527,427,266,427,266,0,14
1400000US06037222700,4632,202,3646,270,1569,284,314,155,33,42,1456,220,0,14,64,68,210,99,17,33,193,98,986,208,190,126,41,60,20,30,7,15,0,14,504,159,224,121,178,108,46,56
1400000US06037224010,2964,445,1484,246,281,98,656,247,0,14,380,143,0,14,33,36,134,94,13,20,121,93,1480,424,105,152,0,14,112,142,0,14,0,14,833,296,430,319,416,319,14,22
1400000US06037224020,2989,614,1052,464,202,76,470,134,8,14,88,72,0,14,0,14,284,354,218,345,66,74,1937,471,112,99,0,14,42,47,0,14,0,14,1318,411,465,317,376,277,89,136
1400000US06037224200,2171,528,309,150,125,111,74,64,0,14,55,41,0,14,13,20,42,36,21,22,21,30,1862,549,133,110,10,16,245,223,0,14,0,14,1300,518,174,202,155,207,19,20
1400000US06037224310,1870,210,601,200,307,179,53,60,0,14,211,131,0,14,0,14,30,28,0,14,30,28,1269,280,0,14,9,14,0,14,0,14,0,14,1036,261,224,136,204,133,20,27
1400000US06037224320,3872,735,184,110,0,14,25,33,0,14,104,83,50,71,0,14,5,38,0,14,5,38,3688,753,375,507,13,28,34,56,0,14,0,14,2984,686,282,314,273,270,9,76
1400000US06037224410,2731,481,1298,427,606,363,176,140,0,14,391,185,0,14,4,10,121,74,0,14,121,74,1433,291,122,131,0,14,14,23,7,16,0,14,977,271,313,209,296,208,17,25
1400000US06037224420,2051,338,355,118,115,82,97,73,7,11,105,66,0,14,0,14,31,29,0,14,31,29,1696,332,116,94,12,18,40,42,0,14,0,14,777,233,751,315,751,315,0,14
1400000US06037224600,3040,412,426,95,159,71,176,92,0,14,52,37,0,14,18,28,21,26,4,8,17,25,2614,429,126,158,74,105,231,164,0,14,0,14,1203,351,980,299,937,300,43,82
1400000US06037224701,2550,128,2042,175,820,147,191,82,0,14,827,176,10,19,19,27,175,78,4,9,171,79,508,120,137,92,0,14,8,17,9,13,0,14,196,67,158,85,148,83,10,19
1400000US06037224702,2483,300,2077,291,1001,247,48,51,0,14,908,236,0,14,0,14,120,68,0,14,120,68,406,203,69,64,18,19,23,52,0,14,0,14,160,132,136,96,118,83,18,29
1400000US06037226001,2011,388,358,208,24,26,286,219,0,14,48,68,0,14,0,14,0,14,0,14,0,14,1653,377,52,75,0,14,30,38,0,14,0,14,755,291,816,389,816,389,0,14
1400000US06037226002,1900,436,1233,192,402,143,406,159,0,14,269,129,0,14,5,8,151,92,0,14,151,92,667,424,26,28,2,4,0,14,6,10,0,14,533,418,100,77,86,75,14,15
1400000US06037226410,3334,409,7,10,0,14,7,10,0,14,0,14,0,14,0,14,0,14,0,14,0,14,3327,410,152,86,0,14,251,188,0,14,0,14,1874,414,1050,348,1032,345,18,24
1400000US06037226420,4928,834,419,248,23,35,136,115,0,14,260,210,0,14,0,14,0,14,0,14,0,14,4509,800,360,262,0,14,127,198,0,14,0,14,2749,803,1273,551,1247,546,26,39
1400000US06037226701,2287,254,62,66,0,14,42,52,0,14,20,32,0,14,0,14,0,14,0,14,0,14,2225,281,146,118,20,27,154,126,0,14,0,14,994,360,911,393,904,389,7,18
1400000US06037226702,3749,1108,88,59,21,25,60,57,4,6,0,14,0,14,0,14,3,8,0,14,3,8,3661,1109,165,176,0,14,0,14,0,14,0,14,1902,614,1594,1006,1504,913,90,129
1400000US06037227010,3932,802,378,227,169,182,209,129,0,14,0,14,0,14,0,14,0,14,0,14,0,14,3554,781,304,242,0,14,0,14,0,14,0,14,2392,712,858,452,858,452,0,14
1400000US06037227020,3232,660,65,79,11,20,52,80,0,14,2,8,0,14,0,14,0,14,0,14,0,14,3167,663,22,32,0,14,186,163,0,14,0,14,2151,671,808,343,808,343,0,14
1400000US06037228100,4189,919,506,434,362,434,96,41,0,14,0,14,0,14,48,73,0,14,0,14,0,14,3683,684,197,194,0,14,0,14,0,14,0,14,2316,747,1170,510,1170,510,0,14
1400000US06037228210,3579,507,575,179,23,28,279,106,0,14,94,64,0,14,14,22,165,109,15,21,150,107,3004,593,214,144,0,14,124,102,0,14,0,14,1819,609,847,384,825,381,22,34
1400000US06037228220,4565,635,632,168,78,61,470,199,7,11,11,30,0,14,0,14,66,69,0,14,66,69,3933,654,183,144,0,14,177,148,0,14,0,14,1775,532,1798,531,1610,549,188,188
1400000US06037228310,4470,517,193,122,29,27,124,103,0,14,1,3,0,14,0,14,39,61,0,14,39,61,4277,553,414,326,0,14,91,124,0,14,0,14,2294,655,1478,628,1462,627,16,27
1400000US06037228320,3166,680,91,67,29,21,62,60,0,14,0,14,0,14,0,14,0,14,0,14,0,14,3075,685,322,278,0,14,0,14,0,14,0,14,1937,708,816,438,803,440,13,20
1400000US06037228410,3111,513,226,112,73,61,52,53,0,14,25,38,0,14,0,14,76,99,0,14,76,99,2885,514,136,133,0,14,9,14,0,14,0,14,2134,547,606,228,562,216,44,56
1400000US06037228420,2781,529,65,53,0,14,65,53,0,14,0,14,0,14,0,14,0,14,0,14,0,14,2716,529,376,293,0,14,119,106,20,28,0,14,1446,392,755,357,712,354,43,71
1400000US06037228500,4840,953,1154,1032,40,5,1106,1033,8,13,0,14,0,14,0,14,0,14,0,14,0,14,3686,563,289,183,0,14,114,133,0,14,177,270,1563,516,1543,616,1543,616,0,14
1400000US06037228600,4894,937,123,103,0,14,104,103,0,14,0,14,0,14,0,14,19,30,0,14,19,30,4771,955,107,134,0,14,0,14,0,14,0,14,3414,1095,1250,578,1250,578,0,14
1400000US06037228710,4127,668,461,140,45,68,362,136,0,14,8,13,0,14,0,14,46,51,0,14,46,51,3666,664,357,286,0,14,54,86,0,14,0,14,1818,622,1437,631,1437,631,0,14
1400000US06037228720,4773,629,506,155,12,15,485,163,0,14,0,14,9,16,0,14,0,14,0,14,0,14,4267,602,169,131,0,14,71,74,0,14,14,29,1793,546,2220,522,2138,534,82,91
1400000US06037228800,5503,726,538,249,33,37,381,183,0,19,124,188,0,19,0,19,0,19,0,19,0,19,4965,743,662,444,0,19,171,242,0,19,0,19,2285,811,1847,735,1847,735,0,19
1400000US06037228900,3410,518,200,126,0,14,117,99,0,14,16,27,0,14,48,70,19,30,0,14,19,30,3210,531,183,150,73,112,148,185,0,14,0,14,1383,610,1423,385,1359,389,64,101
1400000US06037229100,4420,606,342,181,47,68,204,147,0,14,0,14,0,14,91,104,0,14,0,14,0,14,4078,586,379,298,9,14,34,49,0,14,0,14,2027,585,1629,434,1629,434,0,14
1400000US06037229200,4319,915,619,220,24,46,458,282,0,14,58,78,0,14,0,14,79,176,79,176,0,14,3700,979,101,118,0,14,73,116,0,14,0,14,1808,553,1718,874,1718,874,0,14
1400000US06037229300,5641,862,807,414,260,246,490,382,0,19,37,44,0,19,0,19,20,32,0,19,20,32,4834,835,546,526,0,19,0,19,0,19,0,19,2481,567,1807,560,1807,560,0,19
1400000US06037229410,3788,1050,449,173,42,51,364,158,0,14,0,14,0,14,35,45,8,14,0,14,8,14,3339,1052,204,137,0,14,12,24,0,14,0,14,1827,365,1296,992,1283,999,13,29
1400000US06037229420,4796,677,522,413,32,32,302,273,0,14,0,14,0,14,0,14,188,273,0,14,188,273,4274,703,225,195,0,14,0,14,0,14,0,14,2599,750,1450,529,1430,530,20,26
1400000US06037231100,2785,418,618,269,101,120,436,272,0,14,32,38,6,14,0,14,43,31,0,14,43,31,2167,406,177,170,102,122,32,38,0,14,0,14,1457,325,399,252,364,250,35,37
1400000US06037231210,3984,561,1492,422,242,236,726,309,155,229,80,95,95,151,0,14,194,171,142,158,52,39,2492,461,129,88,8,13,160,180,0,14,0,14,1892,553,303,264,303,264,0,14
1400000US06037231220,4274,854,1204,350,104,71,639,360,0,14,387,169,0,14,13,19,61,76,0,14,61,76,3070,834,108,103,40,44,0,14,0,14,0,14,2057,801,865,353,708,340,157,158
1400000US06037231301,2920,489,568,140,80,84,185,83,0,14,2,5,0,14,0,14,301,171,224,176,77,78,2352,531,257,304,0,14,78,99,0,14,0,14,1493,464,524,264,506,265,18,22
1400000US06037231302,2933,649,1019,317,253,142,657,278,0,14,55,57,0,14,17,29,37,40,6,9,31,39,1914,591,44,60,12,16,171,132,7,11,0,14,808,266,872,560,818,556,54,67
1400000US06037231400,4633,712,1202,333,124,76,811,305,0,14,136,102,2,11,34,60,95,79,75,75,20,23,3431,724,330,260,9,16,23,34,0,14,5,27,2350,740,714,368,672,358,42,66
1400000US06037231500,5050,729,2086,388,132,72,1252,416,0,19,223,142,0,19,191,249,288,306,213,305,75,65,2964,711,169,151,20,28,17,28,0,19,0,19,1928,705,830,459,768,449,62,96
1400000US06037231601,2299,580,738,355,22,20,653,346,3,7,0,14,0,14,0,14,60,60,50,58,10,16,1561,521,91,95,22,34,125,136,0,14,0,14,1112,506,211,136,190,134,21,33
1400000US06037231602,1874,341,562,186,86,113,296,139,0,14,63,61,0,14,21,36,96,83,88,82,8,11,1312,338,314,149,0,14,63,86,0,14,0,14,793,328,142,118,107,111,35,58
1400000US06037231603,3067,482,599,284,39,28,445,263,0,14,44,40,0,14,16,26,55,68,46,67,9,8,2468,486,5,12,10,18,439,316,0,14,0,14,1957,586,57,44,54,41,3,8
1400000US06037231710,4190,744,613,213,19,20,514,230,0,14,7,15,0,14,0,14,73,95,19,30,54,88,3577,761,74,99,11,17,31,50,0,14,0,14,2684,675,777,630,773,630,4,9
1400000US06037231720,5078,803,666,260,46,49,483,229,0,19,103,93,0,19,0,19,34,52,0,19,34,52,4412,880,234,210,0,19,64,69,0,19,0,19,2874,650,1240,680,1240,680,0,19
1400000US06037231800,4995,809,729,203,82,47,448,248,0,14,0,14,0,14,5,13,194,151,12,19,182,151,4266,820,179,202,0,14,261,336,0,14,0,14,3207,731,619,451,619,451,0,14
1400000US06037231901,2820,1019,231,153,26,25,196,150,0,14,4,12,0,14,0,14,5,14,0,14,5,14,2589,1021,294,336,0,14,200,162,0,14,0,14,1546,949,549,272,492,249,57,64
1400000US06037231902,2877,464,311,183,34,67,260,143,0,14,0,14,0,14,0,14,17,21,17,21,0,14,2566,498,583,302,51,53,149,164,0,14,0,14,1296,342,487,257,487,257,0,14
1400000US06037232110,3375,488,587,171,24,28,459,150,0,14,0,14,0,14,48,67,56,62,17,23,39,59,2788,531,344,204,8,12,149,145,0,14,0,14,1462,360,825,425,788,418,37,49
1400000US06037232120,5199,771,949,505,41,43,840,496,0,19,8,12,0,19,8,15,52,57,14,22,38,53,4250,700,243,347,0,19,0,19,47,51,0,19,3324,608,636,423,636,423,0,19
1400000US06037232200,3581,559,853,215,32,31,644,223,0,14,12,21,0,14,38,56,127,103,50,75,77,66,2728,598,165,172,0,14,0,14,0,14,0,14,1764,486,799,539,767,538,32,35
1400000US06037232300,4595,620,1424,269,118,94,985,349,0,14,0,14,26,41,7,10,288,321,243,320,45,41,3171,619,285,228,76,72,18,22,0,14,0,14,2341,596,451,277,414,256,37,43
1400000US06037232401,3879,768,1380,344,180,122,799,297,0,14,51,58,25,43,153,166,172,117,92,90,80,86,2499,761,600,657,0,14,28,50,0,14,0,14,1212,345,659,341,539,309,120,149
1400000US06037232402,3155,401,1167,184,136,71,909,196,0,14,0,14,0,14,14,15,108,101,0,14,108,101,1988,370,161,191,0,14,131,163,0,14,0,14,1588,391,108,100,75,86,33,51
1400000US06037232500,4870,769,1912,326,136,107,1211,383,0,14,93,87,0,14,38,57,434,311,360,293,74,126,2958,802,102,94,12,20,210,192,0,14,0,14,2290,763,344,276,344,276,0,14
1400000US06037232601,1846,251,344,132,0,14,318,133,0,14,26,29,0,14,0,14,0,14,0,14,0,14,1502,235,90,106,0,14,0,14,0,14,0,14,1009,230,403,218,386,210,17,28
1400000US06037232602,5364,808,2209,678,39,29,2157,668,0,19,0,19,0,19,0,19,13,26,0,19,13,26,3155,848,53,64,0,19,33,61,0,19,0,19,2639,897,430,270,430,270,0,19
1400000US06037232701,2288,505,451,145,12,48,404,131,0,14,7,11,0,14,0,14,28,33,22,32,6,9,1837,458,119,125,0,14,18,43,0,14,0,14,1541,508,159,123,152,119,7,11
1400000US06037232702,4529,895,671,241,167,101,263,194,0,14,93,126,0,14,0,14,148,172,104,161,44,59,3858,947,103,162,0,14,42,64,23,57,0,14,2740,941,950,425,950,425,0,14
1400000US06037232800,3754,714,447,203,15,15,370,196,7,12,0,14,0,14,0,14,55,64,5,7,50,62,3307,719,238,220,31,69,198,199,0,14,0,14,1455,404,1385,761,1339,771,46,73
1400000US06037234001,2522,544,2056,444,245,112,1606,460,0,14,51,48,0,14,46,59,108,66,6,10,102,66,466,429,222,341,0,14,0,14,0,14,0,14,137,132,107,91,81,78,26,41
1400000US06037234002,2736,454,1404,289,123,73,1167,276,0,14,17,23,0,14,26,30,71,75,8,13,63,75,1332,439,215,170,0,14,72,77,0,14,0,14,900,482,145,140,145,140,0,14
1400000US06037234200,2381,426,1923,363,137,83,1445,327,0,14,229,161,0,14,38,58,74,69,27,42,47,37,458,263,51,77,0,14,31,47,0,14,0,14,67,108,309,226,290,223,19,22
1400000US06037234301,1984,435,1946,445,139,123,1664,452,10,17,12,21,65,83,0,14,56,49,41,44,15,27,38,39,2,7,4,7,0,14,0,14,0,14,14,23,18,31,0,14,18,31
1400000US06037234302,2587,393,2432,382,134,151,2179,472,0,14,16,18,0,14,0,14,103,122,54,106,49,69,155,164,0,14,16,27,0,14,0,14,0,14,119,161,20,32,0,14,20,32
1400000US06037234501,2893,588,2025,579,139,79,1714,556,0,14,45,47,0,14,22,21,105,69,49,49,56,43,868,245,1,4,63,86,38,54,0,14,0,14,363,154,403,194,369,188,34,45
1400000US06037234502,2394,579,1455,557,97,61,1212,537,0,14,66,49,0,14,29,59,51,49,15,30,36,37,939,333,46,57,58,75,0,14,0,14,0,14,374,289,461,213,404,211,57,99
1400000US06037234600,4731,663,3297,627,189,71,2527,546,0,14,101,99,0,14,4,15,476,258,188,197,288,236,1434,490,159,142,41,62,0,14,0,14,0,14,635,337,599,273,523,265,76,48
1400000US06037234700,3650,697,2404,707,124,82,1772,560,0,14,73,59,0,14,122,188,313,216,142,139,171,155,1246,378,20,35,44,78,78,148,0,14,0,14,211,229,893,350,524,311,369,378
1400000US06037234800,3657,586,1906,506,124,96,1572,515,0,14,92,110,0,14,0,14,118,146,90,139,28,32,1751,385,129,111,26,38,57,107,0,14,0,14,847,418,692,355,682,355,10,15
1400000US06037234901,2518,613,1520,492,103,75,1279,476,0,14,95,101,43,66,0,14,0,14,0,14,0,14,998,537,8,14,0,14,19,46,0,14,0,14,520,513,451,282,451,282,0,14
1400000US06037234902,4450,668,2158,588,219,115,1677,553,0,14,30,28,0,14,56,67,176,193,78,122,98,153,2292,553,50,63,0,14,10,20,3,7,0,14,1514,400,715,434,676,432,39,61
1400000US06037235100,4121,452,3432,467,426,162,2486,437,0,14,194,101,0,14,39,56,287,131,93,70,194,116,689,252,176,244,0,14,0,14,0,14,0,14,424,227,89,84,89,84,0,14
1400000US06037235201,2925,554,1696,249,86,37,1363,196,0,14,1,4,19,31,12,15,215,171,0,14,215,171,1229,536,309,239,0,14,0,14,0,14,0,14,235,123,685,602,685,602,0,14
1400000US06037235202,4195,572,3185,483,232,156,2645,526,0,14,38,54,0,14,12,19,258,184,30,35,228,166,1010,389,125,168,57,90,17,26,0,14,0,14,399,193,412,262,360,259,52,70
1400000US06037236001,4362,619,3985,597,1243,347,2123,585,0,14,316,186,74,107,0,14,229,181,0,14,229,181,377,158,109,102,16,27,0,14,0,14,0,14,89,47,163,128,163,128,0,14
1400000US06037236101,2596,425,2132,376,141,78,1463,264,0,14,370,222,0,14,40,52,118,79,46,57,72,56,464,184,0,14,39,47,16,26,17,28,0,14,289,234,103,106,103,106,0,14
1400000US06037236102,3638,778,3076,677,155,139,2720,655,0,14,169,221,0,14,0,14,32,38,0,14,32,38,562,367,12,20,124,166,0,14,0,14,0,14,306,322,120,101,109,105,11,18
1400000US06037236203,3699,757,1928,467,111,87,1621,431,0,14,11,17,0,14,0,14,185,143,63,76,122,117,1771,700,57,79,0,14,0,14,21,33,0,14,680,287,1013,662,989,664,24,38
1400000US06037236204,3342,399,1681,465,79,60,1398,405,0,14,116,180,0,14,0,14,88,69,43,62,45,39,1661,501,43,55,140,172,79,90,0,14,0,14,1112,398,287,304,287,304,0,14
1400000US06037236205,2979,357,1383,359,0,14,1233,337,23,33,0,14,0,14,0,14,127,176,127,176,0,14,1596,407,78,90,36,55,49,77,0,14,0,14,987,381,446,324,446,324,0,14
1400000US06037236206,2665,541,1575,588,34,37,1339,571,0,14,109,116,0,14,0,14,93,109,59,95,34,57,1090,489,38,45,0,14,0,14,0,14,0,14,736,405,316,323,316,323,0,14
1400000US06037236400,4432,639,3501,664,446,190,2662,626,0,14,84,58,0,14,0,14,309,189,78,69,231,180,931,492,42,62,129,176,59,84,0,14,0,14,386,425,315,307,278,310,37,62
1400000US06037237101,3762,548,559,260,35,38,494,257,0,14,0,14,0,14,0,14,30,36,0,14,30,36,3203,653,24,38,143,206,91,151,0,14,0,14,1654,590,1291,507,1291,507,0,14
1400000US06037237102,4015,534,920,312,14,18,882,313,0,14,24,26,0,14,0,14,0,14,0,14,0,14,3095,521,597,321,29,32,104,101,0,14,0,14,1415,400,950,251,950,251,0,14
1400000US06037237201,3781,543,726,280,38,33,574,268,0,14,52,76,0,14,0,14,62,47,15,17,47,42,3055,522,380,289,7,10,45,52,0,14,0,14,1733,463,890,376,868,377,22,26
1400000US06037237202,4121,781,1209,373,73,74,1069,383,19,31,21,26,0,14,0,14,27,55,0,14,27,55,2912,699,58,60,98,76,84,111,0,14,0,14,1690,728,982,486,982,486,0,14
1400000US06037237300,5621,1011,2225,435,172,87,1801,417,19,29,22,32,0,19,99,136,112,101,0,19,112,101,3396,1087,190,181,93,113,48,51,0,19,0,19,2166,1126,899,479,745,482,154,192
1400000US06037237401,3957,481,860,258,29,42,697,290,0,14,0,14,0,14,36,61,98,135,0,14,98,135,3097,485,46,48,0,14,0,14,5,12,0,14,2051,431,995,322,984,315,11,24
1400000US06037237402,4207,825,1014,365,99,70,887,355,0,14,14,20,0,14,0,14,14,22,0,14,14,22,3193,907,13,19,2,7,0,14,232,359,0,14,1626,692,1320,741,1320,741,0,14
1400000US06037237500,2631,567,626,198,40,21,443,161,0,14,20,24,0,14,0,14,123,125,0,14,123,125,2005,551,59,78,13,21,31,44,0,14,0,14,929,305,973,559,966,555,7,11
1400000US06037237600,3941,657,841,259,11,14,789,265,0,14,0,14,0,14,41,49,0,14,0,14,0,14,3100,698,3,10,0,14,19,34,0,14,0,14,1867,585,1211,690,1200,692,11,19
1400000US06037237710,4062,1108,1406,942,63,105,1192,921,0,14,118,165,0,14,0,14,33,40,0,14,33,40,2656,869,42,52,0,14,14,21,0,14,0,14,1733,711,867,502,867,502,0,14
1400000US06037237720,3410,722,352,150,0,14,299,157,0,14,2,1,0,14,0,14,51,51,33,42,18,28,3058,712,210,192,10,17,0,14,0,14,0,14,1558,500,1280,578,1270,578,10,16
1400000US06037237800,4324,781,1877,489,322,328,1442,397,0,14,41,54,11,18,0,14,61,65,0,14,61,65,2447,541,267,324,6,9,157,214,0,14,0,14,1569,526,448,261,440,262,8,14
1400000US06037237900,4211,803,2726,550,224,169,2216,570,0,14,44,47,0,14,0,14,242,256,175,243,67,83,1485,591,83,92,0,14,237,359,0,14,0,14,937,515,228,199,186,201,42,41
1400000US06037238000,5831,969,4208,904,156,115,3560,907,0,19,21,35,25,40,104,156,342,369,16,28,326,367,1623,578,388,308,110,171,0,19,0,19,0,19,974,734,151,135,129,124,22,50
1400000US06037238100,4922,842,3754,783,187,88,3231,846,0,14,12,19,0,14,71,115,253,197,141,174,112,98,1168,391,0,14,226,317,36,53,0,14,0,14,453,332,453,246,325,248,128,117
1400000US06037238200,6588,1113,5300,1065,149,172,5072,1095,0,19,0,19,12,47,0,19,67,64,0,19,67,64,1288,482,17,27,0,19,0,19,0,19,0,19,921,774,350,666,350,666,0,19
1400000US06037238310,5248,1059,917,316,36,39,822,313,0,19,59,77,0,19,0,19,0,19,0,19,0,19,4331,1041,152,122,0,19,116,177,15,23,0,19,2533,944,1515,492,1515,492,0,19
1400000US06037238320,3617,632,998,356,58,49,883,351,0,14,0,14,39,59,0,14,18,29,0,14,18,29,2619,616,143,172,0,14,159,254,0,14,0,14,1492,627,825,411,821,410,4,12
1400000US06037238400,4601,662,3465,586,17,19,3010,427,0,14,124,134,3,7,9,14,302,362,207,335,95,127,1136,368,0,14,68,85,22,34,0,14,0,14,496,307,550,404,469,389,81,123
1400000US06037239201,3455,400,512,128,20,20,417,124,0,14,20,29,0,14,34,38,21,22,0,14,21,22,2943,412,6,15,16,18,158,123,0,14,0,14,2082,441,681,402,681,402,0,14
1400000US06037239202,5338,1150,619,295,43,42,476,267,15,24,7,15,0,19,0,19,78,78,0,19,78,78,4719,1143,507,468,0,19,85,87,0,19,0,19,3236,1176,891,394,749,370,142,189
1400000US06037239310,3737,708,332,212,0,14,330,213,0,14,0,14,0,14,0,14,2,4,2,4,0,14,3405,715,250,247,34,55,161,245,0,14,0,14,1748,608,1212,748,1212,748,0,14
1400000US06037239320,2940,408,247,63,0,14,235,64,0,14,0,14,0,14,12,19,0,14,0,14,0,14,2693,409,320,241,0,14,54,57,7,11,0,14,1496,337,816,303,805,302,11,19
1400000US06037239330,3424,890,278,114,0,14,264,113,0,14,0,14,0,14,7,13,7,12,7,12,0,14,3146,885,120,135,62,92,35,51,0,14,0,14,2367,899,562,263,545,261,17,27
1400000US06037239501,3513,352,1059,275,46,47,821,281,0,14,53,79,0,14,50,73,89,77,79,76,10,15,2454,319,155,150,48,53,281,283,0,14,21,33,1215,371,734,323,734,323,0,14
1400000US06037239502,3406,545,488,277,40,43,420,274,1,3,22,25,0,14,0,14,5,10,0,14,5,10,2918,550,241,153,0,14,131,129,0,14,0,14,1527,482,1019,488,1018,486,1,13
1400000US06037239601,3957,572,729,328,9,14,627,314,0,14,1,24,0,14,92,126,0,14,0,14,0,14,3228,529,384,228,33,37,37,43,0,14,0,14,2251,481,523,270,516,271,7,11
1400000US06037239602,3533,558,585,162,16,39,498,158,0,14,28,42,0,14,0,14,43,26,0,14,43,26,2948,565,111,83,0,14,51,84,0,14,0,14,2137,598,649,259,645,259,4,6
1400000US06037239701,3979,855,917,336,9,13,722,305,0,14,183,211,0,14,0,14,3,6,0,14,3,6,3062,790,325,344,0,14,0,14,0,14,0,14,2067,825,670,372,670,372,0,14
1400000US06037239702,4285,899,1277,732,48,66,1229,770,0,14,0,14,0,14,0,14,0,14,0,14,0,14,3008,582,0,14,0,14,84,129,0,14,0,14,2251,499,673,455,673,455,0,14
1400000US06037239801,4287,603,897,334,38,86,816,355,0,14,0,14,0,14,10,15,33,35,0,14,33,35,3390,627,355,384,0,14,315,314,0,14,0,14,1545,518,1175,383,1175,383,0,14
1400000US06037239802,5365,826,1309,466,132,85,834,319,0,19,46,67,0,19,0,19,297,326,0,19,297,326,4056,946,601,487,0,19,79,102,0,19,0,19,1822,677,1554,755,1554,755,0,19
1400000US06037240010,3986,572,820,274,10,14,525,188,0,14,211,257,0,14,44,69,30,49,0,14,30,49,3166,612,221,191,0,14,25,39,0,14,0,14,1651,534,1269,506,1269,506,0,14
1400000US06037240020,5324,889,763,297,30,47,685,287,0,19,0,19,0,19,32,50,16,25,16,25,0,19,4561,857,427,589,0,19,27,42,0,19,0,19,2682,730,1425,691,1411,685,14,22
1400000US06037240200,5728,819,1162,461,38,58,1084,454,0,19,10,39,0,19,0,19,30,42,18,29,12,37,4566,734,366,231,70,102,24,30,0,19,0,19,2831,868,1275,669,1213,672,62,83
1400000US06037240301,2961,576,574,225,89,43,338,185,113,143,13,21,13,23,8,16,0,14,0,14,0,14,2387,661,121,140,0,14,34,53,0,14,0,14,1660,570,572,378,572,378,0,14
1400000US06037240302,2969,617,450,189,9,7,403,179,0,14,0,14,0,14,11,51,27,28,15,22,12,18,2519,644,198,192,86,91,0,14,0,14,0,14,1217,524,1018,555,1016,557,2,8
1400000US06037240401,5550,783,1242,390,39,37,1060,417,0,19,80,86,0,19,6,9,57,87,0,19,57,87,4308,890,475,370,49,78,22,33,0,19,0,19,2255,744,1507,710,1469,708,38,59
1400000US06037240402,3954,645,1638,565,103,88,1453,551,0,14,0,14,0,14,0,14,82,68,30,48,52,51,2316,754,48,40,0,14,29,99,0,14,0,14,1631,637,608,441,600,442,8,14
1400000US06037240500,6480,1156,1604,433,57,75,1181,440,0,19,43,62,0,19,0,19,323,317,216,286,107,162,4876,1132,132,134,205,240,95,153,0,19,0,19,2678,662,1766,999,1766,999,0,19
1400000US06037240600,4939,866,1471,660,7,6,924,315,0,14,3,7,0,14,419,529,118,123,118,123,0,14,3468,616,234,221,20,31,28,46,0,14,0,14,1949,569,1237,520,1099,503,138,128
1400000US06037240700,6196,847,902,210,22,25,852,207,0,19,28,49,0,19,0,19,0,19,0,19,0,19,5294,862,868,706,7,12,378,419,0,19,0,19,2005,544,2036,671,1911,645,125,194
1400000US06037240800,4333,712,1271,363,10,15,1174,370,0,14,58,67,0,14,0,14,29,33,0,14,29,33,3062,751,612,484,94,107,22,34,23,35,0,14,1780,566,531,391,486,389,45,58
1400000US06037240901,2323,391,161,118,0,14,161,118,0,14,0,14,0,14,0,14,0,14,0,14,0,14,2162,362,92,112,0,14,42,69,17,25,0,14,1387,426,624,260,610,257,14,27
1400000US06037240902,3355,1116,279,101,18,14,254,101,7,12,0,14,0,14,0,14,0,14,0,14,0,14,3076,1128,569,577,0,14,186,287,0,14,0,14,1557,912,764,306,764,306,0,14
1400000US06037241001,5690,1160,1096,804,11,17,973,762,0,19,0,19,0,19,0,19,112,102,0,19,112,102,4594,1043,279,245,79,121,19,16,0,19,0,19,3177,869,1040,782,1040,782,0,19
1400000US06037241002,4104,590,1291,334,30,29,1163,310,0,14,0,14,0,14,0,14,98,102,62,77,36,59,2813,612,51,83,0,14,0,14,0,14,4,9,1388,503,1370,667,1362,667,8,18
1400000US06037241110,3266,798,620,177,24,24,527,182,0,14,11,16,0,14,27,32,31,45,0,14,31,45,2646,782,157,141,88,106,173,206,0,14,0,14,841,315,1387,747,1387,747,0,14
1400000US06037241120,4313,811,1003,369,93,68,631,243,0,14,27,39,0,14,163,266,89,85,22,33,67,78,3310,707,437,320,0,14,197,208,0,14,0,14,1775,583,901,545,848,541,53,77
1400000US06037241201,3291,654,1278,366,5,37,1156,367,0,14,46,57,0,14,53,64,18,25,0,14,18,25,2013,436,150,134,0,14,13,18,0,14,0,14,1032,328,818,457,818,457,0,14
1400000US06037241202,5020,892,2073,838,149,94,1700,858,0,19,53,56,0,19,0,19,171,167,0,19,171,167,2947,557,74,117,22,32,0,19,0,19,0,19,1867,699,984,520,984,520,0,19
1400000US06037241300,2245,318,862,231,34,55,794,219,0,14,1,2,0,14,0,14,33,49,23,48,10,15,1383,250,122,104,0,14,18,25,0,14,0,14,553,213,690,306,690,306,0,14
1400000US06037241400,4022,513,1215,387,44,45,1037,364,0,14,25,29,0,14,0,14,109,91,52,51,57,75,2807,529,23,39,18,23,37,57,0,14,0,14,1709,506,1020,435,1020,435,0,14
1400000US06037242000,3857,641,1068,408,72,43,667,366,0,14,128,194,0,14,28,37,173,105,74,63,99,92,2789,558,196,198,0,14,238,302,0,14,0,14,1302,559,1053,513,1053,513,0,14
1400000US06037242100,2167,478,467,191,0,14,358,151,0,14,47,53,0,14,0,14,62,82,9,13,53,81,1700,435,215,334,0,14,0,14,0,14,0,14,747,288,738,244,717,247,21,24
1400000US06037242201,3869,622,407,293,0,14,137,152,0,14,189,258,0,14,20,33,61,76,41,62,20,35,3462,589,121,97,0,14,0,14,0,14,0,14,1916,626,1425,464,1416,465,9,18
1400000US06037242202,2642,396,949,267,21,40,865,264,0,14,0,14,0,14,0,14,63,63,0,14,63,63,1693,360,38,36,100,101,0,14,0,14,0,14,1108,398,447,189,447,189,0,14
1400000US06037242300,4517,835,1110,349,33,46,1023,355,18,46,36,55,0,14,0,14,0,14,0,14,0,14,3407,745,424,394,0,14,0,14,0,14,0,14,2034,705,949,447,949,447,0,14
1400000US06037242600,4749,808,1402,539,2,6,1280,559,11,17,0,14,0,14,109,139,0,14,0,14,0,14,3347,799,712,691,9,15,0,14,0,14,0,14,1935,510,691,432,668,432,23,35
1400000US06037242700,4724,929,1229,596,78,75,1073,585,0,14,78,118,0,14,0,14,0,14,0,14,0,14,3495,748,49,100,0,14,40,67,0,14,0,14,2482,802,924,516,914,516,10,19
1400000US06037243001,3501,744,456,180,4,9,318,151,0,14,0,14,0,14,0,14,134,108,83,99,51,51,3045,738,96,74,0,14,457,384,0,14,0,14,1516,375,976,658,915,681,61,61
1400000US06037243002,3021,425,185,186,20,35,114,154,0,14,43,64,8,13,0,14,0,14,0,14,0,14,2836,470,60,67,0,14,167,262,0,14,0,14,1775,456,834,348,776,343,58,82
1400000US06037243100,5004,850,1283,444,87,38,1045,422,0,19,9,13,0,19,0,19,142,169,102,156,40,63,3721,710,76,112,134,218,13,20,0,19,0,19,2468,689,1030,472,895,444,135,126
1400000US06037261102,3841,549,3634,526,3341,525,74,116,0,14,170,106,0,14,0,14,49,45,0,14,49,45,207,166,60,91,0,14,0,14,0,14,0,14,8,13,139,143,139,143,0,14
1400000US06037261103,1773,423,1721,426,1377,292,46,62,0,14,157,105,0,14,13,15,128,86,17,27,111,78,52,41,18,20,9,15,0,14,0,14,0,14,9,16,16,17,16,17,0,14
1400000US06037261104,1503,344,1415,354,1124,247,0,14,0,14,116,68,0,14,25,29,150,150,115,142,35,23,88,73,45,66,0,14,0,14,0,14,0,14,0,14,43,47,35,45,8,13
1400000US06037261200,3929,495,3386,413,2613,325,75,72,0,14,421,149,0,14,0,14,277,202,17,39,260,209,543,340,9,14,0,14,0,14,0,14,0,14,145,99,389,336,346,329,43,50
1400000US06037262100,2860,456,2770,450,2292,404,0,14,0,14,405,319,0,14,0,14,73,53,0,14,73,53,90,79,76,77,0,14,0,14,0,14,0,14,0,14,14,22,14,22,0,14
1400000US06037262200,4798,586,4441,587,3370,539,210,139,10,17,587,163,11,17,46,65,207,120,20,28,187,116,357,284,13,19,6,10,6,12,0,14,0,14,75,59,257,281,257,281,0,14
1400000US06037262301,2988,282,2779,304,2025,320,148,92,4,6,347,143,0,14,29,45,226,90,50,61,176,79,209,106,41,32,0,14,27,29,0,14,0,14,30,32,111,92,78,81,33,34
1400000US06037262302,2973,342,2845,330,2464,357,16,24,12,19,114,87,0,14,0,14,239,140,0,14,239,140,128,81,58,57,18,28,0,14,0,14,0,14,17,16,35,34,32,33,3,8
1400000US06037262303,2953,582,2848,582,2568,599,25,34,0,14,95,54,0,14,0,14,160,109,27,33,133,100,105,106,62,95,0,14,4,8,0,14,0,14,4,8,35,39,32,38,3,8
1400000US06037262400,2816,405,2520,407,2047,401,50,46,0,14,233,114,0,14,42,62,148,97,45,61,103,79,296,168,16,25,0,14,0,14,0,14,0,14,50,48,230,153,230,153,0,14
1400000US06037262501,3711,597,3663,593,3339,599,11,18,0,14,197,150,0,14,22,35,94,89,12,19,82,75,48,70,27,53,9,16,0,14,0,14,0,14,1,5,11,19,11,19,0,14
1400000US06037262601,3446,380,3366,372,2698,353,14,22,0,14,369,125,0,14,27,40,258,159,43,62,215,152,80,62,5,13,0,14,0,14,0,14,0,14,0,14,75,54,65,46,10,25
1400000US06037262604,6106,1143,5774,1133,4471,1191,113,121,0,19,401,187,0,19,0,19,789,348,111,145,678,294,332,231,71,75,0,19,0,19,0,19,0,19,40,46,221,199,209,190,12,21
1400000US06037262704,3481,434,3237,468,2598,389,17,22,7,11,202,87,0,14,11,19,402,237,115,103,287,209,244,135,12,17,2,7,0,14,0,14,0,14,34,48,196,121,132,96,64,93
1400000US06037262706,3292,517,3191,486,2722,444,0,14,0,14,225,163,0,14,9,15,235,158,26,41,209,150,101,99,62,85,0,14,0,14,0,14,0,14,13,21,26,38,7,10,19,36
1400000US06037262802,3522,439,3371,433,2887,477,0,14,0,14,224,106,0,14,58,90,202,124,12,19,190,124,151,96,35,40,0,14,0,14,0,14,0,14,18,20,98,76,98,76,0,14
1400000US06037264000,3145,393,2950,432,2655,428,0,14,0,14,174,122,0,14,0,14,121,97,51,61,70,69,195,137,0,14,0,14,0,14,0,14,0,14,57,46,138,116,138,116,0,14
1400000US06037264102,3061,398,2782,411,2019,333,0,14,0,14,494,243,58,90,0,14,211,133,69,85,142,84,279,208,17,18,0,14,0,14,0,14,0,14,53,74,209,194,195,193,14,22
1400000US06037264103,2646,379,2214,331,1746,349,30,46,34,42,264,126,0,14,35,40,105,71,0,14,105,71,432,187,61,54,0,14,22,35,0,14,0,14,109,86,240,158,192,147,48,62
1400000US06037264303,2635,401,2336,390,1742,294,57,74,0,14,236,130,0,14,7,11,294,236,151,158,143,179,299,112,90,58,0,14,0,14,10,16,0,14,68,69,131,44,131,44,0,14
1400000US06037264304,2276,352,2201,371,1592,353,204,143,0,14,287,149,0,14,59,79,59,46,12,19,47,44,75,84,10,17,0,14,0,14,10,17,0,14,10,16,45,67,33,65,12,19
1400000US06037264305,4518,1475,3711,662,2956,691,8,14,0,14,367,141,0,14,0,14,380,160,55,59,325,151,807,995,9,16,0,14,16,23,0,14,0,14,90,102,692,987,692,987,0,14
1400000US06037264306,1806,268,1623,297,1241,270,0,14,0,14,296,165,0,14,0,14,86,67,60,54,26,32,183,129,20,22,0,14,0,14,0,14,0,14,41,56,122,124,122,124,0,14
1400000US06037265100,2194,349,2172,347,1765,245,105,105,0,14,48,43,0,14,147,207,107,128,0,14,107,128,22,29,3,10,0,14,0,14,0,14,0,14,19,24,0,14,0,14,0,14
1400000US06037265201,2526,666,2374,666,1740,639,108,74,0,14,416,207,0,14,5,7,105,86,0,14,105,86,152,79,56,42,16,31,0,14,0,14,0,14,47,44,33,37,33,37,0,14
1400000US06037265203,2056,323,1936,340,1296,259,189,296,0,14,388,243,0,14,0,14,63,62,11,18,52,59,120,128,17,26,0,14,0,14,0,14,0,14,0,14,103,124,103,124,0,14
1400000US06037265204,1505,294,1418,298,718,218,101,153,0,14,554,195,0,14,0,14,45,37,0,14,45,37,87,42,0,14,14,21,0,14,0,14,0,14,60,37,13,14,6,9,7,11
1400000US06037265301,13681,495,10699,546,3828,419,888,217,41,48,5251,572,13,25,70,63,608,263,22,29,586,262,2982,427,373,168,101,77,46,51,31,45,0,21,1860,349,571,168,469,156,102,74
1400000US06037265303,4184,701,3431,546,1285,323,235,150,0,14,1483,328,86,98,70,112,272,161,34,42,238,157,753,319,223,170,0,14,0,14,0,14,0,14,268,174,262,165,202,131,60,56
1400000US06037265304,3603,421,3064,400,1219,276,194,110,8,14,1481,324,0,14,4,9,158,84,0,14,158,84,539,108,104,56,0,14,0,14,0,14,0,14,195,77,240,103,218,103,22,23
1400000US06037265306,1920,286,1468,271,749,243,56,44,0,14,459,127,0,14,21,27,183,85,0,14,183,85,452,182,62,37,0,14,0,14,7,15,0,14,282,163,101,62,84,67,17,18
1400000US06037265307,2983,500,2568,503,1144,238,391,388,0,14,915,280,15,22,30,40,73,81,0,14,73,81,415,100,97,61,4,9,6,14,0,14,0,14,172,56,136,63,99,66,37,25
1400000US06037265410,1732,365,1675,361,1412,372,0,14,0,14,164,117,0,14,0,14,99,83,14,21,85,81,57,50,10,15,0,14,0,14,0,14,0,14,7,12,40,46,25,42,15,16
1400000US06037265420,1696,249,1577,243,1130,241,41,38,0,14,247,123,0,14,5,10,154,122,33,37,121,108,119,78,29,28,0,14,0,14,0,14,0,14,14,22,76,66,52,39,24,39
1400000US06037265521,1578,252,1469,259,828,207,0,14,0,14,482,195,0,14,0,14,159,124,0,14,159,124,109,76,41,54,0,14,13,21,0,14,0,14,38,48,17,28,17,28,0,14
1400000US06037265522,1975,317,1542,332,690,208,66,62,0,14,720,329,0,14,4,6,62,65,12,19,50,60,433,228,90,69,30,50,0,14,0,14,0,14,15,38,298,211,298,211,0,14
1400000US06037265523,2394,830,2074,580,1286,417,0,14,0,14,354,174,9,14,0,14,425,407,0,14,425,407,320,352,6,9,0,14,15,19,0,14,0,14,8,13,291,346,231,333,60,88
1400000US06037265524,2806,314,2532,242,1922,275,67,49,0,14,443,165,0,14,25,40,75,63,0,14,75,63,274,211,35,32,0,14,0,14,0,14,0,14,0,14,239,203,139,90,100,144
1400000US06037265601,2865,515,2655,489,1973,522,176,166,0,14,373,163,0,14,31,48,102,69,0,14,102,69,210,141,0,14,0,14,79,90,0,14,0,14,101,95,30,34,30,34,0,14
1400000US06037265602,3068,591,2960,591,2341,533,0,14,0,14,432,228,0,14,65,90,122,75,17,27,105,75,108,69,14,22,0,14,0,14,0,14,0,14,6,11,88,59,79,57,9,14
1400000US06037265701,1692,253,1498,255,1103,278,77,98,0,14,132,63,0,14,47,59,139,94,65,89,74,60,194,101,30,46,0,14,5,9,27,39,0,14,0,14,132,91,132,91,0,14
1400000US06037265702,2942,836,2645,878,2401,873,62,65,0,14,48,47,0,14,46,71,88,81,40,58,48,55,297,143,31,49,0,14,0,14,0,14,0,14,35,52,231,161,231,161,0,14
1400000US06037267101,3039,607,2682,553,1815,474,28,50,0,14,573,239,0,14,46,51,220,147,0,14,220,147,357,213,139,137,0,14,0,14,0,14,0,14,24,35,194,156,194,156,0,14
1400000US06037267102,3258,526,2951,522,1809,399,55,47,0,14,743,414,0,14,0,14,344,189,98,86,246,168,307,209,29,45,0,14,0,14,0,14,0,14,27,44,251,194,88,76,163,178
1400000US06037267201,2666,379,2398,406,1497,350,43,45,0,14,556,287,0,14,145,144,157,99,11,18,146,97,268,140,104,79,0,14,0,14,0,14,0,14,56,64,108,69,92,61,16,25
1400000US06037267202,3880,632,3778,632,2554,447,190,195,0,14,824,319,13,21,74,117,123,74,27,29,96,71,102,78,9,16,0,14,0,14,0,14,0,14,0,14,93,77,56,55,37,44
1400000US06037267300,4339,622,3573,668,1601,473,582,417,0,14,1047,225,0,14,0,14,343,240,127,113,216,208,766,342,411,321,7,10,6,9,0,14,0,14,167,151,175,114,93,73,82,92
1400000US06037267403,3677,1132,3098,1147,2209,1123,230,132,0,14,427,144,0,14,34,53,198,83,45,41,153,70,579,275,27,25,15,23,0,14,6,9,0,14,372,259,159,99,140,93,19,31
1400000US06037267404,3336,568,2791,571,1534,396,111,106,0,14,820,428,0,14,71,84,255,198,0,14,255,198,545,520,41,52,0,14,0,14,88,140,0,14,377,511,39,45,39,45,0,14
1400000US06037267405,2512,306,2155,329,1460,261,82,56,0,14,315,119,0,14,160,237,138,103,0,14,138,103,357,162,130,91,5,9,63,93,0,14,0,14,159,103,0,14,0,14,0,14
1400000US06037267406,1984,295,1483,301,1169,236,57,63,0,14,240,120,0,14,0,14,17,20,0,14,17,20,501,211,54,56,0,14,6,10,18,30,0,14,242,206,181,128,145,114,36,57
1400000US06037267502,3403,372,2242,284,1566,282,64,51,0,14,471,167,0,14,0,14,141,74,7,11,134,73,1161,353,20,22,0,14,0,14,0,14,0,14,681,360,460,245,460,245,0,14
1400000US06037267503,2326,765,1959,762,1352,773,70,75,0,14,491,206,0,14,0,14,46,38,0,14,46,38,367,245,92,133,0,14,0,14,0,14,0,14,139,192,136,91,126,96,10,20
1400000US06037267504,3544,646,2792,581,1504,372,28,37,0,14,906,283,0,14,42,69,312,234,0,14,312,234,752,296,198,225,0,14,19,26,0,14,0,14,308,158,227,176,187,167,40,54
1400000US06037267600,2767,429,2137,361,1120,260,26,41,0,14,719,240,14,21,74,88,184,120,58,91,126,81,630,256,154,117,0,14,0,14,11,17,0,14,267,235,198,97,183,97,15,23
1400000US06037267700,3744,456,3403,472,1784,360,59,76,0,14,1357,408,0,14,19,30,184,155,35,40,149,151,341,183,0,14,0,14,0,14,38,52,0,14,237,154,66,61,46,49,20,32
1400000US06037267800,3600,403,3456,405,1882,288,119,125,0,14,1094,280,3,13,156,117,202,124,23,34,179,122,144,99,34,43,0,14,5,48,0,14,0,14,22,37,83,66,70,62,13,21
1400000US06037267901,3769,637,3652,633,2257,566,130,191,0,14,776,369,0,14,0,14,489,313,0,14,489,313,117,110,38,59,0,14,0,14,0,14,0,14,0,14,79,94,79,94,0,14
1400000US06037267902,3837,575,3582,551,2416,448,282,214,1,19,599,204,0,14,66,72,218,82,61,47,157,74,255,126,75,49,0,14,0,14,0,14,0,14,60,53,120,97,112,97,8,14
1400000US06037269000,4953,714,4631,702,3175,487,253,266,0,14,736,286,0,14,63,60,404,291,43,74,361,284,322,161,55,66,17,26,0,14,0,14,0,14,79,88,171,92,155,88,16,25
1400000US06037269100,4227,958,3835,997,3200,1033,63,75,0,14,268,227,0,14,223,271,81,64,23,28,58,58,392,310,0,14,0,14,0,14,0,14,0,14,110,125,282,231,247,230,35,59
1400000US06037269300,3757,440,3521,405,2907,427,13,20,0,14,158,77,0,14,55,92,388,191,52,74,336,175,236,143,14,22,0,14,0,14,0,14,0,14,34,52,188,122,178,123,10,16
1400000US06037269500,3962,563,3610,601,2810,490,7,11,0,14,273,151,0,14,178,229,342,307,228,298,114,99,352,289,0,14,0,14,80,111,0,14,0,14,246,263,26,30,26,30,0,14
1400000US06037269601,3389,605,1623,496,341,182,824,464,0,14,191,118,173,242,55,70,39,43,9,16,30,40,1766,463,153,119,120,127,63,53,0,14,0,14,774,426,656,433,634,441,22,26
1400000US06037269602,2383,439,1146,238,585,159,261,216,0,14,215,183,7,11,44,57,34,43,0,14,34,43,1237,384,8,13,0,14,40,54,0,14,0,14,739,301,450,349,385,337,65,80
1400000US06037269700,4043,521,2787,485,1947,459,107,81,6,9,254,118,4,10,0,14,469,270,109,137,360,242,1256,237,92,90,0,14,21,32,6,12,0,14,587,234,550,206,550,206,0,14
1400000US06037269800,3384,436,2237,335,1305,282,145,95,0,14,628,195,0,14,0,14,159,84,30,27,129,79,1147,407,289,193,0,14,17,26,62,81,0,14,305,146,474,276,435,270,39,38
1400000US06037269903,3601,409,2451,355,1085,322,334,178,0,14,777,247,0,14,22,27,233,113,25,38,208,107,1150,313,127,73,8,11,0,14,9,17,0,14,622,216,384,261,345,258,39,35
1400000US06037269905,2188,211,1883,218,1066,182,189,124,0,14,554,177,0,14,0,14,74,44,40,33,34,31,305,159,14,17,0,14,19,28,0,14,0,14,95,58,177,141,151,126,26,28
1400000US06037269906,3151,549,2803,558,1472,270,394,155,0,14,797,457,0,14,11,18,129,72,10,23,119,70,348,125,72,61,16,22,0,14,0,14,0,14,125,74,135,87,71,51,64,60
1400000US06037269907,2704,262,2295,318,1125,239,327,159,0,14,581,242,23,35,7,12,232,133,183,129,49,34,409,163,77,67,0,14,0,14,32,47,0,14,49,54,251,168,232,165,19,29
1400000US06037269908,1868,318,1469,291,559,169,343,159,0,14,462,249,0,14,58,58,47,48,47,48,0,14,399,152,7,12,0,14,0,14,0,14,0,14,256,127,136,94,81,67,55,49
1400000US06037269909,2238,614,1610,380,832,311,326,143,0,14,228,150,33,78,32,51,159,162,38,61,121,149,628,548,9,14,0,14,0,14,0,14,0,14,519,532,100,90,100,90,0,14
1400000US06037270101,1832,361,1723,371,892,308,178,107,0,14,458,165,0,14,0,14,195,140,34,32,161,136,109,64,24,27,0,14,0,14,0,14,0,14,33,30,52,43,52,43,0,14
1400000US06037270102,2380,496,1930,483,935,233,73,63,0,14,806,480,0,14,0,14,116,76,28,23,88,75,450,254,29,31,12,20,13,20,0,14,0,14,252,239,144,78,104,64,40,37
1400000US06037270200,3401,500,1913,423,778,237,466,418,29,72,446,182,0,14,21,27,173,110,0,14,173,110,1488,335,170,195,38,51,6,12,21,24,0,14,540,256,713,398,697,398,16,24
1400000US06037270300,2599,402,1571,362,716,227,462,211,0,14,160,75,0,14,90,93,143,87,19,26,124,80,1028,483,94,91,239,318,58,73,0,14,0,14,533,361,104,63,104,63,0,14
1400000US06037271100,2438,308,2121,297,1256,244,0,14,5,11,570,125,0,14,14,20,276,138,23,35,253,141,317,131,9,15,0,14,0,14,0,14,0,14,130,81,178,117,115,99,63,59
1400000US06037271200,2931,622,1790,348,823,260,275,261,0,14,455,149,42,66,51,40,144,97,24,38,120,89,1141,618,385,495,0,14,0,14,0,14,0,14,217,142,539,420,491,417,48,45
1400000US06037271300,4865,646,4057,671,2137,479,220,216,22,33,1021,282,0,14,12,20,645,393,89,129,556,399,808,208,86,105,0,14,14,29,0,14,0,14,441,186,267,141,223,126,44,43
1400000US06037271400,3331,379,3094,392,2205,374,0,14,9,15,603,262,0,14,0,14,277,149,78,72,199,129,237,118,28,40,0,14,0,14,16,25,0,14,19,34,174,93,140,79,34,51
1400000US06037271500,3094,451,2650,400,1844,394,47,52,0,14,433,180,0,14,0,14,326,212,14,22,312,211,444,231,12,20,81,88,0,14,0,14,0,14,47,46,304,175,203,143,101,110
1400000US06037271600,5608,582,4751,624,2350,450,185,93,6,10,1929,507,0,19,19,25,262,117,10,16,252,113,857,213,174,88,28,41,0,19,43,53,0,19,195,92,417,171,300,150,117,78
1400000US06037271702,4664,414,3513,342,1512,301,333,144,15,17,1366,278,0,14,0,14,287,136,65,89,222,109,1151,294,152,96,22,34,0,14,14,24,0,14,563,257,400,171,302,151,98,80
1400000US06037271703,2805,348,2565,347,1313,334,56,57,0,14,902,364,0,14,10,16,284,142,68,58,216,130,240,124,66,74,0,14,0,14,0,14,0,14,108,84,66,62,66,62,0,14
1400000US06037271704,2987,895,2856,898,1482,273,176,155,0,14,953,821,0,14,103,168,142,107,76,82,66,78,131,86,1,3,0,14,0,14,0,14,0,14,34,31,96,81,56,53,40,62
1400000US06037271801,3589,428,2183,293,1344,262,109,69,0,14,493,198,0,14,0,14,237,153,0,14,237,153,1406,394,222,185,52,72,186,161,0,14,0,14,282,245,664,382,611,384,53,62
1400000US06037271803,3426,612,2466,631,1040,232,699,446,0,14,432,146,0,14,0,14,295,151,53,87,242,132,960,592,83,90,0,14,0,14,0,14,0,14,388,320,489,479,483,480,6,14
1400000US06037271804,2402,306,2003,292,1390,291,75,63,0,14,389,200,0,14,1,11,148,107,90,103,58,71,399,139,46,43,0,14,9,15,0,14,0,14,245,122,99,145,89,145,10,17
1400000US06037271901,3346,564,2238,485,1249,272,386,442,0,14,423,89,32,50,0,14,148,111,0,14,148,111,1108,344,72,79,18,31,42,68,16,26,0,14,812,375,148,104,141,99,7,30
1400000US06037271902,3991,461,2958,276,2183,257,90,63,37,53,427,132,0,14,52,62,169,98,55,87,114,58,1033,380,92,68,0,14,8,13,9,16,0,14,443,285,481,315,481,315,0,14
1400000US06037272100,4550,622,3491,539,2764,522,93,102,0,14,347,154,0,14,80,79,207,122,69,67,138,103,1059,270,144,108,0,14,17,27,10,15,0,14,259,153,629,225,463,210,166,130
1400000US06037272201,2344,334,1641,291,1304,313,70,103,0,14,164,85,0,14,8,13,95,103,8,13,87,99,703,200,52,52,17,27,62,55,0,14,0,14,256,150,316,165,298,167,18,27
1400000US06037272202,3143,495,2472,472,1644,370,58,48,0,14,345,138,0,14,0,14,425,295,80,50,345,301,671,309,87,84,47,52,105,142,0,14,0,14,93,71,339,223,339,223,0,14
1400000US06037272301,3310,478,2735,505,1973,398,66,68,0,14,340,158,0,14,94,124,262,156,48,60,214,144,575,166,91,90,0,14,0,14,15,24,0,14,319,128,150,98,150,98,0,14
1400000US06037272302,3996,533,2210,537,1740,506,150,93,0,14,161,82,0,14,0,14,159,116,63,92,96,64,1786,528,106,83,0,14,110,115,0,14,0,14,891,473,679,425,671,425,8,12
1400000US06037273100,3110,341,2663,341,1977,333,89,66,0,14,266,142,0,14,30,48,301,146,3,6,298,147,447,143,41,41,0,14,0,14,0,14,0,14,133,94,273,109,248,107,25,34
1400000US06037273200,2792,424,2145,403,1553,407,169,92,0,14,179,95,0,14,49,48,195,93,52,53,143,78,647,232,111,100,0,14,39,61,0,14,0,14,235,206,262,94,224,100,38,60
1400000US06037273300,3151,460,2357,407,1837,296,320,280,0,14,88,98,0,14,0,14,112,63,12,20,100,61,794,191,72,75,0,14,141,198,0,14,0,14,451,174,130,110,112,114,18,29
1400000US06037273403,1398,270,1160,267,928,265,97,80,6,9,33,41,14,21,7,12,75,63,0,14,75,63,238,81,32,47,0,14,13,15,0,14,0,14,38,45,155,108,80,115,75,64
1400000US06037273404,1571,339,1536,341,1172,291,81,79,0,14,212,203,0,14,13,21,58,65,0,14,58,65,35,48,0,14,0,14,0,14,0,14,0,14,0,14,35,48,35,48,0,14
1400000US06037273502,2453,356,2278,359,1824,340,61,65,32,39,148,114,0,14,14,23,199,133,115,115,84,55,175,89,52,34,0,14,0,14,0,14,0,14,17,17,106,86,106,86,0,14
1400000US06037273600,2279,332,1898,331,1660,310,0,14,0,14,154,108,0,14,14,21,70,65,0,14,70,65,381,180,75,81,0,14,0,14,0,14,0,14,67,74,239,127,239,127,0,14
1400000US06037273700,2782,513,1945,331,1549,340,74,114,0,14,73,71,0,14,57,51,192,98,22,26,170,97,837,394,69,68,0,14,105,116,0,14,0,14,342,327,321,166,253,170,68,61
1400000US06037273800,2907,306,2390,303,1862,288,78,73,8,13,225,106,0,14,0,14,217,122,0,14,217,122,517,227,46,41,0,14,0,14,0,14,0,14,120,118,351,198,325,196,26,31
1400000US06037273902,4105,707,3704,691,2868,571,194,145,0,14,241,231,25,40,259,366,117,85,56,56,61,55,401,159,62,51,0,14,17,27,0,14,0,14,40,51,282,155,209,138,73,80
1400000US06037274100,4386,838,3963,800,2611,486,873,776,0,14,329,187,0,14,0,14,150,131,52,84,98,91,423,287,0,14,160,230,0,14,0,14,0,14,13,20,250,178,250,178,0,14
1400000US06037274202,4286,566,3581,522,2630,498,270,168,0,14,211,135,0,14,27,40,443,231,149,155,294,171,705,320,200,151,0,14,0,14,0,14,0,14,54,63,451,303,330,250,121,100
1400000US06037275101,962,144,812,137,472,151,123,108,0,14,167,81,0,14,0,14,50,37,21,30,29,27,150,115,0,14,0,14,0,14,0,14,0,14,16,15,134,112,134,112,0,14
1400000US06037275102,3661,830,1662,254,709,182,144,90,0,14,506,175,0,14,11,18,292,156,69,72,223,141,1999,880,139,125,0,14,0,14,0,14,0,14,484,343,1376,769,1366,769,10,16
1400000US06037275200,3686,538,2126,287,1019,210,118,89,21,36,776,291,0,14,3,6,189,82,13,18,176,74,1560,523,29,28,16,23,53,67,0,14,0,14,1015,514,447,164,395,161,52,56
1400000US06037275311,5234,575,3942,610,2448,468,77,73,0,19,951,436,24,40,101,100,341,164,20,32,321,164,1292,339,362,210,0,19,34,54,0,19,0,19,503,256,393,184,304,163,89,95
1400000US06037275312,1795,239,1678,234,1304,222,26,32,0,14,103,71,0,14,0,14,245,144,43,44,202,140,117,80,60,71,0,14,0,14,0,14,0,14,30,37,27,25,27,25,0,14
1400000US06037275313,3470,841,2638,537,1906,441,26,28,0,14,417,117,0,14,0,14,289,205,0,14,289,205,832,475,468,430,0,14,0,14,39,55,0,14,62,54,263,200,235,198,28,44
1400000US06037275400,4336,936,3768,840,2445,752,122,88,0,14,811,310,0,14,0,14,390,354,0,14,390,354,568,303,35,53,162,272,0,14,0,14,0,14,284,88,87,108,87,108,0,14
1400000US06037275500,5086,899,1801,326,840,215,238,235,0,19,407,194,12,20,0,19,304,170,78,79,226,139,3285,889,417,272,0,19,63,73,14,17,0,19,1562,849,1229,486,1088,471,141,167
1400000US06037275603,2759,444,1965,375,1051,340,67,63,0,14,736,301,0,14,0,14,111,74,15,25,96,69,794,317,232,148,0,14,0,14,0,14,0,14,237,142,325,226,286,206,39,73
1400000US06037275604,9869,1161,8726,1114,5318,1043,613,526,0,19,1826,485,0,19,0,19,969,522,0,19,969,522,1143,491,145,129,0,19,0,19,0,19,0,19,498,321,500,318,500,318,0,19
1400000US06037275605,2915,382,2500,408,1190,384,509,214,0,14,625,232,0,14,37,49,139,85,0,14,139,85,415,199,157,113,0,14,0,14,0,14,0,14,101,116,157,125,134,108,23,34
1400000US06037276000,6626,692,5473,639,3674,532,110,101,0,19,1350,377,0,19,0,19,339,184,76,84,263,170,1153,310,111,105,15,24,0,19,0,19,42,63,127,96,858,300,698,343,160,168
1400000US06037276101,3441,588,2880,570,1181,464,611,316,0,14,639,312,0,14,20,31,429,276,96,107,333,196,561,224,112,90,48,77,0,14,49,83,0,14,125,145,227,123,179,119,48,57
1400000US06037276102,3429,573,2552,497,579,230,1365,386,0,14,232,186,0,14,20,34,356,237,14,21,342,239,877,269,39,72,0,14,0,14,0,14,0,14,182,169,656,264,444,216,212,174
1400000US06037276400,4233,570,3818,518,3029,510,236,198,0,14,393,180,19,29,0,14,141,79,0,14,141,79,415,217,44,51,0,14,0,14,0,14,0,14,34,32,337,210,337,210,0,14
1400000US06037276500,5464,243,4312,296,2553,276,312,120,11,23,993,209,0,19,10,19,433,126,68,48,365,120,1152,223,284,117,15,22,38,50,23,27,0,19,254,126,538,138,447,111,91,58
1400000US06037276601,4055,476,3343,450,2487,419,153,100,33,38,301,94,0,14,9,14,360,153,89,71,271,138,712,339,51,39,0,14,0,14,35,36,0,14,114,165,512,284,416,229,96,92
1400000US06037276605,2452,856,2214,868,1831,887,186,128,0,14,139,74,11,19,0,14,47,46,0,14,47,46,238,140,64,77,0,14,0,14,0,14,0,14,110,83,64,52,64,52,0,14
1400000US06037276606,3310,243,2238,225,1570,230,90,84,0,14,426,143,0,14,1,2,151,95,35,54,116,76,1072,236,186,96,0,14,0,14,306,5,0,14,244,134,336,159,169,109,167,148
1400000US06037276607,2709,425,2407,410,1233,253,287,279,0,14,534,219,0,14,17,28,336,283,0,14,336,283,302,137,39,37,0,14,11,17,8,13,0,14,118,70,126,89,114,82,12,19
1400000US06037276608,1819,334,1630,334,1121,280,85,115,0,14,314,213,22,34,0,14,88,79,0,14,88,79,189,107,70,56,0,14,16,27,8,13,0,14,14,18,81,74,63,68,18,29
1400000US06037277000,5711,1104,4496,488,3386,530,258,297,0,19,559,199,26,42,0,19,267,121,33,49,234,115,1215,918,240,167,0,19,0,19,0,19,0,19,184,186,791,873,778,874,13,21
1400000US06037277100,3179,659,2672,644,1444,348,38,41,54,65,775,534,53,80,84,84,224,96,94,76,130,64,507,149,34,34,0,14,5,10,13,20,0,14,152,88,303,151,129,76,174,112
1400000US06037277200,1893,375,1325,269,469,258,339,158,24,32,374,212,0,14,0,14,119,66,47,45,72,53,568,226,6,10,0,14,14,21,0,14,0,14,353,215,195,128,191,130,4,10
1400000US06037277400,0,14,0,14,0,14,0,14,0,14,0,14,0,14,0,14,0,14,0,14,0,14,0,14,0,14,0,14,0,14,0,14,0,14,0,14,0,14,0,14,0,14
1400000US06037278001,2572,396,1579,337,923,277,167,114,0,14,323,132,0,14,7,14,159,87,25,38,134,76,993,272,137,113,0,14,174,160,0,14,0,14,419,319,263,166,247,157,16,26
1400000US06037278102,2917,354,2643,329,2048,339,118,100,0,14,288,139,0,14,0,14,189,130,11,16,178,129,274,104,142,94,0,14,0,14,0,14,0,14,37,29,95,75,83,63,12,23
1400000US06037291110,3749,705,1910,368,62,29,1758,377,0,14,12,23,0,14,32,50,46,69,0,14,46,69,1839,692,10,18,0,14,0,14,13,25,6,14,470,380,1340,580,1340,580,0,14
1400000US06037291120,2063,376,693,188,59,52,507,181,0,14,106,71,0,14,8,12,13,18,7,16,6,9,1370,369,247,191,7,13,34,55,0,14,0,14,722,371,360,141,360,141,0,14
1400000US06037291130,3412,509,1587,434,216,103,384,128,0,14,757,274,0,14,44,72,186,132,0,14,186,132,1825,451,327,255,0,14,35,28,0,14,0,14,733,305,730,287,718,287,12,20
1400000US06037291210,4785,710,2625,730,449,224,1218,636,0,14,834,260,0,14,48,75,76,66,59,61,17,27,2160,486,237,175,0,14,11,21,0,14,0,14,923,426,989,492,903,485,86,109
1400000US06037291220,2988,459,1337,338,267,185,248,154,0,14,754,231,0,14,0,14,68,68,0,14,68,68,1651,456,82,104,0,14,49,73,0,14,0,14,710,348,810,406,810,406,0,14
1400000US06037291300,3065,384,2139,446,266,130,196,157,0,14,1382,351,0,14,0,14,295,192,21,34,274,190,926,382,159,155,0,14,39,64,16,25,0,14,388,311,324,144,281,141,43,48
1400000US06037292001,4522,658,2121,521,203,113,792,445,0,14,1051,416,0,14,0,14,75,72,0,14,75,72,2401,506,210,295,0,14,0,14,0,14,0,14,1518,480,673,278,673,278,0,14
1400000US06037292002,1882,452,1016,186,391,172,129,86,0,14,383,90,0,14,43,69,70,40,8,13,62,39,866,340,0,14,0,14,8,12,0,14,0,14,333,131,525,300,411,248,114,142
1400000US06037293203,2996,430,1444,391,400,323,172,161,0,14,820,237,0,14,0,14,52,72,0,14,52,72,1552,384,56,86,0,14,0,14,0,14,0,14,1278,338,218,196,209,197,9,15
1400000US06037293204,4230,1528,1624,550,379,267,352,209,0,14,879,476,0,14,0,14,14,22,0,14,14,22,2606,1411,195,273,0,14,0,14,0,14,0,14,998,507,1413,1438,1413,1438,0,14
1400000US06037293205,3515,664,1221,300,374,228,222,184,0,14,588,175,0,14,0,14,37,47,30,45,7,11,2294,580,325,270,0,14,39,62,12,21,0,14,1684,463,234,187,234,187,0,14
1400000US06037293206,2463,356,1232,383,252,137,426,351,0,14,443,198,29,50,68,65,14,15,8,12,6,9,1231,315,128,134,0,14,8,15,97,155,0,14,871,311,127,98,113,95,14,22
1400000US06037293301,2598,189,2031,253,475,152,108,67,14,20,1319,275,0,14,9,14,106,58,0,14,106,58,567,185,39,40,0,14,0,14,0,14,6,9,370,198,152,109,96,65,56,61
1400000US06037293302,4864,863,2418,295,441,165,403,221,0,14,1255,230,0,14,102,125,217,157,0,14,217,157,2446,824,641,413,0,14,2,3,30,41,0,14,671,412,1102,688,966,670,136,112
1400000US06037293304,4594,741,1685,479,738,451,271,136,0,14,540,204,0,14,0,14,136,147,130,146,6,9,2909,483,453,259,0,14,38,36,9,14,0,14,879,354,1530,456,1338,365,192,175
1400000US06037293306,2420,366,1566,341,753,156,148,103,0,14,579,277,0,14,0,14,86,53,0,14,86,53,854,246,290,196,26,33,0,14,0,14,0,14,264,135,274,157,274,157,0,14
1400000US06037293307,3033,819,919,278,303,172,224,169,0,14,357,166,0,14,0,14,35,25,0,14,35,25,2114,801,931,746,0,14,7,12,0,14,0,14,564,320,612,314,602,315,10,15
1400000US06037294110,3889,361,589,224,349,212,35,39,0,14,198,122,0,14,0,14,7,12,0,14,7,12,3300,351,1103,349,0,14,0,14,97,155,0,14,1203,449,897,335,815,338,82,66
1400000US06037294120,2403,664,250,130,10,17,117,126,6,11,102,82,0,14,15,25,0,14,0,14,0,14,2153,711,1558,732,0,14,42,59,0,14,0,14,305,146,248,162,203,148,45,47
1400000US06037294200,4139,660,527,268,282,198,0,14,0,14,229,174,0,14,0,14,16,21,0,14,16,21,3612,680,1314,431,13,20,133,110,0,14,0,14,1314,585,838,332,716,321,122,100
1400000US06037294301,2685,356,407,160,153,92,3,4,0,14,217,124,0,14,0,14,34,36,0,14,34,36,2278,387,1062,237,0,14,27,28,0,14,0,14,733,320,456,265,411,263,45,46
1400000US06037294302,4435,566,585,334,100,54,129,172,0,14,324,304,0,14,0,14,32,32,0,14,32,32,3850,674,2157,714,0,14,64,65,13,20,0,14,1114,445,502,250,402,245,100,80
1400000US06037294410,5023,726,2655,353,545,152,1116,280,0,19,775,276,55,105,0,19,164,119,0,19,164,119,2368,713,385,220,0,19,139,186,0,19,0,19,812,358,1032,613,637,569,395,253
1400000US06037294421,2410,604,996,332,258,94,164,132,0,14,390,180,0,14,0,14,184,143,146,137,38,33,1414,549,479,523,8,12,7,10,0,14,0,14,470,219,450,263,413,257,37,32
1400000US06037294510,4269,878,566,200,214,144,56,47,0,14,296,197,0,14,0,14,0,14,0,14,0,14,3703,901,2243,849,0,14,134,207,13,21,0,14,696,295,617,377,596,375,21,31
1400000US06037294520,3493,396,174,110,61,56,60,84,13,13,37,40,0,14,0,14,3,6,0,14,3,6,3319,416,1969,456,0,14,47,54,26,29,0,14,932,340,345,203,344,203,1,3
1400000US06037294610,4312,790,540,356,133,72,0,14,0,14,177,198,204,293,0,14,26,32,8,12,18,30,3772,851,1739,889,0,14,40,65,6,9,0,14,1005,390,982,391,952,390,30,49
1400000US06037294620,3810,637,300,252,49,50,168,228,52,82,31,50,0,14,0,14,0,14,0,14,0,14,3510,642,1951,652,21,33,31,51,4,6,0,14,534,217,969,387,821,311,148,242
1400000US06037294701,2987,379,343,108,129,80,156,95,0,14,43,45,0,14,0,14,15,36,0,14,15,36,2644,393,1628,449,0,14,131,148,0,14,0,14,624,328,261,153,250,154,11,11
1400000US06037294810,3991,451,162,100,49,42,35,44,0,14,7,11,14,21,40,60,17,22,0,14,17,22,3829,452,2568,667,0,14,0,14,6,11,0,14,747,438,508,353,508,353,0,14
1400000US06037294820,3279,469,117,84,22,23,7,12,0,14,88,86,0,14,0,14,0,14,0,14,0,14,3162,470,2058,483,0,14,42,58,0,14,0,14,756,279,306,163,262,151,44,57
1400000US06037294830,3706,765,351,190,166,161,82,76,54,59,36,32,0,14,0,14,13,18,0,14,13,18,3355,735,2455,797,0,14,11,20,50,70,0,14,450,221,389,242,272,181,117,145
1400000US06037294900,3902,521,534,130,91,54,443,136,0,14,0,14,0,14,0,14,0,14,0,14,0,14,3368,498,2196,598,14,23,0,14,0,14,0,14,870,357,288,180,265,180,23,33
1400000US06037295103,4897,670,3595,554,2490,547,180,120,0,14,569,221,0,14,0,14,356,191,68,79,288,179,1302,475,641,415,0,14,48,56,0,14,0,14,125,96,488,220,447,205,41,62
1400000US06037296210,3355,674,700,196,253,166,162,109,9,14,59,56,0,14,0,14,217,115,50,49,167,100,2655,692,769,550,0,14,114,108,0,14,0,14,907,471,865,263,753,241,112,96
1400000US06037296220,3924,502,1588,288,388,219,681,294,0,14,441,185,0,14,0,14,78,83,0,14,78,83,2336,488,658,349,120,111,0,14,27,34,0,14,1265,489,266,196,266,196,0,14
1400000US06037296300,5111,764,2824,603,1491,558,169,122,0,19,841,377,0,19,24,49,299,169,69,67,230,150,2287,611,657,635,10,18,42,46,4,6,3,6,443,278,1128,402,1066,402,62,61
1400000US06037296401,3120,490,2076,423,1591,315,276,271,8,10,140,83,0,14,0,14,61,45,12,16,49,40,1044,331,369,198,0,14,0,14,0,14,0,14,302,223,373,158,357,153,16,19
1400000US06037296402,3247,442,1805,410,1247,295,34,33,0,14,349,228,31,48,0,14,144,141,8,12,136,141,1442,319,389,219,8,17,11,20,45,57,0,14,323,156,666,328,510,283,156,206
1400000US06037296500,3756,519,671,231,455,206,115,91,0,14,5,11,32,45,21,32,43,42,18,30,25,29,3085,480,401,192,0,14,31,39,4,12,0,14,1934,547,715,324,684,324,31,37
1400000US06037296600,5319,731,1895,636,858,430,339,203,0,19,312,233,57,89,0,19,329,316,239,331,90,86,3424,717,1011,603,46,71,38,37,0,19,0,19,1520,566,809,341,716,337,93,79
1400000US06037296901,4661,881,1308,253,810,216,177,133,0,14,69,42,0,14,92,85,160,171,0,14,160,171,3353,833,1473,964,0,14,96,84,40,45,0,14,1080,394,664,360,623,357,41,47
1400000US06037296902,4306,539,1576,309,1038,282,75,66,0,14,257,128,0,14,118,161,88,81,18,37,70,84,2730,455,904,392,0,14,157,156,0,14,0,14,761,350,908,395,851,397,57,146
1400000US06037297001,1522,157,1166,178,958,204,0,14,0,14,72,50,9,17,3,5,124,132,0,14,124,132,356,108,27,23,0,14,0,14,0,14,0,14,56,53,273,132,256,134,17,21
1400000US06037297002,4267,712,2748,735,2044,682,10,15,57,81,246,139,0,14,120,181,271,157,22,24,249,158,1519,334,362,173,0,14,89,114,35,43,0,14,413,236,620,254,499,267,121,126
1400000US06037297110,4693,684,1723,263,949,286,259,133,0,14,111,108,57,70,58,49,289,151,22,34,267,152,2970,693,1713,730,0,14,26,54,19,21,13,21,592,244,607,264,490,243,117,132
1400000US06037297120,3519,486,1101,224,671,217,211,157,0,14,64,56,31,132,0,14,124,91,25,43,99,80,2418,485,863,493,0,14,22,23,0,14,0,14,654,370,879,420,865,419,14,21
1400000US06037297201,3768,558,1601,368,1004,335,212,177,10,19,254,131,0,14,11,19,110,66,43,45,67,51,2167,482,1327,537,0,14,18,23,13,39,0,14,455,206,354,212,293,206,61,60
1400000US06037297202,4238,673,2199,527,1775,519,188,188,9,14,150,158,0,14,13,22,64,58,0,14,64,58,2039,467,563,366,8,13,19,30,13,21,0,14,306,159,1130,312,891,301,239,223
1400000US06037297300,2081,271,1473,217,1253,231,72,52,0,14,63,52,0,14,0,14,85,65,0,14,85,65,608,206,203,139,0,14,17,28,27,29,0,14,130,94,231,115,112,67,119,81
1400000US06037297400,3695,423,2890,400,2166,424,44,51,0,14,330,150,0,14,68,98,282,210,212,199,70,46,805,222,67,70,0,14,10,15,0,14,0,14,53,58,675,208,543,228,132,105
1400000US06037297501,2697,574,1673,261,1238,257,39,49,14,23,203,120,0,14,0,14,179,87,7,12,172,87,1024,499,210,223,0,14,22,43,0,14,0,14,137,97,655,602,556,588,99,107
1400000US06037297502,2426,303,1666,248,1197,291,67,88,0,14,188,170,0,14,6,9,208,131,16,24,192,136,760,262,118,116,0,14,106,79,14,49,0,14,152,135,370,209,230,189,140,144
1400000US06037297601,3579,569,2045,357,1502,350,172,143,0,14,123,168,112,119,0,14,136,134,0,14,136,134,1534,649,338,242,65,106,15,21,0,14,0,14,122,100,994,581,915,580,79,99
1400000US06037297602,3540,422,1946,304,1367,220,118,87,0,14,227,152,0,14,59,64,175,132,43,51,132,127,1594,327,458,194,0,14,0,14,142,139,0,14,544,255,450,247,415,243,35,38
1400000US06037300100,6148,611,5509,674,3359,565,0,19,0,19,1710,392,0,19,60,96,380,260,171,185,209,167,639,282,46,53,0,19,0,19,0,19,0,19,202,245,391,179,353,169,38,44
1400000US06037300200,5697,616,4319,569,2414,445,70,69,0,19,1588,426,0,19,17,27,230,142,31,35,199,143,1378,576,488,355,0,19,15,22,6,13,0,19,382,301,487,335,467,331,20,26
1400000US06037300301,5914,816,5552,825,3841,818,90,124,0,19,1280,211,0,19,0,19,341,181,44,70,297,166,362,114,19,26,0,19,0,19,0,19,0,19,256,96,87,94,51,74,36,45
1400000US06037300400,5486,929,4553,881,2040,336,26,32,0,19,1660,466,0,19,0,19,827,730,541,732,286,139,933,342,124,121,21,59,27,36,0,19,0,19,389,174,372,304,372,304,0,19
1400000US06037300501,2774,417,2252,358,1121,274,0,14,19,31,1056,351,0,14,22,29,34,40,0,14,34,40,522,304,89,126,0,14,0,14,0,14,0,14,361,282,72,46,59,45,13,20
1400000US06037300503,5041,963,4010,1012,2371,507,1,2,164,199,859,229,0,19,34,53,581,696,42,64,539,694,1031,300,70,57,0,19,0,19,50,52,0,19,372,230,539,273,465,236,74,89
1400000US06037300601,5617,952,4838,1017,2891,985,94,96,0,19,1684,433,4,10,41,42,124,79,9,16,115,77,779,300,150,180,0,19,155,144,0,19,0,19,204,138,270,173,221,174,49,43
1400000US06037300602,3177,398,2620,455,2268,458,9,22,0,14,259,149,18,30,0,14,66,55,25,30,41,47,557,282,25,25,0,14,0,14,0,14,0,14,99,71,433,275,139,120,294,232
1400000US06037300701,5444,650,5039,649,3480,582,0,19,0,19,322,163,0,19,0,19,1237,724,323,246,914,660,405,122,109,71,0,19,0,19,22,36,0,19,30,50,244,140,244,140,0,19
1400000US06037300702,5806,733,5403,727,4765,658,0,19,0,19,482,202,0,19,0,19,156,118,0,19,156,118,403,330,164,258,0,19,14,22,0,19,0,19,38,64,187,126,138,92,49,61
1400000US06037300800,7387,1365,6226,1376,4562,914,63,74,0,19,778,229,0,19,14,21,809,786,30,50,779,786,1161,439,107,151,53,92,36,58,0,19,0,19,242,153,723,362,644,361,79,79
1400000US06037300901,5478,651,5103,661,3575,529,226,289,0,19,954,290,27,48,64,89,257,175,20,28,237,171,375,126,176,133,0,19,0,19,0,19,0,19,0,19,199,148,199,148,0,19
1400000US06037300902,2051,433,1862,426,1390,408,14,16,0,14,382,153,0,14,0,14,76,71,27,28,49,71,189,85,12,17,0,14,0,14,4,7,0,14,47,42,126,63,104,56,22,27
1400000US06037301000,5390,771,4570,784,3504,731,38,50,0,19,668,280,0,19,105,154,255,299,0,19,255,299,820,309,130,114,14,25,0,19,0,19,0,19,457,200,219,194,122,133,97,114
1400000US06037301100,6912,987,6453,967,5545,1009,14,23,0,19,600,183,0,19,0,19,294,325,0,19,294,325,459,180,0,19,0,19,88,113,0,19,0,19,188,112,183,101,105,88,78,86
1400000US06037301203,3794,443,3518,444,2906,490,37,54,0,14,364,130,0,14,25,39,186,127,0,14,186,127,276,130,19,22,0,14,0,14,0,14,0,14,136,92,121,96,113,95,8,14
1400000US06037301204,4967,662,4065,635,3161,714,49,55,0,14,765,376,0,14,0,14,90,81,0,14,90,81,902,462,184,119,11,23,0,14,0,14,0,14,322,239,385,350,325,336,60,97
1400000US06037301205,2154,359,2061,368,1784,354,0,14,0,14,158,126,0,14,0,14,119,86,0,14,119,86,93,64,32,29,0,14,0,14,0,14,0,14,23,30,38,29,38,29,0,14
1400000US06037301206,4998,1063,4368,1037,3456,1025,88,97,0,14,694,180,0,14,0,14,130,89,42,63,88,68,630,320,69,58,0,14,0,14,9,14,0,14,313,289,239,160,229,162,10,16
1400000US06037301300,2061,323,1911,329,1730,323,10,10,0,14,106,65,0,14,0,14,65,37,27,32,38,25,150,62,28,26,0,14,0,14,0,14,0,14,16,15,106,52,92,46,14,19
1400000US06037301400,3967,551,3592,553,3064,530,0,14,0,14,233,113,55,87,0,14,240,190,123,157,117,117,375,178,70,68,0,14,46,72,9,15,0,14,118,94,132,91,116,81,16,29
1400000US06037301501,1696,322,1397,313,1196,329,0,14,0,14,122,86,18,48,50,67,11,20,0,14,11,20,299,172,0,14,0,14,0,14,6,14,0,14,110,93,183,152,174,152,9,14
1400000US06037301502,7498,982,6772,890,6119,901,33,52,0,19,286,152,0,19,0,19,334,319,22,35,312,326,726,449,90,83,0,19,168,213,0,19,0,19,246,318,222,215,144,199,78,88
1400000US06037301601,5513,717,4398,623,4006,634,40,48,0,19,305,171,0,19,0,19,47,55,0,19,47,55,1115,603,210,236,0,19,0,19,45,55,0,19,764,498,96,89,96,89,0,19
1400000US06037301602,3597,542,1966,480,1271,224,72,53,32,31,248,86,0,14,35,52,308,447,11,15,297,447,1631,330,325,261,0,14,109,156,0,14,0,14,890,252,307,157,285,155,22,20
1400000US06037301701,2702,440,2284,411,1554,390,41,57,0,14,614,264,0,14,0,14,75,92,0,14,75,92,418,181,0,14,0,14,0,14,4,8,0,14,276,118,138,93,138,93,0,14
1400000US06037301702,5795,888,4218,768,3157,725,129,150,0,19,822,318,18,56,18,28,74,66,0,19,74,66,1577,704,148,130,0,19,0,19,0,19,0,19,874,665,555,285,481,276,74,89
1400000US06037301801,6185,486,5505,523,4082,549,58,72,0,19,1091,244,0,19,139,106,135,100,0,19,135,100,680,404,71,59,5,9,0,19,12,22,0,19,451,345,141,91,107,70,34,38
1400000US06037301802,5752,738,4501,627,3018,585,370,251,0,19,796,411,0,19,124,134,193,115,75,92,118,71,1251,565,234,262,56,92,71,76,0,19,0,19,615,451,275,297,260,296,15,26
1400000US06037301901,3949,494,3340,635,2940,661,51,50,0,14,274,114,0,14,0,14,75,69,0,14,75,69,609,305,27,44,0,14,0,14,109,124,0,14,380,283,93,76,81,74,12,21
1400000US06037301902,3358,760,3036,763,2391,803,9,21,0,14,497,301,0,14,0,14,139,142,0,14,139,142,322,89,47,60,0,14,0,14,14,22,0,14,199,126,62,73,62,73,0,14
1400000US06037302002,3829,617,2463,531,1893,493,19,23,0,14,463,193,22,35,0,14,66,61,0,14,66,61,1366,609,58,70,0,14,0,14,9,17,0,14,893,464,406,340,406,340,0,14
1400000US06037302003,3715,582,3312,530,2753,483,0,14,0,14,343,152,0,14,0,14,216,233,0,14,216,233,403,238,145,189,0,14,0,14,0,14,0,14,171,134,87,69,78,67,9,14
1400000US06037302004,3872,625,2947,477,2456,496,56,62,0,14,398,83,0,14,0,14,37,37,23,34,14,16,925,398,319,339,0,14,67,77,0,14,0,14,416,267,123,102,123,102,0,14
1400000US06037302102,5819,907,4291,800,3287,842,147,173,0,19,731,170,0,19,0,19,126,81,0,19,126,81,1528,461,335,320,0,19,119,137,0,19,0,19,651,229,423,274,339,232,84,132
1400000US06037302103,5115,816,3740,536,3308,610,1,4,0,19,318,191,0,19,0,19,113,106,0,19,113,106,1375,563,26,37,0,19,76,64,0,19,0,19,1115,558,158,125,150,128,8,15
1400000US06037302104,3510,387,2579,414,1596,382,134,88,0,14,761,245,4,9,0,14,84,68,0,14,84,68,931,275,44,71,0,14,11,18,6,9,0,14,617,266,253,117,188,118,65,51
1400000US06037302201,3381,429,2856,382,2221,393,27,46,22,33,310,144,0,14,155,149,121,66,42,39,79,63,525,165,52,53,7,12,6,10,0,14,0,14,382,162,78,69,71,68,7,13
1400000US06037302202,4946,822,3812,821,3233,853,95,84,11,14,403,151,28,39,10,15,32,29,0,14,32,29,1134,246,172,189,22,24,19,29,0,14,0,14,730,213,191,145,155,131,36,48
1400000US06037302301,3654,354,2913,378,1943,355,179,120,0,14,500,185,0,14,116,116,175,113,38,57,137,89,741,238,27,31,0,14,0,14,0,14,0,14,598,214,116,92,116,92,0,14
1400000US06037302302,5134,1018,2922,509,2144,531,95,51,0,19,683,227,0,19,0,19,0,19,0,19,0,19,2212,844,57,44,0,19,0,19,0,19,0,19,1447,695,708,594,649,589,59,58
1400000US06037302401,6728,798,4904,750,3342,796,68,60,8,13,1369,570,0,19,35,41,82,92,33,53,49,75,1824,730,143,144,0,19,14,30,0,19,0,19,1195,653,472,352,339,329,133,121
1400000US06037302503,3935,474,2896,432,2209,445,13,21,14,20,500,146,0,14,87,111,73,54,42,47,31,24,1039,300,77,82,0,14,0,14,0,14,0,14,873,319,89,68,89,68,0,14
1400000US06037302504,3295,427,1978,426,1568,438,27,27,0,14,279,207,0,14,27,44,77,65,9,15,68,62,1317,326,45,41,0,14,26,33,0,14,0,14,1083,314,163,116,163,116,0,14
1400000US06037302505,3962,753,2907,788,2073,616,116,182,0,14,687,409,6,13,21,33,4,3,0,14,4,3,1055,253,138,114,19,30,44,75,16,23,0,14,622,240,216,125,204,124,12,19
1400000US06037302506,3205,606,2457,601,2088,572,46,42,0,14,180,101,0,14,31,46,112,100,0,14,112,100,748,215,117,94,0,14,16,25,0,14,0,14,499,182,116,104,107,99,9,15
1400000US06037310100,5968,923,5369,910,4255,973,304,308,43,64,555,417,0,19,0,19,212,174,0,19,212,174,599,354,82,93,35,48,22,44,0,19,0,19,103,143,357,247,171,142,186,210
1400000US06037310201,5063,887,4300,820,3182,589,83,95,0,19,461,270,0,19,463,645,111,69,23,28,88,67,763,570,61,79,15,27,40,45,0,19,0,19,476,551,171,137,149,121,22,34
1400000US06037310202,4684,497,4025,588,3009,586,120,75,7,13,469,257,0,14,233,176,187,123,0,14,187,123,659,268,80,62,86,104,0,14,0,14,0,14,181,135,312,166,198,133,114,116
1400000US06037310300,2986,498,2775,512,2026,523,0,14,0,14,473,226,0,14,45,70,231,133,16,25,215,131,211,115,0,14,0,14,0,14,18,28,0,14,13,19,180,99,154,97,26,39
1400000US06037310400,3609,781,2965,756,2007,308,131,137,13,23,285,90,0,14,0,14,529,583,15,28,514,580,644,128,229,156,0,14,6,10,0,14,0,14,156,99,253,129,238,125,15,21
1400000US06037310501,3582,519,1595,346,1069,301,207,105,0,14,189,172,16,24,0,14,114,79,10,17,104,76,1987,411,63,81,0,14,44,57,0,14,0,14,832,310,1048,433,976,426,72,66
1400000US06037310601,6426,1061,4840,1180,3033,815,789,933,0,19,795,374,0,19,19,30,204,105,42,43,162,100,1586,570,335,290,0,19,93,110,0,19,0,19,601,383,557,320,463,304,94,112
1400000US06037310602,2651,374,2310,405,1824,416,11,31,0,14,323,193,0,14,30,47,122,83,10,18,112,82,341,197,53,78,0,14,0,14,0,14,0,14,122,90,166,159,152,156,14,23
1400000US06037310701,2315,368,1778,371,1499,377,124,97,0,14,93,81,0,14,11,13,51,45,0,14,51,45,537,179,66,90,25,38,0,14,0,14,0,14,302,143,144,87,84,68,60,45
1400000US06037310703,5129,903,4021,924,3491,993,0,19,0,19,452,339,0,19,12,19,66,57,0,19,66,57,1108,368,304,287,0,19,0,19,17,34,0,19,556,428,231,162,172,142,59,71
1400000US06037310704,4516,461,3645,470,2680,482,152,170,73,90,488,177,0,14,0,14,252,258,78,86,174,242,871,229,1,2,0,14,4,7,94,143,0,14,354,205,418,187,401,183,17,26
1400000US06037310705,2404,662,2317,668,1185,200,150,191,0,14,831,641,0,14,63,91,88,73,0,14,88,73,87,90,25,39,0,14,0,14,0,14,0,14,62,79,0,14,0,14,0,14
1400000US06037310800,5205,740,4131,761,2984,630,142,119,0,19,720,460,0,19,0,19,285,192,81,141,204,143,1074,404,61,56,0,19,0,19,49,74,0,19,648,429,316,244,277,234,39,40
1400000US06037310900,6720,733,4488,563,2873,401,4,7,0,19,1239,473,0,19,7,11,365,215,33,53,332,207,2232,612,361,258,0,19,0,19,0,19,0,19,945,503,926,569,844,558,82,103
1400000US06037311000,3768,448,2482,353,1581,361,83,113,0,14,596,246,0,14,0,14,222,136,43,46,179,125,1286,341,102,87,26,33,23,37,32,35,0,14,357,220,746,336,738,336,8,13
1400000US06037311100,3923,642,2724,540,1929,516,39,48,0,14,676,246,0,14,0,14,80,58,0,14,80,58,1199,295,296,184,0,14,27,40,0,14,0,14,424,147,452,221,377,200,75,83
1400000US06037311200,3118,703,2010,699,1694,625,28,35,0,14,142,99,0,14,44,61,102,75,17,19,85,73,1108,199,81,71,0,14,85,82,0,14,0,14,694,240,248,165,146,116,102,107
1400000US06037311300,3776,575,2776,326,2147,289,37,60,28,42,300,138,0,14,0,14,264,150,131,135,133,69,1000,451,207,139,0,14,0,14,17,24,0,14,158,107,618,435,573,438,45,50
1400000US06037311400,2408,374,2014,372,1599,299,214,294,0,14,166,86,0,14,2,5,33,29,7,12,26,25,394,179,72,67,0,14,0,14,0,14,0,14,56,37,266,167,266,167,0,14
1400000US06037311500,6026,1127,5312,1141,3195,535,388,341,9,18,734,384,16,29,0,19,970,875,91,80,879,876,714,296,181,102,0,19,53,92,5,9,0,19,320,284,155,144,155,144,0,19
1400000US06037311601,2996,1460,1877,384,1027,340,166,179,0,14,429,205,0,14,0,14,255,133,0,14,255,133,1119,1225,85,67,0,14,6,10,0,14,0,14,153,171,875,1224,854,1227,21,27
1400000US06037311602,4618,621,3698,594,2479,490,297,188,0,14,674,344,19,36,9,15,220,155,20,33,200,151,920,330,197,138,0,14,0,14,0,14,0,14,432,260,291,265,267,256,24,44
1400000US06037311700,5763,773,3836,552,2855,351,90,96,0,19,523,188,9,21,0,19,359,336,145,243,214,204,1927,747,200,106,0,19,31,59,0,19,0,19,351,177,1345,746,1345,746,0,19
1400000US06037311801,2811,463,1745,447,1367,429,248,151,0,14,74,55,0,14,18,19,38,49,0,14,38,49,1066,373,49,47,34,54,16,24,0,14,0,14,441,252,526,276,389,280,137,140
1400000US06037311802,4081,776,2496,672,1620,617,322,198,0,14,334,223,0,14,27,31,193,193,0,14,193,193,1585,293,411,259,0,14,30,66,0,14,0,14,806,300,338,202,169,115,169,152
1400000US06037320101,3385,495,348,235,202,125,61,84,0,14,85,133,0,14,0,14,0,14,0,14,0,14,3037,475,449,306,24,27,109,93,0,14,0,14,1464,490,991,329,971,323,20,25
1400000US06037320102,3715,783,216,80,164,66,4,9,0,14,35,24,0,14,0,14,13,15,0,14,13,15,3499,799,429,234,0,14,19,29,20,29,0,14,2447,858,584,220,518,204,66,72
1400000US06037320201,3939,1046,115,77,61,56,12,21,0,14,10,20,0,14,0,14,32,38,0,14,32,38,3824,1060,953,1020,0,14,0,14,0,14,0,14,1397,563,1474,525,1217,534,257,280
1400000US06037320202,5863,898,519,276,445,257,8,11,0,19,43,57,0,19,0,19,23,41,23,41,0,19,5344,1006,370,263,0,19,135,114,0,19,0,19,2769,794,2070,868,2070,868,0,19
1400000US06037320300,6730,882,588,262,173,88,113,115,27,59,275,235,0,19,0,19,0,19,0,19,0,19,6142,916,1158,498,0,19,153,124,0,19,0,19,2184,717,2647,713,2591,716,56,73
1400000US06037400205,2482,319,2113,317,1256,387,321,270,0,14,383,196,0,14,50,71,103,99,62,85,41,40,369,148,56,59,0,14,0,14,0,14,0,14,75,39,238,133,157,95,81,87
1400000US06037400206,5199,710,4083,711,2732,542,136,117,15,23,826,133,40,60,0,19,334,213,101,116,233,178,1116,460,128,125,0,19,12,19,0,19,0,19,516,388,460,179,439,184,21,23
1400000US06037400207,4618,598,3214,492,2253,495,117,83,58,91,449,136,0,14,0,14,337,278,66,110,271,258,1404,375,411,339,0,14,92,115,56,85,0,14,193,95,652,257,645,257,7,14
1400000US06037400208,1382,205,1091,138,923,155,0,14,0,14,63,59,0,14,0,14,105,54,53,40,52,42,291,93,32,24,0,14,8,12,0,14,0,14,101,66,150,72,115,47,35,42
1400000US06037400209,4696,578,3809,518,2345,331,360,384,0,14,927,307,0,14,18,48,159,122,29,35,130,117,887,240,105,68,0,14,0,14,0,14,0,14,298,253,484,204,421,205,63,76
1400000US06037400304,8516,1023,4865,1123,2382,758,196,149,0,19,1601,989,94,139,13,21,579,275,53,53,526,264,3651,601,695,458,0,19,116,174,23,37,0,19,1117,533,1700,538,1690,538,10,16
1400000US06037400402,4324,668,3083,395,1977,364,117,70,0,14,784,224,0,14,11,17,194,107,0,14,194,107,1241,439,359,244,0,14,78,95,0,14,0,14,183,112,621,441,567,434,54,68
1400000US06037400403,4222,773,2372,417,1464,417,219,159,0,14,388,122,0,14,0,14,301,255,247,242,54,50,1850,514,334,232,0,14,19,31,0,14,0,14,704,275,793,442,747,450,46,46
1400000US06037400404,4246,551,3386,542,2207,515,97,133,0,14,767,393,0,14,52,81,263,163,30,37,233,158,860,305,64,54,0,14,22,37,110,165,0,14,166,150,498,213,304,192,194,142
1400000US06037400501,1839,271,1562,271,1228,258,9,2,0,14,258,125,0,14,10,15,57,60,5,8,52,60,277,119,84,71,0,14,0,14,0,14,0,14,85,81,108,71,108,71,0,14
1400000US06037400602,4366,571,1145,322,717,314,111,91,11,17,217,127,0,14,29,34,60,63,0,14,60,63,3221,609,392,265,0,14,22,28,0,14,0,14,1592,548,1215,443,1098,435,117,132
1400000US06037400603,4793,735,2741,482,1153,334,161,133,12,19,1346,466,0,14,17,26,52,44,0,14,52,44,2052,728,237,131,0,14,43,61,9,24,0,14,387,198,1376,676,1253,658,123,115
1400000US06037400605,6904,641,4478,520,1516,280,127,81,0,19,2433,384,0,19,37,60,365,342,18,30,347,337,2426,506,214,104,3,6,0,19,25,44,3,6,793,309,1388,551,1262,543,126,101
1400000US06037400801,6825,603,4774,675,2783,397,285,281,45,71,1361,474,0,19,11,21,289,135,35,41,254,109,2051,499,471,342,12,15,24,53,19,25,0,19,871,414,654,292,401,177,253,194
1400000US06037401001,2605,303,1814,271,1376,217,0,14,0,14,304,162,0,14,0,14,134,96,0,14,134,96,791,123,449,211,0,14,0,14,0,14,0,14,218,179,124,85,80,68,44,49
1400000US06037401002,4553,650,2730,546,2210,574,241,244,0,14,161,78,0,14,13,19,105,97,58,86,47,32,1823,375,239,124,12,20,15,28,19,28,0,14,709,297,829,321,657,250,172,177
1400000US06037401101,5547,892,2179,367,1362,302,81,72,4,8,426,248,16,27,149,134,141,93,55,64,86,66,3368,838,456,310,14,22,91,106,0,19,0,19,1363,425,1444,791,1337,707,107,114
1400000US06037401102,3854,645,2199,440,1411,436,98,57,0,14,362,105,0,14,0,14,328,208,44,68,284,198,1655,534,175,114,35,52,3,5,0,14,0,14,483,300,959,497,860,489,99,115
1400000US06037401201,3502,781,1694,312,1157,272,16,24,0,14,312,229,0,14,0,14,209,175,9,13,200,176,1808,809,147,128,6,15,72,100,0,14,0,14,441,298,1142,662,909,574,233,208
1400000US06037401202,4162,500,2265,297,1606,262,91,67,0,14,525,113,0,14,10,16,33,42,24,39,9,14,1897,409,288,199,19,22,132,152,11,17,0,14,652,283,795,348,766,332,29,47
1400000US06037401203,4967,731,2707,461,1638,325,292,228,0,14,333,135,0,14,41,50,403,232,32,30,371,231,2260,720,323,194,0,14,35,45,35,28,0,14,727,323,1140,640,1066,638,74,63
1400000US06037401303,2246,377,1614,333,646,197,103,146,3,5,684,196,0,14,85,106,93,80,0,14,93,80,632,210,124,112,0,14,103,163,0,14,0,14,57,41,348,101,339,99,9,14
1400000US06037401304,4938,534,2910,577,1332,455,176,221,0,14,1218,454,0,14,0,14,184,130,102,111,82,82,2028,456,301,211,0,14,0,14,0,14,0,14,577,399,1150,505,1137,507,13,22
1400000US06037401311,6766,706,3726,578,2689,455,308,259,0,19,491,277,0,19,0,19,238,152,0,19,238,152,3040,602,483,307,28,45,19,27,0,19,0,19,987,533,1523,492,954,384,569,456
1400000US06037401312,4645,467,2948,426,1817,417,84,102,1,2,728,230,0,14,24,30,294,254,19,31,275,251,1697,350,312,254,0,14,82,118,34,54,0,14,630,279,639,233,625,232,14,22
1400000US06037401500,5993,936,2643,342,1571,325,262,168,0,19,584,155,0,19,50,45,176,106,42,54,134,91,3350,872,652,330,16,31,0,19,0,19,0,19,744,273,1938,879,1858,890,80,61
1400000US06037401601,5073,606,3592,566,2795,505,50,107,81,125,209,124,0,19,0,19,457,259,0,19,457,259,1481,355,667,319,0,19,20,33,0,19,0,19,354,206,440,229,390,218,50,81
1400000US06037401602,5344,701,3329,623,2257,634,351,280,18,29,441,177,0,19,43,58,219,129,33,53,186,125,2015,444,369,204,0,19,131,147,5,27,0,19,551,223,959,288,781,286,178,137
1400000US06037401705,2596,266,1527,172,1080,211,101,72,0,14,132,108,21,45,22,23,171,108,17,29,154,108,1069,268,81,109,0,14,32,37,0,14,0,14,331,260,625,157,563,151,62,51
1400000US06037401706,5106,632,2270,549,1090,354,236,165,0,19,624,382,34,34,22,28,264,148,6,12,258,150,2836,653,340,167,0,19,33,43,10,16,0,19,1676,664,777,487,718,480,59,60
1400000US06037401707,8178,1420,3646,626,1257,405,689,252,10,17,1182,387,0,19,180,193,328,225,45,58,283,226,4532,1423,368,228,0,19,110,158,0,19,0,19,2892,1426,1162,764,1132,765,30,52
1400000US06037401801,4496,730,3218,721,1919,607,242,168,0,14,906,472,0,14,0,14,151,99,19,31,132,92,1278,295,222,154,3,9,0,14,7,13,0,14,314,192,732,310,509,258,223,166
1400000US06037401802,3896,477,2834,431,1631,282,379,292,0,14,443,210,3,9,0,14,378,222,66,79,312,215,1062,156,88,82,0,14,0,14,9,15,6,11,247,205,712,200,577,204,135,119
1400000US06037401901,4643,127,3694,180,1670,206,387,116,0,14,1272,187,6,8,9,20,350,108,0,14,350,108,949,167,224,87,44,43,6,11,32,34,0,14,375,108,268,87,245,84,23,24
1400000US06037401902,5896,819,4366,619,3332,581,277,221,0,19,504,330,9,21,31,49,213,152,6,11,207,152,1530,681,340,221,46,73,302,344,17,27,0,19,337,211,488,306,450,297,38,53
1400000US06037402001,4389,664,2353,604,1028,559,558,287,0,14,640,187,0,14,59,96,68,52,10,15,58,56,2036,429,567,241,0,14,0,14,0,14,0,14,865,464,604,268,529,255,75,87
1400000US06037402002,3719,456,2334,396,1700,379,228,139,0,14,208,122,0,14,98,94,100,71,41,53,59,42,1385,274,172,134,0,14,96,65,0,14,0,14,240,119,877,273,736,276,141,97
1400000US06037402101,4574,594,1270,275,240,186,623,221,0,14,338,179,0,14,0,14,69,72,35,43,34,47,3304,595,256,183,32,46,206,172,7,12,0,14,2088,553,715,455,692,455,23,36
1400000US06037402102,4817,790,1369,303,335,175,426,240,3,13,433,199,0,14,39,69,133,119,60,88,73,87,3448,813,366,230,0,14,241,194,0,14,0,14,1974,751,867,342,817,338,50,60
1400000US06037402200,7245,827,2703,308,1092,214,753,219,0,19,709,205,6,14,59,85,84,66,7,12,77,70,4542,777,382,320,0,19,41,74,0,19,0,19,2172,737,1947,721,1629,666,318,271
1400000US06037402301,5259,653,1116,247,589,279,52,61,0,19,370,188,57,105,0,19,48,48,11,17,37,54,4143,559,561,319,0,19,318,233,0,19,0,19,2013,687,1251,608,1088,570,163,188
1400000US06037402303,3698,570,773,250,329,151,102,65,4,11,231,149,0,14,8,22,99,72,0,14,99,72,2925,592,227,152,0,14,146,179,5,10,0,14,1673,536,874,300,785,288,89,128
1400000US06037402304,4046,774,392,161,122,82,0,14,0,14,208,140,0,14,0,14,62,58,24,41,38,41,3654,796,304,231,0,14,194,164,0,14,0,14,2091,722,1065,340,1042,336,23,36
1400000US06037402403,4826,800,1083,287,650,254,111,61,12,20,245,105,0,14,17,30,48,38,7,12,41,36,3743,734,272,230,1,3,338,426,10,15,0,14,2129,761,993,460,991,460,2,4
1400000US06037402404,1224,168,941,155,441,139,121,94,0,14,309,72,0,14,12,18,58,77,0,14,58,77,283,106,65,40,19,34,28,19,0,14,0,14,102,66,69,47,57,40,12,18
1400000US06037402405,2551,275,419,132,81,94,209,91,0,14,75,73,0,14,0,14,54,53,32,40,22,28,2132,264,234,161,1,3,111,152,24,25,0,14,1381,353,381,195,368,193,13,19
1400000US06037402406,4518,689,1273,349,376,221,77,61,0,14,703,318,16,26,80,83,21,31,0,14,21,31,3245,621,266,158,0,14,190,162,0,14,0,14,1952,729,837,392,790,365,47,61
1400000US06037402501,5394,677,656,246,99,76,336,201,0,19,181,126,0,19,7,10,33,42,0,19,33,42,4738,686,395,323,0,19,214,203,0,19,0,19,3439,811,690,383,656,381,34,31
1400000US06037402503,4716,836,1209,613,156,139,179,205,34,53,840,564,0,14,0,14,0,14,0,14,0,14,3507,778,48,50,0,14,10,17,0,14,0,14,2744,802,705,307,659,311,46,68
1400000US06037402504,2267,313,747,244,85,86,156,154,0,14,493,207,13,15,0,14,0,14,0,14,0,14,1520,319,104,65,9,13,122,130,0,14,20,31,956,335,309,157,287,157,22,26
1400000US06037402601,2921,499,701,289,449,266,55,69,0,14,116,77,20,31,0,14,61,66,45,63,16,24,2220,330,242,126,0,14,48,91,0,14,0,14,1064,411,866,294,860,294,6,9
1400000US06037402602,4498,756,1639,433,948,430,56,65,25,43,427,217,0,14,0,14,183,156,0,14,183,156,2859,626,531,463,0,14,48,62,0,14,0,14,1322,501,958,483,922,481,36,45
1400000US06037402702,5009,598,860,419,239,196,413,344,10,12,175,218,0,19,0,19,23,26,0,19,23,26,4149,595,187,140,19,32,20,22,0,19,0,19,2536,626,1387,552,1302,542,85,144
1400000US06037402703,5443,1445,1372,370,399,226,209,163,0,19,645,273,17,27,0,19,102,105,0,19,102,105,4071,1499,207,151,151,233,7,12,0,19,0,19,1287,431,2419,1360,2419,1360,0,19
1400000US06037402705,3704,477,648,166,137,76,89,94,0,14,310,160,0,14,0,14,112,99,93,104,19,19,3056,489,351,206,86,105,79,72,0,14,0,14,2071,457,469,190,407,178,62,56
1400000US06037402706,3311,462,592,240,239,134,142,93,0,14,198,160,0,14,10,16,3,8,3,8,0,14,2719,468,265,158,0,14,173,187,0,14,0,14,1279,499,1002,342,898,330,104,108
1400000US06037402801,4623,748,400,280,90,88,24,52,0,14,236,244,0,14,0,14,50,47,0,14,50,47,4223,752,169,112,0,14,75,93,11,18,0,14,2926,822,1042,479,983,485,59,70
1400000US06037402803,3341,531,284,162,58,44,152,144,0,14,46,57,0,14,18,27,10,11,0,14,10,11,3057,551,335,312,0,14,71,69,0,14,0,14,1442,383,1209,402,1169,397,40,35
1400000US06037402804,4217,656,668,211,163,133,100,82,7,15,280,116,0,14,0,14,118,120,85,116,33,30,3549,722,97,81,46,77,64,67,0,14,0,14,1952,425,1390,667,1320,664,70,63
1400000US06037402902,6882,928,1957,785,807,731,316,224,11,18,759,327,30,28,9,15,25,49,25,49,0,19,4925,678,286,236,38,58,323,454,0,19,0,19,2807,611,1471,513,1422,512,49,46
1400000US06037402903,3931,362,953,169,161,85,189,159,0,14,557,259,0,14,0,14,46,43,12,17,34,40,2978,380,243,162,0,14,9,16,30,36,0,14,2130,475,566,255,526,246,40,63
1400000US06037402904,3636,509,658,417,147,89,349,417,0,14,82,56,0,14,0,14,80,58,0,14,80,58,2978,384,335,168,0,14,13,17,0,14,0,14,1804,329,826,346,809,344,17,26
1400000US06037403000,6471,824,1574,580,521,293,63,60,275,383,571,213,0,19,23,29,121,130,0,19,121,130,4897,856,510,243,0,19,21,34,0,19,0,19,3067,852,1299,575,1179,547,120,100
1400000US06037403305,2308,294,2022,307,131,59,0,14,8,13,1805,322,39,60,0,14,39,29,0,14,39,29,286,83,6,8,0,14,0,14,0,14,0,14,80,69,200,63,169,49,31,36
1400000US06037403316,6890,908,5396,838,982,220,610,440,0,19,3168,598,0,19,0,19,636,468,0,19,636,468,1494,318,213,225,0,19,69,110,0,19,0,19,586,336,626,335,554,313,72,108
1400000US06037403317,5090,589,3070,356,953,274,309,39,0,19,1499,251,35,49,14,21,260,133,76,58,184,122,2020,516,500,335,9,17,6,10,26,47,0,19,860,454,619,269,527,255,92,58
1400000US06037403318,5894,591,4427,711,749,206,557,321,274,281,2493,641,64,95,18,27,272,146,0,19,272,146,1467,483,118,131,1,9,75,87,28,127,0,19,438,249,807,335,716,337,91,85
1400000US06037403319,4319,602,3549,585,566,201,48,54,0,14,2242,298,17,19,202,305,474,203,0,14,474,203,770,166,34,36,0,14,17,24,12,22,0,14,450,152,257,116,227,114,30,27
1400000US06037403320,5400,742,4733,708,688,198,134,110,0,19,3766,727,24,28,0,19,121,95,0,19,121,95,667,218,6,10,0,19,0,19,24,40,0,19,96,89,541,214,472,215,69,70
1400000US06037403321,4927,594,3771,451,843,291,126,107,0,14,2696,468,0,14,0,14,106,92,46,72,60,55,1156,449,185,190,51,74,0,14,27,32,0,14,527,293,366,229,340,226,26,29
1400000US06037403323,5331,678,4552,657,383,114,302,173,228,223,3465,699,15,26,20,26,139,92,23,26,116,90,779,334,238,233,0,19,44,56,0,19,0,19,186,221,311,136,221,116,90,99
1400000US06037403324,6418,835,5223,704,474,266,145,211,54,43,4468,676,0,19,0,19,82,71,0,19,82,71,1195,624,101,183,0,19,0,19,12,23,0,19,613,631,469,211,469,211,0,19
1400000US06037403325,4706,519,4282,496,604,259,115,131,0,14,3502,473,0,14,0,14,61,53,0,14,61,53,424,240,72,85,0,14,0,14,0,14,0,14,165,129,187,151,182,148,5,9
1400000US06037403326,2350,301,1614,248,269,105,35,39,3,6,1273,229,4,7,0,14,30,30,0,14,30,30,736,210,180,127,0,14,70,79,5,9,0,14,189,92,292,157,200,141,92,70
1400000US06037403327,2402,264,1586,218,509,118,29,40,0,14,956,202,0,14,0,14,92,62,22,29,70,53,816,154,300,169,0,14,13,20,40,42,0,14,223,139,240,112,200,108,40,50
1400000US06037403328,5347,493,4359,460,518,187,19,28,0,19,3502,545,5,10,46,70,269,237,0,19,269,237,988,416,129,99,0,19,14,21,13,21,0,19,459,294,373,240,350,232,23,25
1400000US06037403401,4705,554,3630,568,444,183,149,108,0,14,2888,560,0,14,42,65,107,105,29,47,78,97,1075,450,88,72,0,14,7,19,7,11,0,14,572,377,401,248,401,248,0,14
1400000US06037403402,3241,381,2485,442,386,189,95,89,0,14,1919,488,0,14,55,81,30,29,0,14,30,29,756,276,99,81,21,33,11,20,72,78,0,14,309,231,244,143,195,123,49,57
1400000US06037403403,5061,535,4404,494,320,118,42,38,0,19,3809,495,43,44,24,36,166,109,59,53,107,100,657,402,29,46,0,19,0,19,0,19,0,19,482,410,146,99,146,99,0,19
1400000US06037403404,2114,286,1763,262,208,73,93,115,0,14,1381,213,0,14,0,14,81,44,7,12,74,39,351,144,118,101,0,14,0,14,14,21,0,14,112,85,107,62,89,55,18,22
1400000US06037403407,2368,306,2220,304,305,200,29,44,0,14,1859,305,0,14,0,14,27,30,0,14,27,30,148,97,14,23,0,14,0,14,0,14,0,14,90,91,44,35,31,25,13,20
1400000US06037403408,6156,627,5107,636,355,171,28,36,31,49,4651,654,0,19,11,20,31,34,0,19,31,34,1049,281,48,71,0,19,0,19,63,88,0,19,389,187,549,262,531,262,18,33
1400000US06037403409,3966,399,3240,314,500,197,91,86,0,14,2475,334,93,106,0,14,81,77,51,67,30,30,726,298,130,177,0,14,64,64,13,21,0,14,267,113,252,177,222,175,30,28
1400000US06037403500,1414,267,929,209,265,86,26,33,0,14,509,188,0,14,0,14,129,68,0,14,129,68,485,183,56,35,0,14,0,14,0,14,0,14,160,144,269,129,167,91,102,80
1400000US06037403601,6713,1147,2937,439,1863,502,28,47,30,43,835,391,13,22,43,88,125,162,0,19,125,162,3776,1020,275,245,0,19,181,230,0,19,0,19,2058,1042,1262,468,1230,468,32,52
1400000US06037403702,4281,670,2624,540,1619,538,122,92,8,12,765,171,0,14,27,56,83,68,23,37,60,55,1657,479,139,118,0,14,0,14,0,14,0,14,375,204,1143,461,1110,462,33,41
1400000US06037403703,4848,707,2398,339,1268,282,67,111,0,14,831,347,0,14,42,39,190,107,23,29,167,106,2450,634,361,328,0,14,53,60,46,63,0,14,1139,580,851,291,598,271,253,238
1400000US06037403721,5669,893,2423,622,1182,365,512,475,6,11,607,218,0,19,31,37,85,84,13,21,72,81,3246,733,381,281,0,19,83,77,29,46,0,19,1052,439,1701,609,1555,570,146,158
1400000US06037403722,5564,725,1784,465,556,178,248,303,0,19,726,266,0,19,177,169,77,60,0,19,77,60,3780,735,181,125,131,205,93,110,10,18,0,19,1975,737,1390,423,1344,415,46,60
1400000US06037403801,5529,729,2744,688,804,356,518,364,0,19,1137,444,0,19,0,19,285,230,58,92,227,215,2785,602,670,394,0,19,155,253,0,19,0,19,747,423,1213,570,1131,564,82,135
1400000US06037403802,5749,801,2690,512,1831,427,119,87,0,19,497,139,110,126,0,19,133,111,0,19,133,111,3059,855,509,330,0,19,46,74,0,19,0,19,1432,530,1072,564,950,549,122,123
1400000US06037403901,2862,269,1790,304,1187,259,107,108,16,24,318,132,0,14,0,14,162,105,0,14,162,105,1072,289,135,103,0,14,24,30,0,14,0,14,412,263,501,214,357,159,144,127
1400000US06037403902,5265,828,2784,493,1634,408,130,86,0,19,799,377,0,19,52,55,169,126,0,19,169,126,2481,719,680,484,0,19,31,40,8,16,0,19,1055,457,707,301,660,303,47,49
1400000US06037404000,4398,657,1654,525,719,280,52,50,0,14,561,451,0,14,35,33,287,145,48,53,239,138,2744,492,310,256,0,14,48,49,0,14,0,14,1265,457,1121,338,1060,352,61,56
1400000US06037404100,6336,827,1260,423,606,225,199,307,0,19,429,266,0,19,0,19,26,33,0,19,26,33,5076,902,1280,578,0,19,270,325,0,19,0,19,2380,941,1146,377,1031,360,115,116
1400000US06037404201,3562,471,666,265,267,140,26,33,1,2,359,230,0,14,1,2,12,18,0,14,12,18,2896,476,457,291,74,93,219,203,0,14,15,22,1048,377,1083,523,742,423,341,225
1400000US06037404203,3948,623,1285,167,564,137,131,78,0,14,463,133,0,14,24,35,103,66,31,42,72,52,2663,634,580,542,2,4,13,17,23,27,12,18,1162,446,871,277,782,268,89,82
1400000US06037404301,6226,897,761,187,284,122,182,112,64,67,163,122,0,19,1,1,67,82,0,19,67,82,5465,909,1249,846,0,19,16,18,31,46,0,19,3160,642,1009,410,932,415,77,75
1400000US06037404302,2347,335,601,275,300,158,185,224,0,14,61,46,0,14,0,14,55,61,51,56,4,13,1746,321,176,146,0,14,24,28,2,4,0,14,816,305,728,286,629,267,99,76
1400000US06037404401,3808,640,671,279,516,293,0,14,0,14,107,75,0,14,0,14,48,40,0,14,48,40,3137,621,316,338,0,14,0,14,0,14,0,14,1478,529,1343,621,1317,627,26,39
1400000US06037404402,4673,640,1049,274,291,92,30,34,0,14,453,115,0,14,227,261,48,38,0,14,48,38,3624,642,266,197,7,12,0,14,0,14,0,14,1133,483,2218,631,2180,635,38,60
1400000US06037404501,2569,484,424,165,146,94,82,89,0,14,137,86,13,21,0,14,46,37,13,19,33,34,2145,513,129,84,0,14,121,109,61,101,0,14,1050,459,784,302,774,301,10,11
1400000US06037404503,3061,345,1012,259,206,108,72,65,0,14,513,144,128,106,0,14,93,103,0,14,93,103,2049,246,102,63,0,14,22,26,2,5,0,14,831,243,1092,292,992,297,100,81
1400000US06037404504,4856,758,1228,554,106,92,202,266,0,14,722,489,0,14,0,14,198,256,0,14,198,256,3628,646,193,139,76,86,37,41,0,14,0,14,2530,521,792,522,633,451,159,250
1400000US06037404600,1377,163,88,47,45,30,0,14,0,14,24,19,7,11,0,14,12,12,0,14,12,12,1289,169,217,98,0,14,57,46,0,14,0,14,525,171,490,120,462,121,28,17
1400000US06037404701,5362,708,1183,227,87,62,2,4,0,19,994,210,0,19,16,24,84,82,31,49,53,67,4179,671,931,520,8,12,375,307,0,19,0,19,1459,594,1406,396,1274,386,132,147
1400000US06037404702,4945,619,1600,390,150,94,36,57,4,8,1352,391,0,14,37,68,21,28,0,14,21,28,3345,677,693,422,0,14,47,71,0,14,0,14,1543,725,1062,433,968,448,94,110
1400000US06037404703,3172,498,789,318,57,35,61,68,11,17,641,310,0,14,0,14,19,21,0,14,19,21,2383,460,184,87,0,14,87,84,0,14,0,14,1608,406,504,232,504,232,0,14
1400000US06037404804,4333,466,1323,336,257,241,0,14,0,14,1066,370,0,14,0,14,0,14,0,14,0,14,3010,473,580,395,17,27,109,138,0,14,0,14,706,334,1598,656,1528,675,70,93
1400000US06037404805,2859,550,901,361,104,108,0,14,0,14,791,333,0,14,0,14,6,11,0,14,6,11,1958,536,482,312,0,14,11,16,0,14,0,14,654,317,811,451,761,453,50,87
1400000US06037404806,6207,822,1534,312,378,164,95,85,0,19,1047,263,0,19,0,19,14,14,3,6,11,12,4673,717,525,333,0,19,213,168,14,17,0,19,2808,671,1113,429,1113,429,0,19
1400000US06037404901,4898,878,1254,535,114,88,7,14,20,31,1058,530,0,14,0,14,55,68,0,14,55,68,3644,833,340,284,0,14,145,145,0,14,0,14,1853,814,1306,449,1306,449,0,14
1400000US06037404902,3095,375,1090,235,94,51,4,7,0,14,948,212,0,14,21,32,23,38,0,14,23,38,2005,322,280,122,0,14,83,64,0,14,0,14,1062,297,580,242,574,242,6,10
1400000US06037404903,2667,283,862,154,65,49,32,54,3,6,690,176,59,78,6,9,7,10,7,10,0,14,1805,297,215,193,0,14,113,115,86,116,0,14,634,237,757,246,757,246,0,14
1400000US06037405001,5218,621,1258,458,134,66,29,47,0,19,1038,478,0,19,0,19,57,55,0,19,57,55,3960,523,299,197,0,19,253,281,0,19,51,79,1776,566,1581,432,1494,435,87,104
1400000US06037405002,2935,534,600,131,88,60,6,10,0,14,485,120,0,14,12,17,9,13,0,14,9,13,2335,538,275,149,48,75,86,83,0,14,0,14,895,391,1031,458,1025,458,6,9
1400000US06037405101,5403,932,1830,698,151,91,34,36,0,19,1538,751,36,43,0,19,71,63,0,19,71,63,3573,706,351,279,0,19,261,203,0,19,0,19,1190,367,1771,865,1753,855,18,27
1400000US06037405102,5110,543,1522,349,138,89,98,101,0,19,1267,308,0,19,0,19,19,31,19,31,0,19,3588,535,154,157,10,16,379,380,0,19,0,19,1360,523,1685,583,1581,574,104,167
1400000US06037405201,5232,721,1295,352,160,96,29,32,59,88,798,210,0,19,0,19,249,276,0,19,249,276,3937,662,787,479,0,19,372,257,24,40,0,19,1377,496,1377,390,1303,407,74,113
1400000US06037405202,4519,777,1081,230,69,53,8,10,9,15,972,231,0,14,0,14,23,37,0,14,23,37,3438,780,157,153,0,14,528,289,0,14,0,14,1785,807,968,373,968,373,0,14
1400000US06037405203,2804,306,843,139,155,75,11,12,17,28,655,147,0,14,0,14,5,6,0,14,5,6,1961,292,328,176,0,14,0,14,25,37,0,14,816,294,792,241,792,241,0,14
1400000US06037405301,3053,403,1138,359,317,170,1,5,0,14,803,320,0,14,17,19,0,14,0,14,0,14,1915,360,297,200,0,14,116,123,0,14,0,14,699,313,803,308,620,250,183,148
1400000US06037405302,5927,788,1860,329,605,218,141,113,0,19,1107,236,0,19,7,13,0,19,0,19,0,19,4067,734,419,302,29,43,133,174,9,15,0,19,1503,508,1974,778,1776,751,198,151
1400000US06037405400,4945,642,1358,293,445,211,96,97,0,14,669,214,0,14,45,58,103,67,8,14,95,65,3587,648,835,475,0,14,134,135,3,13,0,14,1188,384,1427,664,1389,664,38,42
1400000US06037405500,6161,956,2036,359,652,195,93,101,5,11,1104,262,0,19,20,31,162,111,35,54,127,97,4125,821,482,258,0,19,12,19,153,240,0,19,2248,705,1230,487,962,331,268,373
1400000US06037405600,5753,792,2353,361,662,192,269,282,0,19,1298,335,0,19,29,46,95,89,0,19,95,89,3400,771,411,221,0,19,142,203,0,19,0,19,1446,740,1401,379,1300,395,101,71
1400000US06037405701,3829,613,1622,626,267,162,445,453,0,14,878,575,0,14,0,14,32,42,0,14,32,42,2207,431,120,96,0,14,0,14,0,14,0,14,1025,385,1062,406,953,351,109,129
1400000US06037405702,5333,810,2152,468,591,343,223,202,0,19,1158,395,0,19,133,173,47,49,0,19,47,49,3181,910,228,146,0,19,40,49,101,170,0,19,1302,558,1510,868,1510,868,0,19
1400000US06037405800,5702,931,1812,535,568,253,200,132,0,19,881,495,0,19,10,19,153,139,25,40,128,131,3890,785,724,352,0,19,22,34,0,19,0,19,2289,723,855,428,855,428,0,19
1400000US06037405900,4627,547,1359,285,567,180,79,92,0,14,671,186,0,14,0,14,42,33,0,14,42,33,3268,487,839,526,8,14,10,17,0,14,0,14,1443,587,968,383,705,272,263,253
1400000US06037406000,5355,778,1768,367,772,226,184,266,0,19,533,123,13,36,124,113,142,89,51,54,91,81,3587,719,181,160,17,27,0,19,58,55,25,38,1672,533,1634,635,1523,612,111,96
1400000US06037406101,3269,551,1101,153,731,163,51,46,0,14,212,104,7,16,0,14,100,62,8,12,92,60,2168,545,266,205,0,14,6,11,0,14,0,14,589,252,1307,549,1197,545,110,76
1400000US06037406103,7285,957,3050,543,1424,466,556,362,0,19,861,243,16,29,89,109,104,71,0,19,104,71,4235,621,862,517,74,83,39,60,25,59,0,19,1925,726,1310,493,1162,511,148,147
1400000US06037406201,3321,565,1064,185,220,125,111,96,22,35,583,214,0,14,70,96,58,55,6,13,52,51,2257,577,342,331,14,24,11,12,0,14,0,14,1241,412,649,282,533,241,116,162
1400000US06037406300,5633,567,3259,502,803,315,75,91,201,230,2057,426,0,19,18,27,105,110,0,19,105,110,2374,431,345,279,0,19,73,78,156,184,0,19,818,394,982,551,974,550,8,13
1400000US06037406413,7065,713,3281,518,815,379,207,143,0,19,1994,373,0,19,85,136,180,166,76,111,104,134,3784,643,432,202,0,19,20,34,0,19,0,19,2226,705,1106,324,1004,300,102,95
1400000US06037406500,8016,979,3443,795,633,335,302,276,0,19,2420,840,0,19,7,27,81,81,0,19,81,81,4573,823,323,432,24,43,109,191,17,27,0,19,2339,619,1761,880,1502,879,259,248
1400000US06037406601,5080,540,2733,564,560,267,316,254,7,12,1624,429,8,12,68,103,150,123,8,12,142,122,2347,427,381,226,0,19,51,57,25,29,9,15,1323,353,558,215,505,203,53,49
1400000US06037406602,4564,834,1514,190,332,125,63,66,13,19,1010,171,0,14,23,38,73,63,0,14,73,63,3050,820,105,96,0,14,224,174,0,14,0,14,1985,931,736,297,695,298,41,46
1400000US06037406701,3058,681,968,222,164,58,211,163,0,14,565,158,0,14,6,10,22,22,11,18,11,11,2090,647,64,45,17,29,5,7,6,8,0,14,1301,656,697,252,697,252,0,14
1400000US06037406702,6885,898,3610,861,978,435,214,204,6,9,2241,778,82,132,54,62,35,52,11,44,24,28,3275,712,289,177,0,19,350,498,0,19,0,19,1597,532,1039,384,1031,382,8,13
1400000US06037406801,4756,678,1878,408,562,312,215,157,0,14,1043,260,28,46,0,14,30,39,16,33,14,15,2878,613,927,328,0,14,33,45,23,27,0,14,898,415,997,467,945,467,52,39
1400000US06037406903,7988,962,1562,289,80,50,153,76,0,19,1192,261,43,67,0,19,94,70,21,34,73,62,6426,996,386,251,7,10,186,257,85,92,0,19,4277,1151,1485,634,1311,569,174,202
1400000US06037407001,5425,760,737,351,134,125,7,12,0,19,578,310,0,19,0,19,18,21,8,13,10,16,4688,800,660,490,0,19,283,304,9,17,0,19,2681,614,1055,583,1033,582,22,27
1400000US06037407002,3639,478,719,145,128,95,16,36,0,14,562,140,13,20,0,14,0,14,0,14,0,14,2920,472,466,310,0,14,17,24,3,6,0,14,1681,507,753,265,685,224,68,66
1400000US06037407101,4155,650,468,166,47,40,0,14,0,14,407,159,0,14,0,14,14,22,0,14,14,22,3687,710,278,150,0,14,131,100,0,14,0,14,2556,756,722,334,722,334,0,14
1400000US06037407102,5487,572,703,124,80,93,6,17,27,42,585,193,0,19,0,19,5,12,0,19,5,12,4784,590,844,454,0,19,43,50,0,19,0,19,2968,807,929,349,842,330,87,140
1400000US06037407201,3316,527,570,283,120,119,10,16,0,14,405,248,0,14,15,25,20,25,0,14,20,25,2746,466,194,100,19,26,59,65,0,14,0,14,1717,587,757,328,732,325,25,40
1400000US06037407202,3132,554,723,368,66,45,0,14,276,349,349,145,0,14,7,11,25,26,7,10,18,21,2409,444,193,117,0,14,212,318,0,14,0,14,1118,303,886,355,869,353,17,19
1400000US06037407301,3706,537,1116,295,154,89,20,30,0,14,869,286,0,14,10,17,63,71,0,14,63,71,2590,435,330,220,0,14,27,33,0,14,0,14,1037,424,1196,424,1193,429,3,15
1400000US06037407302,3716,819,739,257,98,53,36,40,0,14,410,177,0,14,0,14,195,199,0,14,195,199,2977,786,689,720,0,14,111,88,0,14,0,14,1555,426,622,242,591,236,31,34
1400000US06037407400,1744,349,769,226,65,53,87,67,12,20,590,250,0,14,0,14,15,24,0,14,15,24,975,286,51,46,0,14,60,68,9,15,0,14,704,273,151,149,151,149,0,14
1400000US06037407501,4175,668,1260,570,44,40,27,38,0,14,1104,566,0,14,15,24,70,103,0,14,70,103,2915,487,503,329,7,13,0,14,0,14,0,14,1328,509,1077,481,1025,493,52,61
1400000US06037407502,3622,402,680,186,216,100,25,36,0,14,415,186,0,14,2,4,22,20,0,14,22,20,2942,436,456,240,0,14,80,72,13,14,0,14,1673,456,720,256,632,264,88,81
1400000US06037407601,4182,700,631,175,43,47,72,83,0,14,495,220,0,14,12,18,9,16,0,14,9,16,3551,688,94,81,11,18,8,14,0,14,0,14,2311,766,1127,566,1127,566,0,14
1400000US06037407602,4086,554,972,223,276,164,162,117,0,14,456,142,0,14,59,82,19,18,0,14,19,18,3114,547,256,127,28,42,14,23,0,14,0,14,2020,364,796,437,788,437,8,12
1400000US06037407701,4311,469,1001,232,65,68,183,163,25,37,683,219,0,14,37,60,8,13,0,14,8,13,3310,445,349,262,0,14,0,14,20,32,0,14,2233,506,708,428,664,420,44,70
1400000US06037407702,6642,830,1934,458,187,69,4,6,123,133,1480,453,0,19,82,96,58,54,12,19,46,54,4708,843,1470,941,0,19,204,154,0,19,0,19,2073,772,961,417,848,405,113,79
1400000US06037407801,4822,826,1818,715,707,667,53,57,0,14,1038,357,0,14,0,14,20,27,0,14,20,27,3004,520,260,187,0,14,26,53,0,14,0,14,1910,592,808,375,642,337,166,177
1400000US06037407802,3218,363,1046,333,181,88,31,40,1,3,698,380,0,14,89,91,46,64,0,14,46,64,2172,180,387,248,6,9,103,103,5,9,0,14,1243,304,428,168,305,147,123,133
1400000US06037407901,4195,869,1047,373,280,299,88,77,0,14,546,132,0,14,37,55,96,89,0,14,96,89,3148,720,306,222,0,14,27,45,0,14,0,14,1396,496,1419,615,1413,615,6,11
1400000US06037407902,1643,277,1097,303,116,63,31,25,0,14,852,310,18,27,0,14,80,73,12,20,68,62,546,171,57,56,0,14,51,75,0,14,0,14,298,131,140,125,102,118,38,45
1400000US06037408003,4637,584,1740,333,193,85,166,98,0,14,1274,365,0,14,45,83,62,47,0,14,62,47,2897,572,103,88,11,20,63,79,0,14,0,14,2202,563,518,251,448,236,70,62
1400000US06037408004,2394,602,1367,473,170,61,355,447,0,14,716,156,0,14,25,40,101,70,0,14,101,70,1027,300,128,70,0,14,0,14,0,14,0,14,567,289,332,107,286,99,46,46
1400000US06037408005,5318,675,2700,363,563,150,23,20,0,19,2067,365,12,19,0,19,35,32,6,10,29,29,2618,698,671,574,7,11,33,39,15,22,0,19,1094,554,798,313,689,281,109,103
1400000US06037408006,3970,449,1992,420,324,185,10,15,0,14,1621,379,0,14,16,25,21,28,0,14,21,28,1978,312,261,233,3,11,114,164,0,14,0,14,1200,372,400,256,400,256,0,14
1400000US06037408133,5822,1015,2635,877,275,145,655,683,9,15,1497,344,0,19,15,21,184,176,92,125,92,122,3187,577,373,236,69,103,39,45,0,19,0,19,1961,654,745,292,693,292,52,40
1400000US06037408134,2687,394,1991,374,284,110,19,20,0,14,1564,350,59,99,0,14,65,37,11,15,54,35,696,152,136,74,12,16,12,20,0,14,0,14,277,151,259,115,214,108,45,50
1400000US06037408135,4479,893,3023,755,409,222,90,114,24,30,2418,745,0,14,0,14,82,70,42,53,40,41,1456,747,309,292,0,14,107,183,165,176,0,14,386,269,489,256,397,236,92,118
1400000US06037408136,3620,450,1853,405,195,129,216,294,0,14,1338,263,0,14,54,63,50,55,0,14,50,55,1767,278,97,83,10,16,131,140,11,22,0,14,766,308,752,290,693,295,59,61
1400000US06037408137,4085,526,2246,527,109,62,250,146,0,14,1608,462,187,255,27,43,65,62,0,14,65,62,1839,436,141,111,0,14,0,14,8,11,22,38,938,346,730,333,670,316,60,72
1400000US06037408138,4893,667,733,241,282,185,65,85,0,14,364,176,0,14,15,25,7,14,0,14,7,14,4160,716,534,352,4,25,56,78,10,49,0,14,1933,684,1623,698,1610,684,13,72
1400000US06037408139,4033,735,486,219,3,5,1,8,0,14,477,216,0,14,0,14,5,8,0,14,5,8,3547,700,58,49,0,14,24,41,0,14,0,14,2761,743,704,256,700,256,4,8
1400000US06037408140,3317,693,204,131,49,38,0,14,0,14,155,124,0,14,0,14,0,14,0,14,0,14,3113,718,212,178,0,14,0,14,0,14,0,14,2502,727,399,235,357,224,42,59
1400000US06037408141,4102,527,553,287,51,46,40,47,0,14,452,275,0,14,0,14,10,17,0,14,10,17,3549,600,313,309,0,14,63,114,0,14,0,14,2447,747,726,393,663,354,63,69
1400000US06037408212,4599,753,2957,501,187,118,54,37,27,44,2642,480,0,14,0,14,47,54,13,24,34,48,1642,811,61,63,0,14,0,14,107,166,0,14,1279,809,195,117,195,117,0,14
1400000US06037408213,5469,693,3668,471,349,143,107,127,0,19,3041,426,67,88,0,19,104,98,0,19,104,98,1801,514,69,58,0,19,233,317,13,21,0,19,1246,490,240,191,197,202,43,47
1400000US06037408301,5524,851,825,235,166,123,78,71,0,19,530,225,0,19,18,28,33,30,11,17,22,24,4699,897,429,216,0,19,0,19,0,19,0,19,3072,855,1198,547,1069,512,129,175
1400000US06037408302,3303,477,568,191,171,115,149,185,0,14,232,172,0,14,16,29,0,14,0,14,0,14,2735,470,163,130,0,14,32,51,13,20,0,14,1912,497,615,270,499,249,116,122
1400000US06037408303,4035,788,782,236,187,122,58,89,0,14,488,112,0,14,3,12,46,85,17,74,29,30,3253,772,392,236,0,14,45,42,0,14,0,14,1201,572,1615,691,1529,686,86,88
1400000US06037408401,4305,710,1587,353,354,199,9,15,7,15,1078,310,93,158,0,14,46,42,7,10,39,40,2718,627,669,327,0,14,0,14,15,24,0,14,1498,615,536,246,513,244,23,28
1400000US06037408402,6152,669,2570,727,1209,525,41,51,0,19,1285,533,0,19,5,9,30,75,0,19,30,75,3582,579,643,413,0,19,24,28,0,19,0,19,1735,433,1180,411,1074,426,106,84
1400000US06037408503,6604,983,4221,764,1030,321,78,75,12,19,2804,590,0,19,0,19,297,378,0,19,297,378,2383,575,335,148,0,19,0,19,0,19,0,19,866,423,1182,555,1117,553,65,71
1400000US06037408504,5366,675,2229,513,462,237,25,26,0,19,1711,460,0,19,0,19,31,29,0,19,31,29,3137,631,391,211,14,23,57,61,9,14,0,19,1955,584,711,323,553,274,158,136
1400000US06037408505,2360,299,1368,289,189,106,9,13,0,14,1150,259,0,14,0,14,20,33,0,14,20,33,992,147,108,102,0,14,216,135,8,12,0,14,312,147,348,142,340,142,8,12
1400000US06037408623,3112,384,2488,392,375,96,166,248,15,22,1917,299,5,11,0,14,10,14,0,14,10,14,624,178,88,54,0,14,16,22,0,14,0,14,164,101,356,127,286,106,70,68
1400000US06037408624,3273,379,2286,342,379,206,1,2,0,14,1801,272,0,14,0,14,105,106,66,94,39,61,987,340,175,163,0,14,0,14,19,28,0,14,722,379,71,79,55,75,16,23
1400000US06037408625,3708,483,2514,350,326,147,52,53,0,14,2097,344,0,14,0,14,39,42,0,14,39,42,1194,321,53,55,0,14,12,19,8,12,0,14,655,342,466,160,436,155,30,52
1400000US06037408626,3726,545,3017,530,186,117,91,102,0,14,2704,545,0,14,18,30,18,20,6,12,12,16,709,228,80,74,0,14,0,14,9,15,0,14,451,277,169,112,169,112,0,14
1400000US06037408627,2665,287,2092,364,220,108,26,24,0,14,1817,350,0,14,11,17,18,15,0,14,18,15,573,161,50,61,0,14,10,16,50,63,0,14,296,146,167,101,139,90,28,37
1400000US06037408628,5463,753,4372,529,344,206,43,46,0,19,3857,572,0,19,24,34,104,72,35,43,69,55,1091,601,326,440,0,19,6,9,84,88,0,19,616,431,59,53,58,51,1,6
1400000US06037408629,3028,352,1839,303,342,116,6,10,0,14,1428,308,0,14,15,22,48,34,18,26,30,24,1189,289,63,81,0,14,88,101,0,14,0,14,824,324,214,136,209,136,5,9
1400000US06037408631,5121,761,2648,472,616,260,0,19,29,33,1977,397,0,19,0,19,26,26,9,16,17,20,2473,440,126,111,0,19,8,14,0,19,0,19,1653,382,686,420,395,216,291,371
1400000US06037408703,5326,488,4610,406,478,169,73,80,8,14,3928,436,10,16,5,9,108,73,17,21,91,67,716,294,58,73,0,19,19,35,21,37,0,19,235,246,383,155,347,165,36,44
1400000US06037408705,5403,893,4440,855,400,136,18,28,9,16,3943,862,0,19,37,59,33,30,0,19,33,30,963,411,255,194,0,19,0,19,9,14,0,19,448,355,251,92,223,106,28,44
1400000US06037408707,6839,775,6160,770,715,227,58,68,49,73,5178,849,51,96,0,19,109,108,0,19,109,108,679,195,339,200,0,19,0,19,22,27,0,19,241,278,77,68,53,52,24,28
1400000US06037408722,3963,557,2979,523,395,128,7,16,0,14,2455,514,10,17,0,14,112,112,0,14,112,112,984,322,81,108,0,14,0,14,0,14,10,16,334,212,559,256,476,233,83,97
1400000US06037408724,5389,710,1760,428,82,59,0,19,30,39,1540,418,41,49,42,54,25,36,0,19,25,36,3629,682,250,240,40,60,0,19,0,19,0,19,2992,772,347,244,338,243,9,14
1400000US06037408725,5868,681,4015,496,398,145,271,152,18,27,3253,492,38,61,0,19,37,39,0,19,37,39,1853,554,536,445,45,76,38,43,22,34,0,19,700,234,512,232,409,230,103,114
1400000US06037408800,4760,619,1414,383,372,124,533,351,0,14,413,178,0,14,23,33,73,77,0,14,73,77,3346,569,638,518,48,43,25,33,0,14,0,14,1931,426,704,231,658,229,46,48
1400000US06037408900,5462,520,3240,449,2118,326,48,67,11,19,769,357,0,19,72,116,222,141,86,89,136,88,2222,495,450,273,0,19,0,19,11,17,0,19,816,432,945,420,846,392,99,111
1400000US06037409000,7618,1161,1857,373,1075,313,281,225,0,19,382,146,0,19,0,19,119,134,0,19,119,134,5761,1167,598,510,0,19,136,171,0,19,0,19,2604,779,2423,1075,2174,1070,249,269
1400000US06037409100,5449,629,2247,428,313,132,109,95,3,7,1614,397,68,82,5,10,135,110,54,82,81,73,3202,616,349,223,21,34,22,24,14,22,0,19,1814,588,982,410,899,407,83,74
1400000US06037430003,4981,769,3102,514,1576,365,39,46,0,14,1016,389,116,143,0,14,355,229,64,43,291,220,1879,727,714,754,0,14,3,4,0,14,0,14,324,190,838,275,817,272,21,27
1400000US06037430004,3433,408,2110,339,1241,275,174,143,0,14,512,129,0,14,13,20,170,191,9,16,161,191,1323,254,116,96,0,14,0,14,6,11,0,14,565,266,636,242,636,242,0,14
1400000US06037430005,3982,623,1982,532,532,296,217,153,0,14,1035,466,0,14,0,14,198,184,32,48,166,188,2000,410,250,193,0,14,114,128,96,160,0,14,968,343,572,258,525,238,47,62
1400000US06037430101,4850,566,2709,392,1288,398,411,261,23,32,806,214,36,54,0,14,145,128,41,45,104,100,2141,509,329,334,0,14,0,14,0,14,0,14,857,358,955,428,944,430,11,20
1400000US06037430102,4938,650,1323,303,575,187,46,44,5,9,592,288,0,14,37,61,68,74,32,55,36,47,3615,651,301,135,0,14,55,69,0,14,0,14,1670,737,1589,446,1570,450,19,31
1400000US06037430200,1041,139,880,122,549,106,33,33,0,14,289,94,0,14,3,4,6,7,0,14,6,7,161,61,12,11,0,14,0,14,8,11,8,11,15,12,118,55,110,50,8,10
1400000US06037430301,4426,667,3255,617,2383,612,34,67,0,14,560,241,0,14,0,14,278,134,42,35,236,122,1171,600,170,120,0,14,0,14,0,14,0,14,309,208,692,561,686,561,6,11
1400000US06037430302,4950,504,3923,516,2510,483,65,64,0,14,862,282,130,185,52,85,304,186,44,67,260,166,1027,344,221,141,0,14,0,14,20,31,0,14,186,124,600,297,559,293,41,37
1400000US06037430400,4221,615,3405,496,931,226,56,64,43,67,2306,473,0,14,0,14,69,82,0,14,69,82,816,494,325,470,0,14,0,14,0,14,0,14,247,257,244,37,209,62,35,39
1400000US06037430501,4231,488,3661,499,2470,370,419,595,0,14,546,183,0,14,16,27,210,125,25,31,185,126,570,144,104,75,0,14,0,14,0,14,0,14,82,63,384,144,294,109,90,88
1400000US06037430502,6709,491,5321,562,3170,574,305,221,34,41,1329,448,0,19,43,39,440,224,71,87,369,214,1388,429,381,256,147,158,20,31,17,29,0,19,242,207,581,355,521,340,60,64
1400000US06037430600,4194,573,3714,544,1115,331,0,14,30,38,2139,330,0,14,0,14,430,497,0,14,430,497,480,128,60,59,0,14,0,14,29,48,0,14,194,138,197,162,197,162,0,14
1400000US06037430701,4775,618,3794,574,1284,468,13,21,0,14,2242,309,0,14,44,47,211,111,0,14,211,111,981,399,183,191,0,14,0,14,11,17,0,14,280,162,507,349,300,186,207,318
1400000US06037430721,3354,398,2822,373,739,185,296,290,0,14,1704,432,0,14,12,19,71,58,20,33,51,47,532,192,167,127,0,14,31,51,0,14,0,14,47,41,287,154,264,150,23,24
1400000US06037430723,4893,806,3561,562,906,329,32,32,142,206,2104,386,0,14,24,39,353,266,43,52,310,260,1332,606,164,96,0,14,0,14,0,14,0,14,410,316,758,534,758,534,0,14
1400000US06037430724,5396,602,4326,694,869,388,64,75,11,21,2991,535,190,316,16,18,185,121,34,54,151,110,1070,423,209,129,0,19,20,23,29,45,0,19,488,399,324,208,294,215,30,36
1400000US06037430801,7166,1038,5384,810,499,226,189,220,0,19,4439,764,0,19,0,19,257,205,0,19,257,205,1782,997,547,761,0,19,0,19,0,19,0,19,782,622,453,423,428,418,25,41
1400000US06037430802,3973,517,3632,486,562,195,0,14,16,28,2913,482,8,15,0,14,133,129,0,14,133,129,341,190,129,131,0,14,53,64,0,14,0,14,29,47,130,106,130,106,0,14
1400000US06037430803,5215,588,4222,538,632,226,0,19,0,19,3411,506,0,19,63,89,116,65,28,33,88,58,993,354,105,97,0,19,0,19,0,19,0,19,651,379,237,205,201,205,36,39
1400000US06037430901,4209,448,1727,334,669,153,207,127,0,14,496,138,0,14,49,64,306,280,14,17,292,280,2482,412,418,330,0,14,49,46,0,14,0,14,1087,417,928,376,796,327,132,147
1400000US06037430902,5034,611,2600,492,877,217,274,246,5,8,1188,346,0,19,3,5,253,166,42,52,211,162,2434,382,475,248,19,31,26,27,0,19,0,19,784,334,1130,379,1103,372,27,25
1400000US06037431002,3146,321,2079,274,1230,300,194,96,0,14,499,128,0,14,8,15,148,112,26,35,122,114,1067,313,123,94,0,14,34,53,41,51,0,14,192,109,677,219,476,161,201,156
1400000US06037431003,4613,1276,2034,252,864,207,392,262,0,14,576,203,0,14,40,57,162,105,23,37,139,99,2579,1242,772,886,13,22,12,20,0,14,0,14,568,260,1214,1075,1200,1073,14,26
1400000US06037431004,3138,328,1657,371,903,265,43,52,0,14,682,286,0,14,0,14,29,35,18,29,11,18,1481,410,235,213,9,14,14,27,10,15,0,14,761,397,452,208,354,192,98,81
1400000US06037431100,7322,814,3026,788,1032,390,749,410,92,122,762,319,0,19,58,95,333,289,0,19,333,289,4296,720,249,190,42,65,56,74,0,19,0,19,2172,657,1777,652,1626,614,151,164
1400000US06037431200,6523,686,1642,302,671,236,316,127,0,19,422,194,0,19,88,107,145,106,0,19,145,106,4881,670,296,239,1,2,302,218,0,19,0,19,2605,796,1677,538,1595,528,82,67
1400000US06037431300,2565,415,1483,208,672,114,118,114,0,14,552,147,27,38,8,12,106,67,30,33,76,61,1082,361,49,43,0,14,0,14,15,22,0,14,331,215,687,353,571,306,116,171
1400000US06037431400,3647,577,2585,326,911,235,12,19,169,183,1482,351,0,14,0,14,11,20,5,8,6,18,1062,568,75,84,0,14,13,20,0,14,0,14,348,201,626,533,560,525,66,73
1400000US06037431501,3734,379,2530,368,634,171,45,41,0,14,1799,326,0,14,19,30,33,28,0,14,33,28,1204,377,107,84,0,14,154,159,0,14,0,14,528,275,415,252,396,252,19,24
1400000US06037431502,4758,717,3065,557,667,172,45,50,17,28,2216,574,0,14,6,10,114,67,9,15,105,66,1693,560,447,313,0,14,10,20,33,50,0,14,510,228,693,415,668,409,25,41
1400000US06037431600,3941,537,3396,438,444,231,95,97,0,14,2687,376,2,11,20,30,148,117,15,23,133,114,545,219,21,34,15,23,0,14,25,42,0,14,66,45,418,216,375,201,43,64
1400000US06037431701,6188,894,5786,935,811,177,60,95,48,53,4497,878,0,19,0,19,370,193,30,47,340,198,402,217,58,98,0,19,0,19,29,48,0,19,315,227,0,19,0,19,0,19
1400000US06037431800,5162,608,4490,465,1164,413,127,94,11,18,3095,393,0,19,25,29,68,66,58,63,10,17,672,273,15,26,0,19,0,19,18,29,0,19,226,139,413,270,295,238,118,116
1400000US06037431900,3346,528,2777,535,402,76,0,14,0,14,2322,537,10,16,0,14,43,65,0,14,43,65,569,176,128,99,30,46,10,16,0,14,0,14,72,67,329,154,289,151,40,30
1400000US06037432001,2332,235,1917,262,415,152,43,77,7,12,1388,265,0,14,0,14,64,56,0,14,64,56,415,153,29,29,0,14,0,14,25,56,0,14,289,155,72,65,55,54,17,26
1400000US06037432002,5356,768,4469,744,942,259,7,17,0,19,3345,750,0,19,0,19,175,146,0,19,175,146,887,373,307,239,0,19,0,19,0,19,0,19,221,230,359,187,264,162,95,75
1400000US06037432101,4843,671,3829,620,383,171,27,41,0,14,3179,603,41,58,11,18,188,145,35,44,153,146,1014,462,37,46,0,14,18,22,71,67,0,14,490,396,398,257,300,180,98,104
1400000US06037432102,5793,589,4912,659,654,132,24,40,0,19,4124,651,0,19,37,53,73,50,21,23,52,42,881,355,151,128,0,19,0,19,14,27,0,19,296,265,420,185,331,187,89,103
1400000US06037432201,4638,975,4062,976,285,109,0,14,186,184,3475,980,0,14,0,14,116,123,103,134,13,56,576,270,98,143,0,14,0,14,4,10,0,14,319,208,155,140,155,140,0,14
1400000US06037432202,3408,474,2631,528,82,58,33,44,0,14,2516,531,0,14,0,14,0,14,0,14,0,14,777,295,136,120,0,14,0,14,21,32,0,14,371,224,249,186,249,186,0,14
1400000US06037432300,3749,772,1753,322,189,101,1,2,0,14,1529,333,29,31,0,14,5,13,0,14,5,13,1996,800,165,183,0,14,0,14,8,15,46,46,220,193,1557,844,1549,844,8,15
1400000US06037432401,3785,647,1249,279,77,55,10,20,8,11,1037,259,5,8,38,59,74,64,0,14,74,64,2536,630,598,494,0,14,198,254,21,38,0,14,831,341,888,348,812,350,76,72
1400000US06037432402,5529,862,2215,655,197,133,0,19,22,35,1937,659,26,37,33,53,0,19,0,19,0,19,3314,627,303,177,10,15,26,40,0,19,0,19,1713,418,1262,635,1233,630,29,45
1400000US06037432501,4154,393,1900,330,305,149,14,11,0,14,1554,371,0,14,21,34,6,18,6,18,0,14,2254,441,265,210,0,14,132,159,16,19,0,14,1096,353,745,434,622,398,123,125
1400000US06037432502,4179,1027,1542,358,365,137,0,14,0,14,1017,355,0,14,112,169,48,62,0,14,48,62,2637,983,131,130,0,14,216,242,0,14,0,14,903,399,1387,769,1251,778,136,116
1400000US06037432601,6515,971,2471,536,378,224,168,271,15,22,1771,437,0,19,80,127,59,51,0,19,59,51,4044,927,545,384,0,19,307,312,0,19,0,19,1314,502,1878,859,1868,859,10,16
1400000US06037432602,4198,604,1849,413,121,72,1,2,0,14,1651,407,0,14,21,36,55,72,0,14,55,72,2349,644,173,144,23,34,17,27,0,14,0,14,1285,721,851,402,834,402,17,23
1400000US06037432700,4630,757,1563,310,197,133,0,14,0,14,1358,329,8,13,0,14,0,14,0,14,0,14,3067,717,179,174,0,14,141,169,27,38,18,27,1417,554,1285,729,1274,728,11,17
1400000US06037432801,2224,328,857,94,11,13,0,14,0,14,832,100,14,19,0,14,0,14,0,14,0,14,1367,320,72,68,0,14,64,74,0,14,0,14,686,329,545,208,545,208,0,14
1400000US06037432802,5501,1019,1096,305,88,108,52,60,213,259,737,215,0,19,0,19,6,10,0,19,6,10,4405,1083,247,215,0,19,929,835,0,19,0,19,1559,528,1670,516,1670,516,0,19
1400000US06037432901,4351,548,2476,669,130,85,4,10,0,14,2324,684,0,14,0,14,18,31,0,14,18,31,1875,525,260,214,0,14,249,276,25,30,0,14,1270,505,71,88,39,47,32,43
1400000US06037432902,2959,359,1915,235,54,43,20,31,17,20,1760,217,18,29,0,14,46,38,18,19,28,32,1044,315,144,117,0,14,0,14,19,27,0,14,596,274,285,176,263,165,22,39
1400000US06037433103,6311,630,2928,522,104,95,23,46,7,12,2774,512,0,19,15,25,5,9,0,19,5,9,3383,539,317,170,0,19,17,19,9,15,0,19,2686,497,354,183,354,183,0,19
1400000US06037433200,5915,745,2143,446,220,113,56,49,25,29,1771,461,0,19,0,19,71,65,0,19,71,65,3772,679,326,175,0,19,89,83,11,17,0,19,2242,505,1104,572,1036,578,68,77
1400000US06037433302,1713,436,615,397,36,45,0,14,21,45,558,399,0,14,0,14,0,14,0,14,0,14,1098,220,24,27,0,14,0,14,0,14,0,14,752,272,322,186,322,186,0,14
1400000US06037433304,4317,563,1407,382,102,57,24,25,0,14,1241,366,10,15,0,14,30,48,0,14,30,48,2910,501,339,201,0,14,340,254,0,14,0,14,864,424,1367,384,1342,391,25,44
1400000US06037433305,4684,573,905,269,96,126,44,33,7,16,648,266,0,14,0,14,110,83,15,23,95,82,3779,536,316,201,0,14,319,358,0,14,0,14,1727,676,1417,526,1417,526,0,14
1400000US06037433306,3075,446,1358,358,70,41,68,55,88,126,887,240,0,14,67,91,178,226,175,226,3,8,1717,430,157,166,0,14,142,124,4,8,0,14,545,198,869,312,772,293,97,121
1400000US06037433307,2909,323,1098,323,7,4,0,14,0,14,1082,326,0,14,0,14,9,13,9,13,0,14,1811,311,60,64,0,14,267,242,0,14,0,14,868,359,616,244,616,244,0,14
1400000US06037433402,4737,759,729,337,45,28,28,35,9,14,603,308,0,14,0,14,44,71,0,14,44,71,4008,797,99,94,0,14,8,14,0,14,0,14,3167,948,734,434,734,434,0,14
1400000US06037433403,4706,666,913,338,113,91,0,14,0,14,788,342,12,21,0,14,0,14,0,14,0,14,3793,723,405,371,0,14,0,14,26,42,0,14,2637,583,725,454,701,444,24,38
1400000US06037433505,3997,748,1400,648,41,49,47,40,0,14,1295,647,0,14,0,14,17,27,0,14,17,27,2597,486,154,163,0,14,0,14,32,43,0,14,1920,381,491,395,491,395,0,14
1400000US06037433506,3405,524,668,290,0,14,21,32,0,14,622,291,0,14,0,14,25,36,0,14,25,36,2737,518,103,92,0,14,9,15,0,14,0,14,2022,446,603,341,559,335,44,43
1400000US06037433601,4832,609,3535,609,156,102,1,5,5,9,3283,598,83,133,0,14,7,12,7,12,0,14,1297,442,25,39,0,14,61,75,11,17,0,14,1029,446,171,165,171,165,0,14
1400000US06037433602,2771,394,1939,322,83,51,0,14,7,11,1832,340,0,14,0,14,17,14,6,9,11,13,832,225,93,83,0,14,0,14,0,14,0,14,556,225,183,103,183,103,0,14
1400000US06037433803,3302,472,1142,240,51,39,0,14,0,14,1082,249,0,14,0,14,9,13,0,14,9,13,2160,524,295,136,0,14,12,14,0,14,0,14,1034,394,819,268,814,269,5,7
1400000US06037433804,4649,604,806,372,145,139,81,117,77,121,503,256,0,14,0,14,0,14,0,14,0,14,3843,598,466,459,0,14,49,55,0,14,0,14,2470,576,858,448,824,446,34,40
1400000US06037433901,5076,660,1499,447,223,212,14,54,0,19,1232,404,0,19,0,19,30,42,18,23,12,21,3577,678,235,193,0,19,150,221,0,19,0,19,1735,487,1457,583,1398,581,59,90
1400000US06037433903,5389,797,771,257,236,191,0,19,28,44,498,192,0,19,9,15,0,19,0,19,0,19,4618,860,514,262,0,19,115,106,22,35,0,19,3049,606,918,634,918,634,0,19
1400000US06037434001,4463,523,1501,456,37,40,6,9,0,14,1385,457,71,77,0,14,2,3,0,14,2,3,2962,552,278,310,0,14,2,20,0,14,0,14,1851,476,831,432,601,300,230,284
1400000US06037434003,3786,380,535,116,49,39,21,24,0,14,460,110,0,14,0,14,5,10,0,14,5,10,3251,378,733,383,0,14,40,43,0,14,0,14,1602,379,876,351,875,351,1,3
1400000US06037434004,2868,562,664,446,285,256,34,53,0,14,345,385,0,14,0,14,0,14,0,14,0,14,2204,480,176,127,0,14,31,37,0,14,0,14,915,296,1082,465,1060,465,22,35
1400000US06037434100,6025,592,1725,351,181,159,43,63,0,19,1443,307,0,19,22,37,36,40,13,18,23,35,4300,545,396,205,0,19,27,27,8,12,0,19,2680,624,1189,488,1104,484,85,109
1400000US06037460001,1790,422,1568,421,1200,424,5,7,0,14,315,119,0,14,0,14,48,30,0,14,48,30,222,169,5,9,0,14,0,14,0,14,0,14,86,115,131,129,131,129,0,14
1400000US06037460002,2850,305,2449,348,1309,306,0,14,0,14,972,233,0,14,9,13,159,120,20,32,139,112,401,186,53,43,15,22,42,67,30,47,0,14,131,101,130,81,107,77,23,26
1400000US06037460101,5204,865,4632,872,3371,823,337,153,0,19,526,221,0,19,76,87,322,148,139,137,183,99,572,159,88,78,0,19,0,19,76,97,0,19,50,43,358,166,298,151,60,83
1400000US06037460200,5542,1133,4138,433,2061,514,940,357,0,19,476,288,0,19,46,56,615,285,69,76,546,287,1404,992,18,30,0,19,22,34,0,19,0,19,1028,997,336,236,293,231,43,69
1400000US06037460301,4408,628,3696,587,1300,278,1605,529,0,14,303,79,0,14,43,49,445,198,66,62,379,188,712,202,54,56,25,37,34,52,0,14,0,14,130,110,469,186,389,146,80,82
1400000US06037460302,4479,878,2946,782,1088,249,1305,756,8,12,128,60,0,14,57,47,360,214,116,135,244,155,1533,479,218,129,0,14,30,51,0,14,0,14,507,231,778,508,737,507,41,35
1400000US06037460401,1061,180,814,151,263,97,340,127,0,14,142,102,0,14,5,8,64,64,0,14,64,64,247,117,0,14,25,38,0,14,5,8,0,14,182,106,35,33,35,33,0,14
1400000US06037460501,5425,509,5224,519,2643,390,18,27,0,19,2026,415,0,19,49,64,488,244,62,74,426,239,201,106,54,61,0,19,0,19,14,22,0,19,0,19,133,83,125,78,8,19
1400000US06037460502,4711,797,4390,864,2561,926,22,31,9,15,1496,508,0,14,69,74,233,127,39,47,194,114,321,239,75,76,0,14,0,14,0,14,0,14,167,215,79,81,68,79,11,18
1400000US06037460601,5202,467,4592,419,2832,474,14,23,0,19,1533,340,0,19,13,21,200,104,10,16,190,102,610,238,133,118,0,19,0,19,0,19,0,19,130,116,347,197,280,185,67,59
1400000US06037460700,4597,642,4187,650,2700,671,78,86,0,14,1084,184,12,19,15,24,298,150,24,37,274,150,410,181,152,101,0,14,0,14,61,96,0,14,41,39,156,96,132,90,24,26
1400000US06037460800,2826,334,2561,302,1814,327,38,56,0,14,542,240,0,14,16,25,151,80,30,49,121,62,265,129,10,16,0,14,0,14,0,14,0,14,101,90,154,109,119,88,35,56
1400000US06037460900,6457,757,2304,594,1082,395,707,412,0,19,305,183,0,19,6,9,204,149,17,27,187,146,4153,604,705,414,143,113,0,19,7,11,0,19,2439,779,859,400,750,389,109,83
1400000US06037461000,5304,834,2583,638,801,214,1439,644,0,19,134,70,0,19,9,20,200,163,0,19,200,163,2721,578,148,128,76,74,69,53,0,19,0,19,1455,628,973,305,845,261,128,139
1400000US06037461100,5372,771,3141,360,1902,337,538,293,0,19,363,177,0,19,0,19,338,189,6,10,332,186,2231,804,142,108,0,19,77,120,0,19,0,19,1522,914,490,206,470,204,20,26
1400000US06037461200,4424,478,3595,434,2307,366,687,353,13,20,186,101,15,19,53,67,334,142,123,108,211,97,829,246,83,60,5,8,13,20,19,22,0,14,175,104,534,250,407,231,127,100
1400000US06037461300,6078,788,4912,760,3823,770,101,85,0,19,407,142,0,19,0,19,581,293,17,27,564,293,1166,343,15,24,0,19,0,19,0,19,0,19,479,344,672,283,660,283,12,19
1400000US06037461400,2641,384,1935,310,1544,310,212,122,5,10,118,75,0,14,0,14,56,47,40,41,16,23,706,264,52,43,0,14,44,59,0,14,0,14,245,132,365,216,358,216,7,11
1400000US06037461501,3560,436,2075,362,1096,263,352,295,5,11,346,173,9,20,3,6,264,128,51,59,213,108,1485,291,283,244,15,23,21,24,10,18,0,14,434,160,722,199,586,199,136,86
1400000US06037461502,5825,617,2555,480,989,236,1056,348,4,11,329,144,0,19,10,16,167,119,15,29,152,112,3270,578,138,107,72,83,292,252,0,19,0,19,2308,627,460,208,422,201,38,38
1400000US06037461600,4846,843,3001,663,1041,370,1232,622,16,25,592,275,0,14,0,14,120,98,8,13,112,95,1845,526,315,394,38,54,0,14,19,23,0,14,872,327,601,316,507,303,94,81
1400000US06037461700,1353,222,987,219,603,182,41,34,0,14,242,94,0,14,0,14,101,72,6,10,95,72,366,122,61,42,5,8,0,14,0,14,0,14,70,56,230,109,220,112,10,12
1400000US06037461901,4748,812,1351,298,639,195,105,116,0,14,339,144,17,26,17,31,234,132,16,19,218,132,3397,897,212,100,0,14,143,145,0,14,0,14,1487,412,1555,937,1463,929,92,81
1400000US06037461902,2360,246,1776,205,1011,234,146,85,29,46,455,153,0,14,28,33,107,62,15,23,92,56,584,218,64,54,0,14,0,14,0,14,0,14,283,130,237,134,237,134,0,14
1400000US06037462001,4491,912,1252,496,416,141,397,442,0,14,331,189,7,20,62,91,39,60,0,14,39,60,3239,750,75,93,10,24,42,83,0,14,0,14,2482,732,630,462,593,466,37,58
1400000US06037462002,3799,510,1279,402,272,120,726,372,20,30,244,116,0,14,8,15,9,14,0,14,9,14,2520,414,203,157,0,14,15,23,0,14,0,14,1889,323,413,257,413,257,0,14
1400000US06037462100,4461,707,1974,498,1038,252,281,157,0,14,307,151,0,14,53,59,295,342,0,14,295,342,2487,608,255,209,54,70,50,68,0,14,0,14,1452,609,676,349,562,274,114,144
1400000US06037462201,3573,521,2198,238,1293,210,257,119,0,14,558,184,0,14,0,14,90,82,22,35,68,70,1375,500,42,50,26,43,111,93,15,24,0,14,661,254,520,479,445,475,75,60
1400000US06037462202,3302,516,2555,419,1395,289,157,77,0,14,800,168,0,14,26,39,177,121,0,14,177,121,747,393,99,72,0,14,0,14,8,16,0,14,361,294,279,220,270,220,9,14
1400000US06037462301,4311,498,2218,354,807,251,556,270,5,9,451,195,10,20,14,24,375,194,41,61,334,183,2093,419,353,379,0,14,0,14,26,42,0,14,1302,362,412,227,344,216,68,55
1400000US06037462302,3591,489,2199,550,965,303,319,185,0,14,594,245,0,14,0,14,321,225,0,14,321,225,1392,516,106,67,10,15,15,17,0,14,0,14,471,207,790,496,748,499,42,36
1400000US06037462400,3720,577,2483,321,1594,276,190,143,0,14,445,198,0,14,23,33,231,135,91,82,140,117,1237,392,209,177,0,14,4,7,56,60,0,14,453,278,515,239,436,240,79,59
1400000US06037462500,6825,639,5466,564,3491,548,247,238,0,19,1289,426,0,19,17,26,422,233,14,51,408,224,1359,522,193,189,0,19,41,61,51,81,0,19,387,302,687,405,441,275,246,250
1400000US06037462600,2376,321,1914,319,1290,186,60,66,0,14,295,141,0,14,12,18,257,243,30,36,227,242,462,123,98,68,0,14,19,25,28,30,0,14,93,76,224,77,179,69,45,44
1400000US06037462700,5825,556,4067,667,1815,484,452,323,0,19,1209,481,0,19,0,19,591,410,157,250,434,344,1758,565,165,124,0,19,0,19,0,19,0,19,1096,444,497,279,497,279,0,19
1400000US06037462800,2882,464,1922,353,1030,276,264,182,0,14,496,148,0,14,20,31,112,66,0,14,112,66,960,295,62,68,0,14,0,14,0,14,0,14,545,223,353,263,340,262,13,19
1400000US06037462900,3721,424,2546,333,1171,203,288,185,20,21,830,281,0,14,0,14,237,138,12,27,225,133,1175,267,81,76,0,14,0,14,0,14,0,14,557,205,537,315,453,299,84,84
1400000US06037463000,2631,391,2028,327,937,193,194,150,0,14,701,211,0,14,0,14,196,122,28,43,168,111,603,283,247,219,0,14,21,25,0,14,0,14,36,38,299,222,289,215,10,17
1400000US06037463103,5479,616,3608,582,1524,511,180,152,0,19,1752,404,30,48,0,19,122,112,6,10,116,112,1871,697,169,202,10,16,23,30,37,43,0,19,1042,570,590,362,542,362,48,42
1400000US06037463200,3291,480,2533,509,1342,314,88,64,0,14,812,417,204,322,11,20,76,62,4,7,72,62,758,262,129,81,0,14,8,14,0,14,0,14,261,177,360,165,360,165,0,14
1400000US06037463300,1918,344,1569,342,832,282,21,22,0,14,583,223,0,14,0,14,133,62,26,32,107,61,349,137,70,56,0,14,10,15,0,14,0,14,92,69,177,101,143,97,34,39
1400000US06037463400,5687,717,4540,496,1960,449,455,294,0,19,1595,461,58,69,96,95,376,225,27,35,349,221,1147,532,309,392,0,19,30,34,75,99,0,19,238,224,495,301,296,163,199,272
1400000US06037463500,6064,719,4900,633,2646,555,205,107,51,65,1286,280,0,19,0,19,712,296,82,94,630,283,1164,402,514,392,15,24,0,19,0,19,27,52,315,154,293,157,232,142,61,58
1400000US06037463601,6416,679,5367,571,3005,613,415,285,0,19,1628,345,0,19,16,26,303,189,57,91,246,160,1049,377,397,290,25,33,10,17,33,49,0,19,312,200,272,150,241,143,31,36
1400000US06037463602,5833,635,4929,679,2207,410,699,345,0,19,1769,529,0,19,0,19,254,148,29,43,225,145,904,292,151,107,0,19,20,47,30,46,0,19,248,188,455,198,407,201,48,52
1400000US06037463700,3734,419,3116,503,2069,496,151,138,0,14,828,273,0,14,0,14,68,55,8,17,60,47,618,306,25,40,26,42,0,14,166,198,0,14,168,153,233,230,188,220,45,49
1400000US06037463800,3978,542,3129,298,1975,287,113,137,0,14,592,166,0,14,132,136,317,114,18,31,299,112,849,397,114,64,0,14,0,14,0,14,0,14,214,248,521,350,441,336,80,63
1400000US06037463900,3007,333,2583,347,1723,243,52,33,0,14,560,188,0,14,35,42,213,125,0,14,213,125,424,110,96,93,0,14,0,14,0,14,0,14,72,58,256,83,237,85,19,24
1400000US06037464000,5455,715,4200,686,2346,586,225,190,0,19,1351,302,12,27,29,47,237,181,23,30,214,181,1255,530,118,123,0,19,42,58,0,19,0,19,598,417,497,322,482,319,15,25
1400000US06037464101,2223,328,2184,333,608,122,0,14,0,14,1424,257,0,14,0,14,152,93,21,23,131,89,39,40,0,14,0,14,0,14,0,14,0,14,20,28,19,25,19,25,0,14
1400000US06037464102,4542,1075,4299,1142,1162,241,15,39,0,14,2945,1227,0,14,0,14,177,105,22,35,155,101,243,179,37,51,0,14,0,14,0,14,0,14,51,54,155,125,112,108,43,38
1400000US06037464200,5451,904,5080,885,896,246,0,19,0,19,3949,754,0,19,0,19,235,130,28,43,207,125,371,210,67,108,0,19,8,13,0,19,0,19,61,71,235,162,207,157,28,41
1400000US06037480002,3645,612,3148,588,572,143,16,22,0,14,2314,568,0,14,0,14,246,129,80,81,166,106,497,144,78,78,0,14,0,14,0,14,0,14,204,148,215,96,176,92,39,39
1400000US06037480011,5084,535,3202,377,750,205,142,119,0,19,2142,260,0,19,0,19,168,171,0,19,168,171,1882,524,238,205,0,19,8,14,36,49,0,19,1053,459,547,399,529,401,18,21
1400000US06037480012,4838,546,3678,577,536,141,145,125,0,14,2710,520,39,66,18,28,230,160,24,32,206,154,1160,379,227,153,0,14,0,14,115,161,0,14,625,304,193,137,192,138,1,7
1400000US06037480101,4323,600,3229,591,418,132,2,3,0,14,2746,578,0,14,0,14,63,62,11,17,52,57,1094,515,189,214,0,14,0,14,0,14,0,14,851,433,54,39,43,41,11,17
1400000US06037480102,3900,510,3003,582,632,194,25,29,0,14,2255,497,0,14,7,14,84,100,8,13,76,99,897,358,42,37,13,21,31,50,55,76,0,14,462,277,294,152,277,150,17,27
1400000US06037480201,3689,329,2711,285,1111,196,26,33,9,15,1441,186,15,22,0,14,109,95,13,20,96,95,978,183,93,85,0,14,0,14,0,14,5,11,466,180,414,227,314,190,100,82
1400000US06037480202,2742,415,2082,373,513,143,0,14,0,14,1485,377,0,14,0,14,84,48,5,8,79,48,660,156,77,49,0,14,0,14,8,12,0,14,354,151,221,100,177,92,44,50
1400000US06037480302,3903,485,2417,345,515,153,25,46,11,15,1797,383,0,14,0,14,69,67,0,14,69,67,1486,440,375,264,12,19,56,71,0,14,0,14,369,194,674,378,530,370,144,110
1400000US06037480303,4326,468,2901,456,329,156,245,151,0,14,2195,449,0,14,0,14,132,117,1,7,131,117,1425,326,256,174,34,38,33,38,12,21,0,14,576,282,514,250,514,250,0,14
1400000US06037480304,4188,459,2899,434,272,122,40,47,0,14,2544,444,0,14,0,14,43,44,15,27,28,32,1289,339,141,108,0,14,36,46,0,14,12,18,819,274,281,130,252,125,29,29
1400000US06037480400,5899,658,3997,564,1150,248,173,232,0,19,2206,493,0,19,67,63,401,222,10,23,391,228,1902,525,158,126,0,19,76,72,20,32,0,19,1263,501,385,208,249,146,136,120
1400000US06037480500,5287,574,4279,627,2486,520,66,91,0,19,1423,430,44,100,0,19,260,182,50,71,210,166,1008,326,141,135,0,19,87,142,68,97,0,19,516,225,196,187,190,186,6,15
1400000US06037480601,3783,367,2838,393,1306,246,106,77,0,14,1171,296,0,14,0,14,255,179,18,22,237,177,945,350,24,27,40,46,32,49,0,14,0,14,280,167,569,322,513,301,56,66
1400000US06037480602,4306,563,3515,532,1686,389,174,181,22,35,980,316,0,14,198,228,455,288,133,130,322,267,791,149,216,172,0,14,38,65,32,36,0,14,300,137,205,95,168,92,37,39
1400000US06037480702,4722,362,3697,383,1092,213,54,47,0,14,2245,357,0,14,0,14,306,151,11,18,295,146,1025,259,89,63,0,14,0,14,12,20,0,14,381,239,543,183,488,183,55,60
1400000US06037480703,3883,605,3328,500,1556,361,8,14,0,14,1644,435,0,14,0,14,120,77,11,19,109,70,555,253,53,56,9,15,0,14,32,60,0,14,152,130,309,198,293,197,16,20
1400000US06037480704,4087,515,3267,493,1041,240,324,366,0,14,1653,312,0,14,14,23,235,102,0,14,235,102,820,169,52,41,0,14,46,44,0,14,0,14,326,159,396,154,263,127,133,92
1400000US06037480802,3180,380,1726,319,213,133,46,54,0,14,1407,311,0,14,0,14,60,53,0,14,60,53,1454,310,145,90,0,14,35,54,21,41,0,14,741,302,512,189,504,189,8,12
1400000US06037480803,2980,332,1398,272,663,245,0,14,0,14,647,212,0,14,19,25,69,61,48,56,21,23,1582,305,200,123,12,24,41,69,0,14,0,14,553,235,776,268,759,266,17,20
1400000US06037480804,4717,659,2796,587,386,143,366,308,0,14,1879,480,0,14,0,14,165,103,34,47,131,89,1921,472,269,179,0,14,56,62,32,47,0,14,1047,332,517,268,490,265,27,34
1400000US06037480901,3767,464,2827,418,157,80,184,159,33,52,2213,390,0,14,69,99,171,122,29,46,142,111,940,335,144,138,0,14,44,52,0,14,0,14,605,301,147,80,130,79,17,20
1400000US06037480902,4009,690,2538,756,137,66,22,26,0,14,2119,754,10,23,0,14,250,180,0,14,250,180,1471,498,45,39,0,14,56,59,0,14,0,14,985,437,385,177,346,167,39,41
1400000US06037480903,2860,493,2083,438,222,168,22,34,0,14,1813,416,0,14,0,14,26,24,0,14,26,24,777,245,26,58,0,14,0,14,0,14,0,14,339,189,412,235,388,234,24,26
1400000US06037481001,4282,702,3224,721,441,153,299,391,8,12,2345,534,0,14,65,70,66,81,27,29,39,63,1058,278,38,48,0,14,0,14,0,14,0,14,774,290,246,115,236,113,10,17
1400000US06037481002,5794,569,3295,435,692,265,119,104,79,115,2334,370,0,19,0,19,71,76,0,19,71,76,2499,559,97,66,0,19,184,249,29,49,0,19,1631,557,558,339,341,212,217,275
1400000US06037481101,4468,681,2947,705,601,331,219,270,0,14,2012,480,0,14,0,14,115,132,0,14,115,132,1521,321,143,113,0,14,83,134,28,36,0,14,752,290,515,219,508,218,7,11
1400000US06037481102,3702,418,2023,444,428,217,118,115,5,10,1348,344,0,14,0,14,124,142,0,14,124,142,1679,425,256,216,0,14,36,35,8,13,0,14,990,346,389,222,225,156,164,173
1400000US06037481103,5489,750,3542,656,168,83,14,23,0,19,3062,553,0,19,213,269,85,116,10,16,75,116,1947,435,71,62,0,19,74,69,12,21,0,19,927,499,863,325,765,326,98,110
1400000US06037481201,3784,553,2512,413,194,99,0,14,0,14,2168,387,0,14,11,19,139,118,69,103,70,54,1272,495,220,193,13,23,78,96,8,17,0,14,405,332,548,292,373,319,175,155
1400000US06037481203,6206,879,4085,730,504,550,0,19,0,19,3529,460,0,19,0,19,52,54,0,19,52,54,2121,590,97,126,0,19,33,57,0,19,0,19,1684,604,307,238,307,238,0,19
1400000US06037481300,3032,440,2274,386,102,54,1,2,0,14,2105,386,0,14,50,67,16,23,0,14,16,23,758,213,41,40,0,14,24,23,0,14,0,14,514,214,179,126,169,126,10,13
1400000US06037481401,5030,601,4052,445,243,123,103,115,0,19,3482,469,102,173,7,12,115,88,41,64,74,59,978,339,101,98,0,19,14,23,15,24,0,19,304,171,544,273,423,270,121,84
1400000US06037481403,3038,1138,2459,1143,174,106,3,6,0,14,2262,1149,5,13,0,14,15,18,0,14,15,18,579,265,73,77,6,9,9,11,0,14,0,14,425,254,66,48,66,48,0,14
1400000US06037481404,3842,575,3228,527,123,83,5,6,0,14,3090,510,0,14,0,14,10,14,0,14,10,14,614,312,63,65,41,36,0,14,92,165,0,14,310,297,108,98,108,98,0,14
1400000US06037481500,4458,484,3616,330,156,87,31,45,26,32,3290,364,73,109,0,14,40,53,29,43,11,16,842,416,73,80,0,14,21,37,16,23,0,14,544,391,188,96,172,97,16,24
1400000US06037481603,3711,412,2973,463,379,195,26,31,0,14,2532,542,0,14,0,14,36,52,0,14,36,52,738,313,52,46,0,14,14,17,48,47,0,14,409,213,215,129,206,130,9,15
1400000US06037481604,4000,703,2314,490,124,74,80,91,8,13,2062,458,0,14,0,14,40,47,0,14,40,47,1686,578,419,382,6,14,9,14,10,15,0,14,913,313,329,264,179,113,150,229
1400000US06037481605,2811,364,1746,413,66,47,37,57,0,14,1609,393,0,14,0,14,34,41,0,14,34,41,1065,253,37,39,5,11,87,82,21,39,0,14,441,282,474,160,314,145,160,125
1400000US06037481606,5002,640,3472,596,133,84,71,79,0,19,3180,589,80,82,0,19,8,12,0,19,8,12,1530,382,201,177,0,19,101,117,0,19,0,19,835,374,393,234,367,229,26,40
1400000US06037481711,4388,654,4013,712,96,87,5,12,8,12,3885,666,0,14,0,14,19,22,0,14,19,22,375,237,15,23,0,14,0,14,0,14,0,14,305,231,55,42,42,36,13,21
1400000US06037481712,5269,818,4802,847,65,65,0,19,0,19,4660,868,0,19,77,120,0,19,0,19,0,19,467,177,197,144,0,19,11,21,10,27,0,19,181,142,68,75,68,75,0,19
1400000US06037481713,2892,454,2213,455,169,165,17,27,0,14,1981,457,0,14,0,14,46,71,0,14,46,71,679,292,0,14,0,14,15,24,31,45,0,14,469,265,164,130,155,127,9,15
1400000US06037481714,2595,329,2196,250,106,62,68,53,0,14,1991,253,0,14,0,14,31,26,0,14,31,26,399,252,7,11,0,14,0,14,0,14,0,14,276,235,116,132,116,132,0,14
1400000US06037481800,2382,228,1981,238,297,123,2,4,0,14,1633,221,0,14,24,36,25,19,0,14,25,19,401,89,131,90,0,14,7,10,0,14,0,14,175,94,88,50,73,46,15,16
1400000US06037481901,5581,547,2695,285,656,175,57,75,0,19,1898,294,0,19,0,19,84,67,36,39,48,59,2886,572,302,156,3,4,193,155,0,19,0,19,1101,453,1287,380,1071,350,216,116
1400000US06037481902,3172,468,1851,375,319,146,66,90,0,14,1370,371,0,14,0,14,96,74,0,14,96,74,1321,321,283,209,0,14,0,14,0,14,0,14,752,251,286,241,281,241,5,10
1400000US06037482001,2549,279,2182,280,228,171,3,7,0,14,1625,185,15,23,44,64,267,171,13,20,254,175,367,200,125,167,0,14,0,14,8,17,0,14,101,97,133,83,115,75,18,35
1400000US06037482002,6655,859,4954,810,805,508,1,2,0,19,3968,699,0,19,14,22,166,116,0,19,166,116,1701,577,411,431,0,19,83,156,90,160,0,19,694,366,423,229,423,229,0,19
1400000US06037482101,3885,550,2838,460,171,149,0,14,0,14,2661,433,0,14,0,14,6,9,0,14,6,9,1047,385,251,257,38,61,11,16,6,9,0,14,471,303,270,138,161,115,109,124
1400000US06037482102,3131,465,2376,435,349,181,26,34,0,14,1860,410,44,31,0,14,97,74,0,14,97,74,755,275,144,69,0,14,0,14,0,14,0,14,352,209,259,166,175,99,84,87
1400000US06037482201,3813,585,3305,571,168,100,111,134,5,9,2917,547,0,14,0,14,104,99,0,14,104,99,508,253,23,34,0,14,36,57,0,14,0,14,212,145,237,184,187,149,50,63
1400000US06037482202,5121,738,3954,738,194,121,57,42,0,19,3340,709,0,19,0,19,363,338,28,47,335,334,1167,494,124,111,0,19,170,270,0,19,0,19,702,431,171,141,171,141,0,19
1400000US06037482301,4974,1136,4307,1155,208,174,53,62,101,155,3810,1135,117,164,0,14,18,22,0,14,18,22,667,275,12,15,0,14,0,14,11,18,0,14,366,155,278,285,278,285,0,14
1400000US06037482303,4607,496,3113,382,88,113,0,14,0,14,3025,377,0,14,0,14,0,14,0,14,0,14,1494,358,75,73,0,14,61,70,12,19,0,14,1078,338,268,193,262,192,6,12
1400000US06037482304,3026,510,1449,370,150,111,0,14,0,14,1296,324,0,14,0,14,3,6,0,14,3,6,1577,386,151,149,0,14,6,11,0,14,0,14,1258,305,162,176,162,176,0,14
1400000US06037482401,3553,319,2195,273,39,35,18,26,0,14,2138,277,0,14,0,14,0,14,0,14,0,14,1358,245,78,86,0,14,10,15,0,14,0,14,903,210,367,247,367,247,0,14
1400000US06037482403,3291,489,2074,556,40,58,0,14,15,24,2012,560,0,14,0,14,7,22,0,14,7,22,1217,296,63,91,0,14,70,107,12,20,0,14,863,307,209,178,197,177,12,21
1400000US06037482404,3316,965,2968,956,252,118,0,14,0,14,2660,984,0,14,0,14,56,61,0,14,56,61,348,116,82,103,0,14,36,54,0,14,0,14,134,84,96,64,80,67,16,25
1400000US06037482502,3513,470,2837,421,155,70,26,41,0,14,2656,412,0,14,0,14,0,14,0,14,0,14,676,261,32,49,0,14,86,108,8,12,0,14,411,295,139,108,139,108,0,14
1400000US06037482503,3980,635,3278,644,0,14,0,14,0,14,3106,643,0,14,98,98,74,125,0,14,74,125,702,178,75,97,0,14,8,15,0,14,0,14,406,208,213,188,195,186,18,29
1400000US06037482521,5261,725,3535,704,300,144,30,43,28,42,3064,673,0,19,0,19,113,91,37,60,76,65,1726,313,134,99,0,19,9,13,25,37,0,19,1014,341,544,214,537,212,7,11
1400000US06037482522,4479,586,2315,482,189,87,136,83,28,41,1877,478,0,14,30,36,55,62,0,14,55,62,2164,567,394,216,0,14,0,14,0,14,0,14,961,531,809,273,766,266,43,55
1400000US06037482600,6611,900,5079,953,403,172,47,85,0,19,4377,1026,0,19,0,19,252,207,0,19,252,207,1532,449,280,198,0,19,0,19,34,47,0,19,840,513,378,275,337,286,41,66
1400000US06037482701,3827,466,1742,350,162,117,30,35,41,40,1396,342,0,14,0,14,113,131,113,131,0,14,2085,481,162,102,65,101,29,41,0,14,0,14,1320,442,509,283,509,283,0,14
1400000US06037482702,2669,306,1566,270,95,56,1,2,0,14,1441,267,0,14,0,14,29,28,0,14,29,28,1103,194,125,90,6,9,94,91,11,12,0,14,475,219,392,139,360,139,32,35
1400000US06037482801,3920,652,1853,261,235,124,0,14,0,14,1578,243,0,14,35,56,5,12,5,12,0,14,2067,555,294,172,0,14,38,54,25,34,0,14,1053,358,657,446,649,446,8,13
1400000US06037500100,3626,460,2669,459,1146,255,273,313,0,14,595,165,0,14,256,267,399,210,71,66,328,202,957,217,147,107,0,14,0,14,0,14,0,14,188,158,622,231,608,233,14,18
1400000US06037500202,4898,1058,3057,765,2129,709,7,11,0,14,578,258,0,14,259,399,84,75,19,32,65,68,1841,610,135,119,0,14,0,14,20,34,0,14,992,502,694,420,678,414,16,29
1400000US06037500203,4287,606,2042,316,1733,300,105,143,0,14,118,100,0,14,0,14,86,75,0,14,86,75,2245,580,385,323,10,20,0,14,12,22,0,14,977,406,861,346,861,346,0,14
1400000US06037500204,2341,430,1882,432,1204,458,28,35,94,144,493,181,0,14,32,45,31,35,0,14,31,35,459,144,86,62,0,14,9,14,0,14,0,14,247,134,117,76,117,76,0,14
1400000US06037500300,2541,388,1171,254,435,109,157,156,0,14,300,83,43,67,132,215,104,105,21,33,83,98,1370,287,171,106,10,16,42,49,94,70,0,14,445,204,608,215,559,209,49,37
1400000US06037500402,4616,930,562,750,64,50,0,14,0,14,498,749,0,14,0,14,0,14,0,14,0,14,4054,636,249,234,0,14,78,92,0,14,0,14,2922,643,805,427,712,382,93,117
1400000US06037500403,3868,415,817,238,136,104,420,369,8,14,204,164,0,14,13,19,36,49,0,14,36,49,3051,393,814,388,0,14,161,151,0,14,0,14,1012,444,1064,279,909,253,155,157
1400000US06037500404,4398,525,574,226,201,137,8,16,0,14,365,179,0,14,0,14,0,14,0,14,0,14,3824,561,523,258,0,14,69,63,0,14,0,14,1848,590,1384,592,1163,579,221,210
1400000US06037500500,2764,440,224,96,85,44,3,12,4,7,132,88,0,14,0,14,0,14,0,14,0,14,2540,436,488,256,0,14,112,82,6,9,0,14,1583,413,351,152,346,152,5,8
1400000US06037500600,5853,925,179,137,87,67,21,27,0,19,71,99,0,19,0,19,0,19,0,19,0,19,5674,930,541,461,0,19,75,99,0,19,0,19,3362,889,1696,662,1651,660,45,41
1400000US06037500700,6716,751,648,438,457,387,78,74,0,19,82,125,0,19,0,19,31,51,31,51,0,19,6068,826,865,378,0,19,141,106,11,19,0,19,3442,882,1609,478,1369,476,240,175
1400000US06037500800,5132,849,229,139,175,102,0,19,0,19,54,59,0,19,0,19,0,19,0,19,0,19,4903,871,1274,689,0,19,91,69,12,18,0,19,2432,591,1094,370,1025,369,69,89
1400000US06037500900,5182,677,444,178,232,97,83,70,0,19,118,152,11,17,0,19,0,19,0,19,0,19,4738,728,568,337,9,17,68,63,3,6,0,19,3011,730,1079,467,1079,467,0,19
1400000US06037501001,2901,510,153,77,141,78,0,14,0,14,12,13,0,14,0,14,0,14,0,14,0,14,2748,513,234,185,0,14,150,147,0,14,0,14,1506,485,858,414,774,409,84,65
1400000US06037501002,4475,491,760,362,330,121,0,14,0,14,409,325,0,14,0,14,21,31,0,14,21,31,3715,565,688,317,0,14,17,29,3,15,0,14,1817,606,1190,364,1085,345,105,81
1400000US06037501200,5093,536,1202,467,595,188,0,19,0,19,233,195,0,19,330,450,44,49,0,19,44,49,3891,408,620,249,0,19,172,144,0,19,0,19,1598,492,1501,372,1459,377,42,43
1400000US06037501301,3065,599,873,510,487,508,21,34,0,14,135,81,0,14,0,14,230,179,0,14,230,179,2192,329,144,112,0,14,59,89,0,14,0,14,1438,406,551,329,525,321,26,29
1400000US06037501302,4345,586,1263,382,765,277,21,27,0,14,354,204,4,8,2,7,117,126,0,14,117,126,3082,589,380,237,0,14,154,200,8,14,0,14,1428,565,1112,552,1112,552,0,14
1400000US06037501400,3297,616,402,169,183,79,47,64,0,14,59,63,0,14,24,28,89,114,0,14,89,114,2895,641,260,138,21,33,50,63,0,14,51,77,2137,702,376,159,347,154,29,36
1400000US06037501501,2097,244,1012,172,684,178,28,24,0,14,180,79,0,14,61,46,59,49,35,45,24,17,1085,178,303,137,7,10,11,16,0,14,0,14,353,118,411,124,397,120,14,16
1400000US06037501503,5484,762,1424,514,847,339,96,83,47,81,106,115,17,31,79,133,232,169,23,38,209,166,4060,796,433,203,0,19,325,334,0,19,0,19,2920,879,382,255,298,213,84,86
1400000US06037501504,3551,599,1078,238,704,215,42,72,0,14,219,100,0,14,80,117,33,33,0,14,33,33,2473,641,10,15,0,14,70,65,11,17,0,14,1677,625,705,250,687,252,18,21
1400000US06037501600,6827,851,3096,728,2550,713,29,36,0,19,359,120,0,19,29,37,129,81,0,19,129,81,3731,669,738,390,39,50,159,171,0,19,0,19,1575,721,1220,314,1171,313,49,60
1400000US06037501700,3828,460,1394,341,1079,341,76,87,0,14,104,89,0,14,48,77,87,64,17,20,70,60,2434,447,336,139,44,68,74,117,0,14,0,14,1084,392,896,392,790,377,106,96
1400000US06037501802,3304,375,1261,344,793,198,111,146,0,14,165,168,17,25,63,70,112,112,0,14,112,112,2043,337,529,207,0,14,101,94,10,24,0,14,1009,329,394,162,364,161,30,32
1400000US06037501803,4804,932,943,661,513,443,76,69,0,14,34,35,0,14,106,112,214,228,3,7,211,228,3861,538,85,68,0,14,119,119,26,38,0,14,2761,545,870,340,782,325,88,107
1400000US06037501804,1969,311,327,122,178,114,97,60,15,23,37,50,0,14,0,14,0,14,0,14,0,14,1642,298,119,67,0,14,14,19,21,29,0,14,1126,232,362,206,324,191,38,32
1400000US06037501900,4332,639,1503,551,1028,433,38,34,8,13,201,209,0,14,209,231,19,32,0,14,19,32,2829,488,659,292,0,14,110,106,0,14,0,14,1338,421,722,274,704,274,18,18
1400000US06037502003,2599,389,308,139,172,68,29,25,0,14,9,10,0,14,93,123,5,7,0,14,5,7,2291,413,170,102,4,6,48,56,0,14,0,14,1556,375,513,194,473,187,40,29
1400000US06037502004,3621,635,484,126,239,92,39,51,1,4,121,80,0,14,34,32,50,40,0,14,50,40,3137,632,250,142,0,14,99,106,24,27,0,14,2262,669,502,177,382,158,120,129
1400000US06037502005,4606,866,994,315,675,312,50,75,0,14,130,114,0,14,56,75,83,58,0,14,83,58,3612,778,333,268,0,14,85,122,0,14,0,14,2078,684,1116,540,1093,540,23,26
1400000US06037502100,5996,637,1671,300,722,262,44,45,0,19,796,268,0,19,42,61,67,89,4,9,63,88,4325,657,262,179,9,16,84,83,0,19,32,33,2399,684,1539,485,1240,467,299,197
1400000US06037502200,7013,829,996,195,633,226,11,26,46,51,234,168,0,19,55,86,17,21,0,19,17,21,6017,844,953,381,10,17,305,263,103,93,0,19,3401,967,1245,354,1233,354,12,19
1400000US06037502303,8128,1054,583,317,252,163,253,249,0,19,38,42,0,19,8,13,32,29,0,19,32,29,7545,1051,465,376,50,56,249,242,0,19,0,19,5686,1125,1095,521,900,493,195,246
1400000US06037502401,4719,820,508,205,277,196,23,36,0,14,204,88,4,7,0,14,0,14,0,14,0,14,4211,841,341,209,0,14,472,597,0,14,0,14,2261,505,1137,470,1044,486,93,91
1400000US06037502402,3365,289,375,193,130,80,9,7,0,14,159,127,0,14,0,14,77,89,0,14,77,89,2990,333,430,151,0,14,178,159,15,17,15,21,1649,385,703,229,672,227,31,34
1400000US06037502500,4029,459,237,96,179,86,20,23,0,14,32,49,0,14,0,14,6,14,0,14,6,14,3792,470,707,386,0,14,88,120,0,14,0,14,1782,493,1215,428,1084,404,131,107
1400000US06037502602,4040,545,593,273,218,165,217,263,0,14,92,80,0,14,0,14,66,69,0,14,66,69,3447,581,240,151,0,14,59,78,0,14,0,14,2082,634,1066,373,963,369,103,123
1400000US06037502603,3261,580,268,169,217,146,1,3,1,4,49,64,0,14,0,14,0,14,0,14,0,14,2993,473,296,156,0,14,61,86,0,14,0,14,1684,625,952,402,925,409,27,31
1400000US06037502604,3630,585,385,269,177,105,7,10,172,228,8,10,0,14,21,32,0,14,0,14,0,14,3245,585,367,183,16,23,220,135,0,14,0,14,1441,407,1201,562,1123,554,78,63
1400000US06037502700,7159,652,679,275,237,141,41,53,0,19,218,154,12,25,0,19,171,145,0,19,171,145,6480,636,1059,335,25,39,39,43,11,17,0,19,3572,772,1774,465,1662,473,112,90
1400000US06037502801,6263,709,1344,302,824,369,13,20,0,19,366,234,0,19,106,168,35,34,0,19,35,34,4919,636,678,342,0,19,435,331,20,23,10,18,2346,517,1430,473,1374,469,56,48
1400000US06037502901,5432,706,754,195,596,199,24,38,0,19,47,66,0,19,0,19,87,81,74,80,13,22,4678,763,630,383,18,28,227,213,0,19,0,19,2239,543,1564,640,1436,617,128,147
1400000US06037503000,5762,820,807,621,151,128,253,378,10,19,393,487,0,19,0,19,0,19,0,19,0,19,4955,721,707,478,0,19,87,109,0,19,0,19,3278,887,883,392,883,392,0,19
1400000US06037503103,5595,633,917,419,598,397,46,42,0,19,214,131,0,19,38,58,21,34,0,19,21,34,4678,661,378,311,7,12,85,87,68,104,0,19,2915,784,1225,548,1170,532,55,61
1400000US06037503104,2375,547,331,235,98,74,0,14,0,14,233,225,0,14,0,14,0,14,0,14,0,14,2044,514,300,148,0,14,49,61,0,14,0,14,1237,511,458,214,376,179,82,110
1400000US06037503105,3358,391,834,329,159,103,78,72,0,14,494,310,22,34,0,14,81,88,37,76,44,50,2524,403,143,125,1,3,37,57,0,14,0,14,1724,459,619,327,610,326,9,18
1400000US06037503106,3820,560,1073,316,757,268,0,14,0,14,217,155,0,14,0,14,99,113,0,14,99,113,2747,486,261,159,20,34,144,163,0,14,0,14,1648,513,674,288,527,259,147,125
1400000US06037503201,3883,750,923,341,560,199,0,14,0,14,183,119,0,14,142,230,38,47,0,14,38,47,2960,873,119,101,0,14,0,14,0,14,0,14,2329,902,512,247,469,232,43,56
1400000US06037503202,4394,744,1424,340,508,226,60,61,9,16,720,361,20,30,81,107,26,29,0,14,26,29,2970,785,971,611,0,14,8,15,0,14,0,14,1355,465,636,299,543,252,93,94
1400000US06037503301,3330,729,1003,244,742,233,19,31,46,80,122,82,0,14,8,18,66,77,8,17,58,74,2327,725,254,160,0,14,0,14,0,14,0,14,823,347,1250,666,1161,657,89,88
1400000US06037503302,6129,639,1372,278,909,213,39,38,0,19,391,152,0,19,33,55,0,19,0,19,0,19,4757,589,447,193,0,19,84,118,11,16,15,22,3004,646,1196,340,963,308,233,129
1400000US06037503401,7641,1223,2632,580,1960,545,35,63,0,19,444,210,0,19,101,106,92,94,14,25,78,89,5009,1128,1202,1038,0,19,272,321,13,21,118,178,1948,670,1456,621,1315,627,141,160
1400000US06037503402,4141,422,1706,343,1151,312,9,14,0,14,306,161,0,14,103,145,137,86,34,47,103,76,2435,359,672,365,0,14,11,20,0,14,0,14,881,281,871,268,696,233,175,189
1400000US06037503501,6783,1520,1582,326,1104,329,11,17,0,19,418,302,0,19,10,17,39,39,18,28,21,24,5201,1365,1282,1277,0,19,11,17,0,19,0,19,2755,642,1153,489,984,477,169,168
1400000US06037503502,3900,541,1345,338,977,322,25,25,0,14,300,197,0,14,0,14,43,45,0,14,43,45,2555,547,308,193,0,14,159,174,55,103,12,17,1480,531,541,266,510,267,31,37
1400000US06037503601,4177,605,1608,251,1064,218,105,88,0,14,373,213,0,14,0,14,66,55,0,14,66,55,2569,582,523,244,0,14,91,104,0,14,0,14,882,524,1073,373,946,294,127,148
1400000US06037503602,3855,353,2033,329,1141,276,20,30,0,14,720,211,0,14,0,14,152,105,34,33,118,101,1822,267,476,240,0,14,0,14,11,19,0,14,516,247,819,285,753,279,66,58
1400000US06037503701,5034,568,2083,276,1193,315,282,167,0,19,443,292,0,19,32,52,133,96,48,72,85,64,2951,486,139,83,0,19,103,115,13,16,0,19,1480,593,1216,356,1155,361,61,65
1400000US06037503702,4956,593,2208,549,1300,515,106,135,12,19,459,78,0,14,191,203,140,116,0,14,140,116,2748,486,311,119,0,14,92,87,8,14,0,14,1321,509,1016,300,940,302,76,61
1400000US06037503704,4526,603,3312,456,628,220,15,23,0,14,2643,448,0,14,12,19,14,21,0,14,14,21,1214,456,148,94,0,14,1,2,8,13,0,14,501,378,556,262,432,206,124,100
1400000US06037503705,2926,444,2448,496,1025,336,380,307,0,14,734,209,0,14,0,14,309,235,0,14,309,235,478,191,57,52,0,14,0,14,0,14,0,14,160,160,261,163,222,145,39,53
1400000US06037503801,3712,376,1737,403,1079,327,64,54,17,23,363,196,41,54,12,18,161,87,17,26,144,83,1975,315,303,178,0,14,50,56,11,18,0,14,924,356,687,228,567,197,120,96
1400000US06037503802,5305,558,3218,508,1079,371,347,250,0,19,1482,268,0,19,41,52,269,160,10,17,259,159,2087,413,477,223,0,19,6,12,19,29,0,19,850,221,735,407,650,396,85,80
1400000US06037503901,2246,216,1327,229,598,113,24,34,9,13,668,206,0,14,0,14,28,28,12,17,16,15,919,164,229,111,5,7,0,14,6,9,0,14,233,119,446,147,423,147,23,24
1400000US06037503902,5146,682,2485,356,1449,309,82,79,0,19,773,187,0,19,14,22,167,118,9,14,158,114,2661,625,609,464,0,19,27,45,10,17,0,19,751,362,1264,325,1214,326,50,56
1400000US06037504001,5133,610,3223,520,1885,502,206,170,7,14,874,295,6,13,5,10,240,128,6,12,234,127,1910,329,408,155,0,19,10,13,6,12,6,13,1124,313,356,153,305,140,51,69
1400000US06037504002,4920,477,2291,429,1534,373,56,51,0,14,576,233,0,14,24,37,101,72,34,40,67,58,2629,356,407,190,0,14,88,83,21,27,0,14,1329,326,784,327,735,330,49,70
1400000US06037504101,5234,607,1772,352,667,317,150,77,21,35,802,215,0,19,18,28,114,90,0,19,114,90,3462,604,363,216,0,19,43,46,9,16,7,11,2235,669,805,292,805,292,0,19
1400000US06037504200,7320,634,2125,456,376,141,213,146,0,19,1018,306,427,439,0,19,91,74,35,52,56,41,5195,611,375,192,20,28,36,25,10,18,0,19,3290,724,1464,581,1300,577,164,90
1400000US06037530005,3350,330,2241,323,278,92,8,14,0,14,1913,317,0,14,26,33,16,21,8,14,8,16,1109,180,142,120,0,14,108,127,91,115,0,14,568,189,200,119,140,104,60,62
1400000US06037530006,4679,608,1727,494,492,173,11,17,0,14,1101,450,0,14,0,14,123,184,0,14,123,184,2952,431,370,300,18,29,21,23,0,14,0,14,2147,395,396,168,324,152,72,70
1400000US06037530007,6369,671,2324,497,639,222,0,19,0,19,1583,456,0,19,63,71,39,36,0,19,39,36,4045,632,433,309,0,19,295,326,0,19,0,19,2070,695,1247,438,1247,438,0,19
1400000US06037530101,5319,507,1269,296,554,244,25,30,0,19,270,121,0,19,102,73,318,321,307,320,11,18,4050,562,345,178,0,19,40,63,0,19,0,19,2791,583,874,346,577,218,297,257
1400000US06037530102,5160,529,1788,426,1029,312,15,17,0,19,448,139,0,19,279,257,17,24,0,19,17,24,3372,561,369,233,0,19,198,209,15,25,0,19,1884,510,906,347,906,347,0,19
1400000US06037530202,4323,662,422,143,160,102,0,14,0,14,223,124,0,14,0,14,39,59,0,14,39,59,3901,667,670,328,9,18,168,209,17,21,0,14,2003,683,1034,492,990,484,44,36
1400000US06037530203,2762,322,654,310,256,128,0,14,0,14,392,298,0,14,5,10,1,2,0,14,1,2,2108,422,543,353,0,14,66,73,0,14,29,46,1066,381,404,179,394,178,10,18
1400000US06037530204,3732,680,275,111,38,32,26,42,0,14,165,85,0,14,0,14,46,49,16,26,30,43,3457,666,374,271,0,14,60,66,20,33,0,14,1394,346,1609,681,1311,528,298,403
1400000US06037530301,1896,335,68,47,21,20,0,14,0,14,17,26,0,14,19,27,11,19,0,14,11,19,1828,332,117,105,0,14,29,39,0,14,0,14,1266,277,416,250,385,249,31,47
1400000US06037530302,5724,693,330,190,182,120,13,21,0,19,131,177,0,19,0,19,4,8,0,19,4,8,5394,674,710,401,0,19,32,45,0,19,0,19,3309,644,1343,520,1320,518,23,32
1400000US06037530400,3895,857,515,173,0,14,0,14,0,14,493,168,0,14,22,36,0,14,0,14,0,14,3380,829,330,207,0,14,107,135,0,14,0,14,2164,473,779,667,666,669,113,133
1400000US06037530500,3930,565,240,225,195,222,11,16,0,14,34,27,0,14,0,14,0,14,0,14,0,14,3690,512,572,320,0,14,87,103,0,14,0,14,2369,469,662,315,662,315,0,14
1400000US06037530603,4141,501,338,124,209,84,11,19,0,14,94,65,0,14,0,14,24,24,8,15,16,17,3803,487,444,205,0,14,126,139,0,14,0,14,2142,564,1091,444,965,425,126,171
1400000US06037530700,2118,386,194,121,145,109,0,14,3,5,0,14,0,14,46,52,0,14,0,14,0,14,1924,383,219,109,55,55,12,20,8,12,0,14,1374,404,256,97,256,97,0,14
1400000US06037530801,5664,883,911,368,337,173,95,131,107,158,333,304,0,19,0,19,39,56,0,19,39,56,4753,893,730,522,0,19,43,37,0,19,0,19,3542,895,438,228,413,224,25,32
1400000US06037530802,3065,340,353,124,128,65,0,14,0,14,189,109,0,14,11,17,25,24,9,17,16,25,2712,347,228,114,0,14,49,35,5,9,0,14,1923,351,507,260,476,259,31,22
1400000US06037530901,3642,521,147,87,66,45,0,14,0,14,81,83,0,14,0,14,0,14,0,14,0,14,3495,547,70,64,0,14,145,135,13,18,0,14,2409,567,858,352,767,349,91,60
1400000US06037530902,3600,708,238,100,75,70,0,14,0,14,163,81,0,14,0,14,0,14,0,14,0,14,3362,729,237,189,0,14,9,15,0,14,0,14,2821,825,295,266,295,266,0,14
1400000US06037531000,4585,763,64,73,53,69,0,14,0,14,0,14,0,14,0,14,11,20,0,14,11,20,4521,764,445,291,0,14,38,40,0,14,5,8,3296,715,737,412,475,263,262,325
1400000US06037531101,4676,1019,53,63,51,63,0,14,0,14,1,2,0,14,0,14,1,3,0,14,1,3,4623,1025,217,189,0,14,581,548,0,14,0,14,2954,1085,871,479,871,479,0,14
1400000US06037531102,2407,284,114,79,37,33,17,26,16,18,44,40,0,14,0,14,0,14,0,14,0,14,2293,266,235,166,0,14,54,54,0,14,0,14,1738,313,266,137,266,137,0,14
1400000US06037531201,4260,766,15,23,0,14,15,23,0,14,0,14,0,14,0,14,0,14,0,14,0,14,4245,767,356,314,0,14,0,14,0,14,0,14,2942,727,947,498,911,493,36,54
1400000US06037531202,4547,922,266,275,184,264,82,95,0,14,0,14,0,14,0,14,0,14,0,14,0,14,4281,847,118,98,0,14,23,30,13,24,0,14,3027,898,1100,579,1100,579,0,14
1400000US06037531301,5563,1026,121,66,81,53,17,28,0,19,23,29,0,19,0,19,0,19,0,19,0,19,5442,1019,648,419,0,19,482,420,0,19,0,19,3422,866,890,336,787,307,103,150
1400000US06037531302,5240,642,180,132,63,73,0,19,13,22,84,110,0,19,20,22,0,19,0,19,0,19,5060,661,291,182,0,19,221,199,0,19,0,19,3600,728,948,434,895,426,53,94
1400000US06037531502,3084,463,98,145,8,13,90,145,0,14,0,14,0,14,0,14,0,14,0,14,0,14,2986,448,120,103,0,14,76,84,0,14,0,14,2014,505,776,374,759,375,17,24
1400000US06037531503,2435,383,68,68,57,67,11,21,0,14,0,14,0,14,0,14,0,14,0,14,0,14,2367,397,218,165,0,14,37,48,0,14,0,14,1443,357,669,371,669,371,0,14
1400000US06037531504,3875,639,0,14,0,14,0,14,0,14,0,14,0,14,0,14,0,14,0,14,0,14,3875,639,304,282,50,64,81,119,0,14,0,14,2122,601,1318,494,1271,484,47,47
1400000US06037531602,3671,635,67,53,30,32,19,22,0,14,0,14,0,14,0,14,18,28,18,28,0,14,3604,638,489,288,0,14,87,88,0,14,0,14,2021,495,1007,584,981,606,26,62
1400000US06037531603,3390,478,153,100,90,89,15,22,0,14,20,19,28,46,0,14,0,14,0,14,0,14,3237,480,326,237,5,9,102,138,0,14,0,14,2365,398,439,263,432,263,7,10
1400000US06037531604,3140,416,25,25,6,12,0,14,0,14,0,14,0,14,0,14,19,23,13,20,6,8,3115,417,310,143,0,14,6,9,0,14,0,14,2197,456,602,198,544,196,58,44
1400000US06037531701,5350,803,117,142,13,29,104,147,0,19,0,19,0,19,0,19,0,19,0,19,0,19,5233,813,506,306,0,19,22,26,0,19,0,19,3504,927,1201,373,1030,364,171,133
1400000US06037531702,4328,788,157,133,105,122,23,28,10,16,19,21,0,14,0,14,0,14,0,14,0,14,4171,769,320,193,0,14,73,76,0,14,0,14,2591,653,1187,655,1033,623,154,223
1400000US06037531800,4466,788,239,199,42,36,0,14,0,14,0,14,0,14,197,194,0,14,0,14,0,14,4227,792,701,591,0,14,160,185,27,44,0,14,2804,810,535,298,535,298,0,14
1400000US06037531901,6203,918,219,153,183,150,0,19,0,19,36,47,0,19,0,19,0,19,0,19,0,19,5984,941,231,158,0,19,356,242,0,19,0,19,3286,702,2111,906,2111,906,0,19
1400000US06037531902,3756,521,20,19,14,16,0,14,0,14,6,10,0,14,0,14,0,14,0,14,0,14,3736,523,333,207,0,14,43,48,26,42,0,14,2508,559,826,349,789,345,37,47
1400000US06037532001,2857,482,299,182,137,78,0,14,0,14,118,170,0,14,40,51,4,9,0,14,4,9,2558,529,590,394,0,14,21,24,5,9,0,14,1434,469,508,266,488,270,20,33
1400000US06037532002,3487,413,373,135,102,64,0,14,0,14,247,123,0,14,24,28,0,14,0,14,0,14,3114,404,436,228,0,14,161,197,11,15,0,14,1644,404,862,346,862,346,0,14
1400000US06037532101,6979,1149,518,206,105,84,12,28,0,19,399,173,0,19,0,19,2,5,0,19,2,5,6461,1123,527,326,0,19,229,173,57,87,0,19,4420,1191,1228,754,1147,742,81,106
1400000US06037532102,3618,383,908,274,271,141,5,9,9,15,568,250,1,3,54,75,0,14,0,14,0,14,2710,454,390,302,0,14,33,30,6,13,0,14,1090,287,1191,400,1128,387,63,61
1400000US06037532200,6206,828,531,341,84,65,231,267,1,16,190,136,0,19,1,11,24,26,0,19,24,26,5675,835,438,275,0,19,238,289,0,19,0,19,3037,664,1962,733,1857,735,105,110
1400000US06037532302,4437,564,158,110,40,41,22,27,0,14,96,91,0,14,0,14,0,14,0,14,0,14,4279,525,448,219,0,14,277,248,0,14,0,14,2334,646,1220,676,1086,642,134,158
1400000US06037532303,4367,651,133,105,29,29,38,47,0,14,5,8,0,14,49,77,12,20,0,14,12,20,4234,658,531,338,0,14,128,127,0,14,0,14,2217,706,1358,572,846,350,512,483
1400000US06037532304,3597,421,423,95,241,69,100,54,0,14,8,44,0,14,28,47,46,72,0,14,46,72,3174,426,544,363,0,14,461,422,0,14,0,14,1201,384,968,282,791,221,177,208
1400000US06037532500,3770,527,338,232,38,44,237,218,0,14,20,37,0,14,43,67,0,14,0,14,0,14,3432,536,349,253,0,14,96,158,0,14,0,14,2176,567,811,346,784,348,27,40
1400000US06037532605,4141,1231,217,126,26,24,113,78,0,14,35,63,0,14,13,23,30,41,0,14,30,41,3924,1222,308,229,0,14,0,14,0,14,21,34,2568,1335,1027,459,922,455,105,100
1400000US06037532606,3820,410,92,71,51,51,26,22,10,15,5,20,0,14,0,14,0,14,0,14,0,14,3728,434,601,346,0,14,85,99,0,14,0,14,1935,466,1107,388,1027,373,80,68
1400000US06037532607,5048,609,217,115,135,80,3,6,9,13,58,85,0,19,0,19,12,15,0,19,12,15,4831,616,273,170,20,30,17,26,0,19,0,19,2165,544,2356,577,2333,574,23,24
1400000US06037532700,2967,436,47,34,14,15,15,16,0,14,12,20,0,14,0,14,6,9,0,14,6,9,2920,442,476,361,0,14,44,65,0,14,0,14,977,367,1423,401,1389,404,34,43
1400000US06037532800,3856,617,136,152,3,6,106,147,0,14,27,47,0,14,0,14,0,14,0,14,0,14,3720,572,607,477,0,14,72,106,0,14,0,14,1819,519,1222,344,1180,339,42,65
1400000US06037532900,6227,825,400,271,170,233,230,144,0,19,0,19,0,19,0,19,0,19,0,19,0,19,5827,924,530,436,0,19,0,19,14,20,0,19,2102,893,3181,557,3103,563,78,90
1400000US06037533001,4423,874,252,224,0,14,252,224,0,14,0,14,0,14,0,14,0,14,0,14,0,14,4171,908,45,37,0,14,65,111,0,14,0,14,2605,971,1456,486,1456,486,0,14
1400000US06037533002,2386,421,57,84,1,5,56,84,0,14,0,14,0,14,0,14,0,14,0,14,0,14,2329,437,171,145,45,68,16,25,0,14,0,14,865,497,1232,310,1232,310,0,14
1400000US06037533103,3313,419,19,22,19,22,0,14,0,14,0,14,0,14,0,14,0,14,0,14,0,14,3294,418,224,201,0,14,44,43,0,14,0,14,1585,508,1441,385,1441,385,0,14
1400000US06037533104,4259,772,167,131,135,120,6,9,0,14,26,41,0,14,0,14,0,14,0,14,0,14,4092,806,146,144,0,14,164,156,0,14,0,14,1674,474,2108,855,1833,631,275,323
1400000US06037533105,2267,457,20,26,20,26,0,14,0,14,0,14,0,14,0,14,0,14,0,14,0,14,2247,460,227,108,0,14,131,136,0,14,0,14,1240,445,649,271,623,277,26,42
1400000US06037533108,4824,455,103,63,35,34,9,10,0,14,34,31,25,42,0,14,0,14,0,14,0,14,4721,455,424,297,0,14,21,24,0,14,0,14,2100,475,2176,564,2135,571,41,48
1400000US06037533201,2061,335,4,6,4,6,0,14,0,14,0,14,0,14,0,14,0,14,0,14,0,14,2057,335,95,100,0,14,31,28,0,14,0,14,1207,324,724,279,724,279,0,14
1400000US06037533204,3972,549,122,119,35,42,0,14,0,14,57,73,29,43,0,14,1,2,1,2,0,14,3850,569,779,379,0,14,118,177,0,14,0,14,1834,578,1119,358,1092,356,27,43
1400000US06037533300,3126,518,33,37,13,17,0,14,0,14,20,34,0,14,0,14,0,14,0,14,0,14,3093,518,246,200,0,14,108,141,0,14,0,14,1229,259,1510,519,1510,519,0,14
1400000US06037533401,4579,715,40,43,22,35,0,14,0,14,0,14,0,14,18,27,0,14,0,14,0,14,4539,717,167,155,0,14,115,145,0,14,0,14,2262,513,1995,708,1995,708,0,14
1400000US06037533402,3894,535,107,95,107,95,0,14,0,14,0,14,0,14,0,14,0,14,0,14,0,14,3787,544,220,212,0,14,165,167,0,14,0,14,1798,644,1604,610,1579,611,25,42
1400000US06037533403,2306,378,302,280,42,38,38,15,0,14,28,26,0,14,194,275,0,14,0,14,0,14,2004,240,273,158,0,14,101,97,16,24,0,14,978,274,636,259,621,260,15,19
1400000US06037533501,2674,435,4,6,4,6,0,14,0,14,0,14,0,14,0,14,0,14,0,14,0,14,2670,435,168,139,0,14,54,57,0,14,0,14,1333,305,1115,468,1115,468,0,14
1400000US06037533504,3743,507,71,62,38,54,7,15,0,14,26,30,0,14,0,14,0,14,0,14,0,14,3672,507,205,214,0,14,77,107,0,14,0,14,2401,485,989,425,966,417,23,45
1400000US06037533601,4420,921,199,244,31,43,26,45,0,14,142,230,0,14,0,14,0,14,0,14,0,14,4221,915,717,362,0,14,161,181,0,14,0,14,910,388,2433,940,2393,934,40,56
1400000US06037533602,5134,731,612,493,171,158,356,456,0,19,0,19,0,19,0,19,85,118,72,116,13,20,4522,674,295,303,0,19,0,19,125,188,0,19,1493,467,2609,692,2555,697,54,48
1400000US06037533603,5897,796,163,118,32,32,38,53,0,19,0,19,49,86,0,19,44,55,0,19,44,55,5734,785,524,342,0,19,44,42,0,19,0,19,2358,670,2808,689,2808,689,0,19
1400000US06037533701,2983,542,94,67,22,20,17,26,6,12,22,24,7,11,0,14,20,31,0,14,20,31,2889,547,254,203,0,14,29,37,0,14,0,14,1630,503,976,260,956,264,20,28
1400000US06037533702,3699,468,32,29,23,21,0,14,0,14,4,7,0,14,0,14,5,8,0,14,5,8,3667,467,300,252,0,14,129,123,9,13,5,8,1678,424,1546,471,1546,471,0,14
1400000US06037533703,3730,523,61,96,0,14,0,14,0,14,61,96,0,14,0,14,0,14,0,14,0,14,3669,539,344,255,12,18,106,162,0,14,0,14,1531,486,1676,600,1641,603,35,58
1400000US06037533803,5597,694,1225,759,1126,749,23,49,0,19,76,105,0,19,0,19,0,19,0,19,0,19,4372,542,509,264,0,19,103,153,0,19,0,19,1172,410,2588,558,2498,562,90,83
1400000US06037533804,3520,513,190,116,154,95,0,14,0,14,36,67,0,14,0,14,0,14,0,14,0,14,3330,531,238,158,0,14,182,216,0,14,0,14,1048,379,1862,577,1746,560,116,121
1400000US06037533805,3912,649,283,222,129,138,54,83,36,47,64,82,0,14,0,14,0,14,0,14,0,14,3629,629,563,322,0,14,80,127,0,14,0,14,1007,381,1979,582,1902,579,77,74
1400000US06037533806,3588,651,405,395,399,395,0,14,6,14,0,14,0,14,0,14,0,14,0,14,0,14,3183,727,248,226,0,14,191,112,0,14,0,14,1461,686,1283,444,1283,444,0,14
1400000US06037533901,5172,503,88,95,0,19,44,67,0,19,0,19,0,19,0,19,44,61,0,19,44,61,5084,513,265,176,0,19,245,179,0,19,0,19,1898,681,2676,595,2606,594,70,82
1400000US06037533902,4415,877,77,128,77,128,0,14,0,14,0,14,0,14,0,14,0,14,0,14,0,14,4338,873,356,207,0,14,0,14,0,14,0,14,861,391,3121,889,3060,894,61,66
1400000US06037534001,5036,682,28,41,28,41,0,19,0,19,0,19,0,19,0,19,0,19,0,19,0,19,5008,666,348,277,0,19,52,67,0,19,0,19,1686,512,2922,729,2861,734,61,88
1400000US06037534002,3857,523,262,116,107,74,27,32,0,14,96,93,0,14,7,13,25,41,0,14,25,41,3595,532,345,385,0,14,45,68,0,14,0,14,752,270,2453,528,2437,534,16,35
1400000US06037534101,1852,419,55,62,25,42,0,14,0,14,12,15,18,29,0,14,0,14,0,14,0,14,1797,426,246,145,0,14,31,41,0,14,0,14,505,203,1015,407,1015,407,0,14
1400000US06037534102,5777,862,99,71,32,37,44,52,0,19,12,18,0,19,0,19,11,17,0,19,11,17,5678,870,571,279,0,19,44,37,0,19,0,19,1842,616,3221,785,3079,787,142,144
1400000US06037534201,4070,659,161,113,138,111,13,13,0,14,10,9,0,14,0,14,0,14,0,14,0,14,3909,665,475,464,0,14,12,20,0,14,0,14,935,334,2487,520,2487,520,0,14
1400000US06037534202,4770,602,244,84,87,81,64,90,0,14,59,58,0,14,22,35,12,20,0,14,12,20,4526,622,661,324,0,14,190,211,0,14,0,14,1341,530,2334,721,2334,721,0,14
1400000US06037534203,3280,578,80,65,37,63,20,33,0,14,23,62,0,14,0,14,0,14,0,14,0,14,3200,579,303,210,0,14,44,57,0,14,0,14,1167,502,1686,411,1660,409,26,28
1400000US06037534301,3850,564,0,14,0,14,0,14,0,14,0,14,0,14,0,14,0,14,0,14,0,14,3850,564,361,228,0,14,0,14,0,14,0,14,874,329,2615,665,2615,665,0,14
1400000US06037534302,3759,501,104,68,28,26,42,45,0,14,12,19,0,14,22,34,0,14,0,14,0,14,3655,492,480,225,7,11,83,75,0,14,0,14,994,385,2091,518,2091,518,0,14
1400000US06037534403,3246,615,103,96,103,96,0,14,0,14,0,14,0,14,0,14,0,14,0,14,0,14,3143,617,200,149,0,14,9,15,0,14,0,14,1004,514,1930,504,1824,508,106,107
1400000US06037534404,3199,439,286,204,286,204,0,14,0,14,0,14,0,14,0,14,0,14,0,14,0,14,2913,414,579,251,0,14,64,81,0,14,0,14,795,258,1475,382,1427,382,48,42
1400000US06037534405,4065,527,143,78,88,74,41,48,0,14,14,20,0,14,0,14,0,14,0,14,0,14,3922,543,394,340,0,14,44,62,0,14,0,14,956,399,2528,675,2504,684,24,39
1400000US06037534406,3968,468,11,18,11,18,0,14,0,14,0,14,0,14,0,14,0,14,0,14,0,14,3957,471,230,189,0,14,135,136,0,14,0,14,779,383,2813,615,2813,615,0,14
1400000US06037534501,5494,1338,189,184,150,175,0,19,0,19,27,35,0,19,8,17,4,14,0,19,4,14,5305,1332,659,375,0,19,122,102,46,77,0,19,2275,501,2203,1344,2013,1354,190,191
1400000US06037534502,3722,577,188,183,187,183,0,14,1,2,0,14,0,14,0,14,0,14,0,14,0,14,3534,541,229,251,53,82,112,126,0,14,0,14,1482,577,1658,512,1658,512,0,14
1400000US06037534700,3876,476,121,84,89,76,0,14,5,9,27,35,0,14,0,14,0,14,0,14,0,14,3755,473,286,181,0,14,16,24,0,14,0,14,1461,408,1992,546,1912,544,80,72
1400000US06037534802,2568,359,53,27,35,29,0,14,0,14,18,27,0,14,0,14,0,14,0,14,0,14,2515,359,38,31,0,14,364,306,0,14,0,14,961,232,1152,388,1152,388,0,14
1400000US06037534803,4262,525,180,151,56,42,92,137,0,14,32,38,0,14,0,14,0,14,0,14,0,14,4082,545,452,263,0,14,0,14,0,14,0,14,1796,642,1834,421,1805,414,29,41
1400000US06037534804,4252,800,103,98,98,97,0,14,0,14,5,7,0,14,0,14,0,14,0,14,0,14,4149,792,258,170,0,14,40,41,0,14,0,14,2313,820,1538,357,1428,355,110,130
1400000US06037534900,5869,905,25,35,4,3,0,19,0,19,20,35,0,19,0,19,1,2,0,19,1,2,5844,900,829,507,61,72,184,181,0,19,0,19,2290,655,2480,669,2480,669,0,19
1400000US06037535001,3804,391,184,102,43,48,107,77,19,28,0,14,15,26,0,14,0,14,0,14,0,14,3620,410,273,269,0,14,40,47,0,14,0,14,1568,514,1739,516,1707,514,32,42
1400000US06037535002,3663,553,164,106,30,46,127,95,0,14,7,10,0,14,0,14,0,14,0,14,0,14,3499,540,448,374,0,14,94,121,21,30,0,14,1497,486,1439,391,1209,331,230,172
1400000US06037535101,7219,927,433,188,32,35,345,167,0,19,0,19,0,19,43,62,13,23,0,19,13,23,6786,946,219,161,0,19,111,156,0,19,0,19,3099,836,3357,972,3268,977,89,88
1400000US06037535102,4819,666,476,271,48,56,406,262,0,14,10,30,12,22,0,14,0,14,0,14,0,14,4343,634,243,292,0,14,78,83,14,21,0,14,2609,694,1399,585,1160,559,239,362
1400000US06037535200,6155,886,725,443,3,4,605,424,36,68,0,19,0,19,0,19,81,99,20,33,61,99,5430,820,222,234,12,20,218,241,0,19,0,19,3021,849,1957,1072,1689,975,268,368
1400000US06037535300,5937,890,127,83,37,31,83,73,0,19,7,11,0,19,0,19,0,19,0,19,0,19,5810,892,487,352,74,88,64,84,25,39,0,19,2107,708,3053,743,2977,749,76,116
1400000US06037535400,3365,546,349,151,23,12,326,150,0,14,0,14,0,14,0,14,0,14,0,14,0,14,3016,544,267,347,0,14,79,80,0,14,0,14,1713,436,957,346,909,344,48,68
1400000US06037535501,2964,395,71,62,62,61,9,14,0,14,0,14,0,14,0,14,0,14,0,14,0,14,2893,398,208,156,0,14,89,113,0,14,0,14,1324,495,1272,409,1272,409,0,14
1400000US06037535502,4809,1215,198,98,99,77,45,30,0,14,0,14,0,14,28,44,26,44,0,14,26,44,4611,1222,280,171,0,14,11,17,36,42,0,14,2248,998,2036,750,1891,745,145,153
1400000US06037535503,2513,439,130,85,42,69,23,32,0,14,62,48,0,14,0,14,3,6,0,14,3,6,2383,449,213,136,0,14,72,91,0,14,0,14,1539,433,559,281,559,281,0,14
1400000US06037535603,3485,451,231,186,7,10,138,164,0,14,51,79,25,41,0,14,10,17,10,17,0,14,3254,475,647,354,0,14,59,84,0,14,0,14,2047,445,501,199,427,167,74,105
1400000US06037535604,4306,600,82,83,57,60,0,14,9,14,16,25,0,14,0,14,0,14,0,14,0,14,4224,600,360,188,0,14,40,59,0,14,0,14,1899,605,1925,740,1897,738,28,33
1400000US06037535605,4651,792,66,64,50,63,0,14,0,14,0,14,0,14,0,14,16,26,0,14,16,26,4585,785,410,251,0,14,69,78,7,12,0,14,2799,788,1300,700,1257,687,43,60
1400000US06037535606,1949,406,72,82,18,30,10,15,0,14,44,73,0,14,0,14,0,14,0,14,0,14,1877,417,138,65,0,14,0,14,0,14,0,14,1114,259,625,369,625,369,0,14
1400000US06037535607,4517,641,93,60,24,20,23,37,0,14,39,49,0,14,0,14,7,11,0,14,7,11,4424,647,207,143,0,14,35,52,0,14,0,14,2901,977,1281,645,1281,645,0,14
1400000US06037535701,5761,880,572,642,235,203,0,19,0,19,314,462,0,19,23,34,0,19,0,19,0,19,5189,656,412,399,0,19,20,32,0,19,0,19,3344,669,1413,401,1400,401,13,20
1400000US06037535702,5639,880,85,62,14,28,33,36,0,19,38,42,0,19,0,19,0,19,0,19,0,19,5554,884,662,420,17,30,82,108,0,19,0,19,2861,688,1932,923,1598,610,334,404
1400000US06037535802,5932,674,209,98,78,58,37,43,0,19,10,16,0,19,65,69,19,32,0,19,19,32,5723,674,715,435,23,24,191,148,0,19,0,19,2800,649,1994,569,1938,562,56,54
1400000US06037535803,3342,482,23,27,12,19,0,14,0,14,0,14,11,18,0,14,0,14,0,14,0,14,3319,484,311,238,0,14,31,48,0,14,0,14,1575,464,1402,542,1316,541,86,119
1400000US06037535804,6063,1367,83,56,52,47,13,22,6,10,0,19,0,19,0,19,12,22,0,19,12,22,5980,1367,930,472,30,44,82,87,0,19,0,19,1899,547,3039,1491,2903,1472,136,157
1400000US06037535901,6139,1049,179,128,128,111,0,19,0,19,0,19,0,19,0,19,51,78,0,19,51,78,5960,1034,878,425,0,19,130,178,0,19,0,19,3474,784,1478,832,1443,823,35,40
1400000US06037535902,5790,579,476,209,148,108,85,113,0,19,94,98,0,19,91,96,58,48,30,34,28,36,5314,551,434,217,11,17,64,61,0,19,0,19,2278,383,2527,666,2493,672,34,46
1400000US06037536000,3091,397,106,84,32,45,30,44,33,52,11,17,0,14,0,14,0,14,0,14,0,14,2985,400,612,272,0,14,54,70,0,14,0,14,1283,350,1036,293,857,240,179,183
1400000US06037536102,3560,597,696,228,473,189,52,82,6,20,48,54,0,14,72,90,45,42,0,14,45,42,2864,560,217,149,0,14,97,87,0,14,0,14,1476,348,1074,529,988,544,86,98
1400000US06037536103,5158,740,202,101,69,57,47,73,0,19,17,20,0,19,14,21,55,72,0,19,55,72,4956,746,799,389,25,40,0,19,0,19,0,19,2601,802,1531,564,1496,560,35,31
1400000US06037536104,3897,588,319,181,99,56,195,164,0,14,25,39,0,14,0,14,0,14,0,14,0,14,3578,633,844,380,0,14,182,147,0,14,0,14,1403,464,1149,365,1149,365,0,14
1400000US06037536201,3588,539,313,146,177,133,55,51,20,31,52,44,0,14,0,14,9,15,0,14,9,15,3275,568,216,178,0,14,272,354,0,14,0,14,2001,562,786,445,686,413,100,127
1400000US06037536202,4329,733,227,87,137,78,34,38,0,14,18,28,0,14,0,14,38,33,0,14,38,33,4102,735,231,179,0,14,392,318,10,17,0,14,1636,499,1833,685,1767,683,66,63
1400000US06037540000,6784,963,474,217,139,84,187,116,3,7,121,182,0,19,24,36,0,19,0,19,0,19,6310,959,640,326,35,57,230,206,0,19,0,19,3417,853,1988,700,1911,698,77,73
1400000US06037540101,6222,887,751,257,289,177,427,232,0,19,0,19,0,19,21,31,14,25,0,19,14,25,5471,893,584,405,0,19,39,58,0,19,4,12,3517,947,1327,580,1293,574,34,42
1400000US06037540102,6222,908,683,143,49,41,561,151,0,19,42,60,0,19,0,19,31,35,17,28,14,22,5539,896,364,396,0,19,358,324,0,19,10,17,2508,857,2299,660,2153,605,146,123
1400000US06037540201,2090,358,103,99,25,23,41,59,0,14,11,18,0,14,0,14,26,41,0,14,26,41,1987,364,71,67,0,14,234,237,22,34,0,14,1110,328,550,239,550,239,0,14
1400000US06037540202,6357,797,783,238,119,77,384,199,18,41,206,213,0,19,0,19,56,76,0,19,56,76,5574,773,693,393,38,60,89,97,14,24,0,19,2492,553,2248,770,2234,770,14,24
1400000US06037540203,5202,687,566,382,75,72,484,389,0,19,7,57,0,19,0,19,0,19,0,19,0,19,4636,714,445,372,75,124,81,124,0,19,0,19,2913,658,1122,497,1108,493,14,22
1400000US06037540300,4479,553,31,39,10,17,21,25,0,14,0,14,0,14,0,14,0,14,0,14,0,14,4448,556,844,541,34,54,77,79,0,14,0,14,2165,509,1328,534,1302,541,26,39
1400000US06037540400,2216,413,115,98,25,38,90,91,0,14,0,14,0,14,0,14,0,14,0,14,0,14,2101,392,476,347,0,14,0,14,0,14,0,14,1309,289,316,208,283,191,33,30
1400000US06037540501,5110,659,1210,349,478,272,612,201,0,19,71,80,0,19,0,19,49,41,7,15,42,37,3900,528,510,252,0,19,27,33,0,19,0,19,2289,567,1074,307,1068,309,6,12
1400000US06037540502,6742,1063,951,343,56,50,814,345,0,19,0,19,0,19,39,53,42,61,0,19,42,61,5791,1075,456,433,0,19,252,203,0,19,0,19,3552,663,1531,947,1531,947,0,19
1400000US06037540600,4465,1089,909,362,18,31,631,183,0,14,233,306,0,14,18,31,9,16,0,14,9,16,3556,1226,636,868,27,121,0,14,0,14,0,14,1765,834,1128,727,1006,702,122,143
1400000US06037540700,3070,603,1242,407,33,34,985,309,17,27,8,15,66,112,0,14,133,155,15,22,118,152,1828,342,60,100,0,14,93,138,0,14,0,14,979,292,696,368,626,355,70,81
1400000US06037540800,5331,937,2293,433,114,93,1797,423,0,19,246,198,22,52,33,36,81,78,0,19,81,78,3038,935,507,751,0,19,138,146,0,19,0,19,976,367,1417,555,1379,551,38,62
1400000US06037540901,5250,818,1543,476,188,85,1292,463,0,19,27,37,0,19,0,19,36,38,0,19,36,38,3707,751,267,185,0,19,158,150,26,41,0,19,1953,679,1303,570,1273,568,30,49
1400000US06037540902,4523,738,2096,583,16,22,2017,586,0,14,0,14,3,6,14,28,46,99,16,77,30,57,2427,680,14,23,52,71,130,158,0,14,0,14,1468,467,763,594,763,594,0,14
1400000US06037541003,4602,644,3215,614,246,117,2264,547,0,14,145,152,0,14,96,95,464,310,28,43,436,307,1387,469,148,153,0,14,25,39,9,14,38,61,814,449,353,252,311,248,42,60
1400000US06037541100,2999,497,1312,360,44,42,1190,350,0,14,1,4,0,14,17,27,60,60,35,54,25,28,1687,385,316,296,0,14,45,68,0,14,0,14,909,416,417,277,417,277,0,14
1400000US06037541200,6058,1009,3866,982,30,35,3574,941,0,19,73,70,0,19,25,36,164,137,27,42,137,132,2192,509,278,222,42,52,55,65,0,19,0,19,1174,536,643,385,616,378,27,38
1400000US06037541300,6058,974,1453,390,18,21,1190,363,0,19,140,152,0,19,50,45,55,59,23,36,32,47,4605,995,201,233,0,19,11,18,11,17,0,19,2718,677,1664,963,1664,963,0,19
1400000US06037541401,3361,563,579,242,75,61,484,258,0,14,0,14,0,14,0,14,20,32,0,14,20,32,2782,599,326,320,0,14,69,101,0,14,0,14,1949,580,438,243,388,226,50,78
1400000US06037541402,3001,637,477,443,23,46,454,440,0,14,0,14,0,14,0,14,0,14,0,14,0,14,2524,529,216,272,30,42,169,209,0,14,0,14,1100,370,1009,361,1009,361,0,14
1400000US06037541500,5199,733,616,287,34,48,582,284,0,19,0,19,0,19,0,19,0,19,0,19,0,19,4583,733,715,523,45,74,156,156,0,19,0,19,2221,535,1446,482,1446,482,0,19
1400000US06037541603,2855,500,198,49,26,21,155,61,0,14,17,25,0,14,0,14,0,14,0,14,0,14,2657,504,416,349,2,3,0,14,0,14,0,14,1602,393,637,269,637,269,0,14
1400000US06037541604,5276,603,596,158,8,7,509,145,9,14,3,7,0,19,49,74,18,29,0,19,18,29,4680,601,336,329,244,369,0,19,23,37,0,19,2220,745,1857,641,1682,559,175,133
1400000US06037541605,5320,817,1347,647,29,31,894,490,0,19,291,413,0,19,56,81,77,83,3,10,74,83,3973,778,853,563,0,19,125,140,0,19,0,19,1584,538,1411,679,1346,670,65,106
1400000US06037541606,2666,474,453,224,14,21,370,204,0,14,0,14,0,14,57,77,12,14,7,11,5,9,2213,453,297,240,3,5,99,94,0,14,7,11,874,392,933,353,933,353,0,14
1400000US06037541700,5410,841,613,216,102,94,494,200,0,19,15,17,2,6,0,19,0,19,0,19,0,19,4797,891,343,269,0,19,111,156,0,19,0,19,2841,873,1502,911,1471,898,31,97
1400000US06037541801,5538,664,1143,366,72,93,757,184,0,19,0,19,0,19,67,96,247,233,36,57,211,220,4395,670,247,316,41,66,175,164,0,19,0,19,1996,688,1936,800,1874,798,62,83
1400000US06037541802,5129,1403,890,765,0,19,885,762,0,19,0,19,0,19,5,20,0,19,0,19,0,19,4239,1174,432,359,0,19,0,19,0,19,0,19,2162,536,1645,1141,1527,1133,118,99
1400000US06037542000,5061,853,1416,433,29,43,1226,456,0,19,151,128,0,19,0,19,10,18,0,19,10,18,3645,738,417,419,0,19,97,125,0,19,0,19,1079,556,2052,708,2052,708,0,19
1400000US06037542103,3371,421,333,121,40,26,276,114,0,14,2,10,0,14,0,14,15,19,0,14,15,19,3038,434,176,190,0,14,155,175,0,14,0,14,1379,439,1328,405,1328,405,0,14
1400000US06037542104,4141,926,346,195,5,7,154,91,0,14,19,26,160,156,0,14,8,12,0,14,8,12,3795,898,409,221,0,14,96,88,0,14,0,14,965,406,2325,951,2302,952,23,33
1400000US06037542105,4682,909,449,179,15,26,424,178,0,14,10,26,0,14,0,14,0,14,0,14,0,14,4233,938,492,408,0,14,192,320,0,14,0,14,1259,562,2290,849,2212,849,78,94
1400000US06037542106,2211,271,373,175,15,24,310,171,0,14,37,39,0,14,11,15,0,14,0,14,0,14,1838,282,132,102,0,14,45,41,0,14,0,14,868,281,793,259,772,262,21,27
1400000US06037542200,7418,995,2057,264,34,34,1964,263,0,19,9,13,0,19,28,37,22,32,10,15,12,24,5361,970,188,243,13,22,271,369,0,19,0,19,1754,792,3135,825,2886,842,249,343
1400000US06037542401,4062,709,1157,370,190,158,932,358,0,14,35,58,0,14,0,14,0,14,0,14,0,14,2905,740,216,306,0,14,108,105,0,14,0,14,1654,620,927,454,901,459,26,42
1400000US06037542402,3961,663,1218,659,10,13,1054,648,0,14,17,26,0,14,29,48,108,139,0,14,108,139,2743,494,384,323,23,34,16,24,0,14,0,14,831,390,1489,460,1332,406,157,217
1400000US06037542501,4361,543,2137,336,2,4,1651,447,0,14,0,14,0,14,477,430,7,18,0,14,7,18,2224,499,0,14,0,14,0,14,0,14,0,14,1302,426,922,511,914,511,8,13
1400000US06037542502,4360,968,928,226,48,43,857,220,0,14,0,14,0,14,20,32,3,25,3,25,0,14,3432,987,392,428,0,14,0,14,0,14,0,14,1573,563,1467,781,1467,781,0,14
1400000US06037542601,3162,567,301,142,8,23,293,141,0,14,0,14,0,14,0,14,0,14,0,14,0,14,2861,575,496,358,0,14,243,211,5,9,0,14,1380,478,737,384,737,384,0,14
1400000US06037542602,4788,771,1173,313,71,109,1087,312,0,14,0,14,0,14,0,14,15,24,15,24,0,14,3615,786,223,251,0,14,162,175,0,14,0,14,1956,611,1274,723,1203,733,71,78
1400000US06037542700,5791,891,1088,183,31,38,1036,190,0,19,0,19,12,23,0,19,9,16,0,19,9,16,4703,905,305,322,0,19,0,19,115,178,0,19,2377,576,1906,957,1861,952,45,72
1400000US06037542800,3106,537,1606,515,1,3,1526,503,0,14,1,5,0,14,19,27,59,64,0,14,59,64,1500,284,104,109,35,50,50,77,0,14,0,14,641,329,670,322,670,322,0,14
1400000US06037542900,3492,348,517,128,0,14,492,128,0,14,1,1,0,14,0,14,24,36,0,14,24,36,2975,385,279,196,17,25,78,72,0,14,0,14,1963,518,638,296,626,292,12,21
1400000US06037543000,4605,867,1973,901,40,49,1653,914,0,14,280,341,0,14,0,14,0,14,0,14,0,14,2632,546,190,214,0,14,223,244,13,20,0,14,1299,492,907,424,907,424,0,14
1400000US06037543100,6775,965,2477,538,6,12,2320,506,0,19,10,18,0,19,7,11,134,100,57,66,77,73,4298,739,245,250,47,65,3,7,0,19,0,19,3078,722,925,418,765,374,160,158
1400000US06037543201,3958,591,1034,346,47,59,965,344,0,14,0,14,0,14,9,14,13,23,0,14,13,23,2924,554,207,205,34,48,0,14,0,14,0,14,1713,590,970,342,970,342,0,14
1400000US06037543203,4006,620,528,262,1,2,485,260,0,14,42,44,0,14,0,14,0,14,0,14,0,14,3478,672,116,98,0,14,111,111,0,14,0,14,1429,430,1822,581,1772,594,50,59
1400000US06037543304,6984,1004,6032,895,213,167,5345,959,0,19,158,136,0,19,0,19,316,195,64,81,252,170,952,522,147,202,72,75,0,19,28,41,0,19,312,176,393,512,368,506,25,56
1400000US06037543305,3265,515,1460,257,372,143,752,144,0,14,269,129,0,14,11,19,56,57,12,19,44,44,1805,482,237,200,0,14,238,245,0,14,0,14,651,439,679,372,635,364,44,59
1400000US06037543306,6708,1024,4781,1089,750,347,978,421,0,19,2139,497,347,269,6,16,561,578,0,19,561,578,1927,641,504,321,9,18,94,133,29,42,7,14,720,521,564,368,537,375,27,43
1400000US06037543321,5594,852,4741,751,391,183,2581,577,62,88,1355,553,4,9,0,19,348,240,63,74,285,234,853,266,194,160,13,21,19,34,0,19,0,19,390,176,237,170,218,170,19,21
1400000US06037543322,6750,1280,5696,1256,302,229,4482,1192,0,19,220,162,166,186,0,19,526,244,18,28,508,240,1054,446,3,8,0,19,0,19,0,19,0,19,643,484,408,288,233,248,175,189
1400000US06037543400,3565,531,1613,349,188,159,922,244,0,14,452,138,0,14,0,14,51,37,0,14,51,37,1952,444,255,173,0,14,28,33,1,5,0,14,1247,460,421,173,353,153,68,91
1400000US06037543501,6069,660,4707,771,404,296,416,261,0,19,3562,744,0,19,3,1,322,290,0,19,322,290,1362,635,327,291,13,22,0,19,35,42,0,19,713,475,274,236,210,207,64,103
1400000US06037543502,4813,977,2335,539,480,147,277,265,0,14,1262,424,0,14,9,15,307,211,0,14,307,211,2478,914,621,550,0,14,66,77,6,10,0,14,1130,593,655,318,615,315,40,63
1400000US06037543503,5473,800,3652,511,733,210,270,145,0,19,2443,445,18,31,2,6,186,123,13,21,173,114,1821,677,325,180,0,19,7,16,0,19,0,19,1228,593,261,161,224,164,37,51
1400000US06037543601,4322,1274,2209,730,195,93,269,150,0,14,1610,770,0,14,65,102,70,48,10,16,60,45,2113,1100,364,293,0,14,0,14,20,33,0,14,696,390,1033,1098,988,1095,45,63
1400000US06037543603,3676,446,2696,607,529,281,674,350,0,14,1103,285,0,14,24,39,366,325,0,14,366,325,980,403,51,53,0,14,60,92,0,14,0,14,695,396,174,134,123,101,51,83
1400000US06037543605,4242,592,2576,458,532,219,192,169,0,14,1746,421,41,49,0,14,65,70,0,14,65,70,1666,464,423,286,0,14,0,14,0,14,0,14,737,386,506,205,480,203,26,25
1400000US06037543606,3939,617,2652,637,592,187,465,349,0,14,1490,615,57,113,0,14,48,46,5,15,43,45,1287,302,91,84,4,9,38,169,0,14,0,14,463,276,691,224,585,191,106,138
1400000US06037543607,4991,494,3319,469,322,116,270,187,0,14,2519,413,41,40,9,15,158,146,8,14,150,146,1672,279,434,235,0,14,0,14,92,135,21,27,691,282,434,271,413,269,21,26
1400000US06037543701,3063,385,1533,304,178,135,91,122,0,14,1218,310,0,14,0,14,46,43,12,13,34,41,1530,262,312,179,7,12,76,78,0,14,0,14,572,227,563,206,496,218,67,93
1400000US06037543703,4113,787,1676,396,380,163,226,146,7,9,901,333,35,60,35,57,92,46,35,32,57,33,2437,559,402,226,0,14,226,244,0,14,0,14,1042,424,767,313,745,310,22,26
1400000US06037543704,3021,384,1248,228,234,107,112,90,18,25,811,247,27,27,17,26,29,31,18,27,11,16,1773,424,181,138,0,14,112,142,10,16,0,14,1161,381,309,203,146,149,163,148
1400000US06037543705,2936,394,1294,220,110,63,151,114,0,14,928,173,0,14,47,73,58,48,0,14,58,48,1642,357,140,154,0,14,37,61,0,14,0,14,814,311,651,349,477,331,174,152
1400000US06037543801,4371,410,2440,355,247,110,137,273,5,8,1674,431,207,207,15,24,155,125,0,14,155,125,1931,291,210,191,0,14,0,14,56,76,12,20,781,327,872,330,737,305,135,109
1400000US06037543803,4535,791,3038,728,480,354,441,263,0,14,1648,474,227,260,170,159,72,76,12,21,60,74,1497,378,0,14,0,14,0,14,17,28,0,14,780,425,700,502,691,501,9,15
1400000US06037543804,4643,1452,3331,1443,468,95,331,117,10,15,2399,1449,0,14,3,68,120,106,64,89,56,56,1312,309,184,239,0,14,77,120,0,14,0,14,661,242,390,187,293,166,97,99
1400000US06037543903,4023,814,1853,337,110,54,92,68,0,14,1379,269,0,14,0,14,272,204,0,14,272,204,2170,743,402,261,0,14,231,257,0,14,0,14,689,326,848,710,807,718,41,72
1400000US06037543905,4602,732,945,336,67,67,395,341,0,14,313,143,0,14,0,14,170,208,0,14,170,208,3657,728,961,654,0,14,0,14,0,14,0,14,2231,495,465,274,465,274,0,14
1400000US06037544001,4354,529,1505,289,383,222,125,119,0,14,804,188,111,149,0,14,82,54,0,14,82,54,2849,459,845,530,27,44,12,19,0,14,0,14,1199,409,766,363,636,339,130,120
1400000US06037544002,3758,1010,1117,276,216,133,80,69,0,14,660,280,62,104,0,14,99,66,7,11,92,64,2641,1018,1268,1045,0,14,44,43,0,14,0,14,907,268,422,224,391,231,31,37
1400000US06037550101,3862,699,643,237,284,157,0,14,0,14,321,178,38,68,0,14,0,14,0,14,0,14,3219,649,386,298,0,14,0,14,0,14,0,14,2158,601,675,344,651,339,24,28
1400000US06037550201,3072,438,765,253,265,118,46,56,0,14,323,209,0,14,105,80,26,25,0,14,26,25,2307,316,311,156,0,14,35,38,0,14,0,14,1647,332,314,150,286,154,28,30
1400000US06037550202,5130,517,1019,255,321,139,99,113,0,19,549,206,0,19,0,19,50,64,0,19,50,64,4111,501,760,422,0,19,119,134,0,19,0,19,1673,499,1559,439,1444,446,115,92
1400000US06037550301,4196,1203,908,222,218,125,158,97,0,14,352,133,0,14,83,118,97,80,8,12,89,80,3288,1208,333,268,0,14,119,115,43,63,0,14,1355,505,1438,1242,1417,1242,21,35
1400000US06037550501,3904,597,962,383,247,125,501,409,0,14,130,84,0,14,0,14,84,92,0,14,84,92,2942,447,474,315,0,14,294,363,0,14,0,14,1365,499,809,325,798,327,11,17
1400000US06037550502,4226,526,1444,407,900,381,7,14,0,14,537,298,0,14,0,14,0,14,0,14,0,14,2782,448,72,105,0,14,0,14,16,26,0,14,1761,497,933,480,833,436,100,103
1400000US06037550601,5729,802,1325,215,488,136,193,209,0,19,465,117,0,19,43,41,136,79,89,70,47,49,4404,798,723,302,42,48,47,46,33,38,0,19,2132,644,1427,474,1297,461,130,150
1400000US06037550602,3924,433,1029,252,672,249,73,87,0,14,209,90,29,40,9,16,37,49,28,48,9,15,2895,394,257,198,42,63,37,57,18,30,35,44,1487,440,1019,335,1010,336,9,16
1400000US06037550700,6398,1047,2168,695,941,550,64,61,0,19,1003,618,0,19,89,114,71,82,33,55,38,60,4230,955,264,203,1,2,53,162,0,19,0,19,1427,503,2485,967,2404,955,81,103
1400000US06037550801,5120,883,1509,617,1301,603,17,17,0,19,122,81,0,19,0,19,69,68,10,19,59,67,3611,775,587,558,2,4,89,74,22,33,0,19,1349,477,1562,590,1482,591,80,105
1400000US06037550802,2149,406,260,72,151,54,17,40,0,14,63,42,4,9,0,14,25,32,0,14,25,32,1889,380,126,99,6,10,180,159,12,20,0,14,885,376,680,277,680,277,0,14
1400000US06037550901,4446,817,1387,454,625,245,185,144,0,14,450,410,0,14,0,14,127,163,18,34,109,161,3059,780,1084,622,6,11,0,14,0,14,0,14,1349,482,620,245,570,227,50,84
1400000US06037550902,5305,452,1441,435,393,165,136,88,17,30,654,260,0,19,43,47,198,141,54,74,144,129,3864,504,512,290,13,15,191,173,20,32,0,19,2019,499,1109,331,964,341,145,135
1400000US06037551001,3159,358,811,228,522,199,22,24,0,14,178,120,0,14,0,14,89,65,12,22,77,62,2348,376,182,138,21,34,228,277,0,14,0,14,1017,632,900,428,889,428,11,17
1400000US06037551002,4350,765,1179,330,792,368,0,14,0,14,294,171,0,14,23,27,70,56,12,23,58,49,3171,760,346,324,94,134,140,192,0,14,0,14,1991,712,600,257,600,257,0,14
1400000US06037551101,4072,420,1196,425,554,249,49,45,0,14,445,373,0,14,131,214,17,27,17,27,0,14,2876,535,470,244,0,14,0,14,0,14,0,14,1839,506,567,337,552,335,15,21
1400000US06037551102,5388,639,1007,238,334,131,290,179,0,19,94,81,0,19,11,18,278,245,88,120,190,217,4381,691,511,273,157,218,98,143,0,19,30,48,2496,510,1089,585,1062,589,27,36
1400000US06037551201,3751,788,1121,472,373,110,529,471,0,14,162,104,0,14,0,14,57,58,25,38,32,39,2630,644,169,187,0,14,40,44,0,14,0,14,1563,729,858,368,711,305,147,165
1400000US06037551203,4150,946,808,607,240,247,78,79,0,14,453,539,0,14,0,14,37,59,0,14,37,59,3342,930,712,520,0,14,99,155,0,14,0,14,1309,497,1222,581,1095,572,127,133
1400000US06037551204,3556,396,834,193,493,126,162,132,0,14,56,51,7,13,39,61,77,58,7,16,70,47,2722,450,397,278,0,14,8,13,0,14,0,14,1230,400,1087,368,1029,365,58,68
1400000US06037551300,5181,776,1296,392,487,151,382,318,0,19,362,268,0,19,13,19,52,48,0,19,52,48,3885,753,671,365,0,19,211,219,38,44,0,19,1923,557,1042,388,901,371,141,141
1400000US06037551401,4087,546,629,253,307,167,190,121,0,14,132,116,0,14,0,14,0,14,0,14,0,14,3458,557,543,399,20,33,119,127,0,14,0,14,1957,514,819,391,767,382,52,81
1400000US06037551402,5014,812,1132,287,718,199,189,197,32,37,179,171,0,19,0,19,14,23,0,19,14,23,3882,810,171,130,0,19,88,111,0,19,0,19,1414,534,2209,843,2157,847,52,51
1400000US06037551501,4707,801,1381,480,699,281,246,233,0,14,336,280,30,51,22,32,48,43,34,37,14,23,3326,835,1102,765,0,14,104,92,36,58,0,14,1380,477,704,373,547,370,157,141
1400000US06037551502,4360,700,866,306,238,144,77,115,4,7,531,301,16,27,0,14,0,14,0,14,0,14,3494,673,584,461,10,17,114,107,3,15,0,14,1516,630,1267,390,1174,350,93,120
1400000US06037551700,6134,886,1009,267,443,149,144,126,0,19,303,228,32,47,5,20,82,61,0,19,82,61,5125,881,427,216,0,19,162,144,0,19,0,19,3247,887,1289,438,974,358,315,281
1400000US06037551801,3319,557,856,357,286,132,37,40,19,30,332,232,18,32,46,75,118,147,0,14,118,147,2463,461,248,185,11,16,75,84,43,44,0,14,1187,486,899,380,834,388,65,66
1400000US06037551802,3983,586,818,255,386,245,38,45,0,14,383,141,0,14,0,14,11,19,0,14,11,19,3165,586,363,242,0,14,269,216,84,77,0,14,1174,384,1275,602,902,417,373,454
1400000US06037551900,5361,838,1775,697,797,182,80,73,4,8,861,673,0,19,0,19,33,44,0,19,33,44,3586,588,533,393,6,11,0,19,51,66,0,19,1672,591,1324,503,1324,503,0,19
1400000US06037552001,3934,479,1138,246,299,167,210,194,35,43,576,186,0,14,0,14,18,24,0,14,18,24,2796,481,346,202,0,14,44,68,6,10,0,14,1790,341,610,386,576,383,34,40
1400000US06037552002,3243,497,1073,309,265,120,125,110,28,38,519,323,0,14,21,31,115,100,0,14,115,100,2170,400,401,227,21,32,21,33,22,33,0,14,1215,308,490,238,472,234,18,19
1400000US06037552100,5226,889,1872,476,515,224,275,140,0,19,602,259,0,19,453,398,27,29,0,19,27,29,3354,897,937,814,12,20,0,19,11,18,0,19,1698,441,696,306,591,307,105,121
1400000US06037552200,6498,688,1625,558,338,262,481,416,0,19,692,234,46,61,0,19,68,87,0,19,68,87,4873,586,514,235,27,42,125,110,0,19,0,19,2801,667,1406,437,1315,442,91,83
1400000US06037552301,3955,329,1186,221,249,122,272,177,0,14,584,163,0,14,0,14,81,88,0,14,81,88,2769,325,47,43,0,14,276,316,0,14,0,14,1835,556,611,394,581,391,30,31
1400000US06037552302,4005,1186,2278,1114,1317,1099,267,149,0,14,613,147,44,70,0,14,37,36,8,15,29,33,1727,466,80,73,0,14,0,14,0,14,0,14,1141,449,506,314,388,253,118,126
1400000US06037552400,2294,426,469,151,136,85,22,26,0,14,307,132,0,14,4,7,0,14,0,14,0,14,1825,435,226,196,5,8,106,109,0,14,0,14,1075,215,413,246,391,230,22,24
1400000US06037552601,5198,1111,714,346,266,192,86,86,0,19,274,256,0,19,77,117,11,15,0,19,11,15,4484,1090,361,212,0,19,176,221,0,19,31,47,2856,992,1060,486,991,462,69,67
1400000US06037552602,3682,328,1639,223,119,58,72,57,3,5,1282,248,33,4,116,113,14,21,0,14,14,21,2043,335,274,188,0,14,88,119,0,14,0,14,1083,409,598,339,552,340,46,50
1400000US06037552700,6511,833,2149,688,610,180,218,118,0,19,1239,633,0,19,0,19,82,95,9,15,73,96,4362,665,387,166,0,19,6,11,37,44,0,19,2143,521,1789,547,1753,550,36,41
1400000US06037552800,5635,543,1284,299,409,158,329,222,0,19,406,185,0,19,0,19,140,103,30,44,110,97,4351,547,676,338,0,19,303,223,0,19,0,19,2261,561,1111,430,1001,419,110,85
1400000US06037552900,6937,876,2672,745,1202,734,427,288,0,19,819,239,0,19,0,19,224,227,28,34,196,219,4265,576,453,389,50,75,43,66,0,19,0,19,2184,623,1535,582,1497,579,38,48
1400000US06037553000,5204,678,1292,391,584,252,74,135,11,18,485,324,0,19,84,104,54,62,0,19,54,62,3912,577,591,324,0,19,130,192,181,221,0,19,2119,786,891,458,730,422,161,156
1400000US06037553100,6633,876,3009,551,1097,383,933,315,0,19,618,346,21,32,0,19,340,162,0,19,340,162,3624,866,294,222,10,17,20,32,0,19,0,19,2014,694,1286,658,1213,650,73,91
1400000US06037553201,3898,714,1134,270,440,172,285,189,37,39,288,138,0,14,30,33,54,53,0,14,54,53,2764,757,213,130,0,14,0,14,0,14,0,14,1623,686,928,437,893,440,35,32
1400000US06037553202,2879,328,1080,257,453,146,92,102,0,14,407,235,0,14,46,66,82,57,0,14,82,57,1799,378,170,122,40,60,4,8,0,14,0,14,870,336,715,344,699,344,16,25
1400000US06037553300,3399,548,887,145,454,158,55,60,0,14,331,89,0,14,15,20,32,40,0,14,32,40,2512,539,144,104,0,14,7,46,2,4,0,14,1132,321,1227,580,1221,580,6,15
1400000US06037553400,3381,431,549,175,156,112,120,101,0,14,145,102,64,124,42,49,22,27,6,13,16,26,2832,445,329,290,0,14,110,152,0,14,0,14,1424,532,969,410,899,431,70,86
1400000US06037553502,3453,544,765,426,416,380,264,178,0,14,53,58,0,14,0,14,32,35,0,14,32,35,2688,445,169,235,0,14,390,326,0,14,0,14,959,316,1170,467,1163,467,7,11
1400000US06037553503,2935,603,388,157,86,38,270,157,32,33,0,14,0,14,0,14,0,14,0,14,0,14,2547,586,179,125,0,14,44,38,15,23,0,14,1314,353,995,507,926,509,69,71
1400000US06037553504,4840,563,505,206,75,70,351,218,0,14,55,74,6,11,0,14,18,37,0,14,18,37,4335,601,257,181,93,114,44,61,43,68,0,14,2117,408,1781,616,1775,616,6,10
1400000US06037553601,4771,683,926,361,163,124,509,352,0,14,211,193,0,14,0,14,43,48,27,41,16,27,3845,785,82,84,27,43,59,102,0,14,0,14,2341,788,1336,411,1310,406,26,41
1400000US06037553602,5231,823,1180,459,119,137,799,483,0,19,118,115,0,19,101,146,43,53,0,19,43,53,4051,785,730,647,13,20,342,277,0,19,0,19,1863,460,1103,559,1089,557,14,22
1400000US06037553701,3658,587,335,246,36,31,225,240,0,14,67,58,0,14,0,14,7,11,0,14,7,11,3323,626,357,201,0,14,58,61,0,14,0,14,2103,704,805,316,805,316,0,14
1400000US06037553702,4559,496,305,169,17,28,242,165,0,14,0,14,7,13,0,14,39,62,0,14,39,62,4254,468,436,286,0,14,40,62,56,87,0,14,2368,612,1354,560,1345,559,9,14
1400000US06037553801,3710,581,1154,316,169,121,720,246,0,14,133,108,0,14,0,14,132,179,117,179,15,21,2556,465,42,43,0,14,13,25,30,43,0,14,1421,419,1050,488,1035,493,15,24
1400000US06037553802,6585,969,2087,663,545,276,688,367,0,19,829,487,0,19,0,19,25,31,0,19,25,31,4498,1094,529,486,0,19,109,144,0,19,0,19,2028,763,1832,805,1832,805,0,19
1400000US06037553901,6092,837,1189,224,303,130,479,247,0,19,261,108,6,12,21,23,119,105,0,19,119,105,4903,822,476,254,19,27,102,74,0,19,0,19,2713,733,1593,543,1535,555,58,81
1400000US06037553902,6216,951,913,402,210,103,237,296,0,19,176,115,84,122,0,19,206,219,0,19,206,219,5303,978,395,250,19,31,121,141,0,19,0,19,3311,872,1457,736,1211,742,246,213
1400000US06037554001,4519,721,1998,802,1144,637,250,152,0,14,478,493,45,63,0,14,81,96,16,25,65,93,2521,535,201,163,0,14,96,105,52,74,0,14,1802,488,370,214,323,199,47,46
1400000US06037554002,5755,581,1694,259,644,181,454,207,0,19,527,129,0,19,0,19,69,78,11,28,58,64,4061,591,482,344,0,19,89,142,0,19,0,19,2490,579,1000,420,979,421,21,32
1400000US06037554101,3643,438,1110,351,187,187,175,194,0,14,745,232,0,14,0,14,3,9,3,9,0,14,2533,467,90,113,0,14,260,243,0,14,10,17,1238,446,935,276,935,276,0,14
1400000US06037554105,4327,897,1620,447,522,240,530,189,0,14,568,379,0,14,0,14,0,14,0,14,0,14,2707,871,611,790,14,25,80,107,6,11,0,14,1478,360,518,253,479,262,39,52
1400000US06037554106,3974,562,1653,292,550,217,246,148,0,14,596,187,0,14,81,70,180,115,61,88,119,73,2321,474,495,345,0,14,3,6,0,14,0,14,1317,414,506,203,378,156,128,155
1400000US06037554201,3630,365,1184,197,361,198,225,161,0,14,336,191,0,14,52,78,210,110,0,14,210,110,2446,348,271,218,122,157,72,86,62,89,0,14,1043,466,876,331,868,331,8,14
1400000US06037554203,3549,605,1664,516,354,111,536,275,0,14,448,166,0,14,6,10,320,365,0,14,320,365,1885,541,332,183,0,14,33,39,0,14,0,14,854,328,666,481,395,223,271,328
1400000US06037554204,4735,795,1721,265,669,196,540,212,0,14,164,103,0,14,58,85,290,178,45,68,245,166,3014,786,347,205,11,17,63,66,0,14,0,14,2055,837,538,339,538,339,0,14
1400000US06037554301,3293,532,885,241,556,268,176,123,0,14,153,99,0,14,0,14,0,14,0,14,0,14,2408,485,140,110,19,25,58,58,23,30,0,14,1663,529,505,242,468,235,37,62
1400000US06037554302,3937,755,1528,563,100,56,375,166,19,30,649,420,0,14,85,132,300,382,272,381,28,28,2409,573,76,81,23,36,175,236,0,14,0,14,1559,560,576,309,533,298,43,70
1400000US06037554403,5622,752,2091,451,592,218,744,327,0,19,658,312,0,19,0,19,97,122,0,19,97,122,3531,896,674,619,46,79,0,19,0,19,35,50,1539,575,1237,604,1002,563,235,225
1400000US06037554404,4309,570,1354,409,269,132,499,242,5,9,411,253,57,110,82,117,31,38,0,14,31,38,2955,745,331,347,0,14,27,33,25,36,0,14,1851,688,721,388,611,320,110,148
1400000US06037554405,3907,609,2757,618,1191,603,930,355,0,14,509,264,0,14,0,14,127,119,3,10,124,114,1150,378,230,268,0,14,12,19,148,222,0,14,586,276,174,201,174,201,0,14
1400000US06037554406,4810,516,3063,529,1120,177,984,534,10,20,766,226,0,14,5,10,178,111,53,61,125,75,1747,387,53,38,84,120,0,14,36,52,0,14,704,339,870,271,751,274,119,103
1400000US06037554511,3620,636,3371,639,283,126,468,679,0,14,2409,233,29,50,39,65,143,104,16,26,127,102,249,91,36,38,0,14,0,14,0,14,0,14,45,50,168,97,168,97,0,14
1400000US06037554512,6504,654,5105,693,634,276,205,139,0,19,3976,471,0,19,0,19,290,363,0,19,290,363,1399,477,273,291,0,19,0,19,32,48,0,19,260,187,834,337,655,281,179,182
1400000US06037554513,2537,240,2134,245,193,95,157,101,19,30,1680,191,0,14,5,7,80,45,33,42,47,32,403,266,46,54,0,14,12,15,4,6,0,14,44,40,297,243,241,239,56,69
1400000US06037554514,4571,563,3625,397,586,221,453,195,0,14,2335,287,71,94,0,14,180,84,0,14,180,84,946,434,161,236,11,20,33,32,0,14,0,14,319,208,422,228,379,219,43,45
1400000US06037554515,3263,386,2841,414,502,249,210,139,0,14,2084,351,0,14,0,14,45,47,11,18,34,46,422,185,10,17,0,14,6,12,7,11,0,14,280,166,119,73,119,73,0,14
1400000US06037554516,3922,693,3561,699,621,162,58,60,0,14,2836,690,0,14,0,14,46,41,0,14,46,41,361,135,0,14,0,14,0,14,0,14,0,14,191,144,170,95,137,82,33,41
1400000US06037554517,4513,355,3853,367,222,106,250,163,23,34,3296,408,0,14,10,17,52,43,10,16,42,40,660,332,118,85,0,14,0,14,0,14,0,14,100,67,442,308,429,308,13,24
1400000US06037554518,4993,477,4415,432,479,176,198,146,0,14,3490,373,0,14,0,14,248,150,0,14,248,150,578,335,22,16,41,66,0,14,39,61,0,14,392,295,84,61,53,40,31,35
1400000US06037554519,3201,652,3066,657,238,108,169,138,0,14,2524,637,0,14,45,58,90,87,7,10,83,86,135,104,0,14,0,14,15,23,0,14,0,14,58,91,62,48,49,37,13,20
1400000US06037554521,5809,655,4383,577,1155,342,372,145,0,19,2355,377,21,30,8,12,472,186,101,85,371,173,1426,339,41,47,67,77,58,108,185,267,0,19,664,277,411,208,293,193,118,108
1400000US06037554522,4934,694,3854,622,685,179,206,177,0,14,2531,580,42,65,93,131,297,189,0,14,297,189,1080,249,125,118,37,54,0,14,0,14,0,14,536,220,382,148,382,148,0,14
1400000US06037554600,3941,633,2013,435,566,235,232,262,0,14,1053,301,29,34,36,40,97,78,30,45,67,63,1928,482,336,325,13,20,45,70,162,181,0,14,811,278,561,225,548,222,13,20
1400000US06037554700,4289,535,808,224,78,69,17,28,14,22,589,166,0,14,110,162,0,14,0,14,0,14,3481,448,332,160,0,14,185,147,0,14,0,14,1804,422,1160,432,879,405,281,199
1400000US06037554801,3037,445,957,254,432,191,22,22,0,14,408,201,59,87,36,58,0,14,0,14,0,14,2080,384,405,275,3,7,14,16,0,14,0,14,1046,287,612,239,542,241,70,69
1400000US06037554802,5630,579,4551,640,716,188,153,78,0,19,3562,650,31,50,0,19,89,56,43,38,46,36,1079,418,179,163,0,19,44,70,41,60,0,19,372,201,443,247,392,238,51,53
1400000US06037554900,7222,719,5120,698,941,398,652,762,0,19,2889,909,531,418,10,57,97,92,0,19,97,92,2102,644,163,188,4,15,62,96,0,19,163,133,925,487,785,547,521,400,264,338
1400000US06037555001,5158,549,2615,487,616,163,273,187,0,19,1645,488,13,21,0,19,68,61,26,31,42,50,2543,408,388,307,0,19,0,19,56,60,0,19,1167,449,932,462,896,469,36,43
1400000US06037555002,4076,526,1914,411,588,169,259,140,0,14,474,143,474,378,39,55,80,58,0,14,80,58,2162,471,164,129,12,19,215,171,236,201,0,14,1203,500,332,167,257,149,75,85
1400000US06037555105,5885,638,3079,523,524,170,900,441,33,52,1439,245,11,19,48,76,124,86,0,19,124,86,2806,598,326,218,24,28,198,193,0,19,0,19,1267,360,991,435,953,431,38,38
1400000US06037555106,2594,402,1315,466,154,59,398,434,105,132,658,205,0,14,0,14,0,14,0,14,0,14,1279,330,177,169,0,14,0,14,0,14,0,14,926,348,176,121,176,121,0,14
1400000US06037555107,5111,626,3248,476,881,368,387,219,0,19,1730,423,16,26,8,12,226,124,0,19,226,124,1863,448,415,298,0,19,97,120,21,23,0,19,884,376,446,200,404,202,42,49
1400000US06037555202,3606,695,2547,516,1874,481,89,89,0,14,535,117,0,14,0,14,49,55,26,40,23,37,1059,532,163,113,0,14,0,14,10,16,0,14,383,144,503,517,484,524,19,23
1400000US06037555211,6040,611,619,238,124,127,7,12,9,13,435,209,18,26,18,27,8,17,0,19,8,17,5421,628,260,328,0,19,255,203,0,19,0,19,2768,584,2138,631,2125,634,13,23
1400000US06037555212,5057,626,1406,606,638,447,121,131,0,19,612,276,0,19,0,19,35,35,0,19,35,35,3651,623,363,262,15,28,183,212,225,323,0,19,1900,562,965,528,927,526,38,42
1400000US06037555300,4591,666,1471,411,803,419,247,114,6,12,353,154,0,14,2,6,60,74,9,58,51,50,3120,694,178,131,0,14,59,79,9,14,0,14,2228,873,646,316,439,208,207,272
1400000US06037570001,4919,817,2926,508,1655,443,225,111,8,12,813,297,0,14,10,15,215,101,0,14,215,101,1993,725,213,109,0,14,0,14,46,59,0,14,1037,621,697,307,540,265,157,134
1400000US06037570002,2658,310,1601,263,917,260,275,165,30,49,284,70,0,14,0,14,95,57,47,44,48,36,1057,213,113,59,0,14,0,14,69,79,0,14,737,202,138,58,130,57,8,12
1400000US06037570003,3870,481,2358,400,1630,411,177,117,0,14,266,123,0,14,96,71,189,96,0,14,189,96,1512,346,191,173,0,14,0,14,0,14,0,14,502,241,819,299,805,296,14,27
1400000US06037570100,3044,497,2025,389,436,185,272,248,0,14,957,418,99,145,17,40,244,191,6,10,238,190,1019,303,11,23,0,14,0,14,33,36,0,14,415,243,560,210,510,210,50,77
1400000US06037570202,6381,808,2241,494,218,127,1130,544,2,7,555,354,69,104,0,19,267,318,0,19,267,318,4140,622,305,269,24,29,298,261,0,19,0,19,1967,623,1546,657,1360,640,186,202
1400000US06037570203,3708,646,1348,324,100,90,804,303,0,14,255,112,87,89,0,14,102,118,0,14,102,118,2360,683,625,532,0,14,0,14,0,14,24,44,1029,361,682,334,682,334,0,14
1400000US06037570204,4465,820,1854,437,562,241,586,313,0,14,600,342,76,68,0,14,30,64,0,14,30,64,2611,838,579,620,0,14,46,55,83,131,0,14,1594,626,309,183,260,168,49,67
1400000US06037570303,3765,654,1367,616,252,136,766,617,0,14,294,160,0,14,29,43,26,35,0,14,26,35,2398,562,0,14,0,14,87,104,0,14,0,14,1562,525,749,379,719,377,30,47
1400000US06037570304,4688,547,1517,314,345,258,744,243,9,15,120,102,0,14,28,47,271,175,60,88,211,146,3171,437,339,243,25,32,338,226,0,14,0,14,1600,401,869,439,815,440,54,71
1400000US06037570305,5119,759,1618,378,332,172,811,350,0,19,335,188,0,19,73,89,67,74,9,15,58,73,3501,809,69,76,0,19,118,145,0,19,0,19,2193,699,1121,653,1010,661,111,130
1400000US06037570306,3239,664,1418,457,193,99,549,344,0,14,661,340,0,14,0,14,15,23,0,14,15,23,1821,594,174,217,0,14,35,54,0,14,0,14,1205,512,407,301,407,301,0,14
1400000US06037570402,3372,509,1954,368,152,102,1400,335,10,14,107,90,171,83,0,14,114,75,0,14,114,75,1418,326,80,74,0,14,29,41,0,14,0,14,1037,297,272,126,195,103,77,59
1400000US06037570403,3789,431,741,231,92,88,352,163,141,143,156,149,0,14,0,14,0,14,0,14,0,14,3048,465,307,248,0,14,135,137,23,35,43,68,2122,485,418,297,418,297,0,14
1400000US06037570404,3973,787,1358,616,145,164,460,256,0,14,290,171,25,34,0,14,438,445,9,14,429,444,2615,625,353,234,1,6,88,79,0,14,19,26,986,315,1168,587,977,578,191,166
1400000US06037570502,5618,629,2537,544,252,95,867,437,0,19,1056,177,143,143,21,23,198,126,48,55,150,114,3081,515,435,389,17,29,52,56,25,32,0,19,1852,373,700,334,687,335,13,19
1400000US06037570503,3693,937,1189,278,376,215,171,109,8,14,437,241,0,14,0,14,197,186,0,14,197,186,2504,941,517,296,11,33,25,72,52,54,0,14,1306,691,593,701,577,699,16,26
1400000US06037570504,3207,490,1196,156,356,61,318,147,0,14,436,139,0,14,0,14,86,98,22,41,64,86,2011,516,167,170,39,39,121,192,0,14,0,14,1232,497,452,228,384,231,68,62
1400000US06037570601,6081,942,2071,383,478,179,667,313,0,19,754,202,15,22,0,19,157,144,13,17,144,144,4010,974,753,654,46,79,0,19,0,19,0,19,2073,492,1138,743,1094,747,44,56
1400000US06037570602,5692,665,3703,724,393,172,617,326,0,19,2565,698,0,19,11,17,117,96,14,21,103,92,1989,436,144,120,12,22,24,42,68,72,40,69,1172,370,529,266,487,261,42,66
1400000US06037570603,5038,597,3430,539,472,281,2379,588,0,19,135,109,291,176,46,73,107,74,0,19,107,74,1608,439,113,82,11,20,49,77,0,19,0,19,1117,427,318,190,236,193,82,77
1400000US06037570701,7323,1088,5067,898,1945,785,1331,719,0,19,1372,610,40,49,60,96,319,239,0,19,319,239,2256,483,181,153,0,19,30,49,29,49,0,19,996,461,1020,443,800,403,220,219
1400000US06037570703,2906,260,1704,201,781,273,172,107,0,14,640,260,0,14,0,14,111,79,41,60,70,48,1202,195,52,59,0,14,0,14,18,32,0,14,711,155,421,196,261,156,160,119
1400000US06037570800,5489,509,3410,530,1851,295,235,201,21,33,923,181,0,19,13,15,367,283,44,65,323,277,2079,298,311,184,0,19,0,19,13,21,0,19,804,322,951,274,770,309,181,130
1400000US06037570901,5549,663,3462,367,1977,326,63,79,0,19,900,247,130,206,51,60,341,158,13,20,328,158,2087,688,478,234,6,10,38,46,45,57,0,19,408,253,1112,617,1002,615,110,66
1400000US06037570902,3350,509,2504,534,1791,556,122,160,15,21,325,149,16,23,0,14,235,120,28,41,207,111,846,242,243,161,0,14,0,14,0,14,0,14,200,131,403,149,379,151,24,27
1400000US06037571000,5505,596,3955,497,2827,299,33,60,0,19,572,208,24,42,11,17,488,343,114,82,374,335,1550,281,291,146,12,20,0,19,47,72,0,19,186,95,1014,205,852,198,162,106
1400000US06037571101,5026,669,3258,657,2254,541,217,143,0,19,309,115,0,19,0,19,478,223,34,36,444,226,1768,434,416,223,0,19,206,172,0,19,0,19,353,234,793,408,730,400,63,67
1400000US06037571102,3609,342,2229,253,1419,275,249,162,0,14,494,179,0,14,17,26,50,54,0,14,50,54,1380,282,317,217,23,36,0,14,13,20,0,14,425,179,602,251,516,227,86,85
1400000US06037571201,3973,689,2905,695,2034,641,412,409,0,14,204,116,0,14,14,22,241,150,0,14,241,150,1068,217,166,140,0,14,0,14,41,49,0,14,416,142,445,193,443,193,2,6
1400000US06037571202,3839,622,2815,594,1361,283,583,464,0,14,508,325,89,85,7,12,267,141,0,14,267,141,1024,321,49,47,0,14,82,124,0,14,0,14,291,134,602,288,506,235,96,151
1400000US06037571300,4685,485,2884,352,1673,250,308,134,6,11,554,192,0,14,109,103,234,137,10,15,224,137,1801,437,259,134,0,14,38,44,15,22,0,14,499,257,990,397,645,217,345,281
1400000US06037571400,4779,516,2607,440,957,266,385,213,10,15,888,291,12,20,0,14,355,194,17,20,338,189,2172,532,306,354,12,22,9,14,18,28,0,14,1289,546,538,230,475,220,63,73
1400000US06037571502,5022,820,3217,873,1185,310,634,208,0,19,978,744,0,19,12,22,408,232,116,149,292,163,1805,364,165,133,0,19,114,100,0,19,0,19,903,247,623,378,552,355,71,97
1400000US06037571504,5120,925,3616,880,1662,827,804,270,0,19,908,268,0,19,0,19,242,171,13,21,229,169,1504,367,141,128,25,37,0,19,0,19,0,19,968,490,370,218,265,156,105,120
1400000US06037571505,2681,684,1431,194,413,113,152,82,0,14,647,141,0,14,16,22,203,142,89,77,114,90,1250,712,63,70,65,91,11,17,10,16,0,14,462,161,639,701,629,700,10,16
1400000US06037571600,2384,451,1556,475,57,37,1327,474,0,14,26,21,0,14,4,7,142,112,0,14,142,112,828,254,123,99,14,23,0,14,0,14,0,14,368,160,323,158,323,158,0,14
1400000US06037571701,5653,1469,1680,263,735,221,273,140,0,19,533,266,0,19,4,16,135,88,0,19,135,88,3973,1494,1184,1324,77,124,32,51,0,19,0,19,1848,560,832,393,811,398,21,26
1400000US06037571703,3363,503,1516,353,358,198,434,219,0,14,614,345,0,14,0,14,110,154,0,14,110,154,1847,454,217,232,0,14,0,14,0,14,0,14,1308,515,322,229,297,223,25,41
1400000US06037571704,3782,582,1338,285,398,196,473,238,0,14,328,130,63,103,0,14,76,97,0,14,76,97,2444,588,275,229,46,54,235,200,15,24,0,14,937,369,936,579,864,568,72,71
1400000US06037571800,3005,565,2381,416,1469,233,217,93,0,14,295,160,0,14,0,14,400,293,165,247,235,122,624,236,219,153,0,14,13,22,21,52,0,14,178,97,193,119,156,109,37,30
1400000US06037571900,6378,1094,4733,1152,2474,1003,967,429,124,153,804,368,0,19,0,19,364,256,21,36,343,253,1645,498,421,393,0,19,0,19,0,19,0,19,561,377,663,210,449,221,214,205
1400000US06037572001,5836,769,4676,697,3010,650,677,431,0,19,466,175,33,56,13,22,477,274,29,47,448,268,1160,409,86,64,21,51,154,123,0,19,0,19,305,214,594,368,550,342,44,53
1400000US06037572201,6275,1034,4437,613,1116,289,911,283,0,19,1874,485,75,85,0,19,461,311,50,79,411,302,1838,1014,536,351,0,19,60,71,0,19,0,19,338,142,904,816,766,807,138,111
1400000US06037572202,3468,402,1590,305,506,220,242,177,0,14,693,208,0,14,33,33,116,82,65,66,51,55,1878,371,340,264,0,14,46,62,0,14,0,14,636,413,856,464,538,361,318,305
1400000US06037572301,3648,507,1239,252,191,120,265,186,0,14,625,134,50,42,0,14,108,60,0,14,108,60,2409,475,656,322,0,14,34,36,12,16,0,14,1207,403,500,194,485,190,15,16
1400000US06037572500,4011,742,2395,721,721,341,795,289,0,14,783,618,0,14,0,14,96,78,6,11,90,81,1616,437,405,350,0,14,29,60,0,14,0,14,647,291,535,388,535,388,0,14
1400000US06037572600,4929,722,2290,531,122,87,372,216,0,14,1512,462,120,124,0,14,164,128,62,98,102,83,2639,594,660,497,23,37,26,41,0,14,0,14,1144,553,786,375,742,369,44,72
1400000US06037572700,5078,621,3386,522,255,151,363,237,0,19,2563,398,125,197,38,68,42,50,0,19,42,50,1692,601,825,517,0,19,0,19,5,8,0,19,684,246,178,219,178,219,0,19
1400000US06037573002,3282,516,1105,263,135,79,577,299,0,14,288,175,0,14,12,18,93,64,0,14,93,64,2177,507,770,448,0,14,0,14,0,14,0,14,950,472,457,331,423,302,34,46
1400000US06037573003,1699,225,1048,243,305,96,230,179,0,14,341,156,0,14,7,13,165,111,26,27,139,110,651,226,134,119,0,14,10,13,11,15,0,14,369,174,127,94,112,90,15,19
1400000US06037573004,5127,976,1688,384,310,167,1037,339,36,52,168,135,0,19,0,19,137,108,16,32,121,104,3439,979,1394,1011,22,33,143,122,0,19,0,19,1065,432,815,356,705,335,110,103
1400000US06037573101,4485,798,2267,614,376,179,967,635,17,20,617,162,0,14,47,72,243,226,0,14,243,226,2218,591,690,413,64,89,93,144,0,14,0,14,564,264,807,533,775,528,32,54
1400000US06037573102,3120,584,1567,311,505,175,574,133,0,14,411,319,0,14,0,14,77,63,0,14,77,63,1553,504,397,473,0,14,60,105,0,14,0,14,558,196,538,269,525,269,13,16
1400000US06037573201,3845,601,1206,289,192,96,472,219,0,14,533,212,0,14,0,14,9,16,0,14,9,16,2639,600,950,540,0,14,74,88,0,14,0,14,1020,343,595,269,553,266,42,48
1400000US06037573202,6426,1046,2918,991,337,211,754,329,35,56,1619,907,0,19,0,19,173,130,0,19,173,130,3508,703,902,485,0,19,41,65,8,12,0,19,1394,588,1163,540,1158,540,5,9
1400000US06037573300,3572,530,1974,381,141,86,572,268,0,14,1090,353,0,14,112,179,59,51,13,20,46,47,1598,537,481,341,18,26,0,14,0,14,0,14,659,296,440,286,385,274,55,60
1400000US06037573401,1276,260,808,235,324,160,114,142,4,6,204,73,17,28,0,14,145,86,0,14,145,86,468,134,59,53,0,14,0,14,58,70,0,14,94,52,257,157,162,98,95,104
1400000US06037573402,6838,654,3820,703,1671,551,292,209,0,19,1364,525,74,118,0,19,419,223,147,125,272,207,3018,1182,1560,1115,0,19,0,19,0,19,0,19,961,451,497,399,204,196,293,338
1400000US06037573403,3354,543,2550,401,1105,288,315,160,10,15,1020,265,0,14,0,14,100,68,26,38,74,53,804,324,435,280,0,14,15,20,0,14,0,14,22,42,332,237,89,76,243,226
1400000US06037573601,6300,584,4814,562,3554,555,91,106,0,19,658,390,0,19,12,20,499,277,0,19,499,277,1486,225,155,86,0,19,76,75,0,19,0,19,277,198,978,312,804,279,174,142
1400000US06037573700,5105,570,3356,465,2227,307,155,100,0,19,720,313,0,19,7,13,247,98,58,69,189,89,1749,403,691,335,11,16,0,19,0,19,0,19,351,197,696,275,591,266,105,76
1400000US06037573800,4377,437,3182,429,2238,412,93,89,0,14,373,197,60,73,52,48,366,112,80,61,286,112,1195,216,132,80,0,14,0,14,17,19,0,14,302,144,744,221,651,238,93,64
1400000US06037573902,2248,220,1852,171,1372,211,48,44,0,14,285,86,0,14,9,14,138,111,9,11,129,110,396,113,143,69,0,14,0,14,7,12,0,14,46,54,200,115,191,113,9,10
1400000US06037574000,5246,477,4263,402,3289,391,178,233,0,19,345,135,0,19,0,19,451,197,86,96,365,163,983,323,201,178,15,24,0,19,0,19,0,19,271,219,496,138,472,134,24,30
1400000US06037574100,5107,661,3865,684,2350,394,311,265,0,19,625,230,15,19,102,159,462,268,7,12,455,267,1242,236,587,203,0,19,147,135,25,37,1,3,104,63,378,177,340,170,38,29
1400000US06037574201,3125,369,2445,356,1383,223,379,310,0,14,490,145,0,14,0,14,193,120,0,14,193,120,680,116,46,51,0,14,12,20,0,14,0,14,268,166,354,161,301,158,53,52
1400000US06037574202,2131,304,1338,196,770,150,175,60,4,9,280,157,0,14,10,22,99,67,42,53,57,35,793,256,437,232,39,41,22,18,0,14,0,14,122,95,173,83,140,66,33,36
1400000US06037574300,6424,1126,4321,631,3152,624,306,228,17,30,501,229,0,19,0,19,345,248,107,105,238,224,2103,731,1309,743,0,19,16,31,17,30,0,19,199,131,562,249,506,227,56,65
1400000US06037574400,5484,746,4518,761,3277,772,228,196,28,41,543,333,118,164,17,26,307,122,70,74,237,98,966,116,408,150,0,19,29,47,34,51,0,19,145,103,350,159,246,144,104,100
1400000US06037574500,6679,861,5334,751,3814,763,180,200,173,200,819,384,0,19,32,39,316,222,22,28,294,219,1345,304,505,201,0,19,0,19,0,19,0,19,344,252,496,256,388,208,108,123
1400000US06037574602,1240,229,1020,173,628,139,59,54,0,14,243,98,0,14,0,14,90,57,9,12,81,57,220,123,166,116,14,21,0,14,0,14,0,14,17,16,23,24,21,24,2,7
1400000US06037574800,3170,442,2442,351,1913,337,149,171,0,14,202,101,0,14,4,7,174,121,31,47,143,108,728,288,208,146,0,14,9,15,36,45,0,14,127,77,348,204,206,146,142,155
1400000US06037574901,3940,554,3196,341,2254,368,151,116,21,32,394,216,0,14,21,33,355,147,48,62,307,133,744,325,152,108,0,14,36,38,34,44,0,14,230,279,292,145,180,113,112,75
1400000US06037574902,5570,613,3999,570,1677,325,745,320,99,156,1282,492,20,21,0,19,176,84,11,16,165,83,1571,337,706,234,0,19,0,19,37,60,62,70,568,318,198,120,191,120,7,13
1400000US06037575001,4123,830,2622,532,1011,256,582,380,0,14,783,237,0,14,12,19,234,113,95,79,139,85,1501,645,832,603,25,41,14,15,36,31,0,14,400,242,194,138,170,135,24,26
1400000US06037575002,4632,461,3481,534,1956,480,592,232,5,8,738,266,0,14,19,26,171,83,43,40,128,72,1151,239,368,216,9,14,23,22,0,14,23,34,397,202,331,205,262,201,69,54
1400000US06037575101,4401,596,2172,442,497,221,563,226,0,14,1041,382,0,14,0,14,71,59,7,12,64,56,2229,667,936,398,0,14,5,10,0,14,0,14,681,389,607,255,554,238,53,50
1400000US06037575102,4147,513,911,228,207,112,258,141,0,14,445,208,0,14,0,14,1,3,0,14,1,3,3236,565,2078,611,51,55,58,92,0,14,0,14,772,309,277,177,270,174,7,14
1400000US06037575103,4632,601,2490,424,935,268,949,341,0,14,535,227,9,14,9,15,53,46,10,16,43,43,2142,633,1464,590,22,39,46,65,25,37,0,14,310,150,275,131,275,131,0,14
1400000US06037575201,4190,706,2052,535,317,258,323,218,0,14,1211,399,0,14,29,42,172,157,0,14,172,157,2138,511,246,231,21,32,43,57,42,42,0,14,1335,476,451,231,451,231,0,14
1400000US06037575202,3647,405,1445,344,151,157,321,176,0,14,864,197,0,14,6,10,103,143,0,14,103,143,2202,389,704,305,0,14,100,121,0,14,35,57,1104,353,259,163,259,163,0,14
1400000US06037575300,4209,788,818,220,103,62,277,147,0,14,412,196,0,14,0,14,26,33,22,35,4,9,3391,801,873,485,0,14,108,122,22,36,0,14,1903,843,485,334,463,343,22,38
1400000US06037575401,4027,702,1030,532,219,125,729,485,0,14,69,83,0,14,0,14,13,34,0,14,13,34,2997,596,994,464,49,67,126,157,7,15,0,14,1255,445,566,303,563,302,3,5
1400000US06037575402,3565,463,946,148,249,149,352,171,4,7,230,130,0,14,0,14,111,107,0,14,111,107,2619,455,991,479,0,14,25,38,0,14,0,14,999,463,604,326,520,300,84,104
1400000US06037575801,2225,554,852,320,110,66,528,259,6,10,107,91,27,45,3,5,71,64,26,44,45,29,1373,480,470,229,0,14,12,14,0,14,0,14,478,228,413,335,406,335,7,11
1400000US06037575802,4237,696,931,209,231,104,139,76,27,39,139,106,35,44,133,96,227,119,33,33,194,116,3306,718,481,395,0,14,0,14,15,23,0,14,2313,753,497,317,490,316,7,12
1400000US06037575803,2416,409,1210,387,724,378,164,81,0,14,251,109,0,14,5,102,66,50,33,40,33,37,1206,335,154,181,30,48,41,38,15,25,0,14,862,367,104,88,104,88,0,14
1400000US06037575901,3328,556,1906,400,552,181,825,324,0,14,371,268,0,14,0,14,158,85,13,20,145,84,1422,445,421,266,0,14,13,21,26,39,0,14,501,264,461,246,378,240,83,84
1400000US06037575902,5020,561,3215,540,1764,529,702,254,0,19,571,240,0,19,45,72,133,108,53,84,80,66,1805,449,350,187,60,94,0,19,111,114,0,19,933,328,351,233,316,217,35,56
1400000US06037576001,6518,736,4525,686,2102,473,1088,509,129,104,757,297,0,19,86,121,363,211,36,59,327,206,1993,448,334,237,55,87,0,19,97,130,0,19,428,320,1079,310,826,298,253,64
1400000US06037576200,5437,538,3457,465,1475,380,773,429,83,83,200,133,0,19,0,19,926,461,0,19,926,461,1980,581,388,254,95,134,343,354,0,19,0,19,595,316,559,251,473,214,86,112
1400000US06037576301,4897,700,1927,380,829,252,605,258,23,36,233,145,0,14,0,14,237,111,44,62,193,143,2970,665,835,312,84,91,18,30,0,14,0,14,1043,474,990,597,899,593,91,93
1400000US06037576302,3188,520,1355,356,516,232,222,167,0,14,576,209,0,14,0,14,41,54,0,14,41,54,1833,437,497,318,10,22,0,14,7,13,0,14,830,311,489,276,486,273,3,18
1400000US06037576401,4027,603,789,240,324,175,115,78,0,14,295,213,0,14,0,14,55,63,24,38,31,48,3238,620,871,400,21,35,303,275,0,14,0,14,1260,438,783,504,746,501,37,69
1400000US06037576402,4404,623,1573,373,340,134,458,185,0,14,578,221,0,14,0,14,197,194,0,14,197,194,2831,662,1218,473,0,14,73,91,32,43,0,14,1066,539,442,253,431,254,11,17
1400000US06037576403,4854,774,1880,469,439,210,422,228,0,14,588,248,0,14,104,103,327,227,65,104,262,206,2974,635,1005,510,0,14,41,50,0,14,0,14,1519,530,409,182,409,182,0,14
1400000US06037576501,2926,357,1608,351,741,156,427,241,0,14,144,115,0,14,0,14,296,245,75,90,221,173,1318,333,209,145,15,22,0,14,0,14,0,14,524,244,570,332,522,339,48,44
1400000US06037576502,5064,1010,2580,675,1069,242,1094,661,11,17,140,87,0,19,32,39,234,155,15,23,219,154,2484,533,925,318,156,248,75,98,66,102,0,19,667,392,595,415,389,248,206,212
1400000US06037576503,3715,387,2087,366,1305,266,236,82,0,14,285,154,0,14,37,54,224,175,6,9,218,175,1628,433,384,189,0,14,14,16,27,44,0,14,1011,337,192,111,78,76,114,80
1400000US06037576601,4204,466,2688,396,1477,345,412,165,14,23,630,265,11,29,22,35,122,137,26,43,96,130,1516,318,530,293,0,14,31,50,32,53,21,35,343,180,559,248,497,249,62,77
1400000US06037576602,4408,648,3058,575,1979,501,626,312,2,3,183,108,92,137,0,14,176,103,107,88,69,62,1350,520,506,381,0,14,0,14,74,121,0,14,357,215,413,211,249,175,164,129
1400000US06037576700,4229,542,2831,507,2052,459,191,147,0,14,182,104,72,91,13,22,321,166,15,25,306,165,1398,384,737,342,0,14,84,78,54,70,0,14,326,134,197,106,154,96,43,41
1400000US06037576801,3437,650,2135,341,1130,257,225,152,17,27,431,182,0,14,65,100,267,180,87,145,180,95,1302,511,779,480,0,14,0,14,18,30,0,14,247,165,258,158,206,144,52,51
1400000US06037576802,4389,673,2580,392,1762,347,478,228,0,14,181,107,21,35,21,31,117,108,55,72,62,63,1809,568,964,583,18,29,13,18,83,115,0,14,449,282,282,125,253,132,29,48
1400000US06037576901,4944,692,2083,370,777,299,291,146,5,9,753,174,0,14,56,81,201,183,66,82,135,161,2861,738,1645,766,0,14,104,110,42,67,0,14,890,459,180,101,146,90,34,39
1400000US06037576903,4048,439,1318,243,776,205,317,150,0,14,176,125,0,14,0,14,49,57,0,14,49,57,2730,494,1694,575,0,14,68,79,0,14,0,14,610,251,358,185,318,173,40,43
1400000US06037576904,3330,518,1811,350,922,295,566,268,9,67,181,94,0,14,11,20,122,86,8,12,114,87,1519,396,835,362,8,13,83,84,16,23,0,14,359,237,218,157,191,154,27,32
1400000US06037577000,7177,1089,4633,742,2477,482,886,340,0,19,656,399,182,275,37,59,395,183,16,26,379,181,2544,849,884,379,17,28,195,220,64,99,0,19,1058,721,326,168,231,150,95,77
1400000US06037577100,7179,842,4539,739,3548,601,209,215,0,19,426,224,0,19,0,19,356,214,16,28,340,212,2640,721,1232,627,22,37,88,94,78,94,0,19,247,166,973,465,857,449,116,76
1400000US06037577200,5432,669,4284,631,2867,487,260,188,25,38,611,506,0,19,230,277,291,181,14,23,277,176,1148,323,577,270,61,96,46,53,31,38,0,19,153,152,280,152,249,146,31,36
1400000US06037577300,5869,773,4533,796,2992,638,372,280,104,163,369,283,305,280,34,35,357,197,151,142,206,150,1336,478,412,224,0,19,24,37,0,19,0,19,598,463,302,180,289,179,13,20
1400000US06037577400,3112,444,2625,428,2233,431,98,80,0,14,188,117,0,14,8,13,98,90,42,76,56,44,487,150,204,109,47,71,2,5,24,36,0,14,35,39,175,106,128,90,47,57
1400000US06037577501,3209,378,2757,391,2358,369,33,40,8,13,218,148,0,14,27,34,113,70,85,73,28,35,452,158,141,89,13,20,21,34,0,14,0,14,71,58,206,113,146,105,60,72
1400000US06037577504,1223,224,1024,196,871,172,26,41,0,14,83,41,0,14,0,14,44,23,7,11,37,23,199,91,101,70,0,14,0,14,0,14,0,14,52,66,46,37,26,21,20,30
1400000US06037577602,3301,308,2568,296,2156,277,42,41,30,35,232,140,0,14,0,14,108,57,0,14,108,57,733,235,161,121,0,14,49,53,0,14,0,14,44,34,479,205,442,214,37,29
1400000US06037577604,1638,419,1382,437,1144,389,31,25,0,14,23,21,0,14,14,16,170,143,5,7,165,143,256,111,91,48,0,14,10,15,0,14,0,14,4,7,151,99,133,95,18,20
1400000US06037577605,4668,608,3927,628,3530,626,17,27,24,39,234,146,0,14,18,29,104,72,18,28,86,64,741,238,119,119,0,14,0,14,43,45,0,14,30,33,549,204,509,209,40,46
1400000US06037577606,3757,927,2945,771,2361,816,90,79,0,14,256,134,17,29,89,95,132,93,0,14,132,93,812,545,568,556,0,14,28,42,0,14,0,14,108,88,108,82,80,51,28,37
1400000US06037577700,4652,615,2212,519,76,37,760,234,0,14,824,263,44,41,90,105,418,347,0,14,418,347,2440,386,248,188,16,21,244,184,0,14,14,18,1067,430,851,247,799,260,52,62
1400000US06037577800,4722,605,1471,426,1023,455,115,132,0,14,294,108,0,14,0,14,39,48,0,14,39,48,3251,573,885,496,0,14,289,303,9,16,0,14,1348,457,720,271,650,244,70,96
1400000US06037577900,6928,1052,4763,1113,1572,374,1399,845,10,23,1328,581,10,22,131,168,313,284,70,72,243,277,2165,837,368,230,18,28,147,121,0,19,0,19,1163,882,469,232,349,188,120,144
1400000US06037578000,5403,1020,1733,257,410,162,444,146,21,36,715,241,15,24,0,19,128,77,10,16,118,76,3670,1032,1321,761,11,17,44,54,0,19,0,19,1366,447,928,566,548,440,380,386
1400000US06037578100,2273,47,1770,151,1098,154,149,61,0,14,414,101,0,14,15,23,94,52,0,14,94,52,503,148,154,84,10,20,2,6,0,14,0,14,270,154,67,52,67,52,0,14
1400000US06037599000,3074,202,1498,475,1491,475,2,3,1,3,4,6,0,14,0,14,0,14,0,14,0,14,1576,496,424,355,0,14,0,14,0,14,0,14,345,306,807,441,807,441,0,14
1400000US06037599100,554,214,205,86,118,78,16,24,0,14,27,42,0,14,0,14,44,55,13,32,31,44,349,209,19,27,0,14,11,25,0,14,0,14,172,173,147,187,147,187,0,14
1400000US06037600100,7423,1064,2045,503,4,5,1997,507,13,20,1,4,0,19,12,20,18,29,18,29,0,19,5378,1027,672,511,37,50,0,19,0,19,0,19,2636,871,2033,864,2011,867,22,36
1400000US06037600201,4830,835,1291,379,19,20,1229,375,0,14,1,3,0,14,38,56,4,6,0,14,4,6,3539,903,84,132,0,14,97,130,0,14,4,7,1411,773,1943,975,1833,963,110,119
1400000US06037600202,6670,1283,2849,696,172,112,2314,696,0,19,0,19,290,318,0,19,73,95,0,19,73,95,3821,1078,0,19,0,19,32,50,210,331,53,85,2322,845,1204,693,1072,677,132,154
1400000US06037600302,2678,530,1456,391,72,86,1295,363,0,14,0,14,52,82,0,14,37,49,0,14,37,49,1222,439,99,132,37,64,0,14,0,14,0,14,769,427,317,230,317,230,0,14
1400000US06037600303,4605,869,1007,314,7,9,681,272,148,179,27,50,0,14,119,146,25,38,0,14,25,38,3598,935,74,118,0,14,0,14,0,14,0,14,1384,564,2140,758,2117,760,23,34
1400000US06037600304,3623,792,933,262,61,61,811,265,0,14,0,14,0,14,0,14,61,63,37,52,24,27,2690,816,301,194,14,22,0,14,3,6,0,14,934,499,1438,709,1438,709,0,14
1400000US06037600400,4294,563,3436,559,69,70,2712,565,0,14,218,153,0,14,98,102,339,312,223,291,116,101,858,345,280,261,26,37,31,35,0,14,0,14,217,133,304,280,296,283,8,13
1400000US06037600501,2478,367,2044,357,61,40,1883,321,0,14,21,30,0,14,32,40,47,39,0,14,47,39,434,171,79,107,8,12,0,14,0,14,0,14,312,131,35,41,35,41,0,14
1400000US06037600601,2394,317,1987,291,73,62,1830,314,0,14,0,14,0,14,4,6,80,69,0,14,80,69,407,228,0,14,15,21,36,60,0,14,0,14,182,163,174,137,174,137,0,14
1400000US06037600602,2760,713,474,177,12,15,315,165,0,14,31,38,0,14,44,44,72,57,21,34,51,50,2286,741,139,168,0,14,18,21,97,136,0,14,1066,567,966,450,966,450,0,14
1400000US06037600702,4704,728,3790,749,131,91,3469,693,0,14,16,25,0,14,10,18,164,151,135,151,29,24,914,389,249,236,25,41,0,14,0,14,0,14,436,260,204,194,201,194,3,27
1400000US06037600703,1773,237,1762,236,45,39,1573,225,0,14,90,95,0,14,0,14,54,55,4,7,50,54,11,17,0,14,0,14,0,14,0,14,0,14,11,17,0,14,0,14,0,14
1400000US06037600704,2643,366,2269,400,275,204,1739,312,35,57,68,99,0,14,0,14,152,138,56,80,96,108,374,203,32,53,0,14,0,14,0,14,0,14,208,165,134,99,106,89,28,48
1400000US06037600801,3018,590,2728,580,134,127,2383,546,0,14,47,50,0,14,0,14,164,166,32,40,132,160,290,163,165,140,8,11,0,14,0,14,0,14,57,99,60,72,60,72,0,14
1400000US06037600802,2570,474,2194,481,116,84,1940,430,0,14,1,2,0,14,0,14,137,92,11,21,126,89,376,239,31,52,0,14,0,14,0,14,0,14,131,124,214,217,214,217,0,14
1400000US06037600902,6585,1274,4529,1162,329,259,3388,1081,0,19,107,98,0,19,141,206,564,518,387,498,177,178,2056,698,68,70,145,241,0,19,18,31,0,19,1610,622,215,229,178,219,37,58
1400000US06037600911,3595,1001,1312,268,300,139,677,218,8,14,24,27,0,14,20,33,283,162,45,66,238,124,2283,968,109,93,0,14,104,86,0,14,0,14,1199,397,871,880,723,886,148,134
1400000US06037600912,4522,535,1160,264,392,183,663,196,0,14,0,14,0,14,0,14,105,69,30,42,75,62,3362,569,227,208,27,41,63,77,32,34,0,14,2102,538,911,427,834,414,77,80
1400000US06037601001,2614,672,1605,283,277,146,975,240,0,14,251,152,0,14,23,37,79,63,20,30,59,56,1009,645,15,19,173,149,0,14,0,14,0,14,213,144,608,626,604,625,4,10
1400000US06037601002,5222,706,3247,724,247,164,2731,690,26,43,45,51,0,19,21,33,177,242,0,19,177,242,1975,372,60,69,0,19,24,38,0,19,0,19,1244,471,647,345,647,345,0,19
1400000US06037601100,6188,979,2826,886,60,60,2092,876,0,19,503,388,119,176,25,39,27,45,0,19,27,45,3362,811,212,258,33,53,0,19,11,70,5,23,2572,766,529,411,529,411,0,19
1400000US06037601202,3807,668,595,309,107,56,162,95,0,14,270,305,0,14,22,38,34,31,0,14,34,31,3212,632,229,127,0,14,170,133,0,14,0,14,2151,665,662,297,634,287,28,29
1400000US06037601211,2907,590,1604,423,173,98,1226,426,0,14,63,43,6,9,0,14,136,85,23,36,113,80,1303,470,18,26,0,14,49,74,0,14,0,14,985,480,251,189,251,189,0,14
1400000US06037601212,5295,866,1747,441,270,134,1336,448,0,19,23,41,0,19,0,19,118,104,0,19,118,104,3548,845,184,209,44,62,0,19,20,33,0,19,2019,595,1281,785,867,645,414,366
1400000US06037601301,2222,267,1496,271,383,160,871,283,0,14,55,37,0,14,0,14,187,116,63,91,124,73,726,248,38,37,12,16,87,67,0,14,0,14,333,196,256,202,163,180,93,98
1400000US06037601302,6377,895,4322,801,912,529,2835,498,0,19,173,120,0,19,30,46,372,416,0,19,372,416,2055,723,192,189,91,147,105,160,18,30,0,19,994,636,655,511,402,416,253,316
1400000US06037601303,5379,637,3608,724,291,206,3112,683,0,19,58,57,0,19,0,19,147,112,64,77,83,81,1771,516,148,159,15,35,16,22,0,19,0,19,1237,432,355,271,349,272,6,11
1400000US06037601401,6057,835,3231,560,658,219,1740,330,54,78,151,109,0,19,266,394,362,179,45,85,317,174,2826,722,23,39,0,19,21,40,0,19,0,19,1995,685,787,439,741,426,46,70
1400000US06037601402,4551,746,694,295,415,267,103,81,0,14,144,105,9,14,0,14,23,25,0,14,23,25,3857,713,393,293,9,14,123,174,0,14,0,14,2025,489,1307,604,1277,601,30,44
1400000US06037601501,3553,612,581,293,19,25,263,168,0,14,126,112,0,14,0,14,173,211,37,41,136,175,2972,630,134,154,0,14,99,113,13,20,0,14,1622,538,1104,531,1087,531,17,26
1400000US06037601502,3218,800,208,129,29,24,49,48,0,14,66,80,0,14,0,14,64,73,12,20,52,71,3010,792,154,130,0,14,45,59,0,14,0,14,1905,722,906,535,906,535,0,14
1400000US06037601600,3978,490,243,157,41,44,98,99,0,14,104,133,0,14,0,14,0,14,0,14,0,14,3735,529,219,178,0,14,0,14,0,14,0,14,1895,571,1621,518,1550,515,71,97
1400000US06037601700,5006,759,569,383,109,57,131,177,0,19,204,219,125,191,0,19,0,19,0,19,0,19,4437,802,419,321,0,19,274,300,0,19,0,19,2570,623,1174,647,1041,628,133,154
1400000US06037601801,3082,363,196,119,16,18,52,45,0,14,92,103,0,14,30,38,6,9,6,9,0,14,2886,358,344,209,0,14,283,200,0,14,0,14,1557,332,702,247,675,250,27,28
1400000US06037601802,3164,492,212,116,119,91,0,14,4,10,34,40,0,14,55,64,0,14,0,14,0,14,2952,503,390,215,0,14,33,44,0,14,0,14,1680,447,849,431,827,425,22,30
1400000US06037601900,4498,605,1022,494,58,47,817,489,0,14,47,54,0,14,0,14,100,70,0,14,100,70,3476,491,114,107,0,14,74,109,0,14,0,14,1899,470,1389,618,1327,612,62,64
1400000US06037602002,3044,547,645,211,141,123,387,203,0,14,51,35,0,14,12,18,54,47,0,14,54,47,2399,526,9,21,0,14,142,128,0,14,0,14,1585,360,663,398,626,388,37,48
1400000US06037602003,4005,596,811,379,92,74,673,363,0,14,46,49,0,14,0,14,0,14,0,14,0,14,3194,691,336,226,0,14,23,28,0,14,0,14,1871,570,964,485,911,485,53,77
1400000US06037602103,5527,664,1757,518,211,138,1344,532,0,19,199,188,0,19,0,19,3,7,0,19,3,7,3770,562,472,323,0,19,204,236,0,19,0,19,1045,550,2049,818,2046,818,3,6
1400000US06037602104,5401,796,1443,363,211,135,815,287,0,19,272,160,0,19,0,19,145,65,21,32,124,49,3958,683,116,155,0,19,129,157,0,19,26,32,1694,490,1993,670,1924,663,69,69
1400000US06037602105,4255,591,1742,555,285,328,1112,452,70,114,108,80,44,67,6,10,117,103,88,117,29,44,2513,585,393,226,11,16,336,264,10,16,0,14,637,337,1126,537,1005,521,121,156
1400000US06037602106,5992,1150,2916,1067,489,309,1091,701,0,19,897,490,33,49,0,19,406,325,177,241,229,238,3076,739,402,262,91,149,0,19,0,19,0,19,900,370,1683,712,1532,707,151,230
1400000US06037602201,4458,699,2925,668,1174,346,532,309,0,14,894,478,0,14,13,19,312,293,36,43,276,291,1533,251,298,167,0,14,25,28,0,14,0,14,302,196,908,272,797,268,111,108
1400000US06037602202,2728,799,1152,401,400,348,70,51,0,14,479,164,0,14,0,14,203,280,0,14,203,280,1576,535,32,36,0,14,13,21,0,14,0,14,362,268,1169,477,987,457,182,238
1400000US06037602301,6936,970,3397,773,2026,751,223,157,0,19,723,221,0,19,0,19,425,218,19,30,406,215,3539,595,853,405,0,19,71,62,10,17,0,19,975,330,1630,525,1562,515,68,81
1400000US06037602302,4651,467,3902,474,2392,424,66,60,0,14,1097,287,29,43,0,14,318,149,0,14,318,149,749,314,213,166,0,14,25,38,22,33,0,14,196,167,293,165,192,128,101,97
1400000US06037602402,6969,1188,2203,331,1449,225,202,127,1,5,380,199,0,19,0,19,171,130,44,63,127,110,4766,1140,579,454,28,47,61,98,151,152,0,19,1116,585,2831,1032,2819,1031,12,20
1400000US06037602403,3969,427,1330,273,370,133,630,258,0,14,257,125,13,20,41,41,19,30,19,30,0,14,2639,359,198,161,0,14,54,75,0,14,0,14,467,230,1920,352,1920,352,0,14
1400000US06037602404,5636,1095,1945,419,178,84,1006,418,0,19,474,230,183,228,0,19,104,120,0,19,104,120,3691,1120,996,1020,0,19,49,61,20,30,0,19,1366,397,1260,449,1174,430,86,78
1400000US06037602504,4681,519,2132,511,252,149,1391,474,20,30,259,146,0,14,87,138,123,117,64,81,59,77,2549,513,273,191,32,50,43,70,0,14,0,14,1946,478,255,196,243,196,12,18
1400000US06037602505,4459,587,1415,315,188,78,862,284,0,14,132,101,0,14,81,81,152,152,90,140,62,65,3044,619,180,162,0,14,197,237,0,14,0,14,2105,555,562,317,531,320,31,38
1400000US06037602506,4296,484,2146,337,108,73,1589,321,0,14,125,91,0,14,120,147,204,158,14,22,190,160,2150,466,340,323,0,14,94,143,0,14,0,14,1107,364,609,369,609,369,0,14
1400000US06037602507,4574,571,2518,393,111,85,2007,388,1,4,256,164,5,13,39,61,99,91,33,50,66,80,2056,562,12,18,31,50,38,59,0,14,0,14,1571,539,404,215,404,215,0,14
1400000US06037602510,4001,932,1653,824,16,24,1345,812,113,135,132,111,0,14,47,74,0,14,0,14,0,14,2348,495,19,31,0,14,68,86,0,14,0,14,1679,496,582,390,434,316,148,195
1400000US06037602511,4395,1379,2686,1406,12,27,2570,1401,0,14,91,83,0,14,0,14,13,22,0,14,13,22,1709,520,150,114,0,14,358,280,0,14,0,14,783,455,418,393,385,389,33,37
1400000US06037602512,1928,371,939,301,131,87,124,97,148,223,484,138,0,14,0,14,52,71,47,71,5,8,989,195,82,70,0,14,8,17,0,14,0,14,479,223,420,229,380,231,40,56
1400000US06037602513,1433,299,800,259,44,24,734,263,0,14,22,23,0,14,0,14,0,14,0,14,0,14,633,199,14,22,15,23,17,23,0,14,0,14,523,219,64,96,64,96,0,14
1400000US06037602601,4990,815,3743,774,133,84,3141,815,0,14,243,124,0,14,10,18,216,212,12,20,204,214,1247,504,194,135,33,56,76,116,0,14,0,14,551,360,393,334,389,333,4,9
1400000US06037602602,2957,738,2123,766,123,59,1657,706,7,17,214,161,0,14,31,50,91,110,0,14,91,110,834,336,126,147,54,84,0,14,0,14,0,14,371,240,283,184,283,184,0,14
1400000US06037602700,3749,573,3193,553,264,137,2403,525,0,14,368,155,0,14,0,14,158,107,56,77,102,75,556,197,33,46,17,26,0,14,0,14,0,14,72,85,434,160,329,173,105,90
1400000US06037602801,4059,756,1702,387,68,42,1498,362,31,34,2,6,13,21,90,98,0,14,0,14,0,14,2357,748,301,268,0,14,46,70,0,14,0,14,822,516,1188,710,1188,710,0,14
1400000US06037602802,4265,672,2779,653,58,50,2419,637,1,3,78,51,0,14,54,85,169,129,27,42,142,117,1486,342,41,49,78,82,25,40,0,14,45,77,607,291,690,290,674,294,16,31
1400000US06037602900,4670,681,1192,322,82,65,579,309,0,14,483,148,0,14,0,14,48,56,0,14,48,56,3478,627,140,191,0,14,307,286,0,14,40,66,1632,514,1359,667,1325,665,34,38
1400000US06037603004,1649,193,809,115,156,65,216,108,6,10,406,99,0,14,0,14,25,24,0,14,25,24,840,218,0,14,58,90,37,49,5,8,0,14,620,215,120,99,68,49,52,72
1400000US06037603005,6073,1167,2772,825,250,113,609,227,0,19,1079,514,20,33,91,96,723,683,45,42,678,682,3301,1170,408,293,23,35,191,244,0,19,0,19,1392,636,1287,730,1246,731,41,62
1400000US06037603006,1822,226,1257,216,91,58,115,80,16,21,937,212,0,14,7,10,91,93,27,34,64,86,565,154,91,65,0,14,0,14,23,27,0,14,323,184,128,59,96,43,32,49
1400000US06037603007,3463,577,1950,483,386,315,824,358,0,14,458,205,0,14,18,29,264,305,222,299,42,67,1513,529,25,41,0,14,0,14,0,14,0,14,694,404,794,427,601,376,193,153
1400000US06037603008,3820,816,1358,430,113,58,685,459,0,14,532,166,0,14,0,14,28,27,12,12,16,23,2462,644,161,144,64,87,224,192,0,14,0,14,1399,594,614,425,595,422,19,26
1400000US06037603101,4810,670,2895,537,490,187,431,274,94,136,1726,547,0,14,0,14,154,167,0,14,154,167,1915,526,220,218,80,125,31,48,0,14,0,14,1072,333,512,296,452,287,60,61
1400000US06037603102,3420,574,2140,521,357,188,428,274,0,14,1235,446,0,14,0,14,120,104,11,17,109,109,1280,434,160,120,0,14,0,14,25,38,0,14,882,372,213,180,213,180,0,14
1400000US06037603200,3364,434,2476,437,419,247,263,118,0,14,1652,460,0,14,66,58,76,56,7,12,69,56,888,176,97,108,21,36,12,22,0,14,0,14,482,255,276,201,160,141,116,154
1400000US06037603301,3431,524,2053,360,229,94,47,52,0,14,1572,322,0,14,44,52,161,96,21,29,140,91,1378,466,139,130,0,14,46,62,56,56,0,14,685,417,452,259,335,250,117,107
1400000US06037603302,4315,543,2551,451,129,62,269,138,0,14,2015,432,0,14,37,59,101,81,22,42,79,74,1764,402,91,75,0,14,0,14,0,14,38,55,1077,325,558,258,411,218,147,125
1400000US06037603400,3979,498,2219,463,446,150,409,240,11,15,1077,280,14,25,33,49,229,106,21,22,208,103,1760,309,272,207,8,13,128,132,17,29,0,14,817,333,518,228,500,220,18,29
1400000US06037603500,2749,417,1231,217,186,101,427,192,0,14,481,123,18,22,21,19,98,67,0,14,98,67,1518,430,169,134,10,15,4,9,9,15,0,14,302,151,1024,432,988,429,36,27
1400000US06037603600,3910,509,2241,376,799,268,150,173,0,14,1096,234,0,14,32,41,164,112,0,14,164,112,1669,457,291,213,0,14,56,85,149,175,0,14,802,432,371,207,244,156,127,138
1400000US06037603702,5008,529,2924,564,1650,434,20,28,62,84,859,370,0,19,14,22,319,236,181,217,138,93,2084,476,406,406,0,19,184,263,31,36,0,19,960,547,503,293,455,295,48,49
1400000US06037603703,2631,429,1715,397,534,152,369,263,0,14,519,163,266,368,12,18,15,17,0,14,15,17,916,313,142,98,2,5,0,14,6,8,0,14,382,198,384,247,259,150,125,185
1400000US06037603705,2860,640,1611,511,146,84,1433,516,0,14,32,34,0,14,0,14,0,14,0,14,0,14,1249,455,53,68,0,14,0,14,0,14,0,14,878,428,318,204,288,197,30,45
1400000US06037603706,3423,442,645,235,124,113,359,204,0,14,133,91,0,14,0,14,29,31,0,14,29,31,2778,481,204,249,44,72,154,127,2,4,0,14,1277,507,1097,469,942,395,155,226
1400000US06037603801,4712,628,2192,642,445,240,881,383,10,12,807,457,0,14,10,22,39,32,8,13,31,30,2520,398,578,312,6,13,84,97,42,84,0,14,608,290,1202,346,1065,350,137,110
1400000US06037603802,3510,583,1381,528,204,136,429,302,0,14,587,221,0,14,12,21,149,140,0,14,149,140,2129,316,277,186,0,14,46,54,0,14,0,14,917,348,889,362,836,369,53,59
1400000US06037603901,4065,469,1563,462,982,461,111,115,0,14,431,272,0,14,0,14,39,47,0,14,39,47,2502,539,196,164,1,3,17,28,0,14,0,14,943,355,1345,559,1251,555,94,97
1400000US06037603902,3446,903,983,286,384,192,0,14,0,14,570,285,0,14,0,14,29,39,0,14,29,39,2463,922,534,494,0,14,0,14,0,14,0,14,1045,462,884,770,884,770,0,14
1400000US06037604001,4780,1123,1369,319,842,258,130,149,0,14,148,87,0,14,0,14,249,152,0,14,249,152,3411,1171,264,229,0,14,206,313,10,18,0,14,1170,552,1761,1080,1534,1034,227,240
1400000US06037604002,3805,434,1712,337,934,242,188,101,4,10,403,251,0,14,0,14,183,140,0,14,183,140,2093,335,153,125,0,14,0,14,0,14,0,14,890,251,1050,330,905,315,145,116
1400000US06037604101,3923,922,761,265,336,250,81,113,101,107,159,103,0,14,0,14,84,102,43,58,41,83,3162,897,474,307,59,89,365,356,10,17,0,14,933,404,1321,759,1268,755,53,44
1400000US06037604102,2540,571,782,219,317,118,146,127,0,14,319,183,0,14,0,14,0,14,0,14,0,14,1758,524,235,161,0,14,9,15,24,39,0,14,570,321,920,328,840,333,80,80
1400000US06037604200,5603,765,2196,475,356,305,1458,398,0,19,107,100,11,17,209,191,55,49,0,19,55,49,3407,732,400,480,0,19,72,86,0,19,0,19,2015,610,920,434,886,416,34,52
1400000US06037609900,1770,313,949,165,553,124,137,61,5,9,179,156,7,18,27,26,41,31,0,14,41,31,821,293,264,223,0,14,47,41,6,9,0,14,211,162,293,100,274,97,19,21
1400000US06037620001,4242,437,3365,389,2238,353,190,213,0,14,446,134,0,14,16,19,475,203,143,108,332,162,877,346,144,138,0,14,11,17,0,14,0,14,77,67,645,290,614,291,31,32
1400000US06037620002,3463,476,2785,456,1891,347,175,176,0,14,410,164,0,14,0,14,309,111,28,33,281,101,678,220,145,122,0,14,0,14,0,14,0,14,181,151,352,170,330,170,22,25
1400000US06037620101,5050,528,4193,530,2870,535,119,106,0,19,696,286,0,19,0,19,508,347,271,358,237,165,857,386,150,109,0,19,0,19,0,19,0,19,156,149,551,322,450,311,101,131
1400000US06037620102,4014,505,3092,504,2539,508,0,14,9,12,339,186,0,14,0,14,205,87,52,48,153,78,922,197,237,165,0,14,31,32,0,14,0,14,97,95,557,186,527,176,30,48
1400000US06037620201,1559,359,1472,364,1184,351,17,19,11,19,130,76,0,14,0,14,130,82,0,14,130,82,87,42,26,23,0,14,0,14,0,14,0,14,13,14,48,37,44,36,4,6
1400000US06037620301,4270,483,3871,498,3201,474,22,32,0,14,342,163,0,14,52,81,254,148,62,92,192,114,399,200,147,118,0,14,0,14,0,14,0,14,39,66,213,137,174,132,39,40
1400000US06037620303,4741,545,4444,569,3460,563,13,20,0,14,758,269,0,14,0,14,213,119,27,21,186,116,297,192,22,35,0,14,0,14,0,14,0,14,27,32,248,165,219,157,29,47
1400000US06037620305,5844,942,5482,890,4698,802,0,19,9,15,362,209,0,19,25,34,388,184,0,19,388,184,362,244,18,27,18,30,0,19,0,19,0,19,75,83,251,179,182,143,69,113
1400000US06037620400,5045,804,4606,811,2876,454,58,56,0,19,1232,712,0,19,114,179,326,158,32,48,294,147,439,166,17,27,0,19,13,22,0,19,0,19,146,131,263,106,263,106,0,19
1400000US06037620501,6133,737,5487,754,3002,522,622,448,0,19,1152,408,0,19,75,82,636,261,41,40,595,260,646,428,69,68,14,46,0,19,0,19,0,19,119,143,444,330,444,330,0,19
1400000US06037620521,4414,754,3527,726,1987,726,75,58,0,14,1066,273,0,14,42,60,357,140,54,45,303,125,887,342,119,100,0,14,7,12,131,136,0,14,324,240,306,119,245,119,61,53
1400000US06037620522,4683,461,3668,436,2091,446,32,47,0,14,1005,178,0,14,79,115,461,197,184,184,277,122,1015,250,67,61,15,23,7,13,0,14,0,14,225,140,701,214,613,206,88,66
1400000US06037620601,5881,601,4765,612,2486,468,99,97,0,19,1551,663,0,19,45,62,584,335,169,224,415,222,1116,386,327,233,2,3,51,57,51,73,0,19,356,219,329,190,322,189,7,11
1400000US06037620602,5899,773,5215,697,3063,666,86,106,61,64,1147,342,159,208,23,36,676,379,303,295,373,272,684,288,113,74,0,19,66,69,17,28,0,19,213,109,275,187,225,167,50,77
1400000US06037620701,7033,712,6099,636,4037,653,108,115,32,50,1185,316,0,19,26,34,711,346,147,164,564,306,934,461,213,213,0,19,15,24,0,19,0,19,129,103,577,349,474,337,103,116
1400000US06037620703,3547,575,3034,568,2091,546,0,14,21,38,467,224,0,14,12,19,443,247,92,86,351,229,513,208,171,166,0,14,0,14,0,14,0,14,113,127,229,124,203,121,26,40
1400000US06037620704,3835,637,3562,630,2250,450,0,14,6,10,985,527,0,14,0,14,321,125,19,23,302,126,273,159,61,67,0,14,0,14,0,14,0,14,82,116,130,83,95,51,35,45
1400000US06037620801,3842,464,3606,474,2343,405,28,41,0,14,981,295,0,14,0,14,254,154,0,14,254,154,236,110,26,30,0,14,0,14,0,14,0,14,52,54,158,105,158,105,0,14
1400000US06037620802,3550,762,3248,759,2396,772,132,153,36,64,455,111,0,14,14,22,215,125,31,39,184,124,302,140,131,117,0,14,21,27,0,14,0,14,16,17,134,80,104,69,30,39
1400000US06037620901,2722,451,2333,332,1818,308,11,13,0,14,238,136,0,14,44,44,222,136,60,41,162,125,389,256,24,26,0,14,0,14,0,14,0,14,23,22,342,252,233,125,109,168
1400000US06037620904,2637,317,2517,277,2341,289,0,14,0,14,63,52,0,14,0,14,113,87,9,13,104,85,120,128,15,20,0,14,0,14,0,14,0,14,15,22,90,116,90,116,0,14
1400000US06037621001,4954,550,4372,515,3250,557,11,28,7,11,448,235,0,14,30,44,626,336,104,84,522,332,582,221,53,43,0,14,0,14,0,14,0,14,175,104,354,199,354,199,0,14
1400000US06037621005,4830,645,4336,597,3814,536,23,35,33,36,192,125,0,14,0,14,274,177,38,59,236,165,494,231,120,92,0,14,162,147,0,14,0,14,93,115,119,90,61,41,58,84
1400000US06037621102,3032,392,2661,347,2098,318,111,75,0,14,225,162,9,13,0,14,218,114,31,36,187,110,371,156,51,51,8,14,0,14,0,14,0,14,83,57,229,127,195,126,34,42
1400000US06037621104,6247,658,5418,504,4206,486,22,35,0,19,508,215,0,19,0,19,682,204,37,42,645,199,829,566,31,37,0,19,0,19,17,26,0,19,216,140,565,482,418,479,147,89
1400000US06037621201,7226,676,5940,649,4297,606,332,311,0,19,743,268,24,38,18,29,526,277,13,21,513,274,1286,372,256,191,0,19,0,19,50,73,0,19,337,238,643,325,350,188,293,369
1400000US06037621204,2819,424,2557,394,1720,394,120,135,8,14,581,223,0,14,8,12,120,76,11,17,109,75,262,117,28,35,0,14,0,14,0,14,0,14,66,55,168,109,156,107,12,21
1400000US06037621301,7118,709,5723,860,3724,733,223,131,0,19,998,285,12,22,123,115,643,337,51,83,592,321,1395,532,230,205,0,19,0,19,0,19,0,19,69,85,1096,426,998,414,98,104
1400000US06037621324,3252,864,2831,812,2426,784,112,85,19,30,136,84,0,14,0,14,138,108,60,61,78,85,421,252,0,14,0,14,0,14,0,14,0,14,133,107,288,179,288,179,0,14
1400000US06037621326,3052,496,2637,470,2031,438,47,41,0,14,216,132,32,51,17,22,294,124,44,37,250,120,415,226,60,43,0,14,0,14,0,14,0,14,119,94,236,192,226,192,10,16
1400000US06037621400,4399,659,3682,580,2602,428,17,26,0,14,810,380,0,14,28,33,225,144,31,48,194,141,717,290,202,145,0,14,0,14,0,14,0,14,164,91,351,171,283,171,68,58
1400000US06037650001,6087,638,4858,595,1461,475,66,62,0,19,2811,414,0,19,39,62,481,299,0,19,481,299,1229,314,136,140,0,19,85,110,0,19,0,19,791,355,217,116,183,112,34,41
1400000US06037650003,2912,344,2255,411,747,326,310,254,0,14,905,270,30,33,12,19,251,114,24,32,227,113,657,249,120,77,3,10,8,13,9,14,0,14,235,188,282,112,245,103,37,45
1400000US06037650004,4337,840,2836,363,622,166,393,300,13,22,1647,325,0,14,40,40,121,79,9,14,112,75,1501,791,504,588,0,14,0,14,0,14,0,14,684,354,313,148,239,130,74,76
1400000US06037650101,4841,840,4248,813,991,337,56,69,0,14,2716,596,15,20,53,64,417,270,0,14,417,270,593,226,57,98,0,14,0,14,72,69,3,11,139,122,322,180,237,152,85,74
1400000US06037650102,2187,294,1613,234,721,193,35,30,13,25,617,120,0,14,0,14,227,137,98,115,129,85,574,196,82,75,0,14,2,4,0,14,0,14,264,134,226,131,212,138,14,43
1400000US06037650200,5945,596,4079,440,1900,297,280,283,0,19,1634,241,0,19,10,17,255,132,45,49,210,103,1866,487,217,109,0,19,16,21,21,22,0,19,805,516,807,347,631,293,176,154
1400000US06037650300,7693,1061,5397,1026,1424,426,234,191,8,15,3233,1079,0,19,225,258,273,252,0,19,273,252,2296,540,237,166,0,19,21,37,0,19,0,19,704,205,1334,584,1320,588,14,25
1400000US06037650401,4360,605,3693,606,1595,240,68,78,0,14,1616,423,0,14,0,14,414,209,54,53,360,202,667,186,49,54,0,14,0,14,0,14,0,14,358,190,260,119,212,96,48,73
1400000US06037650501,2772,356,2418,358,1205,180,0,14,0,14,942,205,10,16,0,14,261,160,0,14,261,160,354,99,43,45,0,14,0,14,0,14,0,14,45,30,266,81,266,81,0,14
1400000US06037650502,4177,579,3575,507,1820,316,281,418,0,14,1174,225,0,14,22,36,278,146,48,59,230,135,602,246,149,147,0,14,0,14,0,14,0,14,149,79,304,207,192,186,112,93
1400000US06037650603,3454,384,3127,414,1516,262,79,95,0,14,1335,362,0,14,54,67,143,89,10,17,133,87,327,153,0,14,0,14,0,14,0,14,0,14,197,110,130,90,121,87,9,15
1400000US06037650604,5438,1199,4091,768,1407,596,190,124,48,62,1870,446,70,89,0,19,506,344,248,303,258,155,1347,789,304,177,0,19,0,19,0,19,0,19,356,203,687,707,560,699,127,111
1400000US06037650605,2668,309,2424,346,548,159,145,132,0,14,1571,327,0,14,0,14,160,122,80,107,80,70,244,135,88,97,0,14,0,14,0,14,0,14,51,44,105,80,93,75,12,20
1400000US06037650606,4042,475,3297,462,1138,284,472,258,0,14,1500,357,24,29,4,8,159,102,24,42,135,93,745,289,129,101,0,14,22,42,0,14,0,14,376,184,218,229,205,226,13,18
1400000US06037650607,2858,510,2478,440,453,180,208,291,0,14,1028,305,413,447,124,144,252,187,115,154,137,94,380,315,0,14,23,27,0,14,0,14,0,14,300,310,57,65,57,65,0,14
1400000US06037650701,2591,247,2174,249,1076,227,21,23,0,14,865,162,11,17,0,14,201,138,5,7,196,137,417,142,125,117,5,10,6,11,0,14,0,14,40,36,241,117,199,104,42,53
1400000US06037650702,4754,471,4030,449,2013,264,2,5,0,14,1222,295,11,18,27,42,755,345,227,296,528,198,724,258,82,68,0,14,8,12,132,173,0,14,106,94,396,210,365,201,31,52
1400000US06037650801,3931,553,3625,591,617,159,29,53,0,14,2752,562,0,14,0,14,227,155,0,14,227,155,306,161,61,80,0,14,37,56,8,14,0,14,153,151,47,41,36,38,11,16
1400000US06037650802,3495,547,3263,538,685,178,75,71,0,14,2375,491,0,14,0,14,128,91,0,14,128,91,232,136,11,21,0,14,0,14,25,44,0,14,178,122,18,29,0,14,18,29
1400000US06037650901,4920,542,3543,536,1490,286,323,232,0,14,1580,385,0,14,0,14,150,131,25,74,125,106,1377,560,552,428,0,14,0,14,24,43,0,14,403,247,398,228,387,226,11,18
1400000US06037650903,4888,1498,2774,422,1337,380,232,164,0,14,953,236,0,14,23,44,229,131,62,51,167,128,2114,1462,184,126,0,14,0,14,58,74,0,14,1608,1475,264,209,227,168,37,46
1400000US06037650904,2440,310,2198,379,442,181,215,178,28,43,1346,324,8,14,12,20,147,116,37,31,110,111,242,207,0,14,0,14,14,29,0,14,0,14,185,207,43,56,43,56,0,14
1400000US06037651001,5360,647,3917,620,1789,311,115,92,0,19,1495,450,0,19,10,17,508,182,29,37,479,181,1443,398,382,308,0,19,7,15,0,19,0,19,588,268,466,221,372,222,94,106
1400000US06037651002,4571,544,3579,431,1241,232,77,63,0,14,2071,440,0,14,0,14,190,107,21,32,169,101,992,260,55,93,0,14,0,14,0,14,0,14,387,266,550,176,322,179,228,178
1400000US06037651101,4732,532,4122,522,1558,292,319,222,0,14,1952,470,0,14,0,14,293,132,35,42,258,127,610,179,37,37,0,14,0,14,26,31,0,14,454,162,93,110,39,32,54,85
1400000US06037651102,4179,646,3908,640,1616,467,340,324,0,14,1744,430,0,14,9,14,199,129,28,31,171,118,271,130,37,38,0,14,0,14,60,82,0,14,91,84,83,57,83,57,0,14
1400000US06037651201,4391,904,3721,805,2066,371,19,28,19,24,1311,731,0,14,0,14,306,127,68,68,238,119,670,316,78,84,0,14,0,14,0,14,0,14,89,106,503,272,275,169,228,228
1400000US06037651221,3502,608,2642,390,995,232,153,147,0,14,1408,377,0,14,0,14,86,50,3,11,83,50,860,401,140,139,7,13,0,14,0,14,0,14,130,84,583,293,367,209,216,189
1400000US06037651222,6113,878,4995,850,2376,563,211,192,0,19,2138,716,0,19,0,19,270,197,45,74,225,186,1118,385,262,157,14,23,0,19,0,19,0,19,389,260,453,260,402,268,51,64
1400000US06037651302,5847,970,5327,961,4071,731,0,19,0,19,929,261,0,19,27,43,300,322,67,94,233,305,520,211,167,182,0,19,0,19,0,19,0,19,98,60,255,198,210,179,45,76
1400000US06037651304,5005,746,4220,590,3017,424,0,19,144,204,831,462,0,19,32,39,196,140,29,48,167,134,785,386,200,166,0,19,0,19,0,19,0,19,202,141,383,291,341,288,42,51
1400000US06037651401,2361,291,2123,311,1147,316,19,23,0,14,774,284,0,14,8,23,175,130,0,14,175,130,238,140,55,50,0,14,13,22,0,14,0,14,38,59,132,104,104,97,28,40
1400000US06037651402,5279,729,4154,642,1407,433,82,99,0,19,2240,537,0,19,21,34,404,299,103,92,301,279,1125,588,220,250,0,19,0,19,65,117,0,19,565,460,275,218,223,202,52,76
1400000US06037670001,3316,443,1844,404,979,374,67,60,11,16,480,159,0,14,12,25,295,174,146,148,149,97,1472,378,149,121,0,14,0,14,66,103,0,14,930,330,327,146,172,88,155,133
1400000US06037670002,3175,343,1991,317,1111,239,122,71,21,29,575,137,19,23,0,14,143,91,72,76,71,59,1184,323,297,201,3,4,47,44,0,14,0,14,412,163,425,236,254,166,171,157
1400000US06037670003,6034,578,4730,739,2995,702,5,7,0,19,1114,563,43,68,0,19,573,479,37,44,536,480,1304,591,52,49,0,19,23,39,27,47,0,19,678,436,524,377,438,361,86,100
1400000US06037670101,3889,678,2442,493,1128,319,317,188,0,14,340,240,0,14,0,14,657,415,50,81,607,418,1447,722,500,614,0,14,89,95,0,14,0,14,679,435,179,118,126,104,53,77
1400000US06037670102,3811,520,2252,580,697,296,366,312,0,14,960,361,0,14,63,68,166,86,18,35,148,77,1559,603,666,463,0,14,0,14,0,14,0,14,777,411,116,99,71,83,45,54
1400000US06037670201,3994,615,3460,543,2494,569,121,156,0,14,618,170,0,14,42,54,185,92,51,45,134,79,534,325,0,14,0,14,0,14,0,14,0,14,231,184,303,252,303,252,0,14
1400000US06037670202,2505,453,2307,408,1455,337,5,8,0,14,615,129,0,14,0,14,232,97,30,38,202,86,198,104,69,54,0,14,0,14,0,14,0,14,26,43,103,72,77,52,26,31
1400000US06037670324,5359,704,5129,750,3529,597,55,61,0,19,1102,911,0,19,0,19,443,191,32,48,411,174,230,159,44,53,0,19,0,19,20,31,0,19,26,33,140,112,112,101,28,46
1400000US06037670326,3184,365,3040,392,1841,379,25,29,0,14,1015,211,0,14,31,43,128,83,0,14,128,83,144,146,9,14,0,14,0,14,0,14,0,14,7,11,128,146,122,146,6,9
1400000US06037670328,4382,566,4118,545,2354,445,411,432,0,14,1050,337,0,14,30,32,273,197,0,14,273,197,264,154,193,139,0,14,0,14,0,14,0,14,9,14,62,70,62,70,0,14
1400000US06037670405,2582,389,2402,394,1096,241,49,63,0,14,1067,311,0,14,16,29,174,92,0,14,174,92,180,106,19,34,0,14,0,14,0,14,0,14,51,55,110,63,110,63,0,14
1400000US06037670406,1837,360,1779,359,613,142,147,201,0,14,764,179,0,14,21,26,234,131,15,15,219,131,58,67,0,14,0,14,0,14,34,54,0,14,19,24,5,8,5,8,0,14
1400000US06037670407,6031,832,5381,774,2282,620,286,225,0,19,2282,877,0,19,200,197,331,236,0,19,331,236,650,360,75,119,0,19,0,19,0,19,0,19,380,310,195,130,195,130,0,19
1400000US06037670413,4897,565,4549,550,2203,342,19,34,0,14,2011,422,0,14,0,14,316,175,86,131,230,129,348,204,62,52,0,14,0,14,11,17,0,14,147,98,128,136,110,135,18,22
1400000US06037670416,4055,693,3773,703,1714,357,121,88,2,4,1354,242,1,3,22,33,559,375,55,60,504,369,282,144,63,61,0,14,0,14,0,14,0,14,77,56,142,113,124,111,18,20
1400000US06037670417,2786,282,2716,279,1198,215,95,127,0,14,1108,207,0,14,33,38,282,145,2,4,280,144,70,46,20,30,0,14,0,14,0,14,0,14,5,8,45,39,45,39,0,14
1400000US06037670418,4428,548,3836,489,2105,344,64,101,0,14,1157,357,0,14,35,43,475,176,197,125,278,137,592,431,46,39,0,14,26,39,16,24,0,14,81,66,423,418,397,416,26,38
1400000US06037670500,1509,217,1414,207,964,99,99,139,0,14,290,71,0,14,5,6,56,31,1,2,55,31,95,45,13,11,0,14,3,5,0,14,0,14,24,24,55,31,41,24,14,18
1400000US06037670603,1886,296,1642,260,852,326,15,22,0,14,687,188,0,14,0,14,88,58,0,14,88,58,244,157,74,69,0,14,0,14,0,14,0,14,92,79,78,70,6,10,72,70
1400000US06037670604,4764,736,4238,747,2877,687,0,14,0,14,1074,366,0,14,0,14,287,207,29,47,258,202,526,258,31,40,0,14,0,14,0,14,0,14,71,87,424,268,424,268,0,14
1400000US06037670701,6035,586,4765,552,2953,469,9,17,0,19,1509,322,0,19,0,19,294,168,0,19,294,168,1270,402,102,96,0,19,0,19,23,38,0,19,442,249,703,328,584,315,119,141
1400000US06037670702,5770,1090,4913,1069,3275,1051,0,19,0,19,1220,381,0,19,29,46,389,312,298,300,91,82,857,367,21,34,0,19,0,19,0,19,0,19,279,241,557,306,296,209,261,253
1400000US06037700101,5584,772,4684,728,3691,736,174,162,0,19,430,244,0,19,2,16,387,183,71,71,316,163,900,281,56,55,13,23,0,19,0,19,0,19,246,157,585,292,489,238,96,131
1400000US06037700102,4237,598,3718,520,2692,492,462,416,20,35,211,137,0,14,64,84,269,159,94,79,175,122,519,361,22,35,0,14,47,80,0,14,0,14,195,260,255,270,204,254,51,58
1400000US06037700200,6549,911,4702,664,3901,628,175,197,0,19,226,154,0,19,36,57,364,207,55,81,309,189,1847,688,477,347,0,19,24,38,0,19,0,19,514,610,832,401,832,401,0,19
1400000US06037700300,5564,579,4960,555,4176,525,181,154,0,19,275,151,0,19,60,62,268,156,91,70,177,136,604,235,181,168,0,19,13,21,0,19,0,19,74,66,336,143,279,123,57,79
1400000US06037700400,4547,622,4398,609,3736,595,84,81,0,14,453,227,0,14,16,26,109,101,27,45,82,87,149,124,19,33,0,14,13,22,0,14,0,14,37,44,80,86,30,34,50,78
1400000US06037700501,4316,517,4001,531,3158,535,237,175,15,24,208,144,0,14,183,127,200,131,79,97,121,96,315,173,143,105,0,14,0,14,0,14,0,14,3,7,169,153,169,153,0,14
1400000US06037700502,4087,664,3843,669,2882,563,203,129,0,14,308,238,0,14,85,71,365,210,47,51,318,210,244,112,57,57,0,14,41,64,0,14,0,14,17,27,129,89,129,89,0,14
1400000US06037700600,4721,900,4486,901,3811,977,0,14,33,48,447,272,0,14,0,14,195,169,55,58,140,160,235,129,34,42,0,14,0,14,0,14,0,14,47,49,154,146,137,145,17,20
1400000US06037700700,2935,578,2886,579,2602,528,1,2,0,14,88,129,0,14,83,100,112,120,48,112,64,56,49,55,41,56,0,14,0,14,0,14,0,14,0,14,8,18,8,18,0,14
1400000US06037700801,4176,458,3937,464,2857,446,267,184,0,14,619,321,0,14,30,37,164,166,24,40,140,150,239,118,72,66,0,14,0,14,0,14,0,14,80,69,87,69,68,62,19,30
1400000US06037700802,4129,574,3931,508,2687,479,70,82,0,14,817,223,0,14,28,29,329,243,76,71,253,193,198,191,36,31,12,19,0,14,14,22,0,14,136,185,0,14,0,14,0,14
1400000US06037700901,4155,757,3666,826,2530,462,57,56,0,14,719,688,0,14,226,215,134,94,7,12,127,93,489,346,241,269,0,14,0,14,0,14,0,14,104,144,144,115,91,85,53,60
1400000US06037700902,6430,781,5676,790,3966,796,121,120,0,19,1068,497,0,19,174,217,347,240,26,41,321,236,754,288,179,161,0,19,0,19,25,40,0,19,199,152,351,261,351,261,0,19
1400000US06037701000,5078,622,4580,653,3343,538,157,152,0,19,506,353,0,19,38,66,536,311,79,125,457,280,498,323,94,87,0,19,0,19,0,19,0,19,217,277,187,129,166,125,21,34
1400000US06037701201,3730,332,3576,336,2745,295,0,14,0,14,448,167,0,14,96,147,287,134,13,21,274,133,154,84,39,38,0,14,2,9,0,14,0,14,12,19,101,68,101,68,0,14
1400000US06037701202,3203,418,2972,412,2536,410,7,12,0,14,223,100,6,10,20,30,180,113,27,31,153,110,231,138,41,61,0,14,0,14,0,14,0,14,53,48,137,96,124,92,13,20
1400000US06037701302,4789,538,4371,594,3312,537,65,100,76,98,619,217,0,14,30,50,269,160,0,14,269,160,418,245,70,64,0,14,27,46,0,14,0,14,2,6,319,235,205,241,114,111
1400000US06037701304,5965,752,5245,659,4329,650,63,57,14,23,618,263,0,19,0,19,221,171,0,19,221,171,720,352,333,295,0,19,39,65,0,19,0,19,40,47,308,178,286,178,22,42
1400000US06037701402,5975,777,4524,849,3506,698,88,100,0,19,671,379,53,79,45,59,161,177,0,19,161,177,1451,823,78,79,4,16,37,61,54,79,0,19,321,306,957,665,957,665,0,19
1400000US06037701501,5082,600,4885,602,3287,547,401,319,0,19,560,285,0,19,117,177,520,270,70,75,450,249,197,108,48,48,0,19,0,19,0,19,0,19,19,28,130,99,130,99,0,19
1400000US06037701502,3855,419,3084,417,2331,389,308,262,0,14,225,137,0,14,0,14,220,205,0,14,220,205,771,278,188,117,0,14,2,6,17,19,0,14,188,135,376,229,341,226,35,42
1400000US06037701601,4051,562,3704,539,2727,505,66,53,16,25,465,157,166,243,52,53,212,118,68,75,144,86,347,191,52,58,0,14,0,14,0,14,0,14,83,66,212,179,160,171,52,66
1400000US06037701602,4438,678,3699,554,2312,378,267,207,0,14,595,233,0,14,60,71,465,248,40,64,425,236,739,427,75,67,0,14,0,14,0,14,0,14,144,128,520,462,520,462,0,14
1400000US06037701701,3454,567,2925,419,1985,428,217,139,7,14,434,169,0,14,0,14,282,198,37,44,245,194,529,213,202,192,0,14,19,29,0,14,0,14,164,112,144,94,124,85,20,31
1400000US06037701702,3081,441,2576,433,1915,338,228,239,0,14,272,90,0,14,0,14,161,107,0,14,161,107,505,233,139,110,0,14,0,14,0,14,0,14,160,138,206,158,78,78,128,142
1400000US06037701801,6023,739,3785,747,1810,408,724,250,59,87,921,473,0,19,0,19,271,154,17,27,254,148,2238,424,217,144,0,19,0,19,2,36,0,19,1295,542,724,403,569,314,155,237
1400000US06037701802,4947,743,3738,513,2324,432,640,265,9,1,374,187,0,14,53,55,338,264,93,100,245,247,1209,516,168,141,10,26,0,14,0,14,0,14,392,330,639,408,606,405,33,50
1400000US06037701902,5600,584,5018,611,3512,594,262,148,13,22,619,293,0,19,41,72,571,320,309,297,262,142,582,222,131,97,0,19,15,29,0,19,0,19,162,154,274,156,192,129,82,143
1400000US06037702002,6226,610,5310,600,3660,536,929,296,0,19,510,363,0,19,19,25,192,124,41,45,151,118,916,322,201,193,36,57,113,153,0,19,0,19,325,283,241,147,108,93,133,126
1400000US06037702102,5913,792,5369,789,4204,445,110,82,0,19,415,231,0,19,63,97,577,676,61,56,516,670,544,140,217,114,37,47,0,19,0,19,0,19,131,116,159,95,159,95,0,19
1400000US06037702201,4111,551,3428,391,2840,352,166,154,0,14,283,104,0,14,9,21,130,102,21,33,109,97,683,499,42,47,0,14,10,21,0,14,0,14,107,78,524,501,198,105,326,443
1400000US06037702202,4039,455,3521,448,2870,482,65,78,10,16,271,164,0,14,24,39,281,141,0,14,281,141,518,158,65,57,0,14,16,14,9,15,0,14,162,88,266,158,245,156,21,23
1400000US06037702300,6679,790,5494,710,4420,771,135,143,0,19,618,268,0,19,33,60,288,150,39,44,249,146,1185,452,395,174,0,19,10,16,7,16,0,19,180,171,593,393,593,393,0,19
1400000US06037702400,4867,618,3434,565,2230,461,2,5,0,14,909,394,0,14,0,14,293,161,55,68,238,151,1433,556,83,84,0,14,34,50,4,12,0,14,193,128,1119,525,1009,542,110,96
1400000US06037702501,4708,485,4073,488,2695,531,2,6,0,14,955,343,0,14,22,29,399,203,141,144,258,143,635,115,71,44,31,43,0,14,0,14,0,14,82,72,451,150,346,152,105,158
1400000US06037702502,4287,451,3700,416,1657,293,500,173,0,14,1118,316,0,14,43,48,382,169,16,27,366,176,587,297,190,264,0,14,0,14,0,14,0,14,129,94,268,133,169,98,99,96
1400000US06037702600,6070,692,5443,706,3482,686,204,143,0,19,1206,266,16,27,0,19,535,391,54,86,481,380,627,254,41,47,63,99,16,30,0,19,0,19,57,51,450,189,403,190,47,73
1400000US06037702700,3257,514,2726,523,1779,391,148,211,12,19,492,192,67,95,4,8,224,122,0,14,224,122,531,192,114,116,0,14,0,14,0,14,0,14,218,137,199,106,165,93,34,50
1400000US06037702801,5479,1038,3874,1016,1921,535,76,87,28,39,1567,848,0,19,0,19,282,163,94,96,188,138,1605,672,371,413,0,19,35,43,0,19,0,19,565,537,634,370,634,370,0,19
1400000US06037702802,2151,324,1574,307,879,146,236,239,0,14,307,135,0,14,8,13,144,71,15,14,129,70,577,153,86,57,0,14,2,3,6,8,0,14,183,87,300,129,244,119,56,64
1400000US06037702803,3065,388,2014,328,1047,256,341,326,0,14,250,120,0,14,20,32,356,184,33,38,323,181,1051,320,82,62,17,44,16,18,0,14,0,14,415,268,521,330,453,329,68,102
1400000US06037702900,9176,1594,8146,1632,5592,1733,753,552,0,19,572,369,0,19,306,394,923,520,0,19,923,520,1030,470,384,376,0,19,0,19,0,19,0,19,71,129,575,220,95,139,480,213
1400000US06037703002,7589,835,6615,854,1268,354,4264,962,63,51,275,189,0,19,0,19,745,307,91,98,654,271,974,413,71,61,278,264,13,22,0,19,0,19,45,69,567,303,374,261,193,156
1400000US06037703003,6047,669,5125,689,2205,571,1145,570,0,19,1106,374,0,19,98,156,571,252,31,35,540,258,922,256,66,54,0,19,0,19,0,19,0,19,220,211,636,260,618,263,18,28
1400000US06037703100,5584,772,5110,689,575,174,3959,659,0,19,135,98,0,19,48,71,393,243,100,131,293,227,474,257,37,60,111,108,0,19,0,19,0,19,214,168,112,126,98,125,14,23
1400000US06037703200,5646,994,5352,980,792,408,4118,882,41,50,171,100,0,19,40,45,190,146,0,19,190,146,294,63,235,78,0,19,0,19,0,19,0,19,0,19,59,89,21,40,38,76
1400000US06037800101,5646,584,5276,611,4459,578,55,74,0,19,510,226,0,19,50,75,202,96,29,27,173,91,370,195,49,41,0,19,0,19,0,19,0,19,22,22,299,190,272,184,27,43
1400000US06037800103,3818,1296,3551,972,2379,527,70,106,0,14,802,755,0,14,13,20,287,154,38,53,249,149,267,364,0,14,0,14,0,14,0,14,0,14,238,358,29,44,29,44,0,14
1400000US06037800104,3728,665,3443,684,2724,783,36,46,0,14,158,145,0,14,287,438,238,123,30,39,208,121,285,130,92,85,0,14,0,14,0,14,0,14,88,85,105,67,85,55,20,36
1400000US06037800202,5912,802,5248,954,4950,966,137,219,44,56,117,85,0,19,0,19,0,19,0,19,0,19,664,477,98,92,0,19,0,19,0,19,0,19,148,111,418,378,418,378,0,19
1400000US06037800204,4384,452,4106,465,3210,426,111,151,0,14,452,362,0,14,0,14,333,183,59,92,274,153,278,162,111,91,14,21,0,14,9,15,0,14,9,14,135,93,123,94,12,21
1400000US06037800205,3793,462,3166,466,1915,330,179,89,0,14,905,439,0,14,19,30,148,102,35,59,113,84,627,253,90,84,0,14,0,14,0,14,0,14,134,135,403,232,225,150,178,156
1400000US06037800206,3493,608,3297,597,2864,540,202,241,0,14,33,26,7,20,51,52,140,88,9,10,131,88,196,122,4,6,0,14,0,14,0,14,0,14,8,12,184,122,140,89,44,59
1400000US06037800324,6557,728,6015,770,4533,794,75,95,0,19,763,232,23,37,0,19,621,340,30,47,591,339,542,201,146,169,0,19,0,19,0,19,0,19,164,113,232,129,200,141,32,47
1400000US06037800325,3443,465,3233,472,2871,500,3,7,0,14,200,163,0,14,0,14,159,90,0,14,159,90,210,132,86,91,0,14,0,14,10,17,0,14,13,20,101,91,77,83,24,35
1400000US06037800328,1306,235,1158,241,901,239,0,14,0,14,206,93,0,14,10,16,41,34,21,32,20,33,148,68,28,25,0,14,0,14,0,14,0,14,46,42,74,57,74,57,0,14
1400000US06037800333,2211,322,1983,333,1534,303,44,45,49,75,221,140,0,14,0,14,135,98,0,14,135,98,228,143,82,61,0,14,0,14,0,14,0,14,67,67,79,74,58,60,21,31
1400000US06037800334,3299,665,2752,596,2441,641,46,50,0,14,108,95,0,14,0,14,157,111,86,95,71,60,547,324,23,30,9,14,0,14,0,14,0,14,299,350,216,127,216,127,0,14
1400000US06037800335,4329,513,3662,484,3069,408,1,3,11,25,225,157,0,14,52,67,304,125,95,66,209,111,667,218,24,38,0,14,0,14,0,14,0,14,332,166,311,175,255,148,56,87
1400000US06037800336,3607,1020,2746,602,2196,531,0,14,0,14,210,118,0,14,80,123,260,170,10,15,250,169,861,616,22,24,0,14,0,14,0,14,0,14,647,639,192,100,162,92,30,46
1400000US06037800337,3205,460,2853,501,1721,481,113,123,0,14,431,187,0,14,64,74,524,243,17,27,507,239,352,158,114,109,0,14,0,14,22,27,0,14,92,73,124,99,76,75,48,55
1400000US06037800338,6155,831,5174,676,4202,553,8,13,0,19,364,239,0,19,161,234,439,252,117,122,322,214,981,603,50,48,0,19,0,19,0,19,0,19,349,497,582,354,316,233,266,298
1400000US06037800406,2018,347,1894,335,1616,352,16,24,28,29,98,64,0,14,12,17,124,82,0,14,124,82,124,82,26,37,0,14,9,21,0,14,0,14,53,44,36,36,36,36,0,14
1400000US06037800410,3815,193,3290,251,2000,275,336,131,5,9,720,173,0,14,6,9,223,108,18,22,205,105,525,138,168,85,36,36,0,14,6,13,0,14,188,95,127,69,106,63,21,21
1400000US06037800411,2486,561,2173,359,1901,362,42,40,0,14,34,35,0,14,26,36,170,129,105,103,65,76,313,395,3,7,0,14,0,14,0,14,0,14,72,84,238,313,231,314,7,11
1400000US06037800412,3460,607,3060,534,2624,503,0,14,0,14,80,82,0,14,0,14,356,220,93,102,263,192,400,276,0,14,0,14,12,18,0,14,0,14,87,93,301,254,110,92,191,232
1400000US06037800504,2049,429,1890,363,1624,314,23,35,0,14,45,48,0,14,167,170,31,45,0,14,31,45,159,150,65,99,0,14,0,14,0,14,0,14,16,54,78,112,78,112,0,14
1400000US06037800506,2987,625,2744,560,2153,450,22,23,0,14,209,126,0,14,158,181,202,184,190,185,12,18,243,163,6,11,0,14,0,14,0,14,0,14,136,130,101,92,98,92,3,8
1400000US06037900102,594,144,271,86,254,84,17,24,0,14,0,14,0,14,0,14,0,14,0,14,0,14,323,123,45,54,0,14,3,5,0,14,0,14,198,77,77,57,77,57,0,14
1400000US06037900103,6500,969,2190,383,1524,324,310,160,10,16,52,59,0,19,122,156,172,106,13,20,159,106,4310,936,1541,970,32,66,243,247,7,11,0,19,726,392,1761,629,1618,666,143,131
1400000US06037900104,6551,925,1973,634,1066,450,436,288,4,11,186,238,0,19,5,8,276,220,20,31,256,213,4578,763,343,246,0,19,59,87,0,19,0,19,1465,598,2711,782,2674,773,37,43
1400000US06037900301,4344,685,2136,575,1017,249,771,607,0,14,185,79,0,14,0,14,163,104,0,14,163,104,2208,537,162,158,1,12,38,41,0,14,0,14,1332,656,675,444,666,447,9,17
1400000US06037900501,7504,1148,3442,815,1121,560,1709,473,0,19,40,36,0,19,122,119,450,350,144,230,306,261,4062,882,281,195,0,19,295,237,0,19,0,19,1679,689,1807,728,1776,725,31,37
1400000US06037900504,6568,895,2943,602,801,233,1411,391,0,19,292,176,0,19,0,19,439,304,66,72,373,300,3625,770,275,228,17,27,8,15,0,19,0,19,1671,817,1654,591,1495,586,159,186
1400000US06037900505,4240,684,1621,544,443,206,1026,474,0,14,31,42,0,14,0,14,121,88,0,14,121,88,2619,840,366,253,0,14,100,148,0,14,0,14,1158,533,995,590,986,589,9,18
1400000US06037900506,5116,586,2810,497,1166,356,1243,449,29,41,0,19,1,2,243,263,128,79,27,55,101,67,2306,541,452,298,30,31,65,84,0,19,0,19,850,510,909,337,880,333,29,49
1400000US06037900508,3315,473,1683,283,789,210,574,146,0,14,239,204,0,14,8,9,73,51,0,14,73,51,1632,484,346,211,20,36,0,14,16,27,0,14,898,448,352,203,314,196,38,62
1400000US06037900509,4792,585,2822,575,1101,371,994,641,0,14,91,133,0,14,0,14,636,563,32,53,604,558,1970,463,451,385,104,112,10,16,0,14,0,14,1075,352,330,206,267,197,63,77
1400000US06037900510,4360,741,2310,547,282,226,1648,596,0,14,116,101,0,14,54,71,210,218,77,162,133,123,2050,575,131,126,0,14,5,9,0,14,0,14,1453,486,461,395,461,395,0,14
1400000US06037900602,5367,736,2188,642,936,462,820,388,0,19,33,47,127,197,0,19,272,217,90,126,182,182,3179,620,383,233,38,38,0,19,0,19,0,19,1880,543,878,583,863,579,15,24
1400000US06037900606,4325,1096,2248,716,731,493,1418,483,0,14,0,14,0,14,0,14,99,117,0,14,99,117,2077,848,159,123,97,158,322,390,0,14,0,14,489,259,1010,621,873,630,137,128
1400000US06037900607,5095,1248,1630,625,932,487,493,267,0,19,1,4,0,19,0,19,204,297,0,19,204,297,3465,1294,661,653,0,19,20,22,0,19,0,19,1138,519,1646,1054,1618,1060,28,36
1400000US06037900608,3967,761,1490,170,457,226,784,297,0,14,73,79,12,19,78,67,86,73,0,14,86,73,2477,753,405,245,0,14,0,14,0,14,0,14,856,311,1216,789,1216,789,0,14
1400000US06037900609,5262,703,2489,430,435,143,1626,374,0,19,329,255,0,19,23,34,76,117,9,26,67,116,2773,693,189,179,0,19,256,318,0,19,67,100,927,566,1334,626,1246,597,88,112
1400000US06037900610,3170,622,828,324,495,182,298,272,0,14,24,39,0,14,0,14,11,16,0,14,11,16,2342,668,218,159,0,14,255,247,0,14,0,14,718,375,1151,575,1007,581,144,133
1400000US06037900611,4496,899,2029,403,367,204,1058,291,0,14,493,274,0,14,25,99,86,81,32,50,54,67,2467,881,163,124,0,14,31,49,86,139,0,14,750,477,1437,905,1023,928,414,376
1400000US06037900701,4716,669,2093,480,629,189,1155,457,15,23,136,101,32,51,51,62,75,71,47,61,28,30,2623,644,368,207,0,14,9,15,0,14,0,14,507,265,1739,645,1739,645,0,14
1400000US06037900703,5011,972,3347,950,1537,609,1420,747,18,28,138,88,0,19,12,20,222,124,0,19,222,124,1664,529,479,306,44,103,15,18,9,14,0,19,624,350,493,264,477,263,16,27
1400000US06037900704,3392,569,2264,447,598,179,1243,402,0,14,155,80,0,14,0,14,268,187,10,19,258,181,1128,367,340,247,12,21,0,14,0,14,0,14,310,153,466,255,423,250,43,52
1400000US06037900705,3986,703,2704,590,1708,393,357,397,0,14,245,189,26,47,0,14,368,309,0,14,368,309,1282,470,187,184,0,14,0,14,0,14,0,14,586,414,509,303,434,273,75,81
1400000US06037900804,3450,550,1169,178,563,190,467,207,10,14,71,98,0,14,0,14,58,62,28,43,30,33,2281,515,462,337,39,40,0,14,0,14,0,14,1066,367,714,468,714,468,0,14
1400000US06037900805,5852,1028,2663,1104,1898,827,472,339,14,14,179,150,9,15,20,35,71,62,47,58,24,25,3189,609,415,468,8,14,220,169,0,19,0,19,1338,473,1208,606,1167,596,41,52
1400000US06037900806,4171,645,2825,635,838,322,1413,427,0,14,203,207,16,29,116,185,239,200,44,53,195,186,1346,426,158,107,0,14,0,14,0,14,0,14,346,277,842,370,842,370,0,14
1400000US06037900807,3930,765,1892,608,547,435,1196,464,0,14,129,212,0,14,0,14,20,24,0,14,20,24,2038,467,557,289,73,89,23,49,0,14,0,14,934,481,451,325,438,318,13,19
1400000US06037900808,5162,1681,2281,554,945,407,1034,503,14,28,60,53,29,47,0,19,199,196,0,19,199,196,2881,1544,86,87,0,19,112,153,4,13,0,19,640,388,2039,1577,2028,1584,11,18
1400000US06037900901,2869,672,1455,426,774,351,358,163,83,124,201,159,0,14,0,14,39,46,0,14,39,46,1414,607,355,254,31,47,17,22,0,14,0,14,828,575,183,188,161,174,22,27
1400000US06037900902,1506,257,1202,257,930,186,77,86,0,14,0,14,0,14,49,58,146,106,57,61,89,58,304,152,61,55,0,14,0,14,0,14,0,14,143,122,100,81,54,39,46,70
1400000US06037901003,3160,102,1787,172,477,121,1151,155,43,28,35,28,5,9,18,25,58,40,4,7,54,40,1373,154,251,98,38,35,17,19,0,14,0,14,427,133,640,143,595,135,45,45
1400000US06037901007,2075,250,1324,251,1064,214,142,128,0,14,25,34,0,14,0,14,93,79,3,12,90,80,751,203,50,62,0,14,0,14,0,14,0,14,210,126,491,197,491,197,0,14
1400000US06037901008,3413,605,1880,478,470,164,787,506,0,14,421,199,44,60,8,13,150,179,19,31,131,176,1533,360,160,152,0,14,32,38,5,10,0,14,790,328,546,297,474,287,72,59
1400000US06037901009,5457,626,3091,450,2112,550,517,344,0,19,156,136,0,19,0,19,306,294,21,31,285,290,2366,566,208,160,0,19,16,23,0,19,0,19,1255,557,887,432,778,418,109,137
1400000US06037901010,5564,512,3054,378,1907,360,641,161,15,23,197,156,0,19,137,167,157,93,54,57,103,67,2510,502,208,154,51,58,273,307,0,19,0,19,1050,522,928,475,854,464,74,59
1400000US06037901011,4830,537,3387,398,1689,405,1134,442,0,14,197,115,0,14,16,24,351,210,46,41,305,204,1443,382,291,301,0,14,38,52,0,14,0,14,582,355,532,285,481,277,51,61
1400000US06037901012,6764,1448,3828,762,1713,551,627,390,0,19,1055,692,0,19,0,19,433,389,267,339,166,159,2936,1268,468,300,18,36,0,19,0,19,0,19,326,262,2124,1261,2124,1261,0,19
1400000US06037901013,3899,718,1829,591,1051,412,311,263,0,14,391,333,0,14,0,14,76,63,33,34,43,54,2070,522,220,249,3,9,54,55,0,14,0,14,866,494,927,327,845,314,82,90
1400000US06037901014,5184,769,2883,640,1552,422,584,355,18,44,514,107,0,19,0,19,215,143,10,16,205,143,2301,555,377,288,50,56,0,19,53,101,8,13,1049,361,764,475,690,471,74,76
1400000US06037901101,5686,835,3342,711,2425,505,685,516,0,19,101,94,8,15,0,19,123,153,0,19,123,153,2344,530,462,268,8,64,0,19,0,19,0,19,1041,584,833,396,782,389,51,59
1400000US06037901102,5636,690,3714,570,2317,412,786,366,14,18,177,118,0,19,104,137,316,216,37,46,279,196,1922,458,564,380,8,15,100,119,0,19,0,19,477,277,773,358,541,313,232,224
1400000US06037901209,885,110,550,136,397,116,7,9,9,10,87,74,0,14,5,7,45,34,6,9,39,33,335,97,34,38,0,14,37,32,0,14,0,14,121,80,143,76,143,76,0,14
1400000US06037901210,1802,320,1534,327,1247,295,62,56,13,18,100,71,25,42,0,14,87,45,7,10,80,44,268,119,64,53,0,14,40,53,0,14,0,14,93,82,71,56,46,49,25,28
1400000US06037901214,5187,1043,3416,816,2416,750,450,428,0,19,205,142,0,19,54,83,291,166,23,47,268,157,1771,776,234,181,0,19,0,19,0,19,0,19,766,364,771,585,583,452,188,174
1400000US06037901215,3685,361,2414,327,1808,299,381,132,18,24,78,75,0,14,8,17,121,92,47,51,74,80,1271,248,370,214,0,14,12,28,24,35,0,14,262,196,603,251,603,251,0,14
1400000US06037901216,3059,833,1827,623,1536,626,86,89,0,14,97,70,26,51,18,31,64,43,0,14,64,43,1232,308,186,137,0,14,21,31,0,14,0,14,418,143,607,353,593,350,14,16
1400000US06037901217,1421,319,1181,344,943,212,0,14,0,14,184,258,0,14,31,40,23,32,13,28,10,16,240,144,40,43,0,14,0,14,0,14,0,14,160,140,40,46,19,30,21,32
1400000US06037901218,2425,467,1784,482,620,180,418,202,0,14,572,450,0,14,3,6,171,121,11,22,160,122,641,98,49,42,16,25,12,15,0,14,0,14,98,49,466,108,431,116,35,37
1400000US06037901300,1840,593,646,178,565,188,35,35,0,14,0,14,0,14,0,14,46,37,7,12,39,35,1194,594,211,195,0,14,0,14,0,14,0,14,226,165,757,620,757,620,0,14
1400000US06037910002,7288,1270,1568,545,1356,490,0,19,0,19,90,110,71,97,0,19,51,37,0,19,51,37,5720,1234,475,324,0,19,0,19,0,19,0,19,3387,1292,1858,992,1849,992,9,15
1400000US06037910210,7176,1217,4235,765,2288,618,428,288,0,19,1247,585,0,19,196,222,76,75,49,79,27,48,2941,1170,201,184,28,47,18,30,16,27,0,19,896,546,1782,1117,1738,1116,44,54
1400000US06037910211,1882,442,1454,441,1276,443,86,86,0,14,71,68,0,14,0,14,21,34,0,14,21,34,428,89,75,70,0,14,74,114,0,14,0,14,82,94,197,103,197,103,0,14
1400000US06037910212,3319,558,1825,520,1338,393,287,339,14,22,124,96,0,14,20,36,42,37,9,17,33,33,1494,314,191,136,0,14,0,14,6,10,0,14,500,259,797,188,776,188,21,29
1400000US06037910213,1691,469,724,420,540,319,7,13,23,30,36,25,0,14,30,52,88,87,10,12,78,85,967,247,322,232,0,14,0,14,29,27,0,14,288,198,328,132,265,119,63,59
1400000US06037910214,5692,496,3070,663,1160,363,805,527,0,19,579,195,0,19,21,21,505,356,10,18,495,360,2622,583,790,443,0,19,26,31,0,19,0,19,1073,443,733,399,559,380,174,110
1400000US06037910215,7246,920,3386,820,1290,561,1208,677,0,19,621,258,64,109,0,19,203,213,28,34,175,213,3860,675,410,279,0,19,5,7,0,19,0,19,1606,694,1839,724,1727,720,112,137
1400000US06037910216,4819,1147,2677,1070,2058,1037,327,142,0,14,133,88,0,14,0,14,159,73,32,51,127,49,2142,446,221,195,86,116,21,54,17,24,16,29,905,525,876,486,850,490,26,45
1400000US06037910217,5970,565,3065,502,991,265,1193,291,55,66,569,153,24,37,166,254,67,86,0,19,67,86,2905,559,354,189,113,121,6,11,0,19,15,25,1560,494,857,305,809,293,48,69
1400000US06037910218,4437,513,2222,414,1423,374,501,266,0,14,152,153,0,14,10,16,136,169,115,171,21,21,2215,482,243,271,0,14,38,66,0,14,0,14,957,486,977,422,780,445,197,154
1400000US06037910301,4520,721,2744,576,2309,507,42,53,45,66,123,123,20,40,0,14,205,140,28,34,177,136,1776,469,320,182,0,14,186,212,0,14,0,14,487,370,783,284,741,282,42,48
1400000US06037910302,5817,780,3523,525,2624,458,206,159,77,84,473,194,0,19,64,78,79,76,0,19,79,76,2294,627,605,402,0,19,0,19,0,19,0,19,333,259,1356,672,1356,672,0,19
1400000US06037910401,5742,919,2527,424,1329,409,497,318,0,19,318,221,0,19,59,102,324,236,0,19,324,236,3215,848,751,754,0,19,14,29,10,21,0,19,1598,518,842,400,631,343,211,166
1400000US06037910404,4735,728,1874,486,522,283,719,291,196,275,235,208,0,14,33,51,169,129,0,14,169,129,2861,660,278,206,0,14,99,141,0,14,0,14,1435,568,1049,615,1008,616,41,46
1400000US06037910405,5675,696,1716,361,337,167,993,328,0,19,166,100,0,19,44,43,176,176,167,176,9,13,3959,696,344,205,0,19,60,64,105,120,0,19,2796,721,654,304,654,304,0,19
1400000US06037910501,5997,799,2727,549,610,245,2024,562,0,19,6,9,0,19,47,71,40,52,0,19,40,52,3270,735,342,239,50,85,151,235,0,19,0,19,2312,831,415,222,364,216,51,62
1400000US06037910502,4139,610,698,282,121,95,527,261,0,14,50,60,0,14,0,14,0,14,0,14,0,14,3441,668,306,242,76,76,70,95,0,14,0,14,2067,657,922,419,905,420,17,27
1400000US06037910504,4046,783,1451,492,374,263,782,448,0,14,239,141,0,14,12,19,44,44,0,14,44,44,2595,747,552,348,56,60,5,9,11,13,9,15,990,587,972,774,815,736,157,224
1400000US06037910505,3164,572,756,165,290,125,279,157,0,14,99,102,0,14,36,35,52,55,4,7,48,56,2408,552,142,112,0,14,25,45,17,23,0,14,1864,534,360,190,360,190,0,14
1400000US06037910601,6445,854,1784,545,583,186,1020,531,20,23,15,23,0,19,0,19,146,123,9,15,137,122,4661,708,776,357,17,29,149,148,0,19,0,19,2688,768,1031,510,981,510,50,59
1400000US06037910602,4553,748,1437,428,683,351,481,340,0,14,83,74,0,14,21,32,169,102,0,14,169,102,3116,801,518,305,3,8,76,111,0,14,0,14,2075,879,444,247,444,247,0,14
1400000US06037910605,4913,763,1107,505,609,333,352,254,0,14,77,73,0,14,0,14,69,106,69,106,0,14,3806,760,588,353,14,25,315,430,0,14,0,14,1997,569,892,391,862,398,30,46
1400000US06037910606,3120,432,673,182,281,115,127,82,0,14,158,120,0,14,4,7,103,88,23,28,80,83,2447,413,305,178,7,12,49,56,0,14,0,14,1391,350,695,257,660,256,35,36
1400000US06037910607,4099,617,946,331,733,307,137,151,0,14,76,83,0,14,0,14,0,14,0,14,0,14,3153,680,506,433,0,14,45,49,0,14,0,14,1844,509,758,358,636,323,122,129
1400000US06037910608,3863,706,998,461,282,136,412,400,0,14,89,81,0,14,0,14,215,191,0,14,215,191,2865,644,324,209,16,23,24,45,0,14,0,14,1862,648,639,236,624,235,15,22
1400000US06037910706,6761,825,1704,499,533,285,792,321,103,158,229,220,17,29,0,19,30,42,30,42,0,19,5057,773,357,238,21,26,12,21,36,62,0,19,3011,954,1620,524,1571,526,49,59
1400000US06037910707,5615,541,1977,381,657,231,1027,362,0,19,189,222,0,19,7,11,97,97,0,19,97,97,3638,641,684,360,0,19,71,102,0,19,0,19,2336,657,547,283,526,280,21,25
1400000US06037910709,1682,236,814,198,675,209,13,19,0,14,25,40,0,14,101,100,0,14,0,14,0,14,868,141,69,59,0,14,2,6,17,18,0,14,442,263,338,179,231,168,107,83
1400000US06037910712,3211,632,849,179,386,149,346,71,0,14,95,79,0,14,0,14,22,22,0,14,22,22,2362,633,214,135,0,14,109,119,0,14,0,14,1488,664,551,208,543,206,8,14
1400000US06037910713,6801,1236,1545,701,420,300,944,594,3,5,110,91,0,19,0,19,68,105,0,19,68,105,5256,1129,585,300,12,20,84,130,0,19,0,19,3021,964,1554,643,1149,323,405,508
1400000US06037910714,4225,662,791,239,227,121,280,150,0,14,87,58,0,14,43,59,154,102,32,49,122,91,3434,651,344,202,0,14,7,23,0,14,0,14,2046,674,1037,395,1009,392,28,41
1400000US06037910715,6701,769,1832,573,513,147,593,362,7,12,640,381,0,19,9,15,70,67,0,19,70,67,4869,885,306,314,25,38,155,136,0,19,0,19,2628,750,1755,727,1684,723,71,68
1400000US06037910716,6583,919,2051,817,478,230,795,295,97,125,0,19,0,19,31,55,650,720,19,23,631,717,4532,976,1006,540,0,19,183,165,0,19,0,19,2585,850,758,361,672,348,86,102
1400000US06037910717,2226,480,498,168,177,110,279,170,0,14,0,14,0,14,0,14,42,43,1,4,41,42,1728,504,158,107,10,20,14,22,0,14,0,14,1037,492,509,215,435,177,74,104
1400000US06037910718,5245,719,1066,419,269,134,338,151,36,38,70,60,0,19,296,326,57,55,0,19,57,55,4179,627,528,324,0,19,74,69,0,19,0,19,2053,715,1524,594,1456,602,68,80
1400000US06037910719,4305,867,1158,661,228,181,876,636,0,14,54,109,0,14,0,14,0,14,0,14,0,14,3147,556,123,140,0,14,86,105,0,14,0,14,2137,707,801,522,801,522,0,14
1400000US06037910720,5263,1132,1513,624,499,266,890,544,0,19,88,84,0,19,0,19,36,45,0,19,36,45,3750,1205,566,297,0,19,28,38,0,19,0,19,1537,1061,1619,494,1572,502,47,78
1400000US06037910721,3905,1260,2111,1402,1176,1218,681,511,0,14,254,215,0,14,0,14,0,14,0,14,0,14,1794,467,117,90,0,14,4,6,0,14,0,14,1080,398,593,327,556,316,37,38
1400000US06037910804,2971,340,2057,281,1746,270,0,14,0,14,119,111,0,14,16,31,176,127,0,14,176,127,914,256,319,220,0,14,0,14,0,14,0,14,404,240,191,116,129,94,62,70
1400000US06037910807,5928,764,4218,738,2950,599,148,117,0,19,846,576,0,19,20,29,254,161,0,19,254,161,1710,293,165,106,0,19,20,30,0,19,0,19,856,320,669,320,641,316,28,44
1400000US06037910808,4011,887,2083,591,1860,590,18,30,0,14,72,55,0,14,14,17,119,91,23,36,96,88,1928,641,526,381,0,14,0,14,0,14,0,14,252,162,1150,422,1096,429,54,74
1400000US06037910809,2231,343,1732,290,1256,231,25,50,0,14,192,141,0,14,87,103,172,129,0,14,172,129,499,364,9,14,0,14,9,13,0,14,0,14,72,55,409,356,261,274,148,163
1400000US06037910810,2914,618,2220,625,1617,597,169,122,0,14,291,191,0,14,26,38,117,61,33,30,84,48,694,249,74,74,0,14,0,14,0,14,0,14,189,123,431,305,422,305,9,13
1400000US06037910814,3457,722,2094,395,1854,387,6,9,0,14,35,33,0,14,0,14,199,115,5,8,194,115,1363,585,192,144,0,14,218,145,0,14,0,14,637,603,316,142,259,126,57,61
1400000US06037910815,5176,652,3340,486,3083,517,79,44,1,3,65,92,0,19,11,18,101,88,34,55,67,56,1836,556,37,33,1,3,22,37,8,12,0,19,1312,513,456,388,444,386,12,19
1400000US06037911001,3205,657,1988,423,1866,385,38,39,0,14,0,14,0,14,13,21,71,60,26,40,45,46,1217,492,100,73,0,14,0,14,0,14,0,14,594,421,523,384,523,384,0,14
1400000US06037911100,7146,942,1040,324,557,234,275,210,31,32,79,97,0,19,0,19,98,72,0,19,98,72,6106,875,781,538,0,19,63,76,0,19,0,19,3180,961,2082,709,2002,715,80,49
1400000US06037920013,7253,920,5747,898,3226,607,871,893,0,19,907,328,0,19,62,100,681,393,109,123,572,377,1506,284,318,220,0,19,15,23,39,44,0,19,609,350,525,231,389,203,136,109
1400000US06037920015,6119,818,4931,791,3873,821,166,163,0,19,397,105,20,34,133,206,342,237,43,45,299,231,1188,329,70,53,0,19,1,4,27,51,0,19,360,290,730,233,687,219,43,60
1400000US06037920016,5345,1172,3500,567,2709,558,194,130,9,17,433,96,0,19,18,31,137,102,19,29,118,99,1845,1019,178,100,43,49,0,19,0,19,0,19,774,951,850,389,807,378,43,38
1400000US06037920017,4315,552,2717,535,2169,564,102,117,0,14,229,145,0,14,24,37,193,105,63,77,130,82,1598,283,325,190,25,39,64,82,21,26,0,14,211,153,952,370,944,372,8,13
1400000US06037920018,1892,319,1390,270,1183,253,18,26,0,14,99,76,0,14,0,14,90,86,13,14,77,82,502,161,152,87,0,14,0,14,0,14,0,14,82,63,268,135,198,103,70,92
1400000US06037920020,6033,441,4049,462,3203,503,6,9,0,19,298,152,26,37,12,19,504,405,53,89,451,392,1984,383,347,186,0,19,92,94,6,30,0,19,483,307,1056,399,1056,399,0,19
1400000US06037920028,8576,2149,5008,670,2356,452,472,401,0,19,1607,554,0,19,216,207,357,239,0,19,357,239,3568,2133,191,157,0,19,29,47,22,36,0,19,616,330,2710,2141,2613,2128,97,98
1400000US06037920029,3317,510,1746,342,1431,345,43,48,11,17,158,105,0,14,0,14,103,83,0,14,103,83,1571,405,315,279,0,14,32,63,0,14,0,14,462,263,762,509,730,511,32,38
1400000US06037920030,5916,548,3665,545,2172,620,364,283,0,19,808,208,0,19,76,107,245,206,142,194,103,73,2251,349,406,308,0,19,23,36,39,54,0,19,885,424,898,410,855,393,43,60
1400000US06037920031,6371,1038,4740,1037,3350,973,23,26,0,19,1214,467,0,19,0,19,153,120,0,19,153,120,1631,600,551,564,0,19,90,98,0,19,0,19,338,261,652,301,627,305,25,30
1400000US06037920034,5299,469,3324,418,1858,451,516,300,0,19,655,283,23,99,0,19,272,172,122,147,150,103,1975,474,214,204,63,86,76,135,48,68,0,19,286,141,1288,436,1246,426,42,57
1400000US06037920035,8455,1651,3010,440,1500,353,202,211,4,7,604,106,0,19,69,75,631,490,348,500,283,234,5445,1655,1281,1519,0,19,0,19,0,19,0,19,1567,667,2597,996,2525,991,72,87
1400000US06037920038,4804,527,1917,380,985,301,306,171,22,33,482,228,0,14,46,69,76,128,0,14,76,128,2887,534,577,325,12,19,72,65,0,14,0,14,1388,587,838,309,816,307,22,24
1400000US06037920039,1661,179,950,153,678,130,30,31,0,14,176,81,0,14,0,14,66,48,0,14,66,48,711,188,83,99,0,14,58,69,0,14,0,14,289,128,281,166,245,164,36,37
1400000US06037920040,2682,473,1498,362,1128,312,125,77,0,14,136,109,0,14,0,14,109,79,33,41,76,73,1184,382,9,16,191,264,94,128,0,14,0,14,230,139,660,381,574,380,86,85
1400000US06037920041,4065,391,2111,383,860,211,655,293,0,14,339,192,0,14,18,28,239,141,16,22,223,141,1954,331,248,177,90,142,16,20,171,212,0,14,777,358,652,328,583,315,69,74
1400000US06037920042,7539,996,4336,1186,2340,900,810,823,0,19,890,369,20,33,35,55,241,170,68,92,173,143,3203,842,28,34,0,19,251,276,25,44,0,19,1518,843,1381,520,1342,516,39,48
1400000US06037920043,8892,885,6259,732,3132,530,615,295,0,19,2125,303,0,19,0,19,387,341,246,324,141,109,2633,465,268,187,0,19,66,114,23,38,15,24,850,336,1411,559,1411,559,0,19
1400000US06037920044,2684,370,1670,283,1195,251,106,87,0,14,262,119,7,14,8,11,92,44,0,14,92,44,1014,246,212,100,0,14,57,76,116,168,0,14,292,150,337,176,296,168,41,34
1400000US06037920045,4554,520,3061,415,2571,412,9,26,0,14,276,141,23,24,0,14,182,101,71,69,111,88,1493,363,517,332,0,14,118,173,0,14,0,14,428,317,430,197,418,194,12,29
1400000US06037920046,1910,969,510,130,312,118,41,25,0,14,38,37,0,14,0,14,119,56,10,16,109,53,1400,961,281,233,21,39,185,238,0,14,0,14,737,937,176,103,169,105,7,12
1400000US06037920047,6579,1457,1516,648,599,456,161,131,0,19,80,89,30,51,290,399,356,321,0,19,356,321,5063,1588,513,489,12,20,63,99,25,33,0,19,1519,813,2931,1556,2923,1556,8,14
1400000US06037920048,5433,496,2230,449,1623,397,130,146,0,19,288,121,0,19,0,19,189,127,32,35,157,121,3203,368,405,240,0,19,63,71,16,19,0,19,833,317,1886,473,1765,467,121,131
1400000US06037920049,6500,822,5074,761,3340,731,197,159,0,19,1043,498,145,167,84,101,265,175,105,127,160,130,1426,366,536,274,17,24,16,25,11,18,0,19,299,152,547,261,539,257,8,16
1400000US06037920050,1147,138,1016,128,937,128,20,13,0,14,6,8,0,14,0,14,53,48,7,24,46,43,131,70,41,52,0,14,8,13,0,14,0,14,32,36,50,44,50,44,0,14
1400000US06037920102,4758,560,3329,598,2443,524,49,65,72,113,542,301,0,14,107,135,116,115,12,19,104,112,1429,373,131,95,0,14,16,26,0,14,0,14,339,227,943,424,936,424,7,13
1400000US06037920104,2987,417,2079,370,1557,393,10,14,0,14,208,106,0,14,100,128,204,129,75,67,129,115,908,239,229,183,0,14,0,14,69,99,0,14,318,194,292,144,244,127,48,48
1400000US06037920106,3716,852,1383,359,936,343,154,100,0,14,137,78,0,14,26,35,130,71,0,14,130,71,2333,811,315,217,0,14,22,27,0,14,0,14,647,260,1349,818,1339,811,10,14
1400000US06037920109,4803,561,4166,522,2246,436,189,177,0,14,838,316,317,378,33,44,543,288,39,44,504,285,637,332,69,82,0,14,0,14,0,14,0,14,158,233,410,303,410,303,0,14
1400000US06037920110,2912,431,2346,360,1683,351,0,14,0,14,426,214,5,9,80,128,152,106,22,31,130,99,566,263,225,159,0,14,0,14,0,14,0,14,259,221,82,70,82,70,0,14
1400000US06037920111,3141,548,2349,572,1848,599,15,26,0,14,384,239,0,14,16,30,86,58,29,44,57,47,792,259,203,176,0,14,5,18,0,14,0,14,190,138,394,195,235,128,159,110
1400000US06037920112,4277,510,3109,492,1956,417,99,63,0,14,772,478,126,183,49,77,107,79,14,22,93,77,1168,302,505,317,0,14,9,16,0,14,0,14,144,106,510,221,510,221,0,14
1400000US06037920114,5350,1030,4127,864,2623,753,175,202,0,19,1037,409,0,19,21,34,271,148,61,60,210,134,1223,381,349,236,0,19,0,19,17,27,0,19,224,239,633,293,581,298,52,63
1400000US06037920115,4158,573,3300,574,1826,268,384,350,8,14,568,318,0,14,0,14,514,240,82,75,432,251,858,283,37,38,42,68,0,14,0,14,0,14,151,143,628,286,544,309,84,87
1400000US06037920116,4606,407,2928,312,2402,315,8,13,0,14,275,128,0,14,0,14,243,127,42,37,201,114,1678,396,665,274,0,14,0,14,5,13,0,14,450,270,558,276,392,237,166,143
1400000US06037920118,6019,656,3372,523,2111,367,188,196,9,10,550,265,0,19,24,43,490,329,282,253,208,200,2647,554,863,395,0,19,43,54,9,14,0,19,691,369,1041,298,950,288,91,84
1400000US06037920119,1902,219,1299,193,718,178,177,176,0,14,328,167,0,14,16,19,60,43,0,14,60,43,603,127,284,135,0,14,15,25,0,14,0,14,49,42,255,164,174,130,81,100
1400000US06037920120,3876,622,3166,508,1922,535,59,51,0,14,1017,419,0,14,0,14,168,138,84,115,84,64,710,289,204,174,49,51,31,64,0,14,0,14,47,35,379,208,318,189,61,88
1400000US06037920121,11359,985,9156,949,3796,730,1369,703,0,21,3692,594,0,21,7,10,292,177,36,42,256,171,2203,533,544,245,0,21,0,21,0,21,62,96,240,178,1357,508,1182,491,175,142
1400000US06037920200,3604,95,1370,257,415,132,771,199,0,14,65,54,7,14,39,34,73,39,16,25,57,34,2234,260,217,118,13,23,31,33,1,3,0,14,955,218,1017,199,973,191,44,45
1400000US06037920303,1704,224,1465,234,832,211,158,115,14,22,369,115,0,14,0,14,92,58,5,8,87,57,239,90,65,55,9,13,0,14,0,14,0,14,68,56,97,79,97,79,0,14
1400000US06037920312,5684,1625,2988,316,2257,317,109,135,0,19,373,204,0,19,0,19,249,145,45,76,204,128,2696,1523,522,265,0,19,139,131,18,30,0,19,449,377,1568,1455,1421,1446,147,181
1400000US06037920313,5349,794,3250,427,1976,404,48,49,0,19,823,427,26,38,36,40,341,258,23,40,318,257,2099,673,261,171,0,19,9,14,0,19,0,19,615,312,1214,691,1140,683,74,76
1400000US06037920314,3250,526,2159,501,1541,405,15,13,0,14,455,419,0,14,14,23,134,108,0,14,134,108,1091,335,165,104,4,8,9,14,0,14,0,14,167,134,746,332,604,345,142,104
1400000US06037920322,2689,297,1665,260,1465,245,0,14,0,14,144,110,0,14,0,14,56,80,42,77,14,22,1024,247,233,146,0,14,0,14,0,14,0,14,101,80,690,251,655,256,35,49
1400000US06037920326,6971,746,5353,610,2957,766,330,261,60,75,1615,546,0,19,70,106,321,181,74,79,247,168,1618,656,464,438,21,33,395,485,51,60,0,19,237,159,450,154,450,154,0,19
1400000US06037920328,1961,388,1596,362,1240,375,87,80,0,14,255,93,0,14,0,14,14,16,0,14,14,16,365,177,115,62,0,14,0,14,0,14,0,14,25,25,225,170,225,170,0,14
1400000US06037920329,5091,1124,4068,1039,3139,1022,168,162,27,52,213,134,0,19,0,19,521,279,96,136,425,254,1023,339,0,19,0,19,45,51,0,19,0,19,329,236,649,332,485,300,164,113
1400000US06037920330,4445,450,3790,442,3383,453,44,68,0,14,182,100,0,14,0,14,181,105,60,55,121,91,655,272,164,202,0,14,45,72,17,27,0,14,186,108,243,154,222,150,21,24
1400000US06037920331,3794,537,3060,547,2164,593,168,153,59,79,583,304,4,14,0,14,82,107,0,14,82,107,734,183,169,122,0,14,0,14,0,14,0,14,235,89,330,173,262,154,68,108
1400000US06037920332,1778,179,1211,211,981,192,44,63,0,14,107,78,0,14,6,9,73,47,4,7,69,47,567,201,24,23,0,14,20,19,4,7,0,14,227,139,292,125,288,126,4,6
1400000US06037920334,6224,692,5208,779,3521,504,152,97,0,19,509,239,0,19,16,24,1010,650,286,419,724,516,1016,424,178,140,7,13,0,19,70,76,0,19,266,228,495,280,324,233,171,143
1400000US06037920338,5594,743,4455,615,2596,378,62,63,0,19,1460,432,0,19,0,19,337,206,38,41,299,197,1139,499,224,163,0,19,13,20,0,19,0,19,266,170,636,310,590,313,46,61
1400000US06037920339,10017,1349,8259,1323,3152,622,497,250,0,21,3568,1012,0,21,217,313,825,469,63,54,762,464,1758,535,526,384,0,21,48,55,65,98,0,21,203,151,916,351,709,343,207,168
1400000US06037920340,2652,459,985,190,795,193,8,13,0,14,116,100,0,14,12,19,54,45,11,17,43,40,1667,490,344,288,0,14,41,65,0,14,0,14,430,248,852,253,852,253,0,14
1400000US06037920341,2885,414,409,173,228,92,28,47,8,22,115,145,11,17,6,10,13,16,0,14,13,16,2476,464,487,326,0,14,21,34,0,14,0,14,809,296,1159,411,1132,413,27,36
1400000US06037920342,2977,616,257,166,65,43,0,14,0,14,140,146,0,14,0,14,52,55,0,14,52,55,2720,594,165,160,0,14,8,13,0,14,0,14,1192,423,1355,543,1340,542,15,25
1400000US06037920343,4090,574,1502,329,785,318,392,230,0,14,172,150,0,14,0,14,153,140,0,14,153,140,2588,606,234,174,9,15,0,14,0,14,0,14,1377,630,968,437,947,438,21,37
1400000US06037930400,1212,236,740,145,477,129,107,72,0,14,96,75,0,14,0,14,60,43,7,12,53,41,472,225,74,74,0,14,10,15,0,14,0,14,232,173,156,92,156,92,0,14
1400000US06037980001,0,14,0,14,0,14,0,14,0,14,0,14,0,14,0,14,0,14,0,14,0,14,0,14,0,14,0,14,0,14,0,14,0,14,0,14,0,14,0,14,0,14
1400000US06037980002,0,14,0,14,0,14,0,14,0,14,0,14,0,14,0,14,0,14,0,14,0,14,0,14,0,14,0,14,0,14,0,14,0,14,0,14,0,14,0,14,0,14
1400000US06037980003,0,14,0,14,0,14,0,14,0,14,0,14,0,14,0,14,0,14,0,14,0,14,0,14,0,14,0,14,0,14,0,14,0,14,0,14,0,14,0,14,0,14
1400000US06037980004,0,14,0,14,0,14,0,14,0,14,0,14,0,14,0,14,0,14,0,14,0,14,0,14,0,14,0,14,0,14,0,14,0,14,0,14,0,14,0,14,0,14
1400000US06037980005,0,14,0,14,0,14,0,14,0,14,0,14,0,14,0,14,0,14,0,14,0,14,0,14,0,14,0,14,0,14,0,14,0,14,0,14,0,14,0,14,0,14
1400000US06037980006,0,14,0,14,0,14,0,14,0,14,0,14,0,14,0,14,0,14,0,14,0,14,0,14,0,14,0,14,0,14,0,14,0,14,0,14,0,14,0,14,0,14
1400000US06037980007,0,14,0,14,0,14,0,14,0,14,0,14,0,14,0,14,0,14,0,14,0,14,0,14,0,14,0,14,0,14,0,14,0,14,0,14,0,14,0,14,0,14
1400000US06037980008,106,158,11,15,0,14,11,15,0,14,0,14,0,14,0,14,0,14,0,14,0,14,95,164,0,14,0,14,0,14,0,14,0,14,95,164,0,14,0,14,0,14
1400000US06037980009,5,6,3,5,1,3,0,14,0,14,2,3,0,14,0,14,0,14,0,14,0,14,2,3,1,2,0,14,0,14,0,14,0,14,1,2,0,14,0,14,0,14
1400000US06037980010,182,64,103,64,5,6,0,14,0,14,93,63,1,2,0,14,4,6,0,14,4,6,79,73,1,2,0,14,0,14,5,7,0,14,44,67,29,36,29,36,0,14
1400000US06037980011,121,64,67,23,29,81,38,58,0,14,0,14,0,14,0,14,0,14,0,14,0,14,54,70,15,23,0,14,0,14,0,14,0,14,39,63,0,14,0,14,0,14
1400000US06037980012,13,3,13,3,0,14,13,3,0,14,0,14,0,14,0,14,0,14,0,14,0,14,0,14,0,14,0,14,0,14,0,14,0,14,0,14,0,14,0,14,0,14
1400000US06037980013,0,14,0,14,0,14,0,14,0,14,0,14,0,14,0,14,0,14,0,14,0,14,0,14,0,14,0,14,0,14,0,14,0,14,0,14,0,14,0,14,0,14
1400000US06037980014,38,58,38,58,4,6,34,57,0,14,0,14,0,14,0,14,0,14,0,14,0,14,0,14,0,14,0,14,0,14,0,14,0,14,0,14,0,14,0,14,0,14
1400000US06037980015,1392,174,919,134,251,126,348,164,0,14,194,101,0,14,30,67,96,74,32,50,64,59,473,178,121,107,0,14,0,14,0,14,0,14,209,133,143,91,126,85,17,43
1400000US06037980016,331,148,35,22,12,7,0,14,0,14,16,16,3,4,0,14,4,4,0,14,4,4,296,144,33,27,0,14,0,14,0,14,0,14,234,133,29,19,29,19,0,14
1400000US06037980017,1412,164,1034,271,686,264,278,187,0,14,45,67,12,30,0,14,13,23,0,14,13,23,378,225,46,83,35,88,50,83,0,14,0,14,156,164,91,104,91,104,0,14
1400000US06037980018,0,14,0,14,0,14,0,14,0,14,0,14,0,14,0,14,0,14,0,14,0,14,0,14,0,14,0,14,0,14,0,14,0,14,0,14,0,14,0,14,0,14
1400000US06037980019,133,67,133,67,120,65,0,14,0,14,13,18,0,14,0,14,0,14,0,14,0,14,0,14,0,14,0,14,0,14,0,14,0,14,0,14,0,14,0,14,0,14
1400000US06037980020,0,14,0,14,0,14,0,14,0,14,0,14,0,14,0,14,0,14,0,14,0,14,0,14,0,14,0,14,0,14,0,14,0,14,0,14,0,14,0,14,0,14
1400000US06037980021,2,3,2,3,2,3,0,14,0,14,0,14,0,14,0,14,0,14,0,14,0,14,0,14,0,14,0,14,0,14,0,14,0,14,0,14,0,14,0,14,0,14
1400000US06037980022,0,14,0,14,0,14,0,14,0,14,0,14,0,14,0,14,0,14,0,14,0,14,0,14,0,14,0,14,0,14,0,14,0,14,0,14,0,14,0,14,0,14
1400000US06037980023,63,90,63,90,0,14,0,14,0,14,41,58,0,14,0,14,22,32,0,14,22,32,0,14,0,14,0,14,0,14,0,14,0,14,0,14,0,14,0,14,0,14
1400000US06037980024,222,152,125,65,103,64,0,14,0,14,17,19,0,14,0,14,5,7,0,14,5,7,97,146,6,9,0,14,0,14,0,14,0,14,91,145,0,14,0,14,0,14
1400000US06037980025,483,210,458,207,25,32,331,189,6,9,48,56,0,14,0,14,48,49,0,14,48,49,25,25,0,14,0,14,6,9,0,14,0,14,6,9,13,15,7,11,6,10
1400000US06037980026,39,18,28,20,15,10,5,7,8,9,0,14,0,14,0,14,0,14,0,14,0,14,11,7,0,14,0,14,2,4,0,14,0,14,6,7,3,4,2,4,1,5
1400000US06037980028,0,14,0,14,0,14,0,14,0,14,0,14,0,14,0,14,0,14,0,14,0,14,0,14,0,14,0,14,0,14,0,14,0,14,0,14,0,14,0,14,0,14
1400000US06037980030,0,14,0,14,0,14,0,14,0,14,0,14,0,14,0,14,0,14,0,14,0,14,0,14,0,14,0,14,0,14,0,14,0,14,0,14,0,14,0,14,0,14
1400000US06037980031,972,40,623,41,409,39,107,29,12,17,57,31,7,14,7,14,24,31,0,14,24,31,349,33,287,37,0,14,0,14,0,14,0,14,39,50,23,42,23,42,0,14
1400000US06037980033,21,3,15,6,6,5,3,8,0,14,0,14,0,14,0,14,6,5,0,14,6,5,6,5,0,14,0,14,0,14,0,14,0,14,6,5,0,14,0,14,0,14
1400000US06037980034,0,14,0,14,0,14,0,14,0,14,0,14,0,14,0,14,0,14,0,14,0,14,0,14,0,14,0,14,0,14,0,14,0,14,0,14,0,14,0,14,0,14
1400000US06037980035,758,207,135,52,65,41,10,20,0,14,53,48,7,9,0,14,0,14,0,14,0,14,623,202,13,14,0,14,0,14,0,14,0,14,530,192,80,73,77,73,3,5
1400000US06037980036,557,398,447,397,4,7,0,14,0,14,443,397,0,14,0,14,0,14,0,14,0,14,110,63,0,14,0,14,19,28,0,14,0,14,55,50,36,43,36,43,0,14
1400000US06037980037,0,14,0,14,0,14,0,14,0,14,0,14,0,14,0,14,0,14,0,14,0,14,0,14,0,14,0,14,0,14,0,14,0,14,0,14,0,14,0,14,0,14
1400000US06037980038,0,14,0,14,0,14,0,14,0,14,0,14,0,14,0,14,0,14,0,14,0,14,0,14,0,14,0,14,0,14,0,14,0,14,0,14,0,14,0,14,0,14
1400000US06037980039,0,14,0,14,0,14,0,14,0,14,0,14,0,14,0,14,0,14,0,14,0,14,0,14,0,14,0,14,0,14,0,14,0,14,0,14,0,14,0,14,0,14
1400000US06037990100,0,14,0,14,0,14,0,14,0,14,0,14,0,14,0,14,0,14,0,14,0,14,0,14,0,14,0,14,0,14,0,14,0,14,0,14,0,14,0,14,0,14
1400000US06037990200,0,14,0,14,0,14,0,14,0,14,0,14,0,14,0,14,0,14,0,14,0,14,0,14,0,14,0,14,0,14,0,14,0,14,0,14,0,14,0,14,0,14
1400000US06037990300,0,14,0,14,0,14,0,14,0,14,0,14,0,14,0,14,0,14,0,14,0,14,0,14,0,14,0,14,0,14,0,14,0,14,0,14,0,14,0,14,0,14
