GEO_ID,B15003_E001,B15003_M001,B15003_E002,B15003_M002,B15003_E003,B15003_M003,B15003_E004,B15003_M004,B15003_E005,B15003_M005,B15003_E006,B15003_M006,B15003_E007,B15003_M007,B15003_E008,B15003_M008,B15003_E009,B15003_M009,B15003_E010,B15003_M010,B15003_E011,B15003_M011,B15003_E012,B15003_M012,B15003_E013,B15003_M013,B15003_E014,B15003_M014,B15003_E015,B15003_M015,B15003_E016,B15003_M016,B15003_E017,B15003_M017,B15003_E018,B15003_M018,B15003_E019,B15003_M019,B15003_E020,B15003_M020,B15003_E021,B15003_M021,B15003_E022,B15003_M022,B15003_E023,B15003_M023,B15003_E024,B15003_M024,B15003_E025,B15003_M025
1400000US06037101110,3060,286,48,56,0,14,0,14,0,14,0,14,11,15,0,14,0,14,162,100,0,14,22,28,13,21,44,47,30,38,91,69,589,181,34,29,256,134,447,130,434,156,612,171,235,114,24,31,8,12
1400000US06037101122,3179,700,407,521,0,14,0,14,0,14,0,14,0,14,0,14,56,64,18,22,19,28,0,14,3,10,15,27,4,12,32,30,362,188,63,44,124,69,570,179,296,115,632,168,375,136,110,74,93,65
1400000US06037101220,2675,346,6,10,0,14,0,14,0,14,13,21,13,20,0,14,0,14,143,118,0,14,23,32,80,56,22,31,0,14,120,131,507,167,69,63,164,115,377,103,155,74,648,214,233,87,50,61,52,47
1400000US06037101221,2642,516,209,196,0,14,0,14,0,14,0,14,0,14,57,90,0,14,77,63,0,14,0,14,29,36,207,231,26,41,146,91,347,153,81,112,138,97,366,155,225,153,517,164,186,128,22,26,9,13
1400000US06037101222,1751,293,69,66,0,14,0,14,0,14,0,14,21,36,0,14,0,14,112,137,0,14,0,14,55,51,10,17,0,14,43,42,568,279,26,28,76,78,208,131,272,97,157,86,77,51,21,36,36,38
1400000US06037101300,3264,371,53,55,0,14,0,14,0,14,0,14,0,14,0,14,0,14,14,21,17,27,30,30,0,14,33,46,0,14,180,111,684,243,101,71,112,63,466,146,344,127,816,204,282,102,132,69,0,14
1400000US06037101400,2752,321,167,113,0,14,10,12,0,14,0,14,0,14,0,14,0,14,0,14,0,14,8,14,0,14,0,14,22,33,48,43,578,192,62,54,187,96,559,156,227,98,461,127,300,134,33,28,90,62
1400000US06037102103,1424,228,59,39,0,14,0,14,0,14,0,14,0,14,0,14,0,14,0,14,0,14,7,11,13,19,0,14,22,33,34,31,272,101,8,13,118,64,242,180,148,59,387,96,76,40,9,12,29,26
1400000US06037102104,2928,503,306,348,0,14,0,14,0,14,0,14,0,14,52,84,0,14,27,37,16,30,0,14,0,14,0,14,10,14,29,33,303,137,13,19,162,94,469,231,211,118,937,291,240,114,147,102,6,10
1400000US06037102105,1079,197,22,23,0,14,11,17,0,14,0,14,0,14,15,22,46,24,36,33,4,7,0,14,30,33,0,14,49,34,24,23,269,76,29,27,52,34,189,99,70,38,156,80,67,39,10,14,0,14
1400000US06037102107,2855,687,142,83,0,14,62,97,0,14,0,14,2,12,0,14,2,11,48,58,0,14,0,14,76,64,18,28,38,48,93,59,573,313,36,30,156,80,236,93,415,257,579,186,252,119,90,57,37,35
1400000US06037103101,2139,249,27,29,0,14,0,14,0,14,0,14,1,8,0,14,22,35,0,14,0,14,0,14,50,43,11,19,25,22,67,47,552,190,48,55,122,56,401,132,105,51,443,119,215,60,28,22,22,24
1400000US06037103102,3540,390,157,85,14,22,0,14,0,14,23,37,0,14,0,14,0,14,30,32,29,46,10,17,18,22,87,96,29,45,157,94,854,253,118,101,412,127,556,214,330,140,449,150,168,93,35,36,64,41
1400000US06037103201,3321,476,109,100,0,14,0,14,0,14,0,14,17,46,60,75,27,41,48,56,5,10,30,35,127,74,14,19,157,127,28,34,1036,416,28,35,120,72,383,173,311,122,403,182,230,179,114,82,74,68
1400000US06037103202,1678,617,7,12,0,14,0,14,0,14,0,14,0,14,0,14,0,14,11,19,96,151,0,14,13,18,0,14,0,14,16,20,207,47,20,21,205,79,268,241,228,230,264,95,224,82,43,36,76,56
1400000US06037103300,2774,413,27,27,0,14,0,14,0,14,0,14,0,14,33,51,0,14,0,14,0,14,0,14,0,14,22,27,24,25,49,43,478,217,133,89,207,112,450,165,312,110,736,157,193,72,72,47,38,29
1400000US06037103401,1910,385,17,17,0,14,0,14,0,14,0,14,0,14,0,14,0,14,14,24,0,14,0,14,53,48,32,34,0,14,43,50,231,82,34,36,155,71,263,126,249,120,579,175,81,52,104,88,55,86
1400000US06037103402,2899,482,17,21,0,14,0,14,0,14,0,14,0,14,0,14,4,6,30,29,0,14,22,35,27,37,52,51,42,41,57,43,624,162,82,77,251,97,478,221,247,127,831,210,81,54,33,37,21,24
1400000US06037104103,2753,739,153,69,0,14,0,14,0,14,0,14,8,12,1,14,36,34,185,91,0,14,24,25,89,68,32,27,71,55,170,152,448,120,25,20,200,116,415,233,407,233,298,112,130,103,20,17,41,33
1400000US06037104105,3643,504,189,139,0,19,0,19,32,38,0,19,0,19,64,102,27,35,301,113,0,19,183,206,79,59,51,50,166,105,157,89,812,268,99,99,129,83,489,189,258,91,308,147,294,118,0,19,5,9
1400000US06037104108,3425,402,155,94,0,14,0,14,102,124,153,124,66,56,32,40,39,58,279,174,31,30,51,59,53,64,64,67,10,18,133,100,1001,334,152,97,146,80,401,192,197,109,325,136,35,42,0,14,0,14
1400000US06037104124,2971,468,99,89,0,14,0,14,0,14,0,14,104,96,50,56,0,14,90,81,0,14,25,25,0,14,42,43,0,14,27,30,565,251,49,79,393,246,437,176,289,194,561,200,219,131,21,25,0,14
1400000US06037104201,2989,462,148,74,0,14,0,14,21,31,39,44,31,40,48,41,27,28,172,97,32,31,53,43,144,161,57,49,186,99,143,77,642,139,111,72,128,74,458,163,170,115,271,130,69,49,39,54,0,14
1400000US06037104203,3353,551,198,111,0,14,0,14,30,42,166,98,85,91,0,14,16,27,315,168,89,70,115,90,246,139,0,14,11,18,94,69,887,297,148,116,143,76,436,373,45,50,252,171,50,46,0,14,27,40
1400000US06037104204,2383,276,187,97,7,11,0,14,0,14,24,23,47,35,0,14,46,40,182,87,5,14,35,37,71,40,31,36,93,44,115,55,656,197,79,41,137,60,240,80,99,51,256,108,70,49,3,6,0,14
1400000US06037104310,3306,471,422,172,0,14,8,13,19,24,65,49,66,57,45,37,62,59,276,152,26,27,21,20,36,30,18,24,145,78,275,113,982,256,115,53,217,95,172,77,50,33,239,86,43,48,4,7,0,14
1400000US06037104321,2027,463,228,118,0,14,0,14,44,42,0,14,14,21,4,6,30,41,141,85,22,25,49,45,50,44,183,256,19,29,84,78,536,241,70,41,95,73,259,98,105,68,73,45,21,23,0,14,0,14
1400000US06037104322,1285,249,144,66,5,8,8,14,0,14,106,57,6,10,0,14,60,53,108,125,0,14,9,15,6,14,36,35,16,18,70,55,270,116,35,37,33,28,99,67,72,48,140,62,38,30,24,31,0,14
1400000US06037104401,1732,223,259,113,0,14,0,14,18,25,5,10,10,16,11,17,14,13,142,70,20,23,0,14,48,31,79,44,70,46,100,42,307,72,31,25,75,40,205,90,118,55,179,90,34,22,7,12,0,14
1400000US06037104403,1572,232,121,57,0,14,0,14,10,15,33,31,40,60,38,43,39,58,222,137,24,31,0,14,49,32,25,26,53,43,70,46,356,94,52,37,86,53,120,78,89,51,133,54,12,14,0,14,0,14
1400000US06037104404,2187,333,274,147,0,14,0,14,0,14,38,35,38,40,19,23,55,48,293,114,12,13,41,35,64,43,21,22,23,24,124,59,540,131,59,46,150,66,214,79,87,66,118,59,6,10,11,16,0,14
1400000US06037104500,2102,312,243,131,0,14,0,14,23,35,74,58,0,14,13,19,17,27,216,107,5,8,74,70,95,79,38,39,0,14,108,54,529,140,98,56,180,84,189,82,68,40,99,52,33,33,0,14,0,14
1400000US06037104610,1991,326,271,123,0,14,7,18,0,14,0,14,84,47,6,10,35,36,73,48,18,29,53,64,80,52,32,37,41,35,163,110,457,109,50,33,156,65,255,111,96,69,86,51,28,26,0,14,0,14
1400000US06037104620,1968,301,330,143,0,14,0,14,0,14,20,21,13,16,26,29,43,37,120,91,3,7,0,14,52,42,66,69,81,57,141,68,444,127,105,50,156,66,89,50,62,40,156,115,60,42,1,7,0,14
1400000US06037104701,2286,280,177,78,28,44,0,14,0,14,27,41,62,61,84,70,16,21,221,102,52,46,52,41,58,58,162,86,98,81,241,106,497,180,36,30,33,43,189,103,74,52,159,105,20,27,0,14,0,14
1400000US06037104703,1613,338,99,72,9,15,0,14,0,14,0,14,91,86,55,63,50,44,106,59,55,59,0,14,56,41,98,106,7,11,108,54,400,195,28,29,51,36,228,99,48,42,115,52,4,7,5,9,0,14
1400000US06037104704,2981,384,184,126,0,14,0,14,55,61,29,46,47,48,20,22,89,103,262,164,0,14,78,57,169,139,99,83,109,70,144,84,672,221,49,33,149,79,300,136,131,100,252,127,80,76,38,44,25,28
1400000US06037104821,2101,349,188,136,0,14,0,14,40,46,5,7,78,52,6,10,66,51,166,87,35,27,68,59,109,53,93,56,42,37,214,121,446,157,92,51,44,27,141,70,72,32,163,73,30,29,3,5,0,14
1400000US06037104822,1422,203,213,79,0,14,6,9,25,28,5,7,33,33,6,8,22,26,101,46,24,25,23,34,63,50,21,22,2,5,194,82,334,127,38,30,38,28,115,63,58,39,74,43,14,15,13,13,0,14
1400000US06037104823,1907,320,164,77,0,14,5,9,29,38,35,42,16,20,65,76,47,43,94,55,5,8,23,26,51,49,0,14,84,76,169,58,360,145,64,47,108,58,180,100,51,36,294,95,58,36,5,10,0,14
1400000US06037104824,1688,758,66,60,0,14,0,14,0,14,3,5,11,16,0,14,18,28,207,128,24,25,26,29,297,346,12,18,22,22,87,62,368,105,81,110,96,70,232,218,44,39,94,65,0,14,0,14,0,14
1400000US06037106010,2458,439,140,96,0,14,0,14,2,12,27,36,52,48,9,10,10,18,91,54,0,14,0,14,14,14,58,80,13,14,65,60,671,179,99,91,183,77,250,89,272,107,274,71,176,77,19,25,33,23
1400000US06037106020,3503,545,73,64,0,19,0,19,0,19,0,19,139,177,0,19,37,58,131,97,8,14,0,19,105,89,108,152,2,5,121,86,880,193,67,48,272,121,486,179,247,110,417,177,267,125,97,109,46,54
1400000US06037106111,3565,526,303,183,0,14,0,14,0,14,0,14,0,14,19,30,9,13,10,17,0,14,0,14,121,127,17,20,126,120,171,77,1020,250,34,30,222,103,414,215,298,138,561,134,207,82,26,27,7,11
1400000US06037106112,3800,410,208,131,0,19,0,19,0,19,18,21,30,45,58,67,11,17,132,95,8,12,32,36,39,50,63,68,26,26,147,84,839,190,104,56,346,130,460,131,361,163,630,150,218,88,47,40,23,28
1400000US06037106113,2833,309,270,179,0,14,0,14,0,14,77,120,16,24,8,12,7,10,83,69,0,14,25,37,60,42,53,44,61,52,51,37,688,211,215,95,183,96,274,104,105,73,534,150,97,57,14,22,12,14
1400000US06037106114,4145,626,311,158,0,19,0,19,0,19,38,41,0,19,56,46,96,92,148,86,81,94,85,53,213,151,10,16,31,32,181,151,849,190,95,75,602,345,432,182,153,75,701,212,36,32,6,11,21,33
1400000US06037106403,2420,241,257,134,0,14,0,14,15,27,16,15,30,32,23,37,9,14,135,80,21,20,46,47,72,51,22,19,110,59,81,44,632,187,84,53,50,32,208,94,155,85,349,112,55,48,0,14,50,47
1400000US06037106405,2882,534,510,399,0,14,0,14,0,14,16,24,0,14,37,64,13,23,13,22,0,14,32,32,112,103,0,14,226,214,0,14,417,179,135,122,46,49,621,300,219,158,440,153,32,34,13,16,0,14
1400000US06037106406,4489,747,202,98,18,25,0,19,0,19,61,82,0,19,14,22,0,19,37,35,30,32,71,79,206,123,58,78,175,196,232,194,969,256,169,153,228,111,584,283,438,201,786,227,191,156,20,23,0,19
1400000US06037106407,1419,168,187,83,0,14,0,14,25,27,27,42,27,33,4,6,11,21,17,19,7,11,23,19,39,60,41,39,54,32,54,45,474,155,68,61,42,27,43,43,61,35,152,69,48,47,10,21,5,8
1400000US06037106408,1924,206,128,60,0,14,0,14,0,14,0,14,36,30,22,26,0,14,68,50,5,10,44,44,72,46,44,31,49,37,156,85,624,152,75,44,101,81,212,93,147,59,112,49,29,32,0,14,0,14
1400000US06037106510,3906,904,176,121,0,19,0,19,0,19,0,19,45,59,0,19,0,19,17,25,0,19,77,117,91,99,67,63,37,31,119,72,659,341,172,77,244,112,549,262,151,77,1118,350,160,78,161,167,63,66
1400000US06037106520,3530,474,429,284,0,19,31,43,0,19,12,15,75,98,24,39,26,30,106,66,0,19,0,19,70,53,43,65,110,97,143,69,813,330,128,75,248,132,304,126,335,137,446,149,149,97,30,33,8,12
1400000US06037106603,2583,547,10,13,7,10,0,14,0,14,0,14,14,16,0,14,4,11,16,18,0,14,13,14,5,8,14,19,8,13,58,39,481,324,11,13,156,86,346,212,233,106,723,149,351,90,39,24,94,65
1400000US06037106604,2989,306,205,107,0,14,0,14,0,14,38,50,0,14,94,107,28,44,134,119,8,13,0,14,189,116,13,21,75,83,231,145,634,227,114,89,170,90,470,162,186,106,355,123,30,25,15,28,0,14
1400000US06037106641,1682,205,39,39,0,14,0,14,0,14,0,14,0,14,0,14,0,14,0,14,0,14,0,14,9,13,3,6,35,33,23,24,158,87,8,12,64,39,321,75,274,104,406,106,237,64,73,38,32,20
1400000US06037106642,2647,524,77,66,0,14,0,14,0,14,49,67,0,14,21,3,0,14,4,8,0,14,19,26,13,20,3,8,0,14,0,14,324,158,68,75,119,62,189,68,554,234,786,322,288,106,68,55,65,52
1400000US06037106643,3181,668,63,47,0,14,0,14,0,14,0,14,13,20,0,14,0,14,8,12,19,23,0,14,22,28,0,14,2,5,34,32,647,439,46,37,69,45,353,120,289,141,880,272,467,177,171,83,98,101
1400000US06037106645,2334,307,28,46,7,13,0,14,0,14,0,14,0,14,0,14,0,14,9,15,11,15,17,24,9,14,30,43,0,14,17,21,414,185,11,17,62,52,343,191,202,98,684,187,332,127,25,26,133,81
1400000US06037106646,2441,253,81,47,0,14,0,14,0,14,0,14,9,13,0,14,5,8,22,22,0,14,0,14,0,14,0,14,36,51,35,28,473,128,15,23,229,109,363,132,202,79,686,174,153,71,100,55,32,34
1400000US06037106648,2898,407,124,88,0,14,0,14,20,33,28,43,7,13,50,51,54,64,217,129,0,14,42,47,137,101,129,108,82,73,301,133,589,239,99,95,179,100,343,127,219,132,177,111,82,83,0,14,19,28
1400000US06037106649,1694,344,162,66,0,14,0,14,2,4,0,14,105,144,0,14,3,10,63,52,0,14,0,14,16,21,13,13,17,15,89,61,332,150,38,31,99,47,281,96,128,56,270,79,67,51,9,12,0,14
1400000US06037107010,2145,274,131,63,0,14,0,14,5,10,27,30,47,38,40,45,28,38,145,65,0,14,92,50,90,51,30,27,66,46,59,46,480,165,93,54,108,89,277,123,135,64,261,121,21,23,10,10,0,14
1400000US06037107020,3095,377,176,99,0,14,7,11,0,14,0,14,29,31,121,158,8,15,174,106,5,9,105,133,111,82,9,14,64,51,194,97,652,200,82,61,258,148,257,94,322,140,433,113,67,46,18,26,3,10
1400000US06037108101,1746,268,7,10,0,14,0,14,0,14,0,14,7,11,0,14,0,14,1,4,27,43,0,14,0,14,9,11,0,14,51,45,320,164,23,17,57,37,134,48,167,81,634,159,228,75,53,33,28,21
1400000US06037108102,2476,331,0,14,0,14,0,14,0,14,0,14,0,14,0,14,0,14,18,22,0,14,12,18,0,14,0,14,0,14,27,27,333,148,0,14,80,78,283,101,267,94,953,287,289,113,141,94,73,50
1400000US06037108103,2362,304,19,29,0,14,0,14,0,14,0,14,0,14,0,14,0,14,0,14,11,17,10,21,31,37,0,14,5,9,44,42,182,76,35,54,215,118,191,109,160,74,650,170,434,153,234,107,141,76
1400000US06037108104,1166,203,0,14,0,14,0,14,0,14,0,14,0,14,0,14,0,14,0,14,0,14,0,14,0,14,3,6,0,14,16,17,133,76,14,15,56,32,107,43,68,29,494,164,164,49,27,18,84,45
1400000US06037108202,7805,943,95,88,0,21,0,21,0,21,34,45,0,21,0,21,0,21,0,21,0,21,0,21,0,21,160,216,0,21,0,21,684,388,0,21,245,268,1008,369,527,229,2908,466,1105,340,730,328,309,204
1400000US06037108203,2457,266,22,27,0,14,0,14,0,14,0,14,0,14,0,14,0,14,0,14,0,14,0,14,0,14,0,14,0,14,44,36,246,114,7,11,59,44,324,117,195,139,934,202,354,105,188,91,84,56
1400000US06037108204,1288,145,8,14,0,14,0,14,0,14,0,14,0,14,0,14,0,14,8,12,0,14,0,14,8,12,0,14,9,16,3,6,82,68,0,14,18,21,124,59,64,39,554,159,229,85,113,59,68,48
1400000US06037109100,2343,243,86,35,24,36,0,14,0,14,20,30,43,40,11,13,7,12,248,113,16,32,52,33,7,14,12,16,56,34,106,89,624,132,47,39,179,82,226,93,119,56,368,134,75,37,14,17,3,6
1400000US06037109200,2253,390,6,11,0,14,0,14,0,14,0,14,0,14,0,14,8,16,0,14,0,14,4,11,5,9,0,14,55,50,113,85,307,150,2,9,47,40,412,172,152,78,864,227,194,72,26,34,58,53
1400000US06037109300,2208,219,96,54,0,14,0,14,0,14,19,22,2,5,0,14,7,12,44,40,0,14,82,47,52,75,0,14,16,23,36,31,465,133,106,48,168,70,244,84,295,88,441,170,85,51,40,39,10,11
1400000US06037109400,2771,581,180,158,0,14,0,14,0,14,69,84,74,119,0,14,17,29,0,14,0,14,24,36,52,61,5,12,24,29,244,140,612,173,120,59,146,75,197,91,182,114,611,273,177,169,37,41,0,14
1400000US06037109500,2783,560,201,123,0,14,0,14,0,14,24,40,79,71,0,14,31,49,172,102,33,42,0,14,0,14,66,71,52,43,183,135,663,193,99,67,311,185,443,148,146,66,117,136,92,45,71,69,0,14
1400000US06037109601,3762,588,114,75,0,19,0,19,0,19,18,30,12,20,39,58,11,18,43,50,0,19,67,65,74,66,47,54,59,66,158,126,1111,298,89,85,188,100,768,389,353,133,476,152,85,69,26,30,24,31
1400000US06037109603,2778,603,128,66,0,14,0,14,0,14,0,14,0,14,0,14,0,14,63,57,70,69,10,16,44,52,46,28,68,47,104,60,703,246,59,44,127,73,686,422,113,58,381,146,144,83,24,21,8,14
1400000US06037109604,2308,381,178,107,0,14,0,14,14,21,12,20,33,33,0,14,0,14,77,106,34,48,115,92,53,52,18,21,20,20,22,18,632,178,61,37,245,124,202,77,109,48,394,96,89,39,0,14,0,14
1400000US06037109700,3044,526,113,95,12,21,0,14,10,17,0,14,0,14,0,14,63,49,124,108,30,44,79,78,99,129,46,62,31,48,35,31,598,211,47,39,123,66,485,190,218,101,644,189,221,123,48,36,18,29
1400000US06037109800,3415,457,150,113,0,14,0,14,0,14,95,136,27,28,0,14,60,92,63,55,8,18,0,14,20,23,0,14,57,64,101,72,752,204,192,101,296,120,533,178,263,194,520,166,210,153,7,13,61,51
1400000US06037111100,2192,272,85,65,0,14,0,14,0,14,24,26,7,10,0,14,0,14,40,43,0,14,0,14,23,31,14,23,13,17,81,52,501,114,43,32,178,91,291,83,171,84,491,118,164,68,35,24,31,26
1400000US06037111201,2224,313,29,27,0,14,0,14,0,14,0,14,0,14,0,14,0,14,0,14,0,14,0,14,22,27,7,11,7,14,47,40,389,152,47,40,238,124,350,116,211,95,673,172,125,68,53,47,26,25
1400000US06037111202,4592,874,135,96,0,19,13,20,0,19,0,19,16,22,0,19,0,19,37,24,0,19,147,251,49,60,20,26,15,24,74,55,1212,285,14,19,248,117,453,141,765,354,925,237,419,145,32,28,18,21
1400000US06037111204,4624,484,51,42,0,19,0,19,63,95,0,19,0,19,0,19,12,18,9,14,0,19,0,19,75,116,9,14,0,19,91,95,739,227,37,30,105,75,508,203,385,150,1634,226,586,155,256,126,64,42
1400000US06037111205,2803,554,80,83,0,14,0,14,0,14,9,15,0,14,21,28,18,30,0,14,0,14,0,14,0,14,15,17,10,17,90,76,249,132,17,21,324,317,423,275,293,110,934,178,239,117,54,48,27,23
1400000US06037111206,3006,351,47,38,0,14,0,14,0,14,0,14,18,23,0,14,0,14,2,4,13,20,0,14,9,15,9,14,7,11,48,45,421,140,15,17,255,101,415,149,152,77,993,182,455,149,128,90,19,21
1400000US06037111302,3503,558,51,48,0,14,0,14,0,14,0,14,0,14,0,14,0,14,0,14,0,14,22,35,32,32,0,14,17,20,68,52,555,238,120,92,113,67,465,130,312,96,1312,506,279,103,98,90,59,45
1400000US06037111303,3094,432,96,62,0,14,0,14,0,14,0,14,29,43,0,14,0,14,42,41,0,14,46,60,24,43,15,22,71,67,116,84,401,115,81,64,152,105,418,241,212,126,808,194,333,136,143,167,107,88
1400000US06037111304,2292,489,23,30,0,14,0,14,0,14,0,14,0,14,0,14,0,14,0,14,0,14,5,12,0,14,0,14,19,24,9,14,540,324,38,55,237,179,315,133,341,166,645,325,93,57,0,14,27,39
1400000US06037111401,1686,214,17,32,0,14,0,14,0,14,0,14,0,14,0,14,0,14,5,9,0,14,5,9,0,14,24,32,14,16,58,46,341,163,67,59,60,48,233,102,186,65,414,146,183,105,62,48,17,18
1400000US06037111402,4487,710,408,272,0,19,0,19,35,56,0,19,39,60,28,44,4,7,9,18,0,19,50,80,164,111,26,45,68,74,51,56,984,468,69,64,219,124,552,207,460,181,1128,358,138,84,27,42,28,35
1400000US06037113101,2812,310,45,52,0,14,0,14,0,14,17,26,0,14,0,14,2,3,30,41,0,14,20,31,0,14,34,35,70,110,25,27,182,143,53,40,105,61,413,124,298,151,995,220,340,157,128,106,55,44
1400000US06037113102,2191,206,63,65,0,14,0,14,0,14,0,14,0,14,0,14,0,14,49,43,5,8,0,14,0,14,2,5,0,14,3,5,297,114,12,19,99,64,248,104,158,85,563,145,366,120,169,96,157,100
1400000US06037113211,3039,414,51,44,10,17,0,14,0,14,0,14,0,14,0,14,0,14,0,14,0,14,0,14,10,16,9,13,0,14,95,44,431,155,59,43,203,92,340,163,233,129,1092,232,398,139,85,52,23,29
1400000US06037113212,2003,197,81,64,0,14,0,14,0,14,0,14,0,14,0,14,0,14,84,67,0,14,0,14,11,18,27,28,0,14,78,58,240,95,79,59,76,43,236,113,283,130,543,130,205,77,60,40,0,14
1400000US06037113213,3724,448,28,26,9,15,0,19,0,19,25,40,0,19,25,38,0,19,17,19,16,23,40,31,11,14,0,19,17,19,33,41,610,218,95,61,280,72,507,154,291,134,953,200,523,207,173,159,71,66
1400000US06037113231,1784,219,6,8,0,14,0,14,0,14,0,14,5,8,0,14,0,14,20,30,0,14,0,14,0,14,10,12,21,24,50,64,132,55,28,20,101,56,267,119,149,68,590,178,263,90,83,53,59,54
1400000US06037113232,3902,446,51,44,0,19,0,19,0,19,13,21,0,19,0,19,10,22,46,57,17,27,40,28,0,19,5,9,39,40,45,39,559,157,113,77,372,126,454,153,521,221,974,248,463,184,105,59,75,58
1400000US06037113234,3784,674,169,152,20,31,0,19,0,19,29,44,100,83,0,19,0,19,109,124,19,22,62,69,259,180,0,19,66,55,106,90,925,283,62,48,200,100,531,245,241,105,714,257,145,76,20,31,7,11
1400000US06037113235,1339,237,12,17,0,14,0,14,0,14,0,14,0,14,0,14,0,14,0,14,0,14,0,14,0,14,0,14,15,22,26,22,346,137,55,35,219,105,220,88,138,64,194,83,77,38,31,25,6,16
1400000US06037113237,3410,682,96,119,0,14,0,14,0,14,11,18,0,14,0,14,0,14,0,14,0,14,10,16,10,15,28,28,9,13,38,26,424,184,13,14,165,98,251,85,788,511,1018,261,333,140,113,79,103,90
1400000US06037113238,2865,449,145,100,0,14,0,14,0,14,0,14,150,94,7,12,0,14,30,51,64,80,145,98,31,52,24,37,32,38,218,99,600,173,61,53,131,112,168,74,495,215,448,193,41,39,66,51,9,15
1400000US06037113239,1530,221,82,75,0,14,0,14,0,14,0,14,18,23,0,14,0,14,54,66,28,41,0,14,45,51,54,73,44,55,81,75,415,206,96,101,51,40,113,54,148,91,157,78,118,107,0,14,26,32
1400000US06037113301,3227,444,17,29,0,14,0,14,0,14,0,14,0,14,0,14,30,37,0,14,0,14,0,14,62,82,16,19,23,31,73,83,434,176,31,38,344,136,392,151,286,201,772,199,423,122,247,254,77,73
1400000US06037113303,2882,239,113,101,0,14,0,14,0,14,0,14,28,32,10,18,0,14,11,17,0,14,33,48,12,18,10,16,9,14,30,27,571,179,25,27,84,58,396,172,274,112,926,238,276,99,66,45,8,12
1400000US06037113322,3402,320,158,73,0,14,0,14,0,14,0,14,0,14,0,14,9,13,0,14,0,14,31,44,0,14,29,63,11,16,79,70,373,133,83,87,179,124,473,167,393,186,975,242,440,191,110,56,59,53
1400000US06037113323,2690,309,61,53,0,14,9,14,0,14,0,14,0,14,12,19,0,14,2,4,9,15,2,7,68,60,23,35,2,8,50,38,569,202,104,86,174,100,379,180,185,85,700,247,227,101,32,30,82,75
1400000US06037113324,1680,645,4,7,0,14,0,14,0,14,0,14,0,14,33,53,0,14,0,14,0,14,0,14,90,98,45,62,196,285,0,14,323,372,24,36,60,48,166,70,184,93,458,149,72,52,5,9,20,30
1400000US06037113423,1874,371,75,40,0,14,0,14,0,14,0,14,0,14,7,11,15,27,7,18,11,16,1,5,0,14,18,21,0,14,45,47,274,118,64,38,63,36,398,195,217,167,501,172,168,78,10,16,0,14
1400000US06037113424,2202,353,110,96,0,14,0,14,0,14,0,14,7,14,8,15,0,14,30,46,0,14,16,26,48,47,0,14,23,29,23,31,429,138,32,52,105,69,469,200,238,135,513,142,112,65,26,34,13,16
1400000US06037113425,2269,335,77,69,0,14,0,14,0,14,54,37,0,14,0,14,23,37,127,129,0,14,33,40,0,14,0,14,58,39,231,145,348,191,34,37,92,84,415,199,283,129,401,158,72,47,21,32,0,14
1400000US06037113426,1720,309,10,15,0,14,0,14,0,14,0,14,23,27,11,13,6,8,55,53,0,14,18,18,42,39,7,10,0,14,61,41,374,142,37,26,70,40,230,62,216,136,379,113,159,59,15,17,7,11
1400000US06037113427,1591,242,172,141,0,14,0,14,0,14,0,14,0,14,0,14,0,14,9,15,0,14,0,14,0,14,41,47,23,28,101,62,380,142,56,40,90,59,229,140,133,81,207,88,122,120,19,24,9,14
1400000US06037113428,2969,1216,74,56,0,14,0,14,0,14,0,14,0,14,0,14,0,14,41,52,13,26,0,14,14,28,40,58,47,41,83,65,604,241,11,21,239,242,362,270,244,87,670,291,246,112,116,113,165,246
1400000US06037115101,3781,383,196,251,0,19,0,19,0,19,22,38,0,19,0,19,7,14,0,19,0,19,0,19,0,19,10,19,33,34,49,42,443,182,38,32,111,59,445,136,218,229,1181,276,598,167,358,175,72,42
1400000US06037115103,306,122,4,8,0,14,0,14,0,14,0,14,0,14,0,14,0,14,0,14,0,14,0,14,0,14,4,9,0,14,0,14,38,47,5,7,0,14,37,36,29,43,138,66,51,39,0,14,0,14
1400000US06037115104,2954,522,60,70,0,14,0,14,0,14,0,14,0,14,32,53,0,14,10,16,26,31,9,14,63,80,0,14,0,14,71,70,645,389,0,14,85,95,272,140,134,83,1103,270,273,112,100,67,71,81
1400000US06037115202,4393,770,169,129,0,19,0,19,0,19,0,19,0,19,0,19,0,19,113,181,0,19,0,19,46,72,80,103,129,85,175,152,1065,406,46,51,201,133,574,251,271,173,1150,332,282,96,18,19,74,58
1400000US06037115203,1512,288,61,95,0,14,0,14,0,14,0,14,0,14,23,30,7,18,41,32,0,14,24,31,0,14,0,14,0,14,56,55,241,171,0,14,147,95,157,88,150,111,389,135,131,75,75,64,10,15
1400000US06037115204,3020,441,37,34,0,14,0,14,0,14,0,14,28,46,29,47,34,54,0,14,15,23,0,14,78,90,36,56,24,28,48,48,366,131,43,34,162,141,550,290,273,164,1021,327,216,90,29,47,31,37
1400000US06037115301,3386,588,30,26,3,8,0,14,0,14,3,6,0,14,0,14,0,14,27,32,0,14,23,37,15,21,37,34,0,14,119,57,736,221,165,167,225,149,455,281,307,111,824,174,271,97,117,73,29,44
1400000US06037115302,2366,281,256,100,0,14,0,14,0,14,5,9,42,41,35,32,18,24,56,44,71,55,4,18,21,25,88,115,55,51,97,56,655,200,53,41,213,88,151,72,188,95,318,105,27,27,13,19,0,14
1400000US06037115401,3949,511,56,80,0,19,0,19,0,19,29,38,0,19,0,19,58,68,36,37,0,19,23,38,16,24,107,106,203,142,246,154,908,335,42,35,251,148,713,299,275,146,779,261,164,92,43,50,0,19
1400000US06037115403,2196,356,276,142,8,18,0,14,0,14,0,14,13,22,12,19,26,41,41,34,0,14,13,22,28,33,14,23,5,8,51,42,355,186,78,65,43,41,307,135,102,105,750,258,50,48,0,14,24,41
1400000US06037115404,1824,310,72,58,0,14,0,14,0,14,3,6,0,14,4,6,6,19,42,39,8,14,5,7,0,14,72,60,21,41,74,49,268,152,75,55,57,40,330,130,163,100,551,212,68,42,0,14,5,8
1400000US06037117101,3429,453,158,120,7,11,0,19,0,19,0,19,0,19,0,19,0,19,43,61,73,79,0,19,75,84,16,24,57,64,78,53,485,151,32,34,188,82,531,267,341,150,1089,193,161,69,23,27,72,53
1400000US06037117102,1666,213,43,35,0,14,0,14,0,14,6,13,0,14,0,14,66,73,28,32,3,6,0,14,4,11,40,40,6,10,75,58,550,140,49,33,77,45,177,80,148,70,324,74,65,40,0,14,5,8
1400000US06037117201,2855,381,96,85,0,14,0,14,20,31,11,20,0,14,46,54,25,41,155,93,87,64,77,69,67,88,12,20,85,80,133,120,626,177,130,97,117,137,453,178,128,76,433,148,137,84,6,9,11,18
1400000US06037117202,2101,277,150,112,0,14,0,14,0,14,36,43,11,11,25,27,9,12,35,27,0,14,11,14,0,14,14,15,0,14,64,70,325,111,24,18,138,52,345,129,167,68,499,104,149,58,46,26,53,30
1400000US06037117301,2644,251,30,31,0,14,0,14,0,14,0,14,15,23,0,14,52,55,8,15,0,14,12,19,0,14,9,15,15,23,48,43,508,161,38,38,141,70,289,110,172,75,842,169,296,147,99,66,70,59
1400000US06037117302,3386,386,42,41,0,14,0,14,0,14,0,14,12,18,0,14,24,27,20,34,0,14,52,39,23,26,40,41,0,14,180,192,541,147,60,49,159,82,384,120,345,170,1036,195,305,99,80,45,83,62
1400000US06037117303,3067,711,124,58,0,14,0,14,0,14,18,28,28,42,0,14,0,14,105,80,15,16,0,14,13,19,50,54,43,53,56,52,542,269,195,204,157,115,573,273,305,139,539,165,247,131,45,40,12,19
1400000US06037117404,3500,931,89,203,0,14,0,14,0,14,0,14,11,18,11,18,0,14,58,61,8,28,8,15,8,27,0,14,5,125,34,24,549,482,100,205,175,78,627,296,490,183,925,296,274,148,90,75,38,29
1400000US06037117405,1844,373,100,61,0,14,13,19,0,14,35,33,14,16,18,24,60,38,103,63,19,29,20,22,81,51,27,28,7,10,123,60,601,183,99,55,80,56,201,118,134,100,89,52,7,9,13,21,0,14
1400000US06037117407,1956,250,188,77,0,14,1,2,0,14,42,40,79,55,14,20,22,30,67,53,26,32,25,23,123,89,93,98,162,112,60,38,583,155,38,43,21,23,268,100,21,25,123,71,0,14,0,14,0,14
1400000US06037117408,1621,223,92,48,0,14,0,14,0,14,15,22,11,17,11,15,18,20,125,62,37,30,32,37,72,44,11,30,30,24,45,30,465,194,18,22,80,54,180,76,77,35,222,75,55,33,6,8,19,30
1400000US06037117510,2337,474,303,156,10,17,0,14,22,34,54,52,0,14,0,14,62,73,86,60,0,14,99,119,205,126,83,76,86,65,105,84,626,250,57,50,96,80,193,105,61,58,172,84,17,20,0,14,0,14
1400000US06037117520,2125,407,204,116,0,14,0,14,0,14,0,14,0,14,54,53,50,62,55,52,29,34,40,45,45,41,34,41,214,158,78,62,570,167,46,44,120,79,341,126,116,74,114,68,15,15,0,14,0,14
1400000US06037117530,3525,367,260,134,14,21,39,59,0,19,12,18,88,71,30,38,43,52,233,122,66,64,50,55,253,159,18,21,158,107,94,60,747,187,167,107,148,80,437,199,130,77,412,141,93,63,28,29,5,11
1400000US06037119001,3164,394,208,103,0,14,0,14,0,14,0,14,15,18,32,30,36,31,133,82,16,23,25,26,60,44,30,30,46,45,399,240,708,162,85,43,143,62,524,161,127,62,450,109,82,53,32,27,13,14
1400000US06037119003,2420,449,261,119,0,14,9,15,0,14,15,18,48,34,8,13,30,32,219,113,21,31,15,24,97,70,20,23,77,60,297,286,619,186,92,50,123,63,229,99,44,40,161,79,35,37,0,14,0,14
1400000US06037119004,1794,622,178,80,0,14,0,14,7,10,41,40,53,62,0,14,12,20,155,76,0,14,30,46,85,78,24,28,73,117,156,144,534,323,40,34,85,57,111,73,61,48,143,89,6,11,0,14,0,14
1400000US06037119201,2605,397,277,104,0,14,2,6,0,14,27,30,4,7,18,21,36,34,86,42,25,25,10,13,82,101,52,40,5,9,172,99,835,235,48,30,135,47,250,101,124,45,279,82,132,72,6,9,0,14
1400000US06037119202,2977,413,234,113,0,14,0,14,0,14,14,28,69,60,76,94,113,88,173,102,13,27,38,43,74,65,3,7,57,62,288,106,749,194,132,107,182,138,390,136,147,86,202,92,23,21,0,14,0,14
1400000US06037119310,2699,402,88,58,0,14,8,12,0,14,0,14,5,8,0,14,29,37,109,100,29,35,29,28,119,95,0,14,86,89,55,40,650,274,55,43,112,63,585,237,161,71,493,188,59,38,27,40,0,14
1400000US06037119320,2803,330,131,94,7,17,0,14,0,14,7,16,0,14,52,49,90,82,236,185,10,16,42,60,171,109,28,30,0,14,150,90,759,238,61,42,119,70,168,104,162,99,508,176,102,71,0,14,0,14
1400000US06037119340,1999,275,295,167,0,14,0,14,0,14,20,22,62,37,12,13,24,26,142,57,46,37,34,24,106,49,46,37,78,54,61,47,482,140,47,36,64,63,303,116,59,46,71,51,47,47,0,14,0,14
1400000US06037119341,1886,289,229,100,0,14,0,14,0,14,0,14,9,14,13,19,0,14,70,59,0,14,21,27,134,85,37,39,84,79,84,40,345,92,20,25,20,20,235,90,150,47,324,99,65,44,46,31,0,14
1400000US06037119342,1922,292,222,113,0,14,0,14,0,14,37,40,67,57,8,12,58,52,153,87,72,54,11,17,52,43,39,39,62,47,53,47,376,98,9,13,43,27,170,63,61,39,335,112,62,44,6,11,26,28
1400000US06037119400,3017,503,495,187,0,14,0,14,0,14,12,20,3,4,54,76,31,41,391,285,42,62,39,51,3,20,23,38,101,91,69,61,611,213,6,14,191,104,441,167,197,98,186,94,114,80,8,12,0,14
1400000US06037119700,3333,582,189,105,0,14,0,14,0,14,40,57,110,85,0,14,0,14,52,52,60,73,65,83,94,81,54,53,14,20,99,79,775,298,73,82,110,62,384,216,146,88,813,263,246,187,0,14,9,13
1400000US06037119801,1739,197,196,116,0,14,0,14,0,14,15,21,80,44,0,14,0,14,106,63,7,11,19,21,69,53,65,32,100,61,88,48,153,56,54,45,123,76,186,63,82,49,353,94,20,25,15,19,8,15
1400000US06037119802,2121,469,321,184,0,14,0,14,0,14,0,14,9,13,8,11,16,27,188,83,0,14,35,34,128,147,69,55,72,51,27,28,495,124,67,58,87,51,170,83,165,107,190,73,59,39,8,12,7,11
1400000US06037119900,2942,435,139,83,0,14,0,14,31,45,0,14,0,14,8,14,12,15,100,73,99,120,5,8,164,136,38,38,23,26,107,85,899,317,59,93,153,76,292,120,235,97,522,214,50,49,0,14,6,10
1400000US06037120010,1716,222,82,48,0,14,0,14,0,14,10,17,47,36,14,24,41,44,41,29,14,18,29,26,169,102,12,17,0,14,68,41,484,153,39,33,98,56,226,96,87,53,192,89,45,30,18,18,0,14
1400000US06037120020,2702,429,222,190,0,14,0,14,0,14,0,14,57,61,9,16,0,14,218,151,93,77,58,40,101,61,9,15,29,48,99,106,598,189,53,54,74,51,282,128,134,77,636,208,16,25,14,21,0,14
1400000US06037120030,1643,180,102,45,0,14,0,14,9,15,0,14,12,18,0,14,24,26,191,119,47,48,3,7,107,63,32,36,64,45,32,27,510,122,41,27,21,24,88,53,52,37,286,120,13,14,9,9,0,14
1400000US06037120103,1619,216,194,95,0,14,0,14,0,14,10,14,53,43,25,27,26,29,132,58,0,14,36,33,85,47,14,24,80,62,73,59,445,143,32,26,44,42,153,83,76,47,130,67,11,16,0,14,0,14
1400000US06037120104,1633,245,60,46,0,14,0,14,0,14,8,12,22,27,18,26,35,32,62,62,12,18,0,14,27,22,10,14,36,29,44,38,483,158,7,12,121,60,153,87,83,57,347,124,97,42,8,13,0,14
1400000US06037120105,1907,313,132,110,0,14,0,14,0,14,0,14,3,9,7,10,29,28,167,80,17,27,52,49,65,50,9,14,10,14,50,38,541,174,16,24,43,33,291,90,127,57,322,99,19,19,7,11,0,14
1400000US06037120106,2459,392,178,121,0,14,0,14,156,239,0,14,39,43,57,65,35,40,225,108,0,14,43,44,162,92,155,100,72,71,30,28,679,184,17,25,81,56,209,114,115,70,197,81,9,22,0,14,0,14
1400000US06037120107,2223,384,227,124,0,14,0,14,0,14,12,19,28,37,0,14,26,40,179,94,37,46,51,64,251,148,34,36,141,115,63,62,549,201,44,41,46,55,133,103,136,111,202,98,64,50,0,14,0,14
1400000US06037120108,2930,400,262,128,0,14,0,14,0,14,9,15,0,14,24,38,0,14,217,161,30,43,164,137,125,93,61,76,159,103,56,42,674,173,21,32,149,80,252,132,142,97,523,179,51,53,11,18,0,14
1400000US06037120300,3944,542,249,128,0,19,0,19,0,19,0,19,10,18,0,19,26,44,125,105,15,27,10,17,76,68,8,13,105,106,164,124,829,285,58,40,164,90,748,245,341,177,747,252,251,111,0,19,18,30
1400000US06037120400,4231,671,404,286,0,19,0,19,0,19,0,19,162,208,139,127,46,60,40,67,120,124,51,63,76,107,0,19,91,100,121,82,1079,348,6,14,217,143,596,225,382,224,527,162,173,110,1,4,0,19
1400000US06037121010,3765,458,281,178,0,14,0,14,0,14,39,63,133,175,25,38,59,78,194,115,4,6,102,100,23,26,56,67,91,80,108,78,915,213,160,111,149,107,479,199,238,127,347,113,323,182,35,42,4,9
1400000US06037121020,2568,454,128,82,0,14,0,14,0,14,17,27,0,14,0,14,79,60,18,22,70,77,23,26,91,93,87,138,70,82,87,67,528,164,58,41,140,78,566,219,176,68,359,130,53,42,18,26,0,14
1400000US06037121101,2236,346,104,61,0,14,0,14,0,14,29,27,28,35,11,12,33,31,150,93,16,19,42,35,140,79,34,28,51,63,104,56,409,137,48,32,156,95,321,147,114,64,327,107,90,48,29,21,0,14
1400000US06037121102,1708,179,62,50,0,14,15,22,0,14,27,33,75,61,23,32,23,33,91,64,21,23,15,23,7,11,20,19,39,34,80,56,267,79,78,46,146,58,262,92,123,67,251,85,44,31,10,12,29,37
1400000US06037121210,2136,314,263,209,0,14,0,14,0,14,9,16,0,14,5,7,17,33,127,71,22,34,25,18,13,16,18,28,60,41,32,19,556,122,72,46,149,55,274,110,251,91,174,74,62,36,7,10,0,14
1400000US06037121221,1521,207,146,97,0,14,0,14,0,14,10,13,16,25,31,26,0,14,82,55,8,12,62,46,21,31,5,9,39,36,74,48,331,106,21,18,72,48,145,69,163,67,216,97,44,31,16,18,19,23
1400000US06037121222,3362,459,239,126,0,19,0,19,0,19,49,56,73,68,53,71,38,55,383,182,94,67,132,77,126,144,83,70,145,110,248,140,618,163,40,36,142,118,289,146,144,102,411,144,55,49,0,19,0,19
1400000US06037121600,1910,250,169,81,0,14,0,14,0,14,9,14,4,9,26,37,10,15,33,36,0,14,0,14,4,8,18,22,53,70,46,37,338,185,33,29,187,88,222,98,162,100,526,152,40,29,30,25,0,14
1400000US06037121801,2720,346,172,80,0,14,0,14,89,66,0,14,86,79,0,14,89,81,219,129,20,34,79,83,117,93,27,45,38,45,185,132,549,169,15,25,125,85,238,93,236,88,366,142,41,47,25,26,4,9
1400000US06037121802,2574,269,187,85,5,8,0,14,0,14,1,4,0,14,0,14,11,14,115,77,18,26,72,62,26,30,10,28,182,137,160,83,670,172,85,36,233,138,198,135,147,62,245,145,184,228,18,17,7,15
1400000US06037121900,2055,360,95,71,0,14,0,14,0,14,0,14,16,25,0,14,75,75,26,31,0,14,29,32,39,46,17,27,41,62,157,98,704,289,41,46,52,45,216,81,140,81,355,184,47,44,5,13,0,14
1400000US06037122000,3757,560,21,34,0,19,0,19,64,76,32,49,7,15,0,19,8,14,62,59,7,12,0,19,105,76,36,51,79,79,62,60,1020,441,242,154,335,132,445,176,306,159,537,182,238,153,109,117,42,64
1400000US06037122120,2937,421,225,134,0,14,0,14,0,14,0,14,85,65,0,14,44,43,294,124,30,36,70,58,99,87,29,35,78,56,129,77,705,168,112,62,213,103,205,142,238,148,229,106,56,53,0,14,96,59
1400000US06037122121,1641,238,92,81,0,14,0,14,0,14,20,24,48,46,8,13,13,20,107,66,0,14,20,23,103,128,40,36,20,22,52,34,390,99,36,34,51,37,171,89,188,83,240,92,21,25,21,25,0,14
1400000US06037122122,1519,186,94,58,0,14,0,14,0,14,0,14,38,40,11,19,33,28,126,68,44,51,70,52,22,25,6,10,54,30,96,63,347,114,26,25,77,40,206,67,105,48,135,48,11,18,18,27,0,14
1400000US06037122200,2398,276,206,87,0,14,0,14,0,14,0,14,30,29,0,14,56,38,167,92,42,39,36,35,104,69,95,68,82,63,124,73,570,130,77,57,124,63,248,82,139,68,219,83,48,30,31,37,0,14
1400000US06037122410,2772,441,272,124,0,14,0,14,0,14,28,46,64,53,0,14,47,50,187,124,0,14,38,43,18,28,18,31,35,35,84,73,510,172,36,38,309,133,359,139,127,93,555,240,56,55,21,26,8,12
1400000US06037122420,3255,595,491,192,0,14,0,14,0,14,39,34,29,45,0,14,27,34,119,105,0,14,50,52,128,121,39,51,64,84,163,98,818,246,17,24,99,71,360,229,329,124,383,143,87,67,0,14,13,17
1400000US06037123010,2728,443,286,156,0,14,0,14,0,14,16,22,41,47,0,14,0,14,106,62,23,31,103,81,191,130,60,53,77,81,145,119,664,215,66,56,192,82,315,153,108,75,197,93,130,82,0,14,8,13
1400000US06037123020,2075,395,155,67,0,14,0,14,0,14,37,34,56,67,77,76,24,21,97,74,14,14,56,37,12,15,16,16,82,55,92,50,714,228,7,11,103,49,178,100,57,43,215,66,83,44,0,14,0,14
1400000US06037123103,2852,379,57,38,0,14,0,14,0,14,13,21,0,14,39,58,0,14,12,21,66,83,54,55,0,14,151,140,17,21,66,55,698,199,37,37,215,101,385,135,268,132,555,169,181,126,30,37,8,14
1400000US06037123104,3376,456,255,156,0,14,0,14,0,14,15,23,2,12,4,34,23,35,67,57,29,35,64,60,0,14,9,23,16,24,71,67,867,313,82,75,198,85,354,160,434,250,662,220,198,122,18,20,8,12
1400000US06037123203,1714,266,210,140,0,14,0,14,23,35,30,49,10,22,24,27,0,14,50,72,17,16,48,46,12,19,0,14,0,14,31,29,547,149,75,98,87,46,231,89,76,68,164,95,71,56,0,14,8,12
1400000US06037123204,2237,562,312,258,0,14,0,14,0,14,19,28,79,57,7,11,15,27,118,93,0,14,8,13,133,76,56,59,56,64,184,141,288,104,64,52,113,86,364,184,76,55,227,132,77,50,9,16,32,49
1400000US06037123205,1829,445,122,77,36,52,0,14,0,14,32,43,0,14,0,14,0,14,193,110,0,14,23,38,156,113,0,14,51,44,142,107,400,147,39,21,111,52,247,125,29,22,158,76,40,34,36,47,14,12
1400000US06037123206,1758,188,192,93,0,14,0,14,0,14,0,14,10,15,12,13,18,23,147,71,48,44,19,23,22,22,23,36,66,38,92,41,384,115,56,43,100,43,272,109,91,51,158,66,48,29,0,14,0,14
1400000US06037123301,3003,402,77,55,0,14,0,14,0,14,0,14,10,16,0,14,83,100,0,14,0,14,29,40,41,30,27,27,60,62,241,94,436,185,44,34,115,69,436,132,302,119,881,308,134,73,58,61,29,30
1400000US06037123303,2167,277,143,63,0,14,0,14,16,26,21,31,0,14,0,14,33,34,127,72,28,31,15,22,19,25,19,24,43,35,80,50,562,133,34,36,67,42,187,82,284,115,369,92,66,40,38,34,16,18
1400000US06037123304,3141,453,192,101,0,14,0,14,0,14,11,17,0,14,0,14,13,21,175,208,13,20,22,21,0,14,27,35,68,74,169,96,964,352,52,43,142,90,391,149,135,74,653,169,100,66,7,19,7,10
1400000US06037123410,2209,381,156,92,0,14,0,14,0,14,0,14,8,12,0,14,0,14,140,69,0,14,16,24,0,14,17,27,14,21,49,60,497,145,107,124,117,67,276,164,226,126,394,183,183,148,9,20,0,14
1400000US06037123420,2903,583,162,108,48,71,0,14,0,14,0,14,0,14,0,14,6,11,175,165,0,14,54,86,150,143,28,34,121,116,58,57,408,166,128,152,191,131,279,149,218,138,660,242,217,119,0,14,0,14
1400000US06037123510,3257,377,183,149,0,14,0,14,0,14,24,39,0,14,0,14,73,97,162,100,20,33,44,50,130,76,0,14,9,15,179,97,1109,257,33,37,155,89,247,103,183,129,610,175,73,56,23,32,0,14
1400000US06037123520,1828,300,77,46,0,14,11,19,0,14,0,14,0,14,0,14,0,14,0,14,0,14,0,14,26,32,44,44,0,14,71,83,502,164,38,36,76,46,127,85,177,70,531,140,127,78,16,21,5,9
1400000US06037123601,3842,370,163,107,0,19,0,19,0,19,12,33,41,52,40,62,74,86,190,141,93,100,71,57,34,54,5,17,0,19,111,82,786,246,12,23,134,89,384,183,313,118,995,257,311,159,29,23,44,58
1400000US06037123602,2242,299,106,71,0,14,0,14,0,14,0,14,0,14,0,14,16,20,30,39,29,37,33,42,89,138,37,56,0,14,104,63,412,195,72,64,104,52,186,85,93,50,769,158,111,64,29,41,22,21
1400000US06037123700,3202,468,84,64,0,14,0,14,0,14,0,14,9,14,40,50,64,102,23,33,0,14,27,45,0,14,0,14,30,37,35,33,584,162,62,55,155,105,341,114,401,293,1034,349,262,114,51,45,0,14
1400000US06037123800,4420,528,211,126,0,19,0,19,0,19,0,19,0,19,0,19,0,19,0,19,86,129,0,19,50,42,11,21,89,113,39,57,978,410,153,115,378,167,261,114,355,163,1292,384,321,169,175,115,21,23
1400000US06037123901,3041,481,245,152,35,52,0,14,25,39,0,14,18,30,5,7,19,27,60,74,0,14,0,14,98,85,0,14,0,14,44,69,655,205,89,91,207,143,362,151,287,157,588,217,255,135,40,60,9,15
1400000US06037123902,1944,312,53,54,0,14,0,14,0,14,0,14,0,14,0,14,0,14,0,14,0,14,0,14,24,36,0,14,0,14,28,29,164,96,39,29,70,65,302,131,146,73,879,294,166,80,38,37,35,36
1400000US06037124000,3432,460,40,47,0,14,0,14,0,14,0,14,0,14,0,14,0,14,0,14,0,14,0,14,22,36,0,14,0,14,33,38,470,272,16,24,173,117,476,251,216,104,1192,353,556,223,206,106,32,36
1400000US06037124102,2640,432,78,60,0,14,8,13,0,14,0,14,36,57,32,49,8,14,14,23,0,14,15,18,54,60,3,7,28,27,56,50,423,183,32,33,153,87,347,110,123,85,923,297,298,170,9,13,0,14
1400000US06037124103,1156,158,65,37,0,14,0,14,0,14,5,9,26,26,10,11,5,8,55,34,12,13,26,27,21,17,49,39,0,14,34,29,329,123,44,28,59,36,123,48,105,60,146,60,34,24,8,10,0,14
1400000US06037124104,2018,376,70,38,0,14,7,11,0,14,0,14,0,14,0,14,48,45,2,3,0,14,44,42,0,14,96,72,55,75,74,54,637,283,105,74,144,92,255,130,127,71,269,88,63,46,22,19,0,14
1400000US06037124105,1585,143,115,73,0,14,0,14,4,7,0,14,5,7,13,23,39,39,0,14,17,26,14,23,37,42,44,55,39,41,60,41,263,87,45,34,106,59,150,58,142,79,346,123,86,36,9,14,51,60
1400000US06037124201,2685,658,38,41,0,14,0,14,0,14,0,14,0,14,0,14,58,71,0,14,0,14,5,8,66,104,22,37,16,34,168,230,695,177,243,205,161,131,307,177,223,141,636,394,47,46,0,14,0,14
1400000US06037124203,1540,190,3,5,0,14,0,14,0,14,0,14,4,7,19,31,24,31,24,24,7,10,0,14,19,20,56,48,8,13,47,31,216,93,45,43,109,62,208,84,185,96,534,160,13,12,9,14,10,10
1400000US06037124204,1615,273,76,93,0,14,0,14,0,14,0,14,0,14,26,49,0,14,0,14,0,14,56,45,17,26,62,86,46,48,0,14,309,160,2,11,187,121,267,157,117,82,362,172,71,55,17,23,0,14
1400000US06037124300,2480,298,190,121,0,14,0,14,0,14,0,14,0,14,10,15,39,57,69,72,25,26,19,23,37,51,0,14,10,17,142,112,360,153,36,47,271,126,319,116,156,93,655,180,115,92,27,27,0,14
1400000US06037124400,3138,625,22,26,0,14,0,14,0,14,0,14,0,14,23,30,0,14,21,34,13,19,2,6,25,41,10,15,80,129,13,22,476,207,54,42,105,80,707,372,394,164,901,226,179,99,88,63,25,29
1400000US06037124500,2263,324,75,88,0,14,0,14,0,14,0,14,25,36,0,14,0,14,33,39,0,14,9,13,0,14,56,71,45,58,45,57,293,129,8,13,129,89,190,94,77,44,745,194,357,293,112,93,64,47
1400000US06037124600,2338,341,21,23,0,14,0,14,0,14,0,14,0,14,0,14,0,14,28,40,0,14,0,14,2,4,11,18,30,50,8,16,338,135,19,23,92,54,387,169,137,86,855,182,326,98,57,38,27,27
1400000US06037124700,4041,728,13,17,0,19,0,19,0,19,0,19,0,19,0,19,0,19,0,19,0,19,0,19,0,19,0,19,20,16,119,100,257,136,22,38,86,68,912,409,281,191,1441,428,523,162,313,139,54,61
1400000US06037124902,2296,371,169,126,0,14,0,14,0,14,0,14,0,14,0,14,17,28,0,14,0,14,8,13,0,14,0,14,15,20,6,9,252,88,0,14,144,71,443,203,102,58,738,209,225,92,177,109,0,14
1400000US06037124903,2940,282,87,60,0,14,0,14,0,14,0,14,21,40,0,14,0,14,7,13,0,14,21,29,10,19,16,21,47,56,75,66,500,152,0,14,113,99,235,116,389,164,1037,234,322,148,25,32,35,34
1400000US06037125101,3737,705,135,74,0,14,0,14,0,14,0,14,0,14,0,14,0,14,0,14,30,48,0,14,0,14,18,31,0,14,49,53,296,147,28,46,65,54,772,612,491,230,1582,400,220,111,38,48,13,20
1400000US06037125102,1615,265,27,33,1,3,0,14,0,14,0,14,1,5,0,14,0,14,13,20,0,14,0,14,13,21,4,7,0,14,0,14,179,147,10,16,49,40,127,72,83,84,760,173,225,108,99,58,24,28
1400000US06037125200,3220,412,72,80,0,14,0,14,0,14,0,14,35,43,0,14,0,14,13,20,0,14,46,52,58,60,17,20,9,16,75,82,420,199,49,52,101,59,348,153,147,80,1399,357,304,108,73,52,54,49
1400000US06037125310,3617,568,35,47,0,14,0,14,0,14,0,14,0,14,0,14,0,14,22,35,0,14,3,12,159,209,0,14,16,33,62,69,599,321,0,14,115,109,383,148,309,183,1289,324,587,222,38,49,0,14
1400000US06037125321,2029,343,0,14,0,14,0,14,0,14,0,14,0,14,0,14,0,14,37,51,0,14,0,14,0,14,53,46,10,16,40,36,169,75,11,17,300,179,144,88,284,199,748,182,201,85,13,22,19,22
1400000US06037125322,2071,376,86,68,0,14,0,14,0,14,0,14,153,202,45,73,0,14,0,14,0,14,46,53,0,14,11,16,0,14,53,48,179,126,11,17,87,60,122,92,257,141,664,199,298,159,59,91,0,14
1400000US06037125402,3181,473,20,35,0,14,0,14,0,14,0,14,0,14,0,14,0,14,0,14,0,14,0,14,0,14,0,14,13,19,24,31,355,203,41,65,156,145,657,259,309,206,1222,310,334,165,31,48,19,30
1400000US06037125403,2320,340,27,40,0,14,0,14,0,14,0,14,0,14,0,14,0,14,23,21,0,14,0,14,25,25,12,20,26,42,0,14,222,105,31,43,107,79,132,65,203,103,1182,307,297,171,26,24,7,11
1400000US06037125404,2514,437,0,14,0,14,0,14,0,14,0,14,0,14,0,14,0,14,0,14,0,14,0,14,19,30,0,14,0,14,28,49,194,82,0,14,122,136,228,127,167,112,1345,418,319,173,84,69,8,13
1400000US06037125501,2467,308,5,10,0,14,0,14,0,14,17,31,0,14,0,14,0,14,0,14,16,20,0,14,56,100,0,14,0,14,33,41,331,154,22,26,215,154,285,148,290,147,973,240,174,95,39,45,11,17
1400000US06037125502,3070,517,74,69,0,14,0,14,0,14,0,14,13,20,0,14,0,14,0,14,0,14,0,14,242,361,34,55,12,17,50,43,296,96,43,48,125,69,401,180,201,87,1206,312,263,88,37,31,73,68
1400000US06037125600,2220,296,58,56,0,14,0,14,0,14,0,14,0,14,0,14,0,14,0,14,0,14,0,14,0,14,53,71,0,14,0,14,298,149,13,21,141,85,215,81,268,160,606,161,405,172,97,50,66,56
1400000US06037127102,3870,463,284,144,0,19,0,19,59,56,26,39,0,19,0,19,0,19,207,222,16,24,41,42,81,86,17,27,64,63,191,146,756,233,78,74,397,146,280,106,382,177,776,216,184,130,31,35,0,19
1400000US06037127103,2399,272,22,33,0,14,0,14,0,14,0,14,31,36,0,14,43,50,171,107,37,60,0,14,59,66,11,18,0,14,9,16,439,194,167,80,63,56,508,154,202,93,502,203,101,63,26,26,8,15
1400000US06037127104,3123,603,78,68,0,14,0,14,0,14,26,39,0,14,9,17,0,14,52,55,0,14,57,50,174,224,53,70,12,19,87,87,587,190,42,48,460,356,515,215,202,99,518,182,237,115,14,21,0,14
1400000US06037127210,4290,535,152,86,0,19,0,19,38,47,49,75,26,40,57,71,98,106,114,79,39,46,52,55,112,85,41,65,47,48,140,85,980,257,35,45,173,82,617,183,460,170,818,220,182,77,36,33,24,29
1400000US06037127220,3277,434,177,105,0,14,0,14,33,54,0,14,28,44,51,76,0,14,197,101,109,121,12,13,132,102,29,48,99,115,103,66,631,187,74,61,121,95,497,202,224,131,574,232,150,94,13,20,23,20
1400000US06037127300,2845,440,140,113,0,14,0,14,0,14,0,14,0,14,57,63,46,57,112,106,14,21,0,14,14,19,52,54,20,22,26,22,692,246,55,38,129,69,400,154,287,171,611,145,165,105,25,27,0,14
1400000US06037127400,3864,563,259,135,0,19,0,19,0,19,0,19,32,48,3,6,46,55,404,256,68,73,77,56,119,78,96,72,86,72,119,82,781,261,97,70,360,187,263,115,299,128,369,132,356,196,30,36,0,19
1400000US06037127520,2717,326,236,150,0,14,0,14,0,14,0,14,20,34,52,61,64,88,205,128,14,26,36,47,137,159,142,92,58,53,165,96,746,200,88,88,98,58,245,124,144,111,162,91,96,82,9,13,0,14
1400000US06037127603,1890,212,108,53,0,14,0,14,0,14,17,27,16,25,6,9,15,21,145,80,0,14,23,26,26,20,58,43,44,39,58,36,518,142,39,26,34,25,199,75,166,86,296,111,111,64,5,8,6,10
1400000US06037127604,2441,382,171,111,0,14,0,14,0,14,0,14,0,14,0,14,0,14,74,67,0,14,24,37,67,65,30,40,10,16,57,43,489,175,72,89,48,39,311,121,174,128,592,235,281,139,41,43,0,14
1400000US06037127605,2160,427,56,48,0,14,9,13,0,14,26,30,37,50,0,14,20,30,150,95,0,14,56,81,42,55,9,15,50,54,89,64,722,291,139,103,95,58,226,92,62,44,286,133,10,15,76,105,0,14
1400000US06037127606,2416,383,141,71,0,14,0,14,0,14,0,14,0,14,12,19,24,36,121,84,14,21,38,59,0,14,47,72,26,28,150,118,408,177,67,37,228,95,209,93,222,93,525,129,91,55,51,46,42,65
1400000US06037127711,2091,288,206,147,0,14,0,14,0,14,0,14,8,16,0,14,29,48,0,14,0,14,37,45,28,32,11,15,18,32,87,86,346,125,36,40,113,81,250,118,127,73,481,132,251,124,30,29,33,47
1400000US06037127712,3106,446,24,33,0,14,0,14,39,57,20,33,30,47,88,73,0,14,278,234,10,16,0,14,110,124,96,90,4,12,56,66,839,296,127,102,73,78,307,140,181,97,560,197,209,88,19,22,36,43
1400000US06037127803,3568,560,383,200,31,47,0,19,0,19,8,13,31,49,8,13,0,19,123,99,0,19,7,16,22,36,141,107,30,32,112,80,696,211,81,64,104,67,307,149,148,92,1100,510,189,111,29,32,18,21
1400000US06037127804,3040,575,182,129,0,14,0,14,0,14,41,55,11,17,0,14,85,85,80,70,2,10,19,17,65,64,11,17,40,49,73,55,577,246,41,33,212,114,443,135,147,78,711,227,252,144,38,32,10,15
1400000US06037127805,2601,397,144,106,0,14,0,14,0,14,10,17,23,21,13,22,5,11,108,52,0,14,46,52,33,50,98,82,14,22,172,107,485,196,34,32,134,89,462,203,139,89,486,222,141,88,24,26,30,44
1400000US06037127806,2713,342,125,81,0,14,0,14,0,14,24,41,15,18,39,62,34,56,301,142,67,86,30,45,51,81,75,80,29,45,21,29,875,270,64,47,108,74,119,75,191,115,415,122,96,46,30,30,4,6
1400000US06037127910,3513,533,341,195,0,19,0,19,0,19,60,57,80,110,0,19,8,12,127,79,72,64,0,19,116,72,182,162,39,35,170,116,885,209,142,100,169,94,496,287,139,74,314,117,123,64,29,38,21,34
1400000US06037127920,3178,545,278,204,9,14,0,14,0,14,0,14,0,14,0,14,52,45,29,40,0,14,59,48,193,103,18,25,0,14,71,57,816,367,43,47,166,73,307,151,231,145,647,246,240,109,13,21,6,11
1400000US06037128101,2364,281,154,86,0,14,0,14,0,14,20,27,0,14,0,14,0,14,25,27,17,28,12,19,12,22,82,64,0,14,40,43,409,166,60,55,120,74,236,113,163,181,692,161,210,96,78,69,34,37
1400000US06037128102,3413,507,293,184,9,15,0,14,9,14,41,71,178,123,37,58,42,53,181,128,38,45,9,16,171,147,66,58,74,82,36,42,1086,360,23,24,165,109,398,165,136,80,340,131,66,42,15,17,0,14
1400000US06037128210,3115,419,297,144,0,14,0,14,111,106,15,25,147,110,30,49,32,36,371,207,25,31,44,51,151,119,65,68,10,15,119,70,717,262,7,10,44,40,305,136,137,59,353,145,89,53,10,15,36,57
1400000US06037128220,2275,292,113,74,0,14,0,14,0,14,47,73,42,42,1,3,42,48,70,76,8,12,5,9,19,22,28,36,26,29,279,136,340,153,43,35,105,99,326,124,139,85,554,172,87,50,0,14,1,3
1400000US06037128302,2710,422,162,82,0,14,9,13,53,56,47,50,64,98,26,36,0,14,188,122,8,14,56,53,42,48,64,65,126,105,135,111,388,155,78,60,220,167,333,163,169,120,453,171,54,42,0,14,35,46
1400000US06037128303,2338,621,112,48,0,14,23,34,0,14,24,38,31,48,54,60,19,31,242,269,21,33,28,33,23,36,66,83,108,80,318,193,335,141,69,58,62,47,294,113,56,61,386,289,36,41,31,34,0,14
1400000US06037128400,3309,425,72,78,0,14,0,14,0,14,0,14,0,14,0,14,0,14,57,64,0,14,56,68,118,85,5,11,20,32,26,46,304,133,17,23,226,155,493,176,122,66,1078,343,546,204,82,56,87,61
1400000US06037128500,3642,379,147,143,0,14,0,14,0,14,0,14,0,14,48,77,5,8,52,83,0,14,0,14,0,14,1,3,13,20,0,14,402,179,0,14,183,100,377,173,250,130,1383,257,435,208,263,185,83,85
1400000US06037128601,3450,605,56,48,0,19,0,19,0,19,0,19,0,19,0,19,50,43,98,106,38,36,208,180,11,17,35,43,145,132,112,74,826,338,116,87,231,135,480,186,230,98,640,262,106,63,40,36,28,28
1400000US06037128602,2044,230,20,29,0,14,0,14,16,24,2,3,0,14,0,14,0,14,0,14,0,14,0,14,3,8,0,14,0,14,41,29,139,85,33,41,155,95,274,135,87,55,796,202,219,102,232,89,27,30
1400000US06037128703,2957,720,68,63,0,14,0,14,0,14,0,14,4,13,0,14,0,14,39,55,0,14,6,9,0,14,0,14,64,59,60,72,510,244,53,57,19,23,439,169,123,103,1083,400,442,205,38,38,9,14
1400000US06037128704,1946,173,37,44,0,14,0,14,0,14,0,14,12,21,0,14,0,14,0,14,0,14,0,14,0,14,0,14,0,14,23,33,122,69,21,34,60,60,329,146,94,57,765,157,278,103,152,128,53,48
1400000US06037128801,3231,579,18,22,0,14,0,14,0,14,0,14,0,14,0,14,0,14,0,14,0,14,0,14,34,53,0,14,9,13,0,14,228,105,36,34,150,82,416,158,82,57,1705,557,368,106,115,67,70,47
1400000US06037128802,3359,527,99,100,0,14,0,14,0,14,0,14,0,14,0,14,15,24,3,7,0,14,0,14,44,55,45,70,0,14,30,48,253,159,40,65,410,229,271,143,469,208,722,247,507,212,237,129,214,313
1400000US06037128910,3281,473,42,42,0,14,0,14,0,14,0,14,0,14,0,14,11,16,0,14,0,14,13,22,0,14,25,28,11,15,24,27,515,197,10,16,151,78,336,119,224,104,1071,267,508,156,212,130,128,69
1400000US06037131021,2029,402,127,86,0,14,0,14,18,29,0,14,0,14,32,39,51,54,46,40,0,14,29,34,0,14,21,28,0,14,149,137,386,143,19,16,91,52,464,235,234,83,245,85,75,62,7,12,35,30
1400000US06037131022,2004,300,280,155,0,14,0,14,0,14,11,18,14,19,0,14,14,21,94,50,41,49,16,22,66,74,57,45,97,104,121,79,495,182,17,33,34,39,140,52,85,70,353,148,34,38,19,34,16,26
1400000US06037131023,1967,212,120,61,0,14,0,14,6,10,11,16,20,25,0,14,7,10,106,53,9,14,40,33,23,27,24,24,7,11,55,38,373,106,58,53,44,29,274,81,219,118,468,137,69,58,29,28,5,9
1400000US06037131024,2531,650,175,110,0,14,0,14,0,14,20,31,18,28,0,14,0,14,157,176,14,23,0,14,6,10,0,14,69,70,3,7,444,110,48,39,105,50,411,298,177,84,680,336,148,145,31,28,25,26
1400000US06037131100,2233,341,109,68,0,14,0,14,0,14,0,14,12,18,0,14,10,19,75,85,0,14,9,14,60,81,16,26,1,3,118,90,300,130,57,56,112,72,295,129,138,73,614,283,198,88,83,61,26,22
1400000US06037131200,2638,353,25,32,0,14,0,14,0,14,0,14,0,14,0,14,13,19,78,52,0,14,0,14,0,14,41,49,39,48,39,37,390,209,19,22,154,82,448,173,329,131,631,160,316,112,63,50,53,63
1400000US06037131300,3031,443,424,172,0,14,20,27,51,62,0,14,19,24,8,14,0,14,38,37,0,14,41,48,53,54,47,40,93,87,168,93,662,216,134,97,158,103,384,190,163,97,462,146,67,50,23,27,16,27
1400000US06037131400,4212,605,160,94,0,19,0,19,0,19,0,19,5,11,14,20,0,19,67,61,5,8,20,23,146,93,0,19,64,68,146,68,1005,253,174,126,210,93,675,263,217,97,947,225,222,105,63,42,72,81
1400000US06037131600,3864,567,467,215,0,19,0,19,0,19,0,19,0,19,109,179,22,28,162,125,9,16,52,60,78,127,71,94,52,80,342,194,607,214,69,63,292,134,363,140,228,84,774,194,101,59,54,83,12,18
1400000US06037131701,3367,463,93,53,0,14,0,14,0,14,11,17,2,18,0,14,0,14,111,84,0,14,0,14,82,132,69,65,42,61,129,94,610,189,38,33,119,74,549,247,260,101,904,217,320,218,18,21,10,15
1400000US06037131702,2479,402,170,76,0,14,0,14,25,36,0,14,26,37,0,14,20,25,53,43,0,14,3,14,85,76,35,44,0,14,93,57,416,176,72,46,147,102,159,102,261,151,519,161,335,287,28,28,32,33
1400000US06037131801,2108,325,129,80,0,14,0,14,0,14,0,14,35,27,15,22,5,8,69,74,17,24,31,37,20,25,17,26,0,14,117,76,534,177,145,96,142,64,188,79,232,117,266,108,91,72,34,33,21,26
1400000US06037131802,1649,366,66,60,0,14,5,8,0,14,0,14,0,14,0,14,0,14,0,14,63,84,36,42,13,20,26,39,20,29,159,102,122,78,57,43,109,91,186,65,172,80,390,151,174,183,36,38,15,17
1400000US06037131900,2987,429,152,146,0,14,0,14,14,29,0,14,0,14,81,110,0,14,71,68,0,14,6,22,59,43,37,39,15,23,64,66,485,207,67,64,306,117,347,125,258,101,700,232,232,119,59,43,34,39
1400000US06037132001,2169,231,67,66,0,14,0,14,0,14,0,14,8,13,0,14,17,19,0,14,0,14,0,14,23,36,0,14,0,14,27,29,301,109,24,24,93,55,323,133,144,68,611,162,424,150,80,61,27,31
1400000US06037132002,2380,380,124,76,0,14,0,14,0,14,0,14,0,14,0,14,0,14,94,107,0,14,14,22,18,26,0,14,0,14,177,98,407,169,97,106,150,72,482,201,197,99,358,154,207,94,28,34,27,34
1400000US06037132101,2615,325,29,26,0,14,0,14,0,14,0,14,0,14,50,59,0,14,67,66,0,14,12,19,0,14,12,18,151,227,93,48,316,190,223,134,20,23,461,174,308,149,568,155,185,75,65,51,55,50
1400000US06037132102,3741,533,245,189,0,19,0,19,15,24,48,75,0,19,0,19,0,19,85,139,0,19,53,75,0,19,68,109,0,19,182,146,736,334,39,45,181,133,462,220,198,92,1100,398,208,103,65,85,56,70
1400000US06037132301,2533,414,124,81,0,14,0,14,0,14,56,90,0,14,31,53,0,14,147,118,0,14,0,14,67,77,32,53,9,16,63,69,591,190,50,38,80,74,448,251,167,89,452,118,149,127,13,21,54,60
1400000US06037132302,1976,647,149,73,0,14,0,14,7,12,14,22,0,14,0,14,0,14,130,97,67,78,18,30,43,70,28,43,54,76,11,15,347,129,62,48,68,42,325,216,101,59,436,436,113,112,0,14,3,7
1400000US06037132501,3746,705,442,186,0,19,0,19,0,19,50,69,58,75,16,23,25,34,123,102,111,162,55,92,86,83,35,38,41,67,213,120,851,299,100,87,92,62,386,121,185,74,551,179,230,121,73,49,23,28
1400000US06037132502,2541,363,160,80,0,14,0,14,0,14,10,17,48,57,0,14,0,14,33,42,0,14,0,14,39,37,18,22,55,72,65,66,342,147,49,44,252,119,366,173,189,75,550,142,345,156,20,26,0,14
1400000US06037132700,3555,467,175,107,0,19,0,19,0,19,0,19,23,36,25,42,13,22,156,144,0,19,88,58,33,32,149,206,14,21,157,111,795,211,56,42,143,86,476,218,177,93,760,208,204,92,62,65,49,59
1400000US06037132900,2685,314,49,55,0,14,0,14,0,14,0,14,0,14,0,14,0,14,0,14,24,42,0,14,0,14,0,14,9,15,77,74,417,206,78,73,270,152,411,221,176,94,727,194,266,111,87,57,94,66
1400000US06037133000,3030,376,135,118,29,51,0,14,0,14,0,14,0,14,0,14,25,50,57,61,0,14,24,26,0,14,31,44,29,43,62,52,574,216,262,195,209,122,487,173,112,85,834,237,78,52,74,60,8,15
1400000US06037133101,1253,120,0,14,0,14,0,14,0,14,0,14,0,14,0,14,0,14,13,17,0,14,0,14,0,14,47,66,8,14,0,14,214,73,22,24,86,53,237,72,44,35,409,98,128,75,30,30,15,23
1400000US06037133102,2602,377,80,66,12,19,12,19,0,14,32,52,36,53,0,14,40,33,61,51,30,51,55,81,96,91,5,14,66,60,152,103,529,182,16,18,67,73,311,113,122,73,429,155,353,143,62,43,36,39
1400000US06037134001,2404,245,189,92,0,14,0,14,7,11,42,52,18,21,0,14,52,43,148,75,41,31,26,32,51,45,55,43,29,23,137,59,585,141,65,56,106,53,206,89,134,76,405,126,86,57,22,26,0,14
1400000US06037134002,2736,450,334,115,0,14,0,14,0,14,47,53,67,62,0,14,8,12,185,167,0,14,16,19,54,46,7,17,5,13,142,92,558,211,45,51,74,57,268,117,287,141,475,141,119,99,30,38,15,23
1400000US06037134101,3234,415,339,203,0,14,0,14,85,106,0,14,30,49,17,31,0,14,45,62,0,14,56,53,35,47,59,61,15,21,220,99,800,299,68,54,69,44,381,148,217,104,461,190,268,118,69,61,0,14
1400000US06037134103,3055,674,225,100,0,14,0,14,34,52,87,130,4,8,0,14,0,14,63,43,64,72,0,14,125,164,180,224,23,34,59,38,547,210,10,15,253,181,268,98,226,131,663,242,151,78,59,45,14,20
1400000US06037134104,2931,375,496,203,14,17,0,14,32,50,0,14,8,13,0,14,0,14,151,118,0,14,12,18,27,45,0,14,35,32,52,50,456,143,58,52,48,43,361,123,262,108,493,161,342,166,48,43,36,53
1400000US06037134201,3083,461,356,224,0,14,0,14,0,14,28,51,0,14,0,14,0,14,15,26,18,35,67,99,13,21,17,32,29,45,67,65,551,222,183,186,195,160,513,206,229,175,583,236,127,88,53,65,39,45
1400000US06037134302,3008,384,114,86,0,14,0,14,15,27,0,14,0,14,0,14,0,14,68,56,29,43,0,14,2,8,70,90,18,28,46,57,317,108,59,50,223,80,423,165,544,229,682,214,225,97,73,54,100,66
1400000US06037134303,4324,507,179,132,25,36,0,19,0,19,0,19,13,19,0,19,0,19,176,142,0,19,60,52,90,96,6,20,49,52,286,155,738,256,79,61,262,140,554,173,231,120,935,240,384,136,221,181,36,37
1400000US06037134304,2244,177,45,30,7,10,0,14,0,14,0,14,0,14,0,14,0,14,0,14,0,14,37,31,7,11,13,14,31,23,85,65,358,100,50,61,121,85,338,112,88,45,748,138,225,88,52,39,39,53
1400000US06037134305,2184,413,265,177,11,16,0,14,11,21,43,51,67,74,0,14,0,14,103,101,0,14,0,14,48,52,13,20,24,30,95,58,574,241,44,48,159,99,167,101,165,92,338,126,35,56,22,34,0,14
1400000US06037134306,2592,476,122,104,47,55,0,14,0,14,0,14,76,94,38,54,2,15,14,23,50,80,0,14,87,110,0,14,22,36,93,65,548,180,120,85,105,57,550,245,280,135,296,114,57,47,70,45,15,24
1400000US06037134421,3049,354,79,81,0,14,0,14,0,14,0,14,0,14,0,14,0,14,0,14,0,14,0,14,0,14,0,14,8,13,41,45,310,149,59,47,150,81,279,153,230,71,833,215,724,267,275,109,61,58
1400000US06037134422,3568,525,57,54,0,14,0,14,0,14,0,14,0,14,0,14,0,14,11,20,0,14,0,14,0,14,0,14,0,14,84,60,647,194,29,38,177,121,425,315,260,104,1131,294,528,141,154,88,65,43
1400000US06037134423,2639,367,38,37,0,14,0,14,0,14,0,14,4,8,0,14,0,14,61,68,0,14,8,17,0,14,9,14,15,18,56,44,309,211,27,28,182,89,361,116,237,96,852,248,320,114,118,56,42,35
1400000US06037134424,2125,227,16,24,0,14,0,14,0,14,0,14,0,14,0,14,0,14,4,6,0,14,0,14,0,14,0,14,9,16,30,26,122,63,13,23,77,46,230,74,55,34,693,133,620,172,155,94,101,60
1400000US06037134520,3428,536,220,140,0,19,0,19,150,240,13,21,17,30,0,19,0,19,282,275,19,32,21,34,123,136,0,19,75,55,114,85,792,252,27,33,265,226,603,233,116,70,430,200,134,79,27,25,0,19
1400000US06037134521,1514,173,82,44,0,14,0,14,0,14,31,30,73,66,7,12,56,57,113,78,10,14,37,52,71,58,0,14,6,9,70,41,568,135,64,42,15,16,170,64,31,25,89,46,14,15,0,14,7,13
1400000US06037134522,2800,589,227,143,0,14,0,14,0,14,79,82,61,69,20,32,17,26,55,43,43,46,0,14,30,54,97,81,43,47,169,120,1021,340,37,38,93,71,239,158,230,166,265,139,42,57,17,28,15,22
1400000US06037134710,3216,394,423,184,0,19,0,19,0,19,47,56,41,41,4,7,0,19,59,52,9,19,0,19,54,48,46,65,58,63,142,106,754,197,79,63,142,88,369,122,262,132,504,168,208,81,10,16,5,12
1400000US06037134720,3748,406,121,70,5,16,0,19,0,19,55,41,0,19,15,23,0,19,116,73,7,13,61,59,71,68,49,80,110,69,124,104,757,237,75,60,136,93,517,154,239,90,867,187,239,105,58,41,126,99
1400000US06037134801,2266,459,67,41,8,12,0,14,0,14,0,14,0,14,0,14,0,14,31,32,19,23,0,14,8,13,0,14,0,14,76,48,438,180,126,166,144,84,213,90,160,84,760,277,186,70,10,15,20,19
1400000US06037134802,2169,336,236,164,10,16,0,14,38,46,11,19,37,43,63,61,0,14,10,16,0,14,0,14,5,8,32,35,12,21,53,56,504,192,80,55,80,43,334,112,92,53,378,106,150,92,8,13,36,51
1400000US06037134901,1818,305,24,27,22,32,0,14,0,14,0,14,0,14,0,14,0,14,0,14,0,14,24,35,6,14,0,14,104,74,49,48,384,139,52,41,66,39,112,61,129,93,661,210,144,63,28,32,13,20
1400000US06037134904,3396,731,117,65,0,14,0,14,0,14,17,27,0,14,18,30,42,65,173,115,0,14,31,38,119,111,27,44,45,32,160,92,764,355,28,28,128,73,342,150,344,185,781,305,126,86,134,83,0,14
1400000US06037134905,5284,911,41,57,0,19,0,19,0,19,0,19,0,19,0,19,0,19,0,19,0,19,0,19,0,19,0,19,0,19,17,27,1031,433,0,19,88,59,291,166,413,241,2265,568,950,228,56,58,132,114
1400000US06037134906,2111,324,176,121,0,14,0,14,42,57,0,14,0,14,0,14,34,58,63,73,0,14,0,14,29,44,8,14,67,74,77,61,439,164,8,13,236,106,451,212,149,104,279,127,53,62,0,14,0,14
1400000US06037134907,3608,979,72,75,0,14,0,14,0,14,0,14,0,14,0,14,0,14,0,14,0,14,0,14,0,14,0,14,0,14,56,89,702,293,77,90,119,102,631,444,454,332,997,543,341,190,0,14,159,129
1400000US06037135102,3092,418,57,46,0,14,0,14,0,14,0,14,0,14,0,14,0,14,0,14,30,31,0,14,0,14,24,27,0,14,44,38,545,275,20,25,78,52,281,133,220,94,1230,217,472,194,63,45,28,32
1400000US06037135111,2630,599,88,60,36,49,0,14,19,26,0,14,0,14,35,34,0,14,219,339,0,14,66,102,0,14,0,14,55,67,45,39,452,202,43,38,73,52,370,185,287,153,617,189,135,67,54,46,36,36
1400000US06037135113,2161,421,43,52,0,14,0,14,0,14,0,14,0,14,0,14,0,14,0,14,0,14,0,14,0,14,0,14,0,14,32,31,109,85,25,21,139,79,176,85,191,106,958,307,405,174,27,41,56,56
1400000US06037135115,3028,352,42,27,0,14,0,14,0,14,0,14,0,14,0,14,0,14,0,14,0,14,0,14,0,14,0,14,0,14,0,14,324,170,0,14,160,94,295,154,115,77,1300,286,662,227,76,63,54,59
1400000US06037135116,1352,322,68,58,0,14,0,14,0,14,0,14,0,14,0,14,17,29,39,37,0,14,0,14,0,14,0,14,0,14,47,35,318,325,11,14,77,67,36,30,142,105,365,106,196,84,36,33,0,14
1400000US06037135201,1805,236,15,17,0,14,0,14,0,14,0,14,0,14,0,14,0,14,5,10,0,14,0,14,0,14,0,14,0,14,36,23,228,84,72,66,133,92,323,83,59,32,682,128,177,57,50,60,25,26
1400000US06037135202,3006,352,37,33,0,14,0,14,0,14,6,9,0,14,0,14,0,14,0,14,0,14,0,14,0,14,9,14,15,22,117,114,496,158,14,22,202,154,249,83,388,235,1043,290,255,86,73,38,102,67
1400000US06037135204,3305,339,61,69,0,14,0,14,0,14,0,14,0,14,0,14,0,14,0,14,0,14,55,53,0,14,0,14,24,38,16,28,433,198,26,32,214,123,527,181,373,154,1039,228,406,156,35,31,96,79
1400000US06037135205,1536,141,79,87,0,14,0,14,0,14,0,14,0,14,0,14,0,14,10,17,0,14,0,14,16,24,9,16,0,14,0,14,122,66,0,14,88,65,55,46,60,41,609,91,265,87,113,63,110,61
1400000US06037137000,3388,489,28,27,0,14,1,3,0,14,0,14,0,14,0,14,0,14,6,10,0,14,1,2,0,14,4,11,22,35,48,39,618,245,141,103,148,82,193,94,394,228,1104,227,442,166,209,88,29,33
1400000US06037137103,4179,567,39,45,0,14,0,14,0,14,0,14,0,14,0,14,0,14,0,14,0,14,0,14,0,14,0,14,0,14,38,43,524,214,49,78,180,139,873,432,222,149,1473,370,561,227,202,119,18,31
1400000US06037137104,1802,210,0,14,46,47,0,14,0,14,0,14,0,14,0,14,0,14,11,17,0,14,0,14,0,14,0,14,0,14,7,10,301,116,28,27,43,31,277,102,36,33,574,116,391,141,31,31,57,41
1400000US06037137202,2435,337,13,21,0,14,0,14,0,14,0,14,0,14,1,3,0,14,0,14,0,14,0,14,111,110,2,11,7,11,55,62,368,170,6,11,211,118,212,101,213,109,853,267,329,116,43,31,11,17
1400000US06037137203,1723,285,31,33,0,14,0,14,0,14,17,24,0,14,0,14,0,14,0,14,0,14,5,8,0,14,16,25,1,4,12,15,219,109,44,35,167,205,353,121,103,51,472,111,222,94,28,28,33,33
1400000US06037137301,1486,249,24,24,0,14,0,14,0,14,0,14,0,14,0,14,0,14,0,14,0,14,0,14,0,14,0,14,23,37,2,3,188,72,37,27,34,28,158,58,93,58,517,150,218,64,106,90,86,59
1400000US06037137302,3433,346,4,16,0,14,13,20,0,14,0,14,0,14,0,14,0,14,31,41,0,14,0,14,0,14,31,50,10,17,9,16,478,144,15,25,58,38,508,138,305,133,1087,202,520,152,228,88,136,76
1400000US06037137401,3377,279,0,14,0,14,0,14,0,14,0,14,0,14,0,14,0,14,0,14,23,28,0,14,0,14,13,19,0,14,18,22,260,120,90,58,250,124,381,132,341,124,1165,221,397,131,204,127,235,78
1400000US06037137402,3854,526,0,19,0,19,0,19,0,19,0,19,0,19,0,19,0,19,3,11,0,19,0,19,3,7,3,8,0,19,133,130,217,123,13,30,94,51,696,297,549,249,1114,353,767,225,242,109,20,36
1400000US06037137501,3892,514,59,92,0,19,0,19,0,19,0,19,0,19,0,19,0,19,14,22,0,19,17,27,0,19,12,19,10,16,29,62,372,141,60,73,213,160,599,216,237,114,1158,357,700,187,290,142,122,84
1400000US06037137502,3434,379,9,16,0,14,0,14,0,14,0,14,0,14,0,14,0,14,15,26,0,14,23,29,1,3,0,14,10,16,113,104,511,212,43,37,284,135,321,134,379,181,987,238,498,180,141,82,99,83
1400000US06037137504,1374,179,54,52,0,14,0,14,0,14,0,14,0,14,0,14,0,14,6,9,0,14,0,14,0,14,0,14,0,14,56,38,106,48,0,14,83,43,28,24,117,39,500,161,229,75,157,48,38,28
1400000US06037138000,3405,335,0,14,0,14,0,14,0,14,0,14,0,14,0,14,0,14,0,14,0,14,0,14,0,14,0,14,9,15,67,57,460,192,0,14,177,105,366,128,320,115,1152,165,550,205,234,80,70,40
1400000US06037139001,4165,428,35,40,0,19,0,19,0,19,0,19,0,19,0,19,0,19,19,38,0,19,18,35,42,63,0,19,0,19,21,32,221,123,68,82,100,106,770,268,316,148,1390,348,650,247,379,167,136,114
1400000US06037139200,4264,569,0,19,0,19,0,19,0,19,0,19,0,19,0,19,0,19,0,19,0,19,0,19,0,19,30,7,0,19,68,80,664,209,53,62,327,195,503,221,529,360,1196,352,504,251,246,156,144,136
1400000US06037139301,2772,396,47,56,0,14,0,14,0,14,0,14,0,14,0,14,0,14,0,14,0,14,0,14,0,14,0,14,5,9,39,50,237,99,71,55,83,49,380,186,197,96,1078,212,520,175,28,30,87,75
1400000US06037139302,3779,333,112,94,0,19,20,31,0,19,0,19,0,19,0,19,0,19,45,54,11,50,0,19,11,26,58,66,40,49,109,93,624,209,80,63,231,163,543,274,375,210,975,240,423,173,110,74,12,22
1400000US06037139303,3727,428,33,34,0,14,0,14,0,14,33,54,5,14,68,110,0,14,140,205,0,14,26,33,37,40,12,19,19,25,89,62,565,158,18,24,141,69,671,209,258,137,1315,283,203,110,87,94,7,12
1400000US06037139401,2088,317,59,61,0,14,0,14,0,14,0,14,0,14,0,14,0,14,0,14,0,14,6,10,23,37,14,29,47,52,43,46,433,213,0,14,164,86,199,99,151,88,670,180,123,107,78,58,78,63
1400000US06037139402,1900,225,15,17,0,14,0,14,0,14,0,14,0,14,0,14,0,14,5,9,0,14,7,10,0,14,0,14,0,14,36,41,200,73,26,27,94,58,193,66,53,34,668,166,297,117,204,69,102,56
1400000US06037139502,2329,269,0,14,0,14,0,14,0,14,0,14,0,14,0,14,0,14,0,14,0,14,13,22,0,14,0,14,51,79,39,55,251,121,12,16,80,60,262,108,109,110,731,200,599,155,88,71,94,48
1400000US06037139504,2990,420,135,89,0,14,0,14,0,14,0,14,0,14,0,14,0,14,24,39,0,14,0,14,0,14,20,33,0,14,80,79,367,213,47,47,96,48,556,224,191,102,852,186,289,102,251,160,82,58
1400000US06037139505,2265,451,31,39,0,14,0,14,0,14,0,14,0,14,13,21,0,14,27,42,23,26,28,44,10,17,11,18,0,14,33,41,398,205,70,60,136,83,205,95,159,82,888,467,149,75,57,60,27,33
1400000US06037139506,2459,419,112,77,0,14,0,14,0,14,0,14,0,14,29,37,0,14,33,42,0,14,25,41,0,14,0,14,29,37,63,63,174,99,40,40,135,90,263,152,130,91,725,234,590,226,93,63,18,27
1400000US06037139600,3790,574,14,25,0,19,0,19,0,19,0,19,0,19,0,19,0,19,0,19,0,19,122,82,0,19,0,19,0,19,24,39,543,284,34,39,125,141,196,107,204,190,1288,287,510,226,557,252,173,131
1400000US06037139701,4273,655,65,82,0,19,0,19,0,19,0,19,0,19,0,19,0,19,0,19,55,81,0,19,0,19,117,164,9,18,156,162,551,326,19,30,59,67,229,128,189,116,1650,395,538,165,555,211,81,72
1400000US06037139703,2060,226,46,33,0,14,0,14,0,14,0,14,0,14,0,14,11,13,16,27,0,14,0,14,11,18,5,8,5,8,35,40,103,48,18,25,78,51,177,71,78,37,724,125,152,58,475,113,126,79
1400000US06037139704,1892,314,13,16,0,14,0,14,0,14,0,14,0,14,0,14,14,27,0,14,0,14,0,14,11,15,26,35,5,10,0,14,81,59,16,24,84,78,108,55,164,180,560,170,252,101,459,212,99,58
1400000US06037139705,2676,450,18,28,0,14,0,14,0,14,0,14,0,14,0,14,0,14,0,14,0,14,0,14,0,14,0,14,0,14,0,14,99,74,29,40,84,69,277,130,91,73,758,175,650,355,533,182,137,67
1400000US06037139801,2618,351,20,32,0,14,0,14,0,14,0,14,0,14,0,14,0,14,0,14,0,14,8,13,0,14,35,53,28,47,11,17,291,141,20,24,67,37,174,69,101,59,851,231,610,170,265,106,137,74
1400000US06037139802,2665,370,15,20,0,14,12,19,0,14,0,14,0,14,14,22,0,14,0,14,0,14,0,14,6,10,4,8,0,14,10,17,138,71,30,32,81,50,255,133,160,76,1010,209,479,211,343,134,108,78
1400000US06037141101,3828,410,1,2,0,14,46,84,0,14,0,14,0,14,0,14,0,14,0,14,0,14,0,14,0,14,74,82,0,14,21,33,238,180,25,41,56,69,426,177,161,146,1792,391,906,326,75,69,7,18
1400000US06037141102,2045,352,28,34,0,14,0,14,0,14,0,14,0,14,0,14,0,14,0,14,0,14,0,14,0,14,0,14,0,14,19,23,356,167,18,25,62,36,156,64,89,59,1000,299,150,80,113,63,54,45
1400000US06037141201,3472,283,51,78,0,14,0,14,0,14,0,14,0,14,0,14,0,14,0,14,0,14,10,15,0,14,17,28,22,35,102,115,387,177,45,62,163,123,283,121,303,131,1526,323,310,132,114,92,139,112
1400000US06037141202,2678,488,0,14,0,14,0,14,0,14,0,14,0,14,0,14,0,14,0,14,0,14,0,14,9,13,9,13,0,14,28,36,239,146,19,31,121,71,192,102,190,177,1190,224,334,167,200,69,147,125
1400000US06037141303,2812,330,9,13,0,14,0,14,0,14,0,14,0,14,0,14,0,14,0,14,0,14,7,10,0,14,0,14,0,14,10,15,306,120,13,20,129,66,276,99,245,117,1151,225,594,287,31,34,41,35
1400000US06037141304,2339,360,8,14,0,14,0,14,0,14,0,14,0,14,0,14,0,14,0,14,0,14,0,14,17,28,0,14,0,14,23,29,175,99,7,15,135,84,322,128,137,92,971,244,335,167,130,82,79,58
1400000US06037141305,2409,295,17,20,0,14,0,14,0,14,0,14,0,14,0,14,0,14,0,14,0,14,14,25,0,14,0,14,0,14,19,25,189,96,12,19,71,50,361,192,112,66,1016,336,439,199,109,85,50,73
1400000US06037141306,2564,423,0,14,0,14,0,14,0,14,0,14,0,14,0,14,0,14,0,14,0,14,0,14,0,14,24,36,0,14,0,14,96,86,0,14,123,119,203,89,128,82,1155,323,643,209,103,67,89,68
1400000US06037141400,3815,491,24,29,0,19,0,19,0,19,0,19,0,19,0,19,0,19,0,19,0,19,0,19,5,9,18,23,0,19,109,85,376,183,0,19,123,84,388,168,251,103,1455,284,587,247,355,114,124,94
1400000US06037141500,1981,220,0,14,0,14,0,14,0,14,0,14,0,14,0,14,0,14,0,14,0,14,0,14,0,14,0,14,0,14,19,20,78,46,0,14,96,56,170,68,38,41,685,156,570,231,235,87,90,55
1400000US06037141600,3019,438,0,14,0,14,0,14,0,14,0,14,0,14,0,14,0,14,0,14,0,14,0,14,0,14,7,11,0,14,0,14,157,100,10,16,120,61,243,103,126,76,1127,304,555,151,504,199,170,87
1400000US06037141700,2480,400,0,14,0,14,0,14,0,14,0,14,0,14,0,14,0,14,0,14,0,14,0,14,0,14,0,14,0,14,0,14,97,56,23,24,58,44,228,103,117,80,1109,392,346,134,331,156,171,69
1400000US06037143101,1649,330,0,14,0,14,0,14,0,14,0,14,0,14,0,14,0,14,0,14,0,14,0,14,0,14,0,14,0,14,0,14,164,130,80,122,39,45,207,94,155,77,783,227,174,80,40,34,7,12
1400000US06037143102,1837,234,0,14,0,14,0,14,0,14,0,14,0,14,0,14,0,14,7,15,0,14,6,14,0,14,0,14,0,14,42,38,289,135,0,14,64,44,345,136,149,114,671,176,128,63,61,44,75,75
1400000US06037143200,3531,571,1,2,0,14,0,14,0,14,0,14,0,14,0,14,0,14,80,68,0,14,0,14,0,14,90,114,1,2,71,61,411,150,21,33,167,136,450,200,451,251,1555,401,190,107,43,69,0,14
1400000US06037143301,2805,486,54,61,0,14,0,14,0,14,0,14,0,14,0,14,0,14,0,14,0,14,0,14,0,14,0,14,46,72,15,23,331,169,30,35,38,34,532,233,133,102,1233,405,279,168,68,78,46,59
1400000US06037143302,2760,402,105,162,0,14,0,14,0,14,0,14,0,14,0,14,0,14,0,14,0,14,0,14,67,110,0,14,1,1,11,20,214,91,14,23,145,94,554,208,165,92,1039,257,172,87,216,120,57,52
1400000US06037143401,3826,516,17,28,0,19,0,19,0,19,0,19,0,19,0,19,0,19,0,19,0,19,0,19,0,19,0,19,0,19,28,46,265,174,0,19,159,147,625,249,390,183,1243,305,505,217,348,178,246,154
1400000US06037143402,1485,259,96,92,0,14,0,14,0,14,0,14,0,14,0,14,0,14,0,14,0,14,0,14,0,14,0,14,0,14,24,36,141,68,0,14,89,52,127,56,163,84,625,231,98,59,61,42,61,49
1400000US06037143500,4204,604,17,25,13,22,0,19,0,19,25,36,0,19,0,19,0,19,0,19,0,19,0,19,0,19,1,4,0,19,31,43,533,261,18,24,137,89,386,212,215,194,1724,384,509,184,463,227,132,99
1400000US06037143602,4044,859,0,14,14,28,0,14,0,14,0,14,0,14,8,16,0,14,14,20,0,14,0,14,0,14,7,16,24,35,8,16,277,117,39,57,94,87,735,793,213,127,1519,311,567,191,434,173,91,95
1400000US06037143603,2067,252,11,19,0,14,0,14,0,14,0,14,0,14,0,14,0,14,7,12,0,14,0,14,0,14,17,26,0,14,0,14,97,69,0,14,81,53,245,95,132,89,941,195,455,153,53,70,28,44
1400000US06037143605,1522,278,0,14,0,14,0,14,0,14,0,14,0,14,0,14,0,14,0,14,0,14,0,14,0,14,0,14,0,14,0,14,68,45,8,13,114,98,234,141,186,179,608,191,273,109,20,31,11,19
1400000US06037143606,1380,192,5,8,0,14,0,14,0,14,0,14,0,14,0,14,0,14,0,14,0,14,0,14,0,14,0,14,0,14,0,14,19,18,6,10,65,39,211,105,100,54,737,175,191,78,36,34,10,13
1400000US06037143700,3051,375,0,14,0,14,0,14,0,14,0,14,0,14,0,14,0,14,0,14,0,14,0,14,0,14,0,14,0,14,0,14,196,105,0,14,156,71,619,207,139,79,1113,294,628,210,155,93,45,40
1400000US06037143801,2489,511,0,14,0,14,0,14,0,14,0,14,0,14,0,14,0,14,0,14,0,14,0,14,0,14,0,14,0,14,0,14,319,161,36,40,96,61,185,104,163,101,955,327,308,178,361,191,66,80
1400000US06037143802,1818,353,0,14,0,14,0,14,0,14,0,14,0,14,0,14,38,62,0,14,0,14,0,14,0,14,0,14,0,14,0,14,290,272,0,14,28,31,297,119,47,36,754,178,170,85,61,61,133,103
1400000US06037143901,2967,401,0,14,0,14,0,14,0,14,0,14,0,14,0,14,0,14,0,14,0,14,0,14,0,14,0,14,4,9,68,76,213,101,26,28,28,25,277,129,151,98,1077,215,563,387,486,220,74,47
1400000US06037143902,2365,355,8,13,0,14,0,14,0,14,0,14,0,14,0,14,0,14,25,41,0,14,0,14,0,14,0,14,0,14,0,14,167,70,25,34,83,59,381,156,166,133,910,216,400,163,132,55,68,51
1400000US06037181000,4452,613,26,40,0,19,0,19,0,19,0,19,0,19,0,19,0,19,33,50,0,19,0,19,13,21,0,19,42,57,92,94,831,322,50,49,83,74,457,172,243,150,1596,274,490,280,381,204,115,94
1400000US06037181300,3082,347,89,63,0,14,18,24,0,14,0,14,0,14,0,14,0,14,14,24,0,14,9,14,39,63,0,14,0,14,44,37,277,103,64,63,199,72,329,154,275,109,1103,245,397,135,163,75,62,44
1400000US06037181400,3006,309,0,14,0,14,0,14,0,14,6,17,0,14,16,25,24,37,43,48,0,14,4,10,8,15,0,14,77,106,16,17,432,143,83,54,66,49,357,122,71,46,1035,247,419,167,255,109,94,78
1400000US06037181500,2932,405,108,121,0,14,0,14,0,14,0,14,12,20,0,14,0,14,14,23,0,14,0,14,0,14,36,48,107,101,76,53,292,124,84,55,151,64,378,166,143,79,1037,263,185,80,147,90,162,103
1400000US06037181600,2179,293,72,53,0,14,0,14,0,14,0,14,0,14,0,14,0,14,0,14,0,14,7,11,0,14,22,40,0,14,13,14,297,118,10,16,163,109,282,178,192,97,583,131,295,106,68,61,175,101
1400000US06037183101,2581,295,156,104,0,14,0,14,0,14,0,14,11,20,18,25,33,34,35,37,0,14,0,14,0,14,44,58,41,64,108,72,352,139,0,14,78,64,324,124,157,72,826,202,329,107,52,52,17,23
1400000US06037183103,3292,449,9,15,0,14,0,14,15,37,13,33,0,14,16,26,0,14,138,102,23,37,31,52,79,72,5,10,105,103,100,64,663,271,22,30,147,80,451,272,112,73,692,199,574,229,80,69,17,22
1400000US06037183104,1713,174,38,26,0,14,0,14,0,14,0,14,0,14,7,9,0,14,1,3,0,14,6,9,0,14,0,14,41,42,78,61,240,85,22,32,52,29,313,87,130,55,533,113,183,65,54,31,15,16
1400000US06037183220,2206,243,45,33,0,14,0,14,0,14,0,14,5,8,59,79,29,39,70,63,0,14,6,9,25,34,4,15,0,14,53,59,235,87,63,45,181,95,298,118,67,52,531,145,322,199,99,65,114,140
1400000US06037183221,2404,479,100,95,0,14,0,14,0,14,0,14,0,14,7,11,29,46,7,10,0,14,60,93,36,55,8,14,14,20,60,76,355,140,43,42,59,38,273,129,148,118,956,343,172,102,69,49,8,12
1400000US06037183222,2826,539,185,118,0,14,0,14,0,14,0,14,27,44,0,14,0,14,26,29,0,14,20,27,32,42,0,14,17,27,73,52,252,135,75,55,165,143,312,99,111,57,833,255,546,314,79,53,73,55
1400000US06037183300,2131,299,119,70,0,14,0,14,0,14,0,14,0,14,10,17,0,14,108,64,0,14,0,14,0,14,27,27,0,14,25,35,491,132,32,32,80,49,196,111,128,94,690,218,147,67,64,51,14,18
1400000US06037183401,1833,387,83,55,0,14,0,14,0,14,0,14,0,14,0,14,0,14,48,32,21,29,10,12,39,31,0,14,9,13,52,38,222,71,51,42,81,50,359,331,103,46,523,89,163,69,29,21,40,31
1400000US06037183402,2309,263,110,69,0,14,0,14,4,6,0,14,0,14,0,14,0,14,51,57,0,14,5,8,14,16,11,16,0,14,8,8,255,98,22,19,166,70,384,137,151,80,869,189,160,55,34,23,65,56
1400000US06037183510,1814,235,108,50,0,14,0,14,4,7,5,6,0,14,24,30,21,32,68,43,10,16,12,12,57,43,5,12,45,32,76,46,383,109,32,29,83,52,260,74,52,30,447,145,84,34,25,24,13,17
1400000US06037183520,2601,484,95,61,0,14,0,14,0,14,44,64,130,153,0,14,17,27,112,85,35,48,37,31,141,79,89,90,51,64,54,44,368,200,82,58,176,111,242,106,119,73,521,153,168,80,52,45,68,74
1400000US06037183610,1990,238,115,77,0,14,9,15,0,14,0,14,0,14,6,10,0,14,37,47,0,14,0,14,41,34,110,156,25,35,113,56,362,177,21,28,60,38,189,95,117,56,489,130,271,93,8,13,17,19
1400000US06037183620,2275,266,62,37,0,14,0,14,0,14,0,14,0,14,0,14,0,14,64,59,0,14,11,16,55,46,11,18,23,27,203,146,457,161,73,42,57,39,161,74,107,62,724,198,229,104,24,30,14,21
1400000US06037183701,2637,367,138,116,0,14,0,14,0,14,0,14,0,14,0,14,12,20,85,67,0,14,42,63,11,18,68,76,92,85,161,153,458,173,19,22,220,111,364,116,180,112,513,145,216,161,58,54,0,14
1400000US06037183702,2175,309,143,99,0,14,0,14,0,14,0,14,0,14,0,14,0,14,52,59,0,14,5,8,9,15,0,14,52,59,51,36,278,154,39,36,108,72,194,94,125,77,665,206,327,126,55,40,72,60
1400000US06037183810,3226,406,256,116,0,14,0,14,0,14,22,23,51,71,63,67,0,14,157,119,9,15,39,39,71,69,20,32,80,87,141,107,539,214,32,25,116,72,374,124,235,110,844,233,145,64,22,26,10,16
1400000US06037183820,2742,412,143,165,0,14,17,27,0,14,0,14,33,41,53,63,94,93,159,106,88,89,28,33,166,128,0,14,55,50,61,54,422,206,76,49,63,59,348,191,160,123,585,219,191,146,0,14,0,14
1400000US06037185101,2010,240,144,191,0,14,0,14,0,14,0,14,51,53,0,14,72,61,133,160,0,14,46,57,97,75,3,12,29,31,95,107,219,112,71,75,81,90,114,66,183,87,408,134,103,65,79,83,82,103
1400000US06037185102,2852,698,11,17,0,14,0,14,0,14,0,14,0,14,0,14,17,32,0,14,0,14,16,25,55,35,27,28,9,67,20,20,334,251,25,21,21,17,225,101,138,66,801,177,928,596,103,50,122,102
1400000US06037185202,3213,526,137,132,0,14,0,14,0,14,20,29,49,49,20,29,0,14,40,56,14,16,7,14,43,41,14,21,32,29,59,54,567,204,92,66,69,87,272,165,132,83,979,245,362,116,168,87,137,129
1400000US06037185203,1623,186,103,85,0,14,0,14,0,14,17,26,3,6,5,8,0,14,85,60,40,35,45,50,14,21,30,39,24,37,16,17,345,139,19,21,143,64,124,74,43,34,346,109,154,77,22,20,45,41
1400000US06037185204,1488,171,46,64,0,14,0,14,0,14,0,14,13,19,0,14,0,14,39,34,0,14,14,18,0,14,3,7,0,14,49,58,209,95,5,8,42,40,164,96,78,49,474,95,166,69,96,62,90,41
1400000US06037185310,1975,300,219,105,0,14,8,10,0,14,24,22,30,29,7,10,64,46,129,71,6,10,10,14,38,38,10,15,6,9,60,42,451,114,7,11,67,40,249,187,210,82,254,112,71,33,47,48,8,12
1400000US06037185320,2094,331,123,80,0,14,0,14,0,14,48,54,110,79,12,18,43,34,325,119,44,35,26,31,8,10,59,83,19,32,110,49,466,160,53,46,58,41,190,111,78,46,226,157,85,44,8,11,3,6
1400000US06037186100,3699,499,93,52,0,14,0,14,0,14,0,14,5,9,0,14,0,14,14,16,9,14,0,14,25,37,0,14,30,28,185,216,731,284,26,26,206,124,380,132,285,111,1215,203,348,129,95,62,52,40
1400000US06037186201,2588,562,161,86,0,14,0,14,0,14,0,14,0,14,0,14,8,15,29,40,0,14,0,14,60,67,29,44,85,61,41,37,241,287,0,14,235,205,414,164,136,128,694,143,311,137,128,146,16,19
1400000US06037186202,1509,264,6,10,0,14,0,14,0,14,0,14,9,14,10,14,11,15,22,32,0,14,21,31,19,29,0,14,0,14,14,20,235,160,7,13,108,58,207,65,191,114,499,98,126,56,13,14,11,14
1400000US06037186203,2058,180,21,26,0,14,8,13,0,14,0,14,0,14,0,14,0,14,0,14,0,14,0,14,0,14,0,14,0,14,24,27,339,131,13,20,104,72,247,142,8,14,934,200,258,123,88,65,14,22
1400000US06037186301,1793,162,23,24,0,14,0,14,12,19,0,14,0,14,0,14,17,25,28,22,18,21,43,35,24,32,9,14,38,32,34,30,379,121,35,27,68,39,194,68,210,83,455,103,144,54,50,35,12,14
1400000US06037186302,4023,641,187,97,0,14,0,14,0,14,0,14,9,14,0,14,0,14,57,73,5,9,19,22,111,122,0,14,0,14,134,84,528,291,14,19,204,91,574,205,238,93,1328,299,392,129,171,90,52,37
1400000US06037186401,1728,221,206,108,0,14,0,14,0,14,17,26,21,32,0,14,28,32,97,53,73,72,106,89,49,55,0,14,10,15,64,35,282,117,9,14,56,44,288,146,46,38,333,124,30,26,13,15,0,14
1400000US06037186403,1865,289,90,59,0,14,0,14,3,6,18,22,6,9,0,14,6,10,38,23,27,25,45,38,56,42,0,14,33,42,181,95,289,113,15,17,102,50,223,84,96,41,488,135,143,77,5,8,1,4
1400000US06037186404,1715,272,57,33,0,14,0,14,0,14,0,14,52,56,15,22,29,33,99,56,32,33,25,22,45,36,0,14,39,30,79,66,222,97,13,15,23,21,222,99,76,40,467,154,188,135,19,21,13,14
1400000US06037187101,2502,426,109,86,0,14,0,14,0,14,6,10,0,14,0,14,0,14,26,28,0,14,6,11,46,50,29,45,18,2,78,82,290,136,39,39,118,65,495,122,98,57,807,275,238,79,93,75,6,12
1400000US06037187102,3473,599,160,104,0,14,0,14,0,14,0,14,0,14,0,14,20,34,118,101,0,14,67,92,44,61,0,14,13,16,63,59,657,178,83,92,137,105,334,131,288,117,1194,340,173,105,86,59,36,42
1400000US06037187200,2101,375,158,122,0,14,0,14,0,14,19,25,0,14,43,36,11,12,41,37,18,24,0,14,15,20,0,14,55,55,81,70,291,83,131,79,69,53,153,81,60,40,702,301,134,60,81,53,39,29
1400000US06037187300,2940,384,17,20,0,14,0,14,0,14,0,14,36,54,14,22,0,14,0,14,0,14,0,14,8,13,11,18,19,21,71,53,257,118,11,18,164,109,145,86,87,50,1572,418,303,94,136,77,89,57
1400000US06037188100,3248,428,17,22,0,14,0,14,0,14,16,21,77,53,0,14,7,12,210,78,34,42,18,30,74,80,16,29,9,14,71,67,270,119,64,53,67,60,465,155,187,87,1218,307,369,172,50,54,9,14
1400000US06037188201,2600,269,0,14,0,14,0,14,0,14,0,14,0,14,0,14,0,14,0,14,11,17,4,9,0,14,0,14,0,14,4,10,145,81,14,21,113,59,315,124,172,79,1219,234,433,140,73,48,97,79
1400000US06037188202,2353,351,0,14,0,14,0,14,0,14,0,14,0,14,0,14,0,14,0,14,0,14,0,14,0,14,0,14,0,14,26,37,194,98,54,67,38,34,238,145,54,42,1016,315,401,137,231,140,101,58
1400000US06037188300,2673,357,23,22,0,14,0,14,0,14,0,14,9,14,0,14,0,14,0,14,0,14,8,13,0,14,0,14,14,20,67,51,251,158,43,50,116,68,274,134,261,117,1064,179,428,168,31,38,84,55
1400000US06037189101,2082,256,0,14,0,14,0,14,0,14,0,14,7,12,0,14,0,14,0,14,0,14,0,14,0,14,0,14,0,14,0,14,207,61,0,14,274,207,78,63,138,96,952,202,257,100,90,56,79,53
1400000US06037189102,3278,399,9,11,0,14,0,14,0,14,0,14,0,14,0,14,0,14,0,14,0,14,0,14,0,14,0,14,0,14,2,4,210,156,30,34,75,73,205,117,109,57,1670,242,629,166,266,131,73,55
1400000US06037189201,2547,256,140,131,0,14,0,14,0,14,0,14,0,14,0,14,0,14,0,14,0,14,12,18,10,16,0,14,0,14,34,40,254,93,50,52,52,51,158,76,64,49,1238,232,421,205,89,70,25,49
1400000US06037189202,2421,310,68,98,0,14,0,14,0,14,0,14,0,14,0,14,0,14,0,14,0,14,0,14,7,10,0,14,0,14,14,16,121,56,48,56,52,41,219,137,95,59,1076,293,349,95,252,96,120,91
1400000US06037189300,2331,398,29,27,0,14,0,14,11,16,0,14,0,14,0,14,0,14,0,14,0,14,0,14,0,14,0,14,0,14,0,14,169,106,16,24,58,40,266,250,87,92,835,201,561,229,178,69,121,79
1400000US06037189400,2381,320,22,24,0,14,0,14,0,14,0,14,0,14,0,14,0,14,0,14,0,14,0,14,0,14,79,82,9,16,14,23,110,54,82,81,77,62,267,109,58,32,987,252,451,174,175,95,50,37
1400000US06037189501,2007,351,0,14,0,14,0,14,0,14,0,14,0,14,0,14,0,14,9,14,10,15,0,14,0,14,7,12,0,14,0,14,133,60,0,14,44,56,362,274,99,72,858,140,239,124,182,116,64,78
1400000US06037189502,1849,241,62,39,0,14,0,14,0,14,0,14,0,14,0,14,0,14,0,14,0,14,0,14,0,14,0,14,19,18,0,14,168,99,0,14,111,58,324,140,85,72,759,260,180,63,94,70,47,58
1400000US06037189600,2883,487,0,14,0,14,0,14,0,14,0,14,15,25,0,14,0,14,0,14,0,14,0,14,0,14,0,14,77,109,26,42,390,213,11,25,77,69,286,168,68,58,1188,338,585,176,112,86,48,60
1400000US06037189702,2252,402,0,14,0,14,0,14,0,14,0,14,0,14,0,14,0,14,0,14,0,14,0,14,0,14,10,3,0,14,0,14,196,113,67,66,134,145,465,215,178,136,661,199,324,145,123,73,94,61
1400000US06037189703,1526,213,14,24,0,14,0,14,0,14,0,14,0,14,0,14,0,14,0,14,0,14,0,14,11,18,24,28,0,14,0,14,71,50,11,13,110,72,92,56,212,91,684,178,224,123,54,39,19,23
1400000US06037189704,1748,379,25,43,0,14,0,14,0,14,0,14,0,14,0,14,0,14,0,14,0,14,0,14,0,14,0,14,0,14,0,14,176,137,0,14,57,66,159,99,84,75,1072,269,116,60,8,12,51,55
1400000US06037189801,2166,300,0,14,22,32,0,14,0,14,0,14,0,14,0,14,0,14,0,14,0,14,0,14,0,14,0,14,0,14,27,41,97,73,33,37,50,39,426,225,59,41,826,169,506,168,30,28,90,114
1400000US06037189802,1759,316,43,70,0,14,0,14,0,14,0,14,0,14,0,14,0,14,0,14,0,14,0,14,0,14,22,48,0,14,32,30,175,134,0,14,49,50,181,121,75,44,746,274,326,100,56,67,54,38
1400000US06037189903,2115,266,45,40,0,14,0,14,0,14,0,14,0,14,0,14,0,14,0,14,0,14,0,14,0,14,0,14,0,14,18,16,34,32,0,14,81,66,323,146,361,195,934,150,203,102,44,32,72,77
1400000US06037189904,2031,328,17,27,0,14,0,14,0,14,0,14,0,14,18,28,0,14,0,14,0,14,11,17,66,107,0,14,42,67,18,21,247,117,0,14,39,45,250,107,169,99,866,218,195,86,80,63,13,20
1400000US06037189905,1953,280,28,30,0,14,0,14,0,14,0,14,0,14,0,14,0,14,0,14,0,14,0,14,0,14,0,14,10,17,0,14,246,77,11,17,156,74,206,98,125,92,736,266,327,108,53,40,55,38
1400000US06037189906,2121,222,33,35,0,14,0,14,0,14,0,14,0,14,0,14,0,14,0,14,0,14,0,14,0,14,0,14,0,14,48,48,150,68,47,51,56,54,151,71,96,66,1094,268,258,126,121,84,67,60
1400000US06037189907,2202,421,38,60,0,14,0,14,0,14,0,14,0,14,0,14,0,14,0,14,0,14,32,41,4,9,0,14,0,14,3,7,261,215,0,14,0,14,219,116,55,43,1112,241,313,124,131,94,34,35
1400000US06037190101,1531,310,13,16,0,14,0,14,0,14,0,14,0,14,0,14,0,14,0,14,0,14,0,14,0,14,0,14,0,14,0,14,184,61,137,207,41,47,303,171,84,56,627,182,130,98,12,18,0,14
1400000US06037190102,2424,547,16,25,0,14,0,14,0,14,0,14,0,14,0,14,0,14,0,14,101,137,0,14,0,14,11,18,94,144,0,14,160,128,15,24,39,44,336,223,281,158,1155,424,206,156,10,16,0,14
1400000US06037190201,2287,406,108,99,0,14,0,14,0,14,0,14,0,14,9,14,119,140,0,14,0,14,36,50,74,61,25,27,47,71,43,53,424,234,10,18,239,153,183,104,129,75,589,201,182,107,70,68,0,14
1400000US06037190202,2533,401,0,14,0,14,0,14,0,14,0,14,0,14,0,14,0,14,39,65,0,14,0,14,0,14,0,14,0,14,0,14,208,155,0,14,53,61,289,141,165,133,1213,366,421,195,105,84,40,48
1400000US06037190302,2108,405,62,69,7,13,0,14,0,14,0,14,0,14,0,14,0,14,0,14,0,14,0,14,0,14,0,14,75,111,70,67,259,119,65,150,158,144,300,148,232,125,613,245,159,102,68,53,40,59
1400000US06037190303,2497,423,73,102,0,14,0,14,0,14,0,14,22,35,0,14,0,14,0,14,0,14,31,38,25,38,0,14,0,14,54,60,347,123,59,51,73,70,514,364,339,162,617,189,282,161,30,48,31,39
1400000US06037190401,2529,385,80,78,0,14,0,14,0,14,0,14,0,14,11,18,0,14,39,49,0,14,10,17,22,28,76,93,9,14,108,112,401,174,37,35,58,67,198,105,215,71,968,224,198,83,37,35,62,74
1400000US06037190402,2045,316,91,69,0,14,0,14,0,14,0,14,0,14,0,14,6,10,57,58,0,14,0,14,0,14,0,14,0,14,96,71,411,140,61,65,103,90,297,160,147,103,593,187,99,54,38,40,46,53
1400000US06037190510,3116,415,6,21,0,14,0,14,0,14,0,14,0,14,11,21,0,14,136,141,0,14,0,14,159,114,23,24,0,14,154,113,539,283,59,56,115,76,302,131,222,104,1078,261,249,125,44,46,19,21
1400000US06037190520,2517,313,38,37,0,14,0,14,6,10,35,50,26,39,0,14,66,58,46,48,0,14,0,14,31,43,39,32,47,55,126,78,361,215,0,14,99,63,283,128,287,141,663,200,285,177,37,49,42,39
1400000US06037190701,1208,205,105,106,0,14,0,14,0,14,0,14,0,14,0,14,0,14,0,14,9,18,0,14,65,61,7,11,15,45,8,12,166,104,64,47,47,53,204,153,92,63,364,130,28,22,34,34,0,14
1400000US06037190702,1244,215,0,14,0,14,0,14,0,14,0,14,0,14,0,14,9,11,9,11,0,14,0,14,0,14,0,14,0,14,0,14,148,74,11,14,24,19,90,55,99,70,652,205,151,82,20,24,31,29
1400000US06037190801,2399,358,97,85,0,14,0,14,0,14,18,37,10,18,8,18,35,57,21,27,0,14,0,14,0,14,11,18,12,61,93,93,439,179,99,110,149,95,235,113,227,122,665,188,151,107,103,109,26,29
1400000US06037190802,2572,453,133,98,0,14,0,14,0,14,0,14,0,14,0,14,11,19,3,12,0,14,16,29,0,14,0,14,13,21,99,103,230,130,45,44,116,67,232,131,213,121,1031,288,300,183,67,84,63,50
1400000US06037190901,2497,401,109,85,0,14,0,14,0,14,46,53,41,47,0,14,0,14,106,84,15,24,83,76,206,113,63,71,31,35,99,81,637,270,60,58,223,129,242,145,40,42,374,148,61,41,29,27,32,51
1400000US06037190902,2837,393,123,107,0,14,50,50,0,14,0,14,0,14,0,14,0,14,56,48,16,29,2,3,69,71,32,49,24,23,98,90,700,260,85,118,91,85,405,186,155,98,733,243,124,70,63,52,11,18
1400000US06037191000,4457,606,182,163,0,19,0,19,0,19,0,19,0,19,0,19,0,19,58,74,0,19,41,63,60,61,0,19,17,26,0,19,535,306,0,19,130,134,458,196,336,181,1574,441,578,204,452,291,36,55
1400000US06037191110,3480,506,119,103,0,14,0,14,0,14,9,18,7,11,24,29,3,7,58,51,9,16,67,75,0,14,3,8,28,57,138,125,716,160,266,196,319,163,580,311,177,81,694,236,167,81,84,93,12,19
1400000US06037191120,3089,437,64,58,0,14,0,14,0,14,20,32,8,13,0,14,28,35,108,67,39,47,56,62,76,68,53,54,26,32,142,87,628,204,36,39,185,122,500,220,212,111,804,183,104,73,0,14,0,14
1400000US06037191201,5068,570,185,180,0,19,0,19,0,19,5,9,68,87,61,50,17,29,30,33,8,11,1,9,200,192,49,57,97,100,222,154,1045,421,389,269,275,160,592,419,276,142,938,301,415,209,152,105,43,46
1400000US06037191203,1572,330,152,76,0,14,0,14,0,14,12,20,0,14,0,14,0,14,58,50,0,14,11,18,11,21,81,74,0,14,46,39,210,95,57,63,65,42,143,96,71,48,440,231,138,135,53,43,24,32
1400000US06037191204,1309,206,25,25,0,14,0,14,0,14,0,14,22,28,0,14,40,59,23,31,0,14,0,14,27,28,27,30,19,27,100,97,255,110,9,14,66,40,179,87,166,88,259,75,62,39,23,22,7,10
1400000US06037191301,1671,332,67,43,0,14,0,14,0,14,0,14,5,7,2,6,28,39,46,42,7,13,0,14,90,62,41,29,14,14,40,28,161,70,8,13,68,39,163,67,148,95,643,229,104,43,20,21,16,14
1400000US06037191302,1565,230,123,146,0,14,0,14,0,14,0,14,31,40,8,16,0,14,66,40,28,44,22,31,8,12,21,30,24,33,103,70,139,88,89,84,29,30,288,114,51,52,318,121,91,53,126,63,0,14
1400000US06037191410,2571,218,170,97,0,14,11,22,0,14,0,14,43,46,47,46,67,73,258,134,13,23,41,45,167,101,28,32,11,18,81,70,465,159,10,48,36,35,188,109,163,104,674,153,69,53,14,22,15,17
1400000US06037191420,2270,805,341,261,0,14,0,14,0,14,8,14,19,26,0,14,15,25,172,121,10,17,0,14,0,14,31,31,0,14,46,44,206,143,75,115,30,29,457,209,33,36,536,173,203,139,80,59,8,14
1400000US06037191500,3781,573,272,122,0,19,0,19,22,25,26,40,53,51,89,77,0,19,180,89,23,37,0,19,116,107,79,98,8,11,165,194,547,163,85,94,138,60,456,176,432,193,747,213,200,127,107,91,36,54
1400000US06037191610,2748,309,136,96,0,14,0,14,0,14,60,67,16,26,0,14,39,65,211,145,0,14,21,34,62,105,20,32,0,14,196,104,313,159,39,46,221,100,416,159,189,82,531,151,135,78,75,75,68,80
1400000US06037191620,1855,273,191,126,0,14,0,14,0,14,0,14,39,50,0,14,18,18,77,54,10,16,20,22,42,45,0,14,23,25,175,107,229,91,52,47,97,68,150,82,172,136,433,154,104,111,23,41,0,14
1400000US06037191710,1777,348,276,193,0,14,0,14,59,83,88,117,13,20,0,14,62,78,219,184,0,14,0,14,113,97,34,40,0,14,70,54,191,116,28,29,23,37,210,124,31,40,308,114,36,37,16,23,0,14
1400000US06037191720,2690,371,392,173,0,14,0,14,0,14,38,60,0,14,10,26,27,35,95,101,0,14,21,29,404,202,0,14,190,132,16,25,475,224,27,33,123,98,210,125,45,52,475,162,122,92,0,14,20,31
1400000US06037191810,2078,367,175,135,0,14,0,14,8,13,0,14,25,41,0,14,28,35,42,52,0,14,0,14,12,20,34,45,0,14,111,128,426,170,7,11,73,58,337,144,93,60,508,215,145,76,46,35,8,13
1400000US06037191820,3353,441,117,74,0,14,0,14,0,14,0,14,0,14,0,14,0,14,0,14,0,14,6,10,263,238,0,14,0,14,173,115,490,181,91,100,116,103,291,160,51,52,1307,331,322,185,37,31,89,77
1400000US06037191901,3389,566,170,172,0,14,0,14,0,14,0,14,0,14,0,14,0,14,0,14,0,14,25,42,0,14,26,34,0,14,0,14,239,177,42,66,92,94,440,228,346,194,1575,334,304,147,98,72,32,31
1400000US06037191902,2298,266,8,14,0,14,0,14,0,14,0,14,0,14,0,14,1,2,0,14,0,14,0,14,0,14,6,9,14,22,110,112,172,113,0,14,100,73,262,142,28,28,1020,206,282,111,216,88,79,116
1400000US06037192001,2088,290,49,56,0,14,0,14,0,14,0,14,0,14,0,14,0,14,16,22,0,14,0,14,22,26,15,22,36,98,64,49,315,147,14,20,132,88,208,128,120,89,812,137,114,58,96,95,75,88
1400000US06037192002,2373,303,86,65,0,14,0,14,0,14,0,14,0,14,0,14,11,19,9,14,0,14,0,14,0,14,0,14,11,24,14,25,44,38,9,15,86,72,208,86,89,67,1299,302,305,107,178,86,24,38
1400000US06037192300,2103,427,23,24,0,14,0,14,0,14,0,14,0,14,0,14,0,14,0,14,0,14,0,14,45,55,0,14,0,14,1,2,161,179,16,20,36,28,311,239,45,41,803,211,393,121,183,74,86,62
1400000US06037192410,3492,551,101,75,0,14,0,14,0,14,0,14,0,14,0,14,0,14,80,93,15,22,0,14,13,20,11,18,0,14,21,28,521,249,12,18,261,141,279,136,89,61,1203,287,500,163,298,201,88,67
1400000US06037192420,2574,318,87,78,0,14,0,14,0,14,0,14,37,43,0,14,0,14,36,48,0,14,0,14,33,42,0,14,20,31,42,51,395,201,33,48,270,202,333,126,105,75,996,272,140,73,20,23,27,25
1400000US06037192510,2847,493,259,147,0,14,40,62,0,14,0,14,0,14,0,14,15,26,308,197,41,49,14,24,89,94,31,34,0,14,169,120,552,227,43,54,157,129,124,69,182,122,590,228,172,125,54,88,7,16
1400000US06037192520,3429,444,183,134,0,14,13,22,0,14,65,56,91,66,15,25,145,102,131,78,37,47,48,46,202,115,8,12,0,14,52,49,459,214,68,57,117,80,225,103,203,107,1014,312,249,129,59,52,45,56
1400000US06037192610,2686,483,179,113,0,14,0,14,0,14,27,44,97,89,0,14,1,6,125,104,0,14,20,27,68,64,11,18,44,44,87,73,367,162,91,62,77,80,389,205,262,146,518,184,263,141,29,34,31,30
1400000US06037192620,2442,325,165,129,12,19,0,14,0,14,33,38,33,39,20,42,47,59,175,102,58,78,29,44,19,30,11,17,51,76,84,79,533,176,49,53,134,85,203,94,165,109,581,202,16,26,11,17,13,19
1400000US06037192700,2375,405,166,101,0,14,0,14,0,14,0,14,14,21,0,14,11,17,41,48,40,39,114,105,76,88,0,14,39,59,38,43,324,166,46,100,126,74,276,143,89,82,781,168,163,119,15,39,16,27
1400000US06037194101,2812,451,18,21,0,14,0,14,0,14,0,14,0,14,0,14,0,14,0,14,0,14,0,14,0,14,0,14,0,14,0,14,204,122,10,15,66,90,448,179,87,51,1185,334,529,209,178,81,87,59
1400000US06037194102,2195,208,35,33,0,14,0,14,0,14,0,14,0,14,0,14,0,14,11,17,0,14,0,14,11,19,16,26,0,14,74,66,155,114,44,44,101,76,136,77,156,96,791,165,242,90,343,166,80,65
1400000US06037194200,2974,543,25,29,0,14,0,14,0,14,0,14,0,14,0,14,0,14,13,21,0,14,50,76,14,22,0,14,0,14,25,27,179,103,0,14,45,37,190,103,141,80,1532,471,419,153,220,108,121,90
1400000US06037194300,2371,429,16,25,0,14,0,14,0,14,0,14,0,14,0,14,0,14,0,14,0,14,0,14,0,14,0,14,0,14,0,14,61,48,10,16,53,33,341,154,90,57,1079,250,510,214,88,50,123,85
1400000US06037194401,2343,323,26,31,0,14,0,14,0,14,0,14,0,14,0,14,0,14,21,27,0,14,9,14,8,18,0,14,2,4,15,27,249,109,7,12,8,17,153,91,116,96,1286,242,316,124,103,64,24,29
1400000US06037194402,2996,401,52,53,0,14,0,14,0,14,0,14,14,28,0,14,0,14,0,14,0,14,0,14,0,14,0,14,0,14,17,25,162,111,13,24,76,64,202,99,293,137,1385,374,546,207,179,99,57,52
1400000US06037194500,1669,184,27,37,0,14,14,28,0,14,0,14,0,14,0,14,10,15,0,14,0,14,0,14,0,14,0,14,6,36,19,29,92,51,12,18,47,47,150,104,67,39,623,128,401,96,185,109,16,17
1400000US06037195100,3964,451,14,11,0,14,0,14,19,34,0,14,0,14,11,22,0,14,29,40,0,14,0,14,0,14,5,10,21,20,10,15,192,80,30,33,132,84,432,268,259,128,1631,260,856,269,233,125,90,87
1400000US06037195201,2652,308,33,28,0,14,0,14,0,14,0,14,0,14,0,14,0,14,0,14,0,14,0,14,0,14,0,14,0,14,14,19,176,83,9,16,75,55,237,107,161,98,1292,246,333,127,255,107,67,41
1400000US06037195202,2661,297,2,7,0,14,0,14,0,14,0,14,0,14,0,14,0,14,0,14,0,14,11,17,0,14,0,14,0,14,28,40,131,57,8,14,63,54,238,90,187,115,1470,272,308,105,162,76,53,37
1400000US06037195300,2478,357,81,103,0,14,0,14,0,14,0,14,0,14,0,14,0,14,65,96,0,14,29,29,74,74,0,14,0,14,44,46,185,88,61,58,85,67,155,83,83,40,1293,230,265,90,50,37,8,13
1400000US06037195400,3864,553,39,64,0,14,0,14,0,14,0,14,34,56,0,14,0,14,11,18,0,14,0,14,0,14,29,44,0,14,0,14,273,134,52,49,151,124,433,187,223,176,1690,345,675,306,212,120,42,42
1400000US06037195500,4193,518,105,118,0,19,0,19,0,19,0,19,0,19,0,19,0,19,13,27,0,19,57,87,18,30,49,81,19,32,17,27,539,313,52,59,0,19,309,142,184,112,1619,303,821,359,219,129,172,110
1400000US06037195600,2307,431,49,50,0,14,0,14,12,21,16,26,37,43,0,14,0,14,8,13,20,32,34,48,37,51,91,134,19,29,6,23,158,94,110,129,168,111,161,85,201,84,813,250,293,109,41,37,33,53
1400000US06037195710,2947,389,122,102,0,14,0,14,40,66,0,14,4,9,0,14,0,14,114,87,28,51,35,48,55,60,4,8,32,54,81,73,460,209,118,115,138,149,240,123,145,85,656,195,351,172,312,312,12,19
1400000US06037195720,1456,158,73,44,0,14,11,15,0,14,0,14,8,13,9,16,0,14,37,30,0,14,0,14,17,20,0,14,0,14,22,22,124,54,0,14,24,23,137,50,125,64,601,137,190,85,33,29,45,28
1400000US06037195802,2265,304,61,55,0,14,8,15,0,14,0,14,32,45,0,14,15,24,102,64,0,14,28,31,96,66,7,11,16,27,17,19,496,166,94,93,54,41,192,88,182,108,662,149,166,81,37,32,0,14
1400000US06037195803,1953,202,33,39,17,21,0,14,29,35,14,22,0,14,0,14,0,14,2,8,0,14,24,31,50,51,9,14,9,15,46,49,202,74,38,41,16,18,205,94,32,31,930,173,215,91,66,44,16,18
1400000US06037195804,2063,334,164,97,0,14,0,14,15,18,0,14,20,26,19,30,6,15,33,42,31,49,28,34,205,168,0,14,0,14,35,36,251,129,123,146,49,33,104,52,148,86,658,180,150,75,24,27,0,14
1400000US06037195901,2157,367,104,62,0,14,0,14,0,14,0,14,0,14,55,49,35,45,0,14,0,14,30,45,37,57,0,14,5,13,14,55,133,89,0,14,84,49,172,116,65,41,1021,319,320,116,21,25,61,52
1400000US06037195902,1489,212,11,18,0,14,7,11,0,14,0,14,0,14,0,14,0,14,0,14,0,14,0,14,0,14,0,14,0,14,14,22,91,58,0,14,0,14,176,109,11,18,800,153,279,100,59,46,41,60
1400000US06037195903,1813,193,34,30,0,14,0,14,0,14,0,14,0,14,0,14,0,14,8,11,0,14,0,14,81,59,29,26,29,38,29,25,164,70,24,33,96,59,176,64,237,80,705,109,158,66,20,17,23,18
1400000US06037197200,2788,399,256,178,16,24,0,14,0,14,31,46,61,58,0,14,26,40,85,61,9,13,41,52,16,24,61,56,44,44,58,52,512,177,20,21,197,99,268,99,240,107,606,193,215,103,0,14,26,33
1400000US06037197300,3317,427,98,94,0,14,0,14,38,58,0,14,0,14,23,32,0,14,39,46,0,14,14,21,52,78,0,14,21,26,41,35,224,115,16,23,104,76,505,162,102,65,1489,365,350,111,100,60,101,86
1400000US06037197410,3148,450,111,65,0,14,0,14,0,14,16,25,19,27,0,14,0,14,8,14,0,14,0,14,18,26,28,32,69,86,18,21,271,152,29,32,95,53,447,247,86,54,1056,235,668,142,132,65,77,59
1400000US06037197420,2729,305,71,66,0,14,0,14,0,14,0,14,0,14,0,14,0,14,108,79,0,14,28,33,0,14,50,54,176,88,29,20,391,117,20,29,70,41,361,130,44,31,934,222,293,96,132,115,22,25
1400000US06037197500,3352,431,110,64,7,11,0,14,0,14,0,14,42,31,21,31,0,14,45,27,0,14,11,18,179,205,66,49,77,89,52,41,303,139,9,14,108,78,333,141,210,101,1211,300,285,143,216,197,67,79
1400000US06037197600,1871,391,39,35,0,14,0,14,0,14,0,14,0,14,0,14,0,14,0,14,0,14,23,27,73,90,6,10,77,114,0,14,227,139,42,48,110,77,181,78,114,91,686,218,209,91,57,43,27,27
1400000US06037197700,3960,477,164,106,6,12,0,14,0,14,0,14,41,53,109,122,62,45,60,70,78,88,6,18,15,25,48,46,0,14,219,143,738,194,39,43,112,69,241,129,123,89,1300,385,527,322,43,51,29,33
1400000US06037199001,1773,321,283,159,0,14,8,11,0,14,0,14,49,57,91,82,0,14,80,93,10,14,45,42,46,52,45,51,27,43,65,55,372,142,54,55,38,36,41,29,235,228,172,73,84,59,9,14,19,21
1400000US06037199002,2007,358,136,83,0,14,0,14,0,14,35,44,17,27,16,28,74,72,33,46,0,14,52,57,26,41,18,26,27,42,71,67,306,122,0,14,77,82,239,117,20,26,544,210,165,67,151,155,0,14
1400000US06037199110,1635,291,107,71,0,14,6,9,0,14,26,33,0,14,0,14,23,36,185,77,16,11,14,18,36,51,6,9,19,19,127,108,216,90,68,42,75,41,186,92,126,116,299,139,97,40,3,5,0,14
1400000US06037199120,2609,332,182,83,0,14,0,14,0,14,1,2,102,110,28,42,0,14,37,30,8,13,40,38,200,161,48,55,66,56,109,73,620,186,113,65,73,40,316,140,112,63,418,200,112,83,15,24,9,17
1400000US06037199201,2341,338,322,170,0,14,0,14,0,14,82,71,20,32,35,54,22,36,84,77,60,69,29,30,131,110,61,69,57,59,57,64,631,253,18,22,103,68,182,96,86,74,226,106,85,69,21,23,29,33
1400000US06037199202,1966,335,60,60,0,14,45,74,38,61,0,14,46,29,5,11,0,14,156,107,8,13,40,26,4,7,14,20,101,74,71,83,444,116,17,20,38,43,136,54,213,144,360,88,111,50,27,28,32,31
1400000US06037199300,2885,545,288,155,0,14,0,14,29,42,0,14,0,14,0,14,0,14,152,106,0,14,0,14,100,78,30,50,0,14,83,49,466,173,81,83,118,49,225,120,136,106,630,164,494,157,33,41,20,26
1400000US06037199400,2991,503,345,157,0,14,0,14,97,61,0,14,74,87,19,30,27,43,220,147,0,14,49,50,99,75,0,14,61,51,114,82,642,323,120,101,130,77,299,133,149,100,260,142,214,175,51,36,21,23
1400000US06037199700,2577,445,391,132,0,14,0,14,0,14,60,70,65,64,0,14,16,24,79,83,0,14,18,28,55,44,24,27,157,165,49,60,482,250,46,53,64,42,111,46,120,67,570,259,236,97,34,33,0,14
1400000US06037199801,2344,325,243,90,0,14,24,26,24,34,0,14,10,18,0,14,6,8,299,158,17,28,24,30,230,131,25,38,0,14,119,81,339,143,33,33,10,16,415,146,144,71,340,107,34,27,8,12,0,14
1400000US06037199802,1403,221,248,96,0,14,0,14,36,29,0,14,6,8,0,14,29,27,53,40,0,14,22,24,76,57,0,14,60,40,59,37,290,104,6,11,10,17,143,96,80,48,254,96,31,32,0,14,0,14
1400000US06037199900,1610,243,193,82,0,14,0,14,5,8,0,14,23,26,16,26,7,10,158,86,24,27,0,14,57,42,47,32,14,17,115,88,400,128,72,50,103,65,152,71,58,34,104,53,26,31,26,27,10,11
1400000US06037201110,1916,222,82,53,0,14,0,14,0,14,31,35,32,41,0,14,11,18,74,44,15,20,11,11,28,26,18,24,74,65,123,68,382,165,17,20,59,36,137,79,138,71,469,101,163,100,33,29,19,22
1400000US06037201120,2736,335,186,100,0,14,0,14,0,14,0,14,26,39,67,60,19,32,91,98,0,14,18,28,19,33,111,83,65,45,207,136,469,169,144,180,137,80,352,134,95,67,437,136,161,88,60,53,72,64
1400000US06037201200,1767,257,190,79,0,14,0,14,5,8,0,14,34,30,0,14,4,8,47,41,20,29,4,6,80,49,84,78,5,8,35,27,495,203,67,75,90,64,129,74,119,66,273,101,81,51,0,14,5,8
1400000US06037201301,2387,585,99,65,0,14,0,14,0,14,0,14,67,75,3,7,5,13,42,42,0,14,29,31,292,327,24,32,23,22,39,40,403,144,42,42,137,114,419,155,151,90,457,231,88,60,25,40,42,61
1400000US06037201302,3661,513,41,37,0,14,0,14,0,14,15,24,0,14,41,64,0,14,153,189,0,14,0,14,11,18,33,39,12,18,50,35,329,206,82,71,63,41,519,301,374,167,1098,262,531,166,119,65,190,130
1400000US06037201401,2707,251,121,75,0,14,24,32,0,14,0,14,21,26,0,14,41,40,173,131,0,14,44,70,95,61,90,90,125,75,147,90,522,197,79,73,145,67,93,59,89,49,538,148,188,78,112,57,60,46
1400000US06037201402,3039,519,152,112,0,14,3,13,26,36,0,14,4,6,0,14,70,54,208,161,34,53,42,49,47,42,122,166,15,23,196,162,607,294,33,49,274,188,300,113,119,62,370,132,298,118,87,63,32,31
1400000US06037201501,3612,430,324,176,0,19,0,19,0,19,26,34,46,55,69,106,55,52,128,128,14,24,22,26,59,50,93,80,0,19,117,91,663,196,92,72,301,126,544,147,236,105,538,140,234,106,5,9,46,38
1400000US06037201503,2340,270,236,157,0,14,0,14,0,14,19,30,23,28,0,14,0,14,90,79,65,59,7,11,66,62,23,26,32,39,163,80,561,129,13,20,101,53,326,103,135,71,298,114,172,100,0,14,10,17
1400000US06037201504,1452,217,73,39,0,14,14,20,0,14,54,54,2,6,6,9,2,8,49,39,70,46,11,16,121,60,20,22,13,17,37,42,237,100,49,38,28,26,189,89,98,59,272,85,71,34,17,19,19,24
1400000US06037201601,1499,261,47,30,0,14,0,14,24,36,3,6,16,17,9,14,4,10,68,50,7,12,32,42,32,43,16,15,56,47,16,17,343,81,95,46,92,45,178,87,45,33,291,132,82,41,19,21,24,21
1400000US06037201602,1854,415,307,296,0,14,0,14,0,14,0,14,15,24,0,14,14,22,114,58,5,8,38,37,20,20,56,48,63,53,51,48,380,121,30,27,109,60,195,88,90,42,244,71,117,54,6,9,0,14
1400000US06037201700,3294,492,131,77,0,19,0,19,0,19,46,64,0,19,0,19,0,19,78,96,9,14,12,14,90,75,21,27,33,37,203,84,650,262,128,128,271,105,366,127,247,126,669,235,289,135,43,57,8,13
1400000US06037203100,2675,430,281,157,0,14,0,14,33,48,60,63,0,14,26,39,23,36,213,125,32,44,52,61,201,154,77,67,208,134,96,70,649,203,55,81,51,38,283,153,160,94,170,94,0,14,4,10,1,3
1400000US06037203200,2716,378,213,104,0,14,0,14,0,14,10,18,28,33,55,66,12,23,366,262,54,53,92,69,137,100,15,17,18,24,101,62,511,152,164,77,142,76,255,128,104,65,299,125,118,70,22,26,0,14
1400000US06037203300,947,198,83,57,0,14,18,26,0,14,7,14,14,16,0,14,0,14,102,77,0,14,71,57,1,3,8,11,10,17,53,51,164,66,0,14,41,43,40,41,0,14,185,106,45,41,48,33,57,74
1400000US06037203500,2050,277,121,68,0,14,0,14,0,14,14,21,15,24,21,25,90,71,260,164,20,24,15,22,127,71,20,31,35,34,128,95,318,113,36,34,106,62,153,75,69,43,328,123,89,59,78,54,7,9
1400000US06037203601,1828,367,224,119,0,14,0,14,0,14,0,14,0,14,13,20,52,43,152,91,0,14,26,25,99,66,58,54,50,51,155,80,433,182,98,106,59,44,139,69,70,52,146,74,33,51,21,20,0,14
1400000US06037203602,1220,156,45,37,0,14,0,14,21,29,0,14,39,33,0,14,0,14,77,37,0,14,47,38,82,61,29,44,120,71,54,44,328,86,71,47,29,29,105,63,35,41,122,80,0,14,16,23,0,14
1400000US06037203710,2123,307,239,108,0,14,0,14,0,14,14,23,44,36,49,52,0,14,149,79,35,40,24,28,125,76,33,44,95,74,109,54,431,102,88,103,85,48,198,88,68,43,307,121,30,17,0,14,0,14
1400000US06037203720,2205,348,212,221,0,14,0,14,0,14,25,48,11,17,39,37,55,49,198,103,31,40,50,50,180,111,49,44,62,57,58,56,447,170,49,58,59,44,226,96,68,46,354,96,17,24,0,14,15,22
1400000US06037203800,3067,580,378,178,0,14,0,14,0,14,53,62,36,44,63,60,58,69,322,181,0,14,0,14,193,143,99,129,0,14,87,72,743,279,129,71,169,136,286,134,142,84,292,119,17,29,0,14,0,14
1400000US06037203900,1744,261,248,91,0,14,0,14,19,29,28,22,56,33,4,7,19,22,229,150,0,14,5,8,104,54,0,14,21,48,103,60,323,114,25,21,53,47,137,79,58,35,253,63,50,29,9,15,0,14
1400000US06037204110,1752,340,213,98,0,14,0,14,0,14,104,118,12,20,20,22,11,17,218,104,41,52,38,53,72,55,8,14,30,33,148,87,338,129,23,19,55,39,141,68,73,55,146,80,61,49,0,14,0,14
1400000US06037204120,1667,285,122,66,0,14,7,14,34,34,0,14,132,98,26,29,0,14,239,108,0,14,23,25,79,56,34,28,23,33,148,101,379,121,0,14,58,38,135,68,54,25,160,83,7,11,7,11,0,14
1400000US06037204200,1981,268,263,163,0,14,0,14,15,24,0,14,52,53,0,14,45,43,174,94,23,20,20,26,85,67,0,14,61,62,115,84,437,210,31,34,128,109,291,148,25,27,189,94,12,18,15,25,0,14
1400000US06037204300,2899,615,263,123,0,14,0,14,7,12,16,24,0,14,46,54,46,39,460,290,0,14,53,57,204,107,6,10,85,52,219,131,635,186,191,115,139,105,192,104,81,63,191,95,64,71,0,14,1,6
1400000US06037204410,1508,330,38,31,0,14,0,14,0,14,68,103,37,40,0,14,0,14,162,111,18,25,7,11,258,150,10,15,51,34,66,54,298,100,42,38,8,18,188,84,54,35,111,85,87,58,0,14,5,9
1400000US06037204420,1853,198,131,58,0,14,0,14,0,14,106,81,55,37,51,46,5,8,305,111,5,10,58,40,66,38,26,28,115,77,63,53,264,108,56,43,63,40,101,62,64,41,247,107,72,52,0,14,0,14
1400000US06037204600,2402,357,207,114,0,14,0,14,0,14,11,17,46,37,31,36,46,46,219,106,38,45,34,54,242,150,59,52,59,61,114,83,490,232,77,59,115,74,286,116,48,42,233,94,34,38,1,2,12,19
1400000US06037204700,3086,437,242,120,0,14,0,14,27,43,0,14,56,59,74,75,25,29,417,197,0,14,90,68,142,98,54,63,68,70,198,119,630,207,113,78,137,86,249,126,127,96,333,190,58,42,21,24,25,24
1400000US06037204810,3310,408,202,119,0,19,0,19,82,65,49,37,36,51,83,99,0,19,277,164,0,19,124,103,169,130,62,50,114,69,154,105,818,241,86,61,118,86,401,159,75,51,460,204,0,19,0,19,0,19
1400000US06037204820,1276,192,109,61,0,14,0,14,10,14,19,23,8,13,30,32,5,9,131,71,0,14,31,27,73,38,0,14,33,30,92,69,157,57,28,34,123,122,241,78,31,34,120,63,17,25,18,27,0,14
1400000US06037204910,2013,252,204,91,0,14,0,14,0,14,0,14,0,14,0,14,64,47,285,121,5,9,31,34,99,57,38,43,181,81,63,44,311,121,71,41,55,49,218,75,124,100,176,78,67,47,0,14,21,46
1400000US06037204920,1591,271,214,119,0,14,0,14,9,17,6,9,53,29,5,9,45,55,153,101,12,19,12,19,62,35,19,15,57,35,103,65,426,151,9,16,66,57,138,66,70,38,127,70,0,14,5,9,0,14
1400000US06037205110,1903,236,224,115,0,14,0,14,33,28,15,26,166,97,89,81,19,23,228,96,37,32,0,14,84,61,45,40,100,70,64,44,364,126,89,99,15,24,154,88,54,46,115,70,2,4,6,10,0,14
1400000US06037205120,2170,315,158,91,0,14,0,14,29,42,35,32,29,28,28,45,65,60,331,150,27,42,33,42,167,126,47,46,11,17,144,80,457,217,46,38,18,23,275,190,113,65,143,83,14,22,0,14,0,14
1400000US06037206010,2532,391,143,71,0,14,69,78,0,14,13,21,33,48,6,19,6,10,219,126,2,8,77,102,9,18,52,55,34,50,85,69,299,159,81,86,88,57,89,71,138,82,785,211,251,150,40,48,13,20
1400000US06037206020,6716,316,46,58,0,19,0,19,0,19,0,19,47,33,16,28,7,13,175,69,20,23,213,65,332,114,645,204,776,145,526,138,1119,174,606,128,301,108,1101,245,308,107,245,90,195,103,29,19,9,13
1400000US06037206050,1514,227,104,80,0,14,0,14,0,14,0,14,8,12,9,14,27,34,129,60,43,41,85,105,55,43,33,42,26,29,48,43,313,111,80,58,41,35,232,93,153,85,65,41,55,40,8,10,0,14
1400000US06037206051,1704,387,20,32,0,14,0,14,0,14,0,14,0,14,0,14,0,14,0,14,0,14,0,14,0,14,0,14,0,14,19,29,108,115,0,14,26,28,237,181,51,42,967,257,143,77,118,109,15,25
1400000US06037206052,2760,443,0,14,0,14,0,14,0,14,0,14,0,14,0,14,0,14,0,14,0,14,0,14,0,14,0,14,0,14,1,15,80,60,0,14,29,43,304,169,143,109,1315,242,440,175,372,237,76,63
1400000US06037206053,1934,380,110,57,0,14,0,14,0,14,87,80,47,37,18,23,0,14,77,47,12,17,18,29,49,48,57,49,118,129,84,59,321,144,175,156,96,52,177,75,121,64,338,173,15,13,14,17,0,14
1400000US06037206054,1565,280,129,82,0,14,0,14,0,14,30,36,57,43,8,11,24,27,74,53,15,25,32,41,133,85,16,28,45,51,109,56,253,102,13,16,61,42,170,95,89,63,244,125,57,45,6,10,0,14
1400000US06037206201,1910,365,0,14,0,14,0,14,0,14,0,14,0,14,0,14,8,20,19,29,0,14,0,14,0,14,9,14,81,82,136,128,234,196,13,18,99,93,202,114,226,117,537,143,147,84,155,156,44,31
1400000US06037206202,1579,225,13,30,0,14,10,17,0,14,0,14,42,67,0,14,30,49,0,14,0,14,0,14,107,110,0,14,113,165,60,55,167,97,16,26,21,24,265,98,120,101,443,127,116,93,35,39,21,34
1400000US06037206301,1789,261,13,30,0,14,0,14,0,14,0,14,0,14,0,14,0,14,53,81,0,14,40,51,164,161,66,77,40,52,164,141,318,176,163,164,170,123,270,160,182,192,111,83,35,66,0,14,0,14
1400000US06037206302,1182,193,10,24,0,14,0,14,0,14,18,28,10,24,0,14,0,14,10,23,29,34,17,40,10,24,36,44,78,78,67,59,284,153,203,147,110,56,127,59,107,78,29,34,37,40,0,14,0,14
1400000US06037206303,1983,268,182,148,0,14,0,14,0,14,0,14,69,75,19,42,0,14,0,14,14,35,0,14,36,51,29,49,21,29,198,172,580,189,90,73,129,89,321,161,188,106,65,67,42,51,0,14,0,14
1400000US06037207101,3432,553,212,114,0,14,0,14,0,14,0,14,51,58,0,14,45,47,163,129,0,14,68,77,99,129,0,14,0,14,66,61,544,252,82,74,200,134,372,154,85,65,1109,375,291,121,11,16,34,25
1400000US06037207102,2765,374,366,143,0,14,0,14,0,14,0,14,0,14,65,77,0,14,65,53,0,14,18,22,28,31,20,33,25,39,159,88,588,202,64,59,87,75,414,216,62,50,481,179,282,140,31,40,10,15
1400000US06037207103,1649,194,99,66,0,14,0,14,0,14,39,40,18,18,0,14,41,35,100,59,4,7,36,32,94,59,0,14,28,38,20,19,399,121,18,19,71,51,167,77,69,38,339,100,83,73,24,22,0,14
1400000US06037207303,2320,454,12,20,0,14,0,14,0,14,0,14,0,14,0,14,0,14,19,32,0,14,8,15,89,57,21,40,53,86,71,85,323,199,11,39,120,116,256,163,69,55,818,355,197,119,122,90,131,114
1400000US06037207304,2152,415,25,40,28,42,0,14,0,14,0,14,0,14,0,14,26,42,48,19,0,14,27,40,44,17,12,20,22,34,106,97,352,157,56,61,97,99,670,300,182,146,324,200,103,93,30,50,0,14
1400000US06037207305,1017,211,0,14,18,29,0,14,0,14,0,14,0,14,0,14,0,14,0,14,0,14,0,14,0,14,0,14,17,28,30,41,87,73,44,66,0,14,127,104,52,62,370,160,216,115,46,55,10,17
1400000US06037207306,2070,288,0,14,0,14,0,14,0,14,0,14,0,14,0,14,0,14,0,14,0,14,0,14,0,14,0,14,36,57,64,76,310,239,46,40,85,62,266,182,140,97,683,203,321,128,64,49,55,76
1400000US06037207307,1301,300,0,14,0,14,0,14,0,14,0,14,0,14,0,14,0,14,0,14,0,14,13,41,0,14,57,88,77,123,119,75,72,54,50,52,56,55,317,207,34,35,396,149,65,53,45,51,0,14
1400000US06037207308,1052,244,0,14,0,14,0,14,0,14,0,14,0,14,0,14,0,14,0,14,0,14,0,14,0,14,0,14,9,14,27,34,75,58,14,22,56,52,220,118,179,143,275,145,197,98,0,14,0,14
1400000US06037207400,1798,352,21,26,0,14,0,14,0,14,0,14,0,14,0,14,0,14,9,15,0,14,63,53,2,4,97,62,119,62,53,39,301,138,102,56,107,125,159,63,95,65,231,87,316,184,66,22,57,43
1400000US06037207501,1766,297,0,14,0,14,0,14,0,14,0,14,0,14,0,14,0,14,0,14,0,14,0,14,0,14,6,10,0,14,0,14,62,60,12,19,118,102,177,98,36,34,771,224,269,118,188,125,127,78
1400000US06037207502,4161,508,188,175,0,14,0,14,0,14,0,14,0,14,0,14,0,14,61,77,13,25,141,203,138,111,150,86,210,140,115,50,441,237,15,25,104,125,413,322,133,124,1047,382,645,162,320,213,27,31
1400000US06037207711,2860,312,0,14,0,14,0,14,0,14,0,14,0,14,0,14,0,14,0,14,0,14,0,14,0,14,0,14,0,14,0,14,268,165,59,79,215,137,147,104,135,102,925,229,689,265,199,88,223,127
1400000US06037207712,3905,684,0,14,0,14,0,14,0,14,0,14,35,56,35,57,0,14,117,190,64,98,68,111,0,14,249,326,153,184,0,14,185,165,18,28,54,61,519,335,206,173,1393,428,460,192,230,201,119,125
1400000US06037207901,3260,485,0,14,0,14,0,14,0,14,0,14,0,14,0,14,0,14,0,14,0,14,0,14,106,167,92,127,0,14,22,48,256,172,110,172,52,64,239,261,95,75,1453,461,461,263,193,129,181,134
1400000US06037207902,5590,810,26,61,0,19,0,19,0,19,0,19,0,19,0,19,0,19,0,19,3,37,0,19,0,19,0,19,0,19,0,19,330,292,41,66,36,62,389,236,557,274,2509,656,1057,426,180,149,462,284
1400000US06037208001,2461,384,0,14,0,14,0,14,0,14,0,14,0,14,0,14,0,14,38,45,36,56,0,14,96,91,41,65,48,54,74,73,434,211,13,20,32,38,242,147,107,82,800,307,361,174,124,133,15,25
1400000US06037208002,2686,539,363,232,0,14,0,14,0,14,20,24,108,92,96,98,0,14,24,39,52,85,18,34,125,100,0,14,51,69,115,114,288,193,160,129,34,43,152,115,130,86,572,184,164,115,169,144,45,47
1400000US06037208301,987,214,81,51,17,23,0,14,0,14,17,22,46,62,26,27,49,44,130,61,14,22,27,30,56,68,28,44,0,14,54,42,235,107,4,7,52,39,62,51,32,38,33,26,13,15,11,17,0,14
1400000US06037208302,3208,425,357,210,0,14,18,32,0,14,0,14,20,32,22,36,47,57,94,67,17,25,30,33,118,84,23,38,160,168,278,149,503,163,29,32,171,127,287,115,230,131,520,181,250,167,34,50,0,14
1400000US06037208401,2722,460,154,104,14,23,0,14,16,22,70,62,122,92,80,72,250,305,196,99,16,25,35,56,106,84,59,56,67,73,173,122,661,201,56,51,88,72,107,81,172,125,157,96,99,76,24,41,0,14
1400000US06037208402,1826,254,58,44,0,14,0,14,0,14,14,23,14,21,0,14,39,40,64,59,0,14,5,9,8,13,29,31,9,14,234,213,165,85,39,36,66,46,176,94,82,36,647,165,123,68,54,39,0,14
1400000US06037208501,2024,370,100,61,0,14,0,14,0,14,14,20,35,26,0,14,14,22,13,15,22,26,0,14,27,29,22,25,0,14,111,63,487,196,56,41,100,57,253,123,80,43,491,126,136,82,51,40,12,11
1400000US06037208502,2425,315,216,110,0,14,23,36,75,73,31,36,111,89,40,50,34,42,92,95,0,14,0,14,66,75,29,30,30,36,187,137,404,195,75,56,65,38,326,129,23,36,535,165,63,48,0,14,0,14
1400000US06037208610,2914,396,151,133,0,14,0,14,0,14,8,13,38,41,0,14,0,14,57,55,89,70,0,14,86,74,17,26,22,27,119,121,367,150,0,14,143,98,608,252,146,92,887,184,163,82,13,17,0,14
1400000US06037208620,3108,401,147,89,0,14,78,84,35,55,39,61,68,62,47,61,0,14,70,63,46,46,0,14,148,102,9,13,0,14,109,53,433,148,66,55,128,76,385,165,223,98,927,207,100,69,47,47,3,10
1400000US06037208710,3713,661,173,90,15,21,0,14,0,14,37,47,15,27,29,47,80,78,64,68,0,14,0,14,72,100,9,15,47,45,130,99,555,212,94,80,62,45,311,134,182,102,1321,548,386,167,98,80,33,38
1400000US06037208720,1929,274,123,88,0,14,0,14,0,14,83,72,77,73,43,68,64,59,25,41,17,34,86,81,95,77,31,50,72,49,0,14,387,182,0,14,82,75,190,121,115,80,354,135,55,63,13,30,17,27
1400000US06037208801,2632,360,280,176,0,14,19,31,25,34,0,14,13,21,21,32,17,28,100,77,0,14,103,92,66,75,31,25,62,61,131,85,405,178,135,98,61,60,375,156,112,69,497,183,179,135,0,14,0,14
1400000US06037208802,2562,395,226,91,0,14,0,14,0,14,96,96,0,14,0,14,66,84,119,139,0,14,0,14,23,61,19,33,13,21,31,36,317,160,28,54,196,151,319,148,64,54,804,315,171,83,70,55,0,14
1400000US06037208902,1345,203,182,90,0,14,0,14,5,9,37,42,55,61,13,20,34,42,334,150,92,78,0,14,94,64,5,17,20,22,55,48,198,81,13,28,0,14,65,39,14,19,98,53,31,35,0,14,0,14
1400000US06037208903,2842,528,847,391,0,14,0,14,131,123,11,18,307,204,34,37,54,51,328,148,37,41,15,25,66,70,31,57,60,61,74,73,317,110,2,4,0,14,205,125,32,26,222,135,50,74,6,13,13,23
1400000US06037208904,2536,439,329,161,0,14,0,14,26,42,13,21,96,64,73,70,97,80,200,103,22,25,2,11,318,153,12,23,3,6,67,74,644,228,4,10,42,31,200,185,131,86,184,77,68,60,0,14,5,10
1400000US06037209103,1861,284,221,109,0,14,0,14,0,14,0,14,153,93,33,37,30,33,155,111,10,20,27,28,81,62,32,34,14,14,53,33,405,135,30,31,43,38,254,91,177,87,109,61,17,21,17,27,0,14
1400000US06037209104,1775,235,158,74,0,14,0,14,0,14,9,17,58,65,44,50,8,14,168,92,16,18,51,48,73,60,6,10,64,73,151,80,322,133,84,75,55,46,209,91,28,25,176,83,82,48,6,10,7,11
1400000US06037209105,1510,287,130,92,0,14,0,14,111,171,72,64,38,48,124,95,10,17,176,93,0,14,34,51,69,62,0,14,11,17,187,134,256,134,12,23,19,31,143,117,23,37,49,65,46,77,0,14,0,14
1400000US06037209106,1992,324,50,52,0,14,0,14,0,14,93,115,0,14,31,49,0,14,336,253,22,38,113,115,86,106,0,14,34,48,28,32,335,180,10,16,59,54,112,73,145,108,409,198,121,83,8,12,0,14
1400000US06037209201,2805,325,0,14,0,14,0,14,0,14,0,14,0,14,0,14,0,14,0,14,0,14,23,40,4,11,0,14,74,104,38,74,248,163,42,88,17,26,296,144,239,129,1103,233,619,303,38,59,64,62
1400000US06037209202,721,131,51,39,0,14,0,14,0,14,40,63,0,14,0,14,18,29,0,14,0,14,0,14,72,58,16,27,16,26,17,19,131,66,43,56,46,42,79,49,46,34,52,36,39,41,30,24,25,26
1400000US06037209300,3497,500,164,118,0,14,0,14,51,61,29,46,76,96,11,17,103,99,27,30,100,109,40,73,271,189,71,85,46,72,141,105,366,178,159,165,220,157,563,328,213,134,390,162,429,180,0,14,27,45
1400000US06037209401,3151,457,233,142,0,14,131,212,153,235,0,14,296,202,4,23,7,16,130,119,13,15,64,76,4,29,3,8,254,213,102,94,969,478,57,56,63,55,179,103,131,119,223,89,135,104,0,14,0,14
1400000US06037209402,2652,380,359,179,0,14,0,14,0,14,120,95,348,215,35,54,0,14,522,211,0,14,39,60,194,157,37,59,102,113,77,83,483,227,17,27,86,73,109,94,19,29,90,78,15,24,0,14,0,14
1400000US06037209403,2665,513,263,106,0,14,29,48,49,63,113,122,15,25,34,37,111,119,127,96,39,62,96,111,80,65,55,61,13,22,165,140,727,325,50,57,72,81,173,97,108,73,273,181,13,19,0,14,60,85
1400000US06037209510,2080,334,141,78,0,14,0,14,61,68,124,124,114,83,13,19,14,22,80,61,15,22,0,14,77,59,6,7,11,12,196,128,420,173,16,26,25,31,313,167,105,83,270,134,45,29,20,30,14,16
1400000US06037209520,1455,242,172,94,0,14,0,14,34,38,77,61,0,14,22,38,9,13,133,78,0,14,26,37,35,38,13,20,38,38,123,96,205,95,80,61,115,75,46,38,30,24,246,100,51,43,0,14,0,14
1400000US06037209810,1817,228,156,118,0,14,13,21,12,18,14,21,38,43,0,14,55,47,167,110,11,17,50,30,179,56,31,36,25,25,75,58,442,103,34,89,31,40,161,116,43,33,237,183,43,34,0,14,0,14
1400000US06037209820,1717,305,241,117,0,14,0,14,18,30,36,34,34,46,80,66,45,45,80,55,16,26,64,76,113,79,11,17,44,40,35,26,446,242,32,27,28,29,88,53,46,44,229,95,23,28,0,14,8,12
1400000US06037210010,2025,479,130,88,0,14,0,14,0,14,27,44,186,62,0,14,22,38,44,50,65,68,26,28,117,109,21,34,46,44,63,54,511,339,25,26,124,88,356,205,5,22,227,114,8,26,8,13,14,23
1400000US06037211000,4207,401,21,20,0,19,0,19,0,19,0,19,0,19,0,19,0,19,13,20,0,19,0,19,15,24,0,19,32,36,41,49,160,90,62,64,89,58,673,425,156,100,1597,319,676,207,468,200,204,219
1400000US06037211121,1963,306,139,110,0,14,10,21,0,14,0,14,0,14,0,14,115,125,37,35,0,14,8,6,0,14,39,60,0,14,25,29,330,112,17,25,60,47,231,138,98,73,763,255,61,48,0,14,30,24
1400000US06037211122,1539,196,94,90,0,14,0,14,0,14,16,45,17,40,0,14,0,14,28,34,0,14,0,14,0,14,0,14,33,54,12,20,206,112,25,31,71,60,224,131,122,107,459,127,123,76,72,52,37,49
1400000US06037211123,1438,276,0,14,0,14,21,32,0,14,0,14,0,14,0,14,0,14,0,14,0,14,0,14,37,33,0,14,0,14,0,14,202,90,51,37,30,47,177,87,35,47,500,234,247,129,125,86,13,20
1400000US06037211124,3376,844,200,172,0,14,32,52,43,71,40,65,0,14,0,14,0,14,6,10,53,59,0,14,0,14,0,14,37,47,92,72,380,159,67,59,201,120,288,116,219,95,1045,589,450,287,201,267,22,26
1400000US06037211201,1908,230,105,62,0,14,21,33,18,20,22,29,0,14,23,25,9,42,34,35,59,48,59,66,27,26,0,14,41,32,72,47,300,124,98,113,54,36,224,121,102,48,478,126,142,66,13,22,7,11
1400000US06037211202,1814,275,81,96,0,14,0,14,0,14,0,14,0,14,0,14,0,14,47,50,0,14,27,30,21,27,0,14,28,31,35,50,424,115,108,113,67,62,296,139,78,70,432,185,118,77,44,31,8,16
1400000US06037211310,2474,322,208,115,0,14,20,32,9,14,11,18,51,81,0,14,10,17,82,77,11,17,19,31,11,17,0,14,46,61,123,95,594,217,21,24,154,93,252,136,114,88,525,192,126,86,77,69,10,15
1400000US06037211320,2139,338,171,110,0,14,12,19,0,14,0,14,13,22,0,14,0,14,319,137,0,14,12,20,9,17,0,14,33,46,68,57,376,106,33,39,110,66,102,58,158,77,668,204,35,55,11,19,9,16
1400000US06037211410,2082,395,258,141,11,17,0,14,0,14,37,50,40,45,0,14,0,14,94,62,42,68,32,48,15,24,17,22,34,52,33,30,450,133,11,22,47,41,194,86,109,64,530,169,107,71,21,22,0,14
1400000US06037211420,2549,348,317,140,0,14,0,14,0,14,35,43,43,48,0,14,0,14,208,77,43,40,0,14,35,38,8,18,48,62,86,62,399,163,23,27,166,101,283,142,93,60,498,191,222,97,18,20,24,27
1400000US06037211500,2871,361,119,79,0,14,0,14,0,14,0,14,0,14,36,63,27,41,40,54,0,14,29,45,0,14,18,28,0,14,23,21,383,200,0,14,83,52,498,180,205,94,956,218,259,88,165,80,30,18
1400000US06037211701,2247,340,51,45,0,14,0,14,0,14,0,14,26,40,0,14,0,14,10,17,0,14,0,14,50,54,12,19,0,14,19,22,217,83,33,56,75,71,326,271,218,94,701,198,342,127,144,57,23,25
1400000US06037211703,3361,440,237,174,0,14,0,14,0,14,0,14,0,14,0,14,0,14,35,59,0,14,0,14,21,39,0,14,88,101,56,67,498,368,45,49,99,107,265,176,115,77,1636,344,211,88,15,24,40,48
1400000US06037211704,2506,342,28,29,0,14,0,14,31,50,0,14,0,14,0,14,0,14,158,107,0,14,0,14,55,44,0,14,0,14,86,59,218,106,28,26,115,93,377,130,147,75,972,229,236,84,19,23,36,31
1400000US06037211802,3644,432,118,95,0,14,3,6,0,14,17,27,48,76,3,6,21,31,82,85,15,25,30,49,90,146,0,14,0,14,32,49,699,294,41,50,224,121,339,177,377,216,990,284,380,162,135,97,0,14
1400000US06037211803,3009,353,84,89,22,32,31,51,15,24,0,14,16,25,0,14,0,14,30,48,0,14,39,53,0,14,33,36,0,14,118,73,608,185,6,9,119,91,356,117,283,205,997,222,246,127,6,10,0,14
1400000US06037211804,2323,286,156,117,8,13,0,14,0,14,0,14,0,14,0,14,0,14,55,63,0,14,5,11,128,137,0,14,0,14,79,80,412,164,23,26,59,55,199,144,142,83,698,171,221,118,138,126,0,14
1400000US06037211910,3146,424,219,86,0,14,0,14,0,14,0,14,32,52,0,14,0,14,102,119,26,27,23,28,96,121,0,14,0,14,142,88,598,238,122,81,88,70,366,146,173,126,690,203,301,168,18,40,150,136
1400000US06037211921,1598,251,125,104,0,14,0,14,67,64,0,14,83,71,0,14,18,30,33,37,0,14,0,14,19,31,0,14,0,14,48,60,167,87,7,14,95,99,141,107,85,52,580,177,130,69,0,14,0,14
1400000US06037211922,2531,569,148,119,0,14,0,14,0,14,0,14,47,60,81,130,60,96,56,59,43,65,79,75,73,99,12,19,57,42,32,33,352,134,29,37,137,80,247,163,135,85,788,286,121,103,10,15,24,27
1400000US06037212101,2398,257,46,64,0,14,0,14,0,14,0,14,0,14,0,14,0,14,0,14,0,14,35,47,95,73,0,14,0,14,38,51,230,105,18,29,87,50,192,89,201,119,937,202,454,146,34,33,31,32
1400000US06037212102,2069,397,117,70,0,14,0,14,0,14,0,14,0,14,0,14,0,14,70,58,80,87,12,19,12,19,0,14,3,12,61,44,233,109,8,18,213,146,326,280,133,77,451,180,291,139,14,22,45,51
1400000US06037212202,2605,376,187,114,0,14,0,14,0,14,66,67,32,51,33,43,15,19,409,180,0,14,27,44,105,101,0,14,0,14,88,68,368,163,36,37,165,120,307,189,182,108,498,184,87,60,0,14,0,14
1400000US06037212203,2029,355,149,73,0,14,14,21,32,40,9,14,0,14,0,14,10,16,244,154,13,20,96,138,53,59,0,14,0,14,71,58,260,119,0,14,49,38,187,103,57,47,554,182,202,84,3,23,26,40
1400000US06037212204,2514,414,96,77,0,14,0,14,0,14,53,85,6,32,42,69,33,41,463,191,0,14,23,37,43,49,0,14,33,49,115,163,385,222,15,22,63,100,36,57,53,53,710,230,251,126,56,72,38,54
1400000US06037212303,2552,435,72,70,0,14,0,14,0,14,0,14,0,14,38,51,86,141,240,160,179,281,0,14,81,84,0,14,15,30,42,50,449,227,22,35,169,129,135,73,175,104,641,247,69,62,115,93,24,41
1400000US06037212304,1152,188,89,54,0,14,0,14,0,14,0,14,0,14,0,14,35,39,80,80,26,32,3,4,64,47,24,29,35,37,0,14,112,69,23,20,24,23,143,78,61,49,315,115,104,45,14,16,0,14
1400000US06037212305,1860,270,345,144,0,14,0,14,0,14,0,14,0,14,53,66,42,57,198,122,10,18,49,48,72,61,0,14,0,14,0,14,537,165,60,54,42,53,178,95,19,22,200,91,33,37,0,14,22,29
1400000US06037212306,1995,290,170,99,0,14,0,14,0,14,19,30,0,14,0,14,0,14,21,29,0,14,16,25,86,73,26,29,28,43,17,19,476,152,12,21,122,77,270,155,115,81,425,131,192,127,0,14,0,14
1400000US06037212410,2859,690,88,57,0,14,0,14,25,40,16,26,95,120,0,14,40,73,231,183,0,14,8,14,54,89,0,14,0,14,96,71,776,459,68,57,73,82,343,168,67,51,646,227,212,98,21,26,0,14
1400000US06037212420,1994,226,111,82,0,14,0,14,0,14,30,49,11,17,15,26,20,30,149,126,60,68,27,41,76,70,0,14,17,27,21,24,517,152,1,5,33,54,155,80,67,51,454,154,152,91,55,90,23,24
1400000US06037212501,1593,274,80,74,0,14,0,14,12,19,0,14,0,14,10,16,82,69,76,93,0,14,0,14,127,103,0,14,0,14,10,16,289,137,28,33,16,18,157,90,131,69,414,132,157,75,4,9,0,14
1400000US06037212502,2885,314,75,68,0,14,0,14,0,14,0,14,0,14,0,14,27,46,56,54,0,14,0,14,45,58,0,14,0,14,8,13,600,249,10,15,128,83,145,78,90,68,1148,286,353,151,122,75,78,50
1400000US06037212610,3575,483,210,140,0,14,0,14,0,14,0,14,14,24,24,31,7,15,102,62,0,14,35,56,65,65,21,26,17,29,36,52,487,213,125,75,72,61,403,230,151,119,1239,279,381,165,145,171,41,62
1400000US06037212620,3012,319,102,66,0,14,6,14,0,14,0,14,123,197,0,14,11,16,224,166,0,14,44,52,93,62,10,16,82,70,112,135,650,184,35,55,138,71,262,115,151,119,718,183,193,99,52,48,6,10
1400000US06037212701,1916,191,68,45,0,14,0,14,0,14,0,14,0,14,0,14,0,14,163,132,0,14,16,18,0,14,0,14,4,22,13,22,343,70,67,55,5,8,190,79,115,50,689,159,195,76,44,34,4,7
1400000US06037212702,2867,423,17,27,0,14,0,14,0,14,0,14,14,20,0,14,0,14,55,88,0,14,0,14,49,54,0,14,7,23,24,26,489,178,48,36,126,76,242,120,115,54,1143,376,305,181,113,63,120,82
1400000US06037212800,2824,419,94,78,0,14,0,14,0,14,0,14,14,25,54,60,0,14,88,80,0,14,0,14,43,44,134,199,0,14,62,56,344,152,15,28,103,97,350,123,198,130,1052,385,264,102,9,15,0,14
1400000US06037212900,2620,517,149,107,0,14,0,14,13,27,0,14,0,14,0,14,9,15,82,74,14,25,85,41,191,147,35,39,1,3,27,25,740,434,54,56,205,153,199,128,103,80,554,193,100,61,45,57,14,27
1400000US06037213100,2291,308,53,40,18,18,0,14,0,14,6,9,0,14,21,26,23,27,112,111,31,40,0,14,29,35,5,12,0,14,48,42,349,98,7,10,87,53,281,73,205,121,701,204,163,55,78,41,74,85
1400000US06037213201,3108,444,152,103,0,14,0,14,23,41,16,19,0,14,0,14,73,53,100,98,5,12,151,123,161,154,0,14,41,41,43,43,380,168,57,63,48,41,490,151,258,130,977,275,124,90,9,16,0,14
1400000US06037213202,2783,444,157,88,0,14,0,14,37,43,0,14,23,37,0,14,44,52,84,76,18,19,60,50,78,52,53,58,71,94,98,85,666,232,26,31,81,33,297,154,121,78,643,176,143,116,26,30,57,81
1400000US06037213310,1927,450,78,73,0,14,0,14,0,14,0,14,16,26,0,14,0,14,59,68,39,41,72,64,77,79,0,14,20,30,114,75,680,280,5,8,25,35,142,103,57,48,504,244,39,53,0,14,0,14
1400000US06037213320,1682,364,86,49,0,14,0,14,0,14,0,14,83,79,99,148,60,62,56,61,0,14,7,17,189,81,3,21,0,14,34,50,521,203,0,14,29,35,126,98,63,55,254,97,60,43,12,18,0,14
1400000US06037213401,3081,362,285,113,0,14,0,14,31,52,26,39,68,104,29,44,36,42,287,120,0,14,14,23,221,106,63,60,82,64,95,66,596,162,108,71,96,74,455,213,153,81,402,122,26,37,8,12,0,14
1400000US06037213402,3368,574,328,234,0,14,0,14,15,35,147,193,68,82,108,173,79,62,174,107,30,46,20,28,196,133,13,20,26,61,134,79,700,180,62,43,43,40,238,135,144,108,678,184,139,104,8,11,18,24
1400000US06037214000,2347,340,0,14,0,14,0,14,0,14,0,14,0,14,0,14,11,17,14,28,0,14,0,14,0,14,0,14,0,14,17,28,237,88,16,27,50,37,374,160,78,48,974,274,364,131,158,67,54,34
1400000US06037214100,3112,409,55,52,0,14,0,14,0,14,0,14,0,14,0,14,0,14,0,14,0,14,0,14,0,14,0,14,16,22,6,10,249,105,12,15,153,71,453,169,151,113,1253,257,472,179,214,91,78,40
1400000US06037214400,2498,316,14,21,0,14,0,14,0,14,0,14,10,16,0,14,0,14,0,14,0,14,0,14,11,17,10,74,0,14,57,53,230,117,25,47,32,33,310,131,55,49,1132,243,459,183,150,74,3,8
1400000US06037214501,2722,483,0,14,0,14,0,14,0,14,0,14,0,14,0,14,0,14,0,14,7,11,0,14,0,14,0,14,0,14,0,14,196,78,23,25,23,29,549,441,84,65,1166,266,385,155,175,118,114,65
1400000US06037214503,2670,257,0,14,0,14,0,14,0,14,0,14,0,14,0,14,0,14,9,15,0,14,0,14,0,14,0,14,0,14,29,31,189,97,0,14,74,51,275,89,77,50,1228,248,694,186,39,39,56,52
1400000US06037214504,2609,303,0,14,0,14,0,14,0,14,0,14,0,14,0,14,30,41,0,14,0,14,0,14,0,14,0,14,0,14,30,42,169,82,55,55,58,46,260,109,124,81,1106,241,566,193,166,94,45,53
1400000US06037214505,1427,175,9,15,0,14,0,14,0,14,0,14,0,14,0,14,0,14,0,14,0,14,0,14,0,14,0,14,10,15,0,14,92,58,45,55,129,74,122,63,104,84,667,139,160,92,38,29,51,49
1400000US06037214600,1972,356,9,16,0,14,0,14,0,14,0,14,0,14,0,14,0,14,4,6,0,14,0,14,25,3,26,2,4,20,17,18,132,63,7,10,36,30,197,94,79,56,875,191,171,70,253,144,137,130
1400000US06037214700,2089,289,14,21,0,14,0,14,0,14,0,14,0,14,0,14,0,14,0,14,18,24,5,8,0,14,0,14,18,24,0,14,128,104,9,14,87,63,359,177,30,26,812,213,385,123,182,101,42,35
1400000US06037214800,2484,313,39,32,0,14,0,14,0,14,0,14,0,14,0,14,0,14,10,19,50,81,0,14,0,14,0,14,0,14,0,14,261,159,11,17,89,57,127,77,90,76,1186,222,376,125,134,86,111,109
1400000US06037214902,2298,382,23,28,0,14,0,14,0,14,0,14,0,14,0,14,28,43,0,14,0,14,0,14,0,14,13,29,14,32,0,14,269,89,18,20,146,139,129,78,115,116,905,282,322,141,255,70,61,58
1400000US06037214903,1510,331,111,150,0,14,0,14,0,14,0,14,0,14,0,14,0,14,41,46,0,14,0,14,0,14,0,14,0,14,0,14,62,66,0,14,86,62,162,77,46,52,715,284,106,92,96,60,85,62
1400000US06037214904,1437,229,0,14,0,14,0,14,0,14,0,14,0,14,0,14,0,14,0,14,11,20,0,14,0,14,11,19,0,14,71,85,103,44,39,5,1,4,132,172,31,32,589,194,205,114,177,102,67,68
1400000US06037215101,2638,335,17,30,0,14,0,14,0,14,0,14,0,14,0,14,0,14,18,30,0,14,0,14,0,14,0,14,0,14,0,14,102,73,0,14,81,74,174,79,127,107,1290,275,671,192,120,70,38,31
1400000US06037215102,2669,406,0,14,0,14,0,14,0,14,0,14,20,33,0,14,0,14,0,14,18,29,0,14,0,14,0,14,16,27,0,14,145,157,18,34,166,157,471,221,28,31,1213,382,474,225,49,48,51,63
1400000US06037216100,1769,338,87,109,0,14,0,14,0,14,9,17,0,14,0,14,0,14,0,14,0,14,0,14,0,14,10,18,0,14,45,65,133,93,0,14,44,41,75,55,40,47,905,230,292,96,120,65,9,13
1400000US06037216201,2222,367,35,55,0,14,0,14,0,14,0,14,0,14,0,14,0,14,0,14,0,14,0,14,0,14,0,14,0,14,30,46,123,109,7,17,79,71,271,151,84,43,1016,242,409,123,159,137,9,16
1400000US06037216202,2113,279,2,8,0,14,0,14,0,14,0,14,0,14,0,14,0,14,8,12,0,14,24,40,37,57,0,14,5,13,0,14,119,104,13,23,37,39,423,178,123,101,921,235,234,111,99,59,68,51
1400000US06037216301,1256,428,13,20,0,14,0,14,0,14,0,14,0,14,0,14,0,14,0,14,0,14,9,13,0,14,4,7,0,14,0,14,84,68,33,32,66,42,212,143,75,89,547,269,160,102,46,34,7,11
1400000US06037216302,2757,318,37,50,0,14,0,14,0,14,0,14,30,41,0,14,0,14,0,14,0,14,33,45,1,2,0,14,22,25,0,14,351,235,9,12,89,61,192,89,220,98,1042,261,554,178,177,85,0,14
1400000US06037216401,3159,612,64,57,0,14,0,14,0,14,0,14,9,15,0,14,0,14,55,87,0,14,34,43,0,14,0,14,2,5,0,14,269,161,8,13,78,58,189,99,179,121,1419,519,481,225,291,187,81,85
1400000US06037216402,1944,330,0,14,0,14,0,14,0,14,0,14,0,14,0,14,0,14,0,14,0,14,0,14,0,14,0,14,7,12,44,66,64,58,55,85,41,27,200,89,174,103,848,215,296,111,117,62,98,70
1400000US06037216700,2780,503,46,47,0,14,0,14,0,14,0,14,12,59,0,14,0,14,48,44,12,16,0,14,37,57,38,43,0,14,22,25,252,109,59,95,199,94,281,195,202,99,891,277,531,210,112,77,38,29
1400000US06037216800,2696,309,25,39,0,14,0,14,0,14,0,14,38,59,0,14,0,14,72,79,0,14,0,14,0,14,0,14,0,14,35,39,149,82,60,47,10,15,378,133,163,93,1099,189,387,118,201,84,79,52
1400000US06037216901,2532,349,1,4,0,14,0,14,0,14,0,14,0,14,0,14,0,14,0,14,0,14,29,39,0,14,0,14,62,68,39,64,266,156,0,14,145,128,327,135,176,94,800,269,411,121,157,95,119,71
1400000US06037216902,1848,379,46,64,0,14,0,14,0,14,9,20,6,13,0,14,0,14,27,35,0,14,0,14,7,13,9,14,0,14,0,14,214,127,24,29,105,98,185,101,33,31,650,227,291,169,87,61,155,102
1400000US06037217001,2063,267,17,27,0,14,0,14,0,14,0,14,0,14,67,99,0,14,11,13,0,14,0,14,0,14,0,14,21,30,0,14,166,113,20,27,32,37,152,85,142,80,672,200,392,127,290,97,81,56
1400000US06037217002,3471,474,38,4,0,14,0,14,0,14,0,14,70,95,0,14,0,14,0,14,0,14,0,14,0,14,0,14,0,14,0,14,402,250,0,14,110,90,464,280,134,108,1234,230,509,166,312,186,198,141
1400000US06037217101,1922,804,75,76,0,14,0,14,3,8,0,14,17,25,24,37,0,14,199,250,9,16,3,14,26,34,39,35,0,14,56,67,361,251,50,55,122,79,208,83,217,294,405,155,71,49,37,37,0,14
1400000US06037217102,2164,302,81,83,0,14,0,14,0,14,0,14,21,37,0,14,0,14,32,53,0,14,0,14,79,97,0,14,9,14,37,37,223,115,40,44,63,51,280,118,72,70,855,190,264,102,63,49,45,32
1400000US06037217200,3056,532,121,78,13,20,0,14,0,14,56,58,0,14,57,61,0,14,110,122,13,25,22,23,7,14,13,19,4,7,34,34,521,263,16,21,111,97,420,201,82,64,923,213,397,105,106,55,30,34
1400000US06037218110,2389,418,196,163,0,14,0,14,24,39,16,26,19,29,0,14,9,16,186,114,20,30,29,33,101,103,33,43,28,41,113,131,417,162,9,15,151,79,194,98,215,94,533,206,96,56,0,14,0,14
1400000US06037218120,2631,725,235,133,0,14,0,14,0,14,41,63,59,71,44,69,49,64,225,220,0,14,30,38,110,109,0,14,4,12,79,63,679,358,118,79,29,23,317,116,172,82,380,154,26,43,34,34,0,14
1400000US06037218210,2984,544,189,103,0,14,0,14,42,60,5,9,0,14,6,11,10,15,486,240,24,37,0,14,126,115,0,14,62,54,38,52,769,323,8,14,47,63,446,154,91,60,436,123,158,75,23,27,18,29
1400000US06037218220,2878,442,286,164,0,14,0,14,0,14,0,14,0,14,0,14,0,14,77,56,29,45,0,14,24,39,65,75,73,62,88,54,463,137,23,30,42,38,333,126,212,118,676,204,386,189,58,48,43,38
1400000US06037218300,3731,782,168,138,0,14,4,11,0,14,0,14,21,37,0,14,26,36,43,52,45,55,0,14,141,108,34,52,61,65,0,14,814,335,76,71,65,69,377,198,348,202,1074,424,375,190,25,41,34,53
1400000US06037218400,2965,425,155,122,0,14,0,14,0,14,0,14,22,27,65,57,229,186,49,47,30,37,88,82,125,100,5,11,8,15,132,76,389,160,0,14,131,112,422,201,183,77,758,258,160,82,14,17,0,14
1400000US06037218500,1927,292,77,45,0,14,0,14,0,14,12,18,16,17,15,20,0,14,59,40,8,12,26,44,24,37,65,63,23,21,40,29,453,167,76,50,146,62,208,111,240,95,347,100,71,37,15,15,6,8
1400000US06037218600,2143,273,101,60,0,14,0,14,0,14,23,30,27,52,0,14,4,10,51,46,0,14,32,34,24,25,32,30,3,15,76,47,426,150,27,32,120,82,316,156,150,75,549,192,166,109,0,14,16,19
1400000US06037218701,1333,223,11,25,0,14,0,14,0,14,0,14,0,14,0,14,4,24,92,67,13,22,16,27,24,27,11,15,9,15,25,36,269,107,17,20,30,42,274,109,130,100,193,86,102,56,82,77,31,37
1400000US06037218702,1647,260,67,35,0,14,0,14,0,14,0,14,0,14,0,14,0,14,85,61,14,22,33,38,48,37,25,32,20,31,64,48,503,153,44,39,127,88,150,58,44,36,296,117,82,73,30,24,15,21
1400000US06037218800,1970,279,85,73,0,14,0,14,32,42,56,78,72,50,0,14,0,14,50,38,0,14,0,14,76,43,14,29,65,43,89,55,339,126,7,11,101,61,278,69,131,73,264,129,169,81,36,40,106,132
1400000US06037218900,3588,635,255,210,0,19,0,19,0,19,21,35,0,19,0,19,27,59,30,52,55,69,26,43,89,87,25,37,0,19,212,140,436,174,13,23,148,167,797,499,209,102,668,236,361,194,103,88,113,99
1400000US06037219010,2246,394,136,90,0,14,0,14,16,26,0,14,48,54,0,14,37,50,128,73,0,14,0,14,159,89,44,38,14,17,47,30,406,143,64,52,52,30,481,196,109,61,342,145,129,73,23,22,11,13
1400000US06037219020,2560,300,231,125,0,14,0,14,55,60,0,14,0,14,0,14,49,48,31,33,0,14,52,63,243,143,39,44,59,64,25,40,459,145,33,49,192,101,331,153,179,102,383,130,174,90,10,18,15,24
1400000US06037219300,2533,429,101,79,0,14,0,14,0,14,0,14,50,55,24,35,93,97,216,143,16,26,45,51,99,90,39,44,67,68,18,22,484,202,8,13,138,119,538,295,67,58,274,123,216,111,0,14,40,36
1400000US06037219500,1520,210,10,15,0,14,0,14,0,14,0,14,0,14,0,14,0,14,18,21,7,10,7,10,16,17,14,14,10,14,41,36,237,112,3,7,65,37,221,105,96,42,470,116,183,70,67,48,55,26
1400000US06037219700,2598,619,65,50,0,14,0,14,0,14,33,53,14,28,22,34,27,45,39,44,15,17,68,65,49,56,0,14,5,15,71,64,848,536,5,8,81,64,312,146,163,102,542,158,175,105,50,47,14,21
1400000US06037219800,2306,312,115,77,0,14,0,14,26,36,14,27,112,78,13,13,67,50,89,58,0,14,87,59,114,76,79,62,26,28,140,120,495,160,42,38,86,49,177,84,110,56,258,102,150,61,67,48,39,42
1400000US06037219901,3144,432,125,83,0,14,19,32,0,14,24,25,96,92,0,14,18,32,229,129,38,51,41,43,214,121,78,112,152,185,59,47,578,205,95,114,142,93,403,176,83,88,435,159,248,142,61,69,6,9
1400000US06037219902,2977,465,18,29,0,14,0,14,0,14,0,14,12,25,0,14,227,229,27,49,9,16,93,63,26,37,44,51,10,27,74,69,466,183,7,16,156,121,257,167,64,58,898,293,422,295,144,120,23,43
1400000US06037220000,3815,723,223,187,0,19,0,19,0,19,0,19,17,27,70,109,17,23,230,186,0,19,18,29,0,19,48,71,31,49,66,77,275,160,72,69,184,135,691,257,674,434,959,354,219,169,21,35,0,19
1400000US06037220100,1841,226,16,20,0,14,0,14,0,14,6,10,15,26,0,14,28,45,30,34,0,14,32,38,38,33,34,31,25,29,54,38,362,167,34,28,56,41,277,126,88,61,419,151,212,111,90,60,25,23
1400000US06037221110,2349,438,110,117,0,14,11,18,18,28,7,11,77,90,0,14,82,76,167,85,53,62,20,31,271,183,17,28,33,41,68,56,560,212,29,35,96,69,326,202,56,49,209,113,50,42,35,50,54,39
1400000US06037221120,1851,281,88,45,0,14,31,47,13,17,7,11,46,38,6,11,37,31,221,80,31,33,38,34,225,158,3,4,48,33,15,15,547,186,22,27,17,19,163,100,55,43,219,105,5,9,14,21,0,14
1400000US06037221210,2092,299,147,62,0,14,0,14,62,66,0,14,53,50,34,43,7,10,60,53,4,9,10,12,30,28,44,42,48,49,48,34,605,190,36,22,64,39,176,111,116,65,410,169,107,57,24,21,7,10
1400000US06037221220,2131,278,249,132,0,14,0,14,0,14,38,30,39,31,0,14,114,71,205,91,21,22,32,36,159,144,32,40,18,28,8,12,603,173,69,67,44,39,216,111,23,25,188,88,43,33,24,32,6,10
1400000US06037221302,2539,383,222,130,0,14,0,14,3,10,34,41,31,44,28,36,34,37,447,218,0,14,0,14,96,110,48,76,180,128,37,39,614,296,41,44,20,25,167,159,78,67,268,180,169,91,22,35,0,14
1400000US06037221303,1627,226,99,66,0,14,0,14,20,27,0,14,15,15,12,18,37,47,336,172,0,14,46,48,238,105,59,83,23,27,16,17,428,141,17,20,0,14,69,37,22,27,139,58,39,26,6,9,6,9
1400000US06037221304,2405,479,299,309,0,14,0,14,26,34,5,19,69,60,0,14,53,46,167,113,40,38,36,40,97,88,45,64,26,39,58,63,428,169,77,63,109,100,394,150,133,85,210,168,99,80,17,26,17,28
1400000US06037221401,2640,424,75,56,0,14,39,60,0,14,7,11,18,20,42,67,0,14,164,126,14,27,48,45,291,255,7,139,15,20,78,63,648,237,66,77,102,64,275,134,261,127,311,114,156,121,11,15,12,20
1400000US06037221402,1999,274,102,52,0,14,0,14,21,33,0,14,32,41,0,14,33,39,55,63,0,14,16,26,132,94,26,18,15,20,74,54,618,169,53,56,53,42,213,82,83,48,204,78,179,71,80,53,10,14
1400000US06037221500,2629,455,257,121,0,14,0,14,66,84,29,46,60,87,30,42,44,47,155,89,0,14,48,48,136,80,13,20,0,14,136,100,723,161,79,55,70,72,473,301,77,56,200,96,33,33,0,14,0,14
1400000US06037221601,2395,383,287,138,0,14,0,14,0,14,0,14,43,49,60,53,9,14,170,97,35,57,32,53,218,113,13,18,49,50,133,92,286,102,105,63,52,52,355,148,130,89,288,120,109,53,10,14,11,17
1400000US06037221602,1669,291,81,50,0,14,0,14,0,14,22,18,9,12,89,70,47,38,114,54,20,30,0,14,242,127,48,60,35,35,5,10,594,207,19,23,11,16,115,58,32,28,123,71,43,44,0,14,20,33
1400000US06037221710,1529,308,79,53,0,14,0,14,0,14,0,14,58,47,0,14,50,36,172,64,30,25,81,58,84,54,48,34,0,14,55,43,211,123,14,13,65,36,123,65,91,46,273,136,47,36,28,31,20,24
1400000US06037221810,1203,226,76,52,0,14,0,14,0,14,0,14,6,9,14,24,8,15,7,14,17,23,0,14,64,47,13,18,26,39,151,103,146,84,30,29,66,57,88,63,37,34,287,127,121,78,8,8,38,32
1400000US06037221820,960,288,0,14,0,14,0,14,0,14,0,14,0,14,12,20,8,13,0,14,0,14,28,15,6,14,0,14,0,14,47,25,77,49,0,14,46,53,124,106,66,51,361,226,126,68,6,9,53,44
1400000US06037221900,1241,242,41,10,0,14,0,14,0,14,0,14,33,37,20,31,3,11,7,12,3,12,0,14,0,14,17,27,25,39,11,17,301,92,0,14,86,33,50,45,35,42,325,157,251,140,14,26,19,24
1400000US06037222001,2241,305,57,36,0,14,0,14,0,14,10,15,60,37,10,13,4,7,74,69,64,60,16,21,99,100,47,57,56,46,14,21,519,184,49,29,117,58,279,86,115,72,409,135,181,161,32,30,29,19
1400000US06037222002,3190,503,307,190,0,14,0,14,22,33,0,14,143,127,0,14,16,30,115,102,162,108,44,61,39,45,9,14,10,17,72,56,695,145,163,104,201,101,452,182,142,75,455,145,143,89,0,14,0,14
1400000US06037222100,2564,506,159,125,10,16,0,14,0,14,53,61,0,14,58,82,21,38,119,114,30,47,60,63,105,107,110,104,8,15,69,71,564,250,51,47,32,37,389,141,263,211,257,147,113,70,33,38,60,70
1400000US06037222200,2361,394,180,114,0,14,0,14,0,14,0,14,38,46,48,74,56,80,124,73,26,43,15,21,136,125,0,14,48,55,121,75,412,233,44,35,82,57,401,169,91,100,429,191,80,59,22,34,8,13
1400000US06037222500,2768,382,162,83,0,14,0,14,0,14,44,43,11,19,16,25,91,60,91,80,51,46,42,41,109,96,49,47,111,89,129,109,517,137,73,59,207,108,561,182,119,91,276,139,101,68,0,14,8,12
1400000US06037222600,2398,456,126,83,0,14,0,14,0,14,0,14,0,14,0,14,73,50,98,84,94,97,40,45,86,85,105,126,23,40,160,81,283,162,79,54,166,119,232,101,191,113,325,156,263,149,41,50,13,23
1400000US06037222700,324,133,1,3,0,14,0,14,0,14,0,14,0,14,0,14,0,14,0,14,0,14,0,14,0,14,0,14,0,14,6,8,9,18,0,14,0,14,57,50,22,23,133,74,64,60,0,14,32,46
1400000US06037224010,2180,249,162,149,0,14,0,14,38,60,0,14,0,14,0,14,16,23,117,122,1,3,33,37,9,13,22,33,4,40,49,48,196,124,38,36,224,149,304,132,130,89,520,163,232,128,75,71,10,15
1400000US06037224020,1692,335,90,103,0,14,0,14,0,14,0,14,18,29,0,14,30,33,211,133,49,64,20,33,188,91,65,50,16,25,35,36,270,87,5,9,93,75,299,232,69,68,183,86,51,41,0,14,0,14
1400000US06037224200,1504,282,162,104,0,14,0,14,0,14,41,36,36,35,0,14,51,51,90,58,28,31,20,19,51,44,95,102,0,14,150,76,328,179,29,30,49,34,193,98,32,31,103,62,46,33,0,14,0,14
1400000US06037224310,1330,173,82,62,0,14,0,14,0,14,18,29,33,44,11,17,19,21,89,60,13,18,0,14,38,41,18,30,5,8,10,27,256,104,41,40,61,68,178,123,106,70,280,106,39,42,10,15,23,50
1400000US06037224320,2617,474,528,278,0,14,6,13,32,52,31,48,44,44,36,46,124,121,381,160,0,14,125,108,129,87,17,29,20,33,85,57,429,182,118,123,76,89,178,77,43,49,198,116,6,14,11,16,0,14
1400000US06037224410,1532,307,74,50,0,14,0,14,0,14,0,14,0,14,19,30,160,131,82,74,8,12,16,28,32,37,53,59,21,37,32,33,88,78,46,38,79,57,94,75,122,80,372,168,175,99,13,23,46,42
1400000US06037224420,1476,291,55,36,0,14,0,14,106,107,13,20,34,37,28,31,6,9,312,228,15,23,21,24,155,108,28,33,22,34,67,60,108,63,65,64,79,52,107,50,60,36,161,61,17,32,0,14,17,20
1400000US06037224600,2070,250,120,55,0,14,0,14,11,16,17,17,86,53,59,40,64,48,184,76,3,8,104,74,132,81,59,41,38,37,129,63,423,157,41,65,83,51,243,81,143,63,96,54,35,32,0,14,0,14
1400000US06037224701,650,149,0,14,0,14,0,14,0,14,0,14,0,14,0,14,0,14,0,14,0,14,0,14,0,14,0,14,0,14,0,14,9,18,0,14,4,11,10,15,29,22,257,87,261,108,12,15,68,32
1400000US06037224702,362,130,32,28,0,14,0,14,0,14,0,14,0,14,0,14,0,14,6,11,0,14,0,14,0,14,0,14,23,51,0,14,0,14,0,14,10,21,47,41,0,14,198,98,34,31,12,19,0,14
1400000US06037226001,1260,227,51,50,0,14,0,14,12,20,33,37,0,14,14,24,40,42,190,117,0,14,92,112,117,82,21,32,25,30,25,32,278,94,9,15,61,53,160,96,77,75,45,38,0,14,10,17,0,14
1400000US06037226002,1451,295,40,63,0,14,0,14,0,14,130,199,0,14,0,14,13,22,24,29,0,14,0,14,15,24,2,4,44,69,0,14,173,102,35,44,28,30,181,94,83,63,435,145,183,91,12,19,53,68
1400000US06037226410,1859,201,237,88,7,10,5,8,5,9,25,28,102,61,49,42,48,43,266,127,53,52,88,56,198,80,0,14,6,9,40,33,388,114,38,45,51,36,139,58,22,25,69,40,23,26,0,14,0,14
1400000US06037226420,3155,504,257,110,14,26,0,14,43,49,99,93,112,88,28,35,34,36,571,242,29,35,79,80,218,104,22,26,40,32,205,135,447,158,56,50,182,86,247,133,152,89,249,104,71,69,0,14,0,14
1400000US06037226701,1453,183,73,63,0,14,0,14,0,14,11,14,65,60,17,21,71,64,245,117,16,23,61,86,78,45,64,59,17,29,39,38,291,140,44,44,45,45,121,61,51,45,141,65,3,6,0,14,0,14
1400000US06037226702,2625,939,276,158,0,14,0,14,31,49,21,27,47,50,41,67,44,54,271,109,53,45,38,39,92,51,0,14,53,49,186,196,330,179,116,142,252,342,223,97,156,162,247,218,146,220,0,14,2,13
1400000US06037227010,2546,617,348,249,0,14,0,14,0,14,0,14,18,29,190,269,56,48,360,229,0,14,71,89,207,136,114,69,31,45,126,89,473,166,11,19,132,106,234,99,49,63,83,96,33,57,10,17,0,14
1400000US06037227020,1919,358,322,138,0,14,66,96,0,14,33,39,74,58,53,47,50,50,159,74,55,50,77,51,42,34,35,40,13,18,173,109,352,145,118,91,30,37,111,70,70,40,32,26,54,51,0,14,0,14
1400000US06037228100,2692,586,533,297,0,14,5,18,43,70,0,14,0,14,83,78,161,139,319,224,15,24,7,12,173,140,10,18,61,31,82,65,517,198,0,14,146,122,233,139,61,65,243,246,0,14,0,14,0,14
1400000US06037228210,2203,304,225,90,0,14,10,18,0,14,9,13,143,135,86,47,96,60,269,137,47,58,28,22,99,58,35,40,16,21,78,43,540,149,41,32,45,29,261,86,19,23,119,50,29,29,0,14,8,12
1400000US06037228220,2712,468,192,102,0,14,0,14,20,23,51,37,104,61,113,65,104,54,271,86,59,44,126,93,48,40,85,57,79,96,37,38,568,205,20,22,100,67,440,144,104,61,117,62,38,33,33,34,3,8
1400000US06037228310,2732,292,346,148,0,14,0,14,13,20,97,81,3,5,46,57,35,40,266,228,55,62,159,171,131,69,60,66,177,190,218,133,512,135,58,58,61,57,240,146,25,41,229,89,1,3,0,14,0,14
1400000US06037228320,1904,385,143,80,0,14,2,9,0,14,68,81,41,42,38,44,42,43,231,137,10,13,76,49,77,66,8,13,131,91,54,42,465,201,45,37,81,61,187,103,60,59,126,52,11,16,0,14,8,15
1400000US06037228410,1944,298,169,84,0,14,16,19,43,38,19,18,63,56,37,35,44,38,187,99,72,49,35,28,85,60,16,24,19,21,137,84,372,114,38,26,53,39,270,125,61,41,148,66,37,39,23,27,0,14
1400000US06037228420,1796,298,123,74,0,14,0,14,0,14,68,58,37,19,59,29,28,32,217,76,0,14,13,21,159,122,18,28,54,45,140,93,260,88,187,148,42,47,139,77,106,65,86,52,60,55,0,14,0,14
1400000US06037228500,2846,466,106,70,0,14,55,57,0,14,61,73,107,72,38,41,46,34,370,164,20,34,63,51,212,106,205,83,68,65,97,92,736,330,46,56,115,60,296,189,88,50,45,45,72,56,0,14,0,14
1400000US06037228600,2995,663,591,322,0,14,0,14,0,14,0,14,94,75,5,8,102,59,419,143,93,81,85,81,163,124,47,46,45,53,183,119,518,161,17,29,122,77,160,80,150,132,152,134,49,52,0,14,0,14
1400000US06037228710,2560,452,339,139,0,14,0,14,19,33,0,14,75,64,77,115,112,64,334,172,79,82,111,97,125,123,26,30,67,64,30,28,484,189,41,44,63,75,330,213,84,78,139,120,25,24,0,14,0,14
1400000US06037228720,2996,465,275,136,0,14,0,14,6,9,0,14,97,70,110,83,176,155,488,146,28,39,162,145,212,102,94,64,38,44,156,84,548,187,76,66,134,66,214,81,34,34,110,87,18,24,20,26,0,14
1400000US06037228800,3253,463,279,144,0,19,38,44,88,75,59,75,127,101,117,97,182,125,511,219,93,73,121,96,205,139,37,43,81,82,74,57,765,196,10,17,39,48,127,86,68,69,173,157,32,39,0,19,27,47
1400000US06037228900,2066,325,153,104,0,14,0,14,35,40,52,62,40,42,57,59,14,16,239,100,0,14,74,79,215,137,100,65,19,29,108,71,363,154,45,35,128,95,162,117,34,32,117,76,103,100,0,14,8,13
1400000US06037229100,2792,377,260,126,0,14,33,37,0,14,20,23,95,84,157,71,37,42,332,140,76,45,85,55,137,68,91,56,89,63,113,74,496,162,44,38,138,71,210,107,198,143,141,76,28,34,12,18,0,14
1400000US06037229200,2561,401,178,127,0,14,0,14,0,14,25,47,86,69,0,14,189,127,405,248,24,37,60,67,256,210,49,50,61,77,154,93,285,118,21,34,154,91,251,133,80,87,239,136,44,57,0,14,0,14
1400000US06037229300,3464,567,126,122,0,19,0,19,31,51,95,96,122,74,140,93,97,87,484,165,39,45,52,63,150,89,196,148,116,97,150,121,633,234,52,50,249,65,268,119,161,103,281,202,22,30,0,19,0,19
1400000US06037229410,2176,490,254,134,0,14,0,14,12,18,24,31,17,21,36,33,16,20,144,65,8,16,66,75,121,56,42,41,124,49,211,90,555,254,137,84,66,72,234,169,25,25,69,43,15,23,0,14,0,14
1400000US06037229420,2586,376,199,167,0,14,0,14,27,30,38,48,144,101,47,59,86,95,240,159,112,59,21,26,196,109,137,64,150,109,205,94,337,147,45,69,91,70,142,88,85,76,197,138,87,56,0,14,0,14
1400000US06037231100,1936,276,127,88,0,14,0,14,24,24,0,14,10,15,0,14,0,14,112,77,46,49,57,50,125,75,78,41,117,66,122,118,451,153,100,77,48,38,230,131,122,109,140,86,15,19,6,14,6,14
1400000US06037231210,2545,506,181,102,0,14,0,14,0,14,18,30,46,54,0,14,0,14,195,115,64,59,79,98,140,93,37,52,130,103,106,73,705,219,0,14,189,127,328,159,103,68,158,82,66,57,0,14,0,14
1400000US06037231220,2448,408,123,62,0,14,0,14,15,21,0,14,65,54,34,33,0,14,174,114,0,14,29,53,306,241,21,32,130,97,45,44,491,154,32,39,97,77,349,196,94,72,303,134,140,71,0,14,0,14
1400000US06037231301,1911,316,61,43,0,14,0,14,68,47,29,29,96,62,81,54,37,40,169,87,63,42,26,27,96,73,17,30,53,50,77,72,271,111,87,53,112,63,333,157,72,55,141,89,15,21,0,14,7,11
1400000US06037231302,2007,360,137,78,0,14,74,97,0,14,10,16,62,53,15,23,0,14,80,48,9,11,44,50,170,132,0,14,0,14,72,55,219,93,87,94,61,36,375,215,150,74,293,94,101,65,40,24,8,13
1400000US06037231400,3423,565,245,139,0,14,0,14,42,66,8,18,89,94,58,60,58,46,287,184,13,21,134,179,187,120,64,58,30,29,257,148,730,287,109,87,86,42,401,177,103,61,416,158,75,64,31,37,0,14
1400000US06037231500,3673,556,275,287,0,19,0,19,0,19,0,19,39,53,36,42,46,37,128,77,17,30,40,35,231,197,51,46,22,30,234,129,766,230,140,96,133,81,419,160,178,108,585,208,310,191,15,25,8,14
1400000US06037231601,1655,429,122,76,0,14,0,14,13,19,0,14,22,28,35,34,7,13,79,65,0,14,0,14,44,46,22,36,36,43,60,52,325,116,80,55,91,57,232,89,121,82,166,129,181,166,0,14,19,28
1400000US06037231602,1318,275,93,57,0,14,0,14,19,27,40,42,18,26,0,14,13,18,120,148,42,53,18,20,15,16,44,29,53,45,31,31,267,111,56,53,96,56,125,69,82,65,118,47,67,67,1,10,0,14
1400000US06037231603,1900,245,298,150,0,14,0,14,24,31,68,54,47,45,22,22,36,41,126,62,4,8,6,13,51,43,15,19,143,108,105,77,461,196,19,19,54,43,200,128,76,42,112,58,33,32,0,14,0,14
1400000US06037231710,2839,599,303,250,0,14,2,6,0,14,119,83,82,65,0,14,50,45,187,72,12,18,65,64,82,61,75,61,92,62,271,141,565,232,54,46,99,71,291,128,209,89,233,153,48,45,0,14,0,14
1400000US06037231720,3068,429,158,85,0,19,0,19,38,45,21,33,45,44,151,71,121,67,276,113,100,65,145,80,205,110,22,37,41,49,194,93,575,171,63,60,95,70,388,161,64,71,340,210,26,42,0,19,0,19
1400000US06037231800,3163,474,510,185,0,14,0,14,7,15,105,90,48,45,73,55,38,37,340,164,56,73,64,81,283,164,45,42,87,67,112,93,590,192,44,42,109,99,284,158,192,109,144,91,16,33,16,34,0,14
1400000US06037231901,2097,843,191,91,0,14,0,14,11,17,18,25,24,29,19,19,0,14,228,117,11,25,0,14,118,140,34,35,60,53,228,191,587,617,22,27,37,47,312,207,84,67,66,46,22,28,25,40,0,14
1400000US06037231902,1772,233,160,71,0,14,0,14,27,40,12,19,69,82,0,14,20,26,245,148,57,40,44,43,104,57,39,42,60,61,110,88,219,107,42,37,99,73,207,115,88,53,144,100,26,28,0,14,0,14
1400000US06037232110,2143,267,201,97,0,14,0,14,0,14,0,14,36,42,26,25,84,46,284,79,74,55,20,31,184,107,46,44,41,28,100,51,426,163,82,62,141,75,209,83,39,37,123,71,20,19,0,14,7,11
1400000US06037232120,2860,441,181,103,0,19,0,19,0,19,0,19,34,44,33,45,35,58,250,123,149,100,59,63,151,101,107,82,79,70,103,90,673,168,86,65,39,47,254,135,204,161,261,159,115,184,16,28,31,45
1400000US06037232200,2487,500,207,120,0,14,0,14,0,14,19,23,58,56,12,19,54,51,157,93,71,91,30,36,50,41,25,36,31,29,256,213,471,138,81,58,175,51,393,139,53,40,254,145,49,45,7,11,34,36
1400000US06037232300,2943,399,127,78,0,14,0,14,0,14,24,39,40,62,20,33,78,79,156,103,9,14,67,83,195,151,7,17,12,19,30,33,967,305,40,47,108,84,320,164,214,108,350,163,135,94,33,54,11,16
1400000US06037232401,2564,416,141,56,0,14,0,14,12,18,27,34,148,168,0,14,0,14,129,83,27,26,11,16,5,7,77,97,14,21,139,74,699,239,109,94,141,73,335,84,145,70,301,97,96,55,0,14,8,12
1400000US06037232402,2267,341,166,101,0,14,0,14,0,14,0,14,74,113,0,14,57,57,206,157,6,10,15,24,96,64,33,37,26,26,114,59,376,131,21,34,103,60,337,118,52,42,501,129,31,32,0,14,53,40
1400000US06037232500,3473,444,255,125,0,14,0,14,24,39,17,26,41,49,31,46,2,11,156,113,45,54,195,228,94,68,112,84,57,80,257,170,564,163,68,70,152,98,657,230,207,142,500,206,28,33,0,14,11,18
1400000US06037232601,1165,158,75,63,0,14,0,14,0,14,12,21,0,14,0,14,26,39,80,55,0,14,104,114,40,54,11,17,79,58,56,53,289,131,48,53,21,20,189,91,64,54,64,49,4,7,0,14,3,6
1400000US06037232602,3365,451,187,116,0,19,0,19,0,19,60,79,63,75,0,19,0,19,229,129,0,19,40,41,222,206,27,41,257,164,131,90,818,258,79,73,292,165,322,120,317,168,125,83,74,68,85,77,37,33
1400000US06037232701,1538,296,205,160,0,14,0,14,0,14,9,19,23,26,29,26,24,30,163,95,6,14,103,103,54,43,10,14,0,14,99,135,320,166,13,20,53,55,178,76,59,44,163,91,27,30,0,14,0,14
1400000US06037232702,3198,692,495,347,0,14,0,14,30,33,15,23,80,130,21,33,98,82,184,101,89,67,53,62,189,89,113,78,155,121,139,102,708,235,45,54,45,59,227,109,186,117,204,116,122,99,0,14,0,14
1400000US06037232800,2423,503,212,117,0,14,0,14,38,50,78,55,7,11,17,29,46,37,211,124,41,45,38,44,194,131,56,52,66,57,117,79,514,212,85,62,98,65,289,98,49,39,226,152,41,40,0,14,0,14
1400000US06037234001,1894,338,46,36,0,14,0,14,0,14,0,14,0,14,0,14,3,7,0,14,0,14,0,14,14,16,32,32,0,14,16,19,449,164,12,14,139,101,292,146,120,67,480,225,252,130,25,22,14,17
1400000US06037234002,2153,333,135,64,0,14,0,14,11,17,9,14,7,10,0,14,31,45,196,163,22,30,49,53,66,52,14,19,31,49,93,66,295,127,7,11,135,75,379,143,184,126,299,134,139,69,9,15,42,41
1400000US06037234200,1881,289,30,41,0,14,0,14,38,58,0,14,2,5,0,14,0,14,32,51,6,9,0,14,0,14,0,14,23,25,11,17,368,141,18,36,115,90,190,112,275,119,505,161,233,124,35,36,0,14
1400000US06037234301,1500,232,26,38,0,14,0,14,0,14,0,14,0,14,0,14,0,14,0,14,0,14,0,14,0,14,0,14,0,14,0,14,232,103,34,32,72,72,498,160,93,89,301,161,196,178,8,11,40,49
1400000US06037234302,1909,275,10,27,0,14,4,15,0,14,0,14,0,14,0,14,0,14,0,14,0,14,11,19,0,14,0,14,58,59,0,14,216,109,83,64,80,83,693,219,171,124,296,142,258,155,29,37,0,14
1400000US06037234501,1918,233,45,30,0,14,0,14,12,16,12,18,0,14,3,5,0,14,37,41,26,24,0,14,20,24,14,22,37,41,78,54,317,104,37,31,97,56,564,185,186,77,334,133,71,39,28,28,0,14
1400000US06037234502,1807,412,23,37,0,14,0,14,14,23,0,14,19,33,0,14,70,84,0,14,37,30,42,41,17,27,28,37,26,24,26,37,533,339,53,70,47,46,355,143,163,111,328,168,24,34,2,11,0,14
1400000US06037234600,3449,521,121,105,0,14,0,14,0,14,0,14,23,25,0,14,28,41,83,73,24,37,9,16,30,27,0,14,150,130,98,76,879,286,101,126,175,111,667,194,209,122,558,138,263,107,26,31,5,19
1400000US06037234700,2563,420,77,82,0,14,0,14,0,14,8,30,0,14,0,14,12,19,136,148,11,32,11,19,73,80,25,20,7,17,100,74,710,185,0,14,121,85,582,200,175,117,352,100,133,112,10,13,20,29
1400000US06037234800,2263,275,58,48,0,14,0,14,7,13,11,18,2,5,0,14,2,6,77,57,1,4,11,19,70,52,35,41,140,91,153,87,541,209,44,48,205,82,464,158,134,115,207,74,90,52,0,14,11,18
1400000US06037234901,1808,390,84,91,0,14,0,14,0,14,0,14,0,14,0,14,0,14,28,41,26,43,34,52,164,179,51,59,41,50,82,68,662,353,10,15,65,60,213,96,40,36,235,183,48,54,0,14,25,60
1400000US06037234902,3047,493,130,95,0,14,0,14,9,15,0,14,11,21,0,14,63,89,47,62,23,35,49,52,210,208,0,14,138,86,197,207,702,414,70,58,309,132,487,167,176,95,255,124,134,74,22,30,15,24
1400000US06037235100,3176,340,45,44,0,14,0,14,0,14,0,14,0,14,0,14,13,20,22,25,0,14,0,14,0,14,0,14,17,28,97,82,572,251,59,77,245,104,510,212,236,111,764,223,510,149,38,31,48,45
1400000US06037235201,1944,243,117,70,0,14,0,14,0,14,0,14,0,14,10,14,0,14,42,34,0,14,9,15,50,32,27,31,28,32,21,27,449,193,84,54,175,100,426,142,227,102,210,83,65,40,4,7,0,14
1400000US06037235202,2718,366,43,39,0,14,0,14,0,14,0,14,0,14,0,14,34,43,18,27,0,14,33,37,12,20,0,14,111,88,35,38,676,219,37,31,277,173,422,161,207,106,510,187,303,164,0,14,0,14
1400000US06037236001,3568,555,34,41,0,14,0,14,0,14,0,14,0,14,0,14,0,14,18,30,0,14,17,29,20,30,18,33,0,14,18,28,182,112,107,109,121,83,494,204,195,109,1190,311,822,245,209,155,123,88
1400000US06037236101,2031,311,58,68,0,14,0,14,0,14,0,14,32,51,0,14,0,14,0,14,0,14,15,23,18,31,40,46,31,46,112,84,509,231,0,14,82,83,494,187,149,86,298,139,131,64,12,19,50,53
1400000US06037236102,2961,649,23,37,0,14,0,14,0,14,0,14,0,14,0,14,0,14,4,17,0,14,0,14,0,14,49,53,65,108,141,113,916,424,75,99,153,88,545,305,438,206,323,174,187,127,0,14,42,64
1400000US06037236203,2370,390,123,90,0,14,0,14,0,14,12,22,16,30,21,34,53,85,227,153,27,37,19,32,37,42,24,28,58,59,66,50,612,287,69,65,57,53,383,179,267,109,187,105,92,64,0,14,20,31
1400000US06037236204,2212,353,42,44,0,14,0,14,0,14,0,14,23,35,0,14,0,14,128,100,19,32,45,51,59,54,54,57,16,24,147,106,474,153,75,60,121,76,357,195,217,108,338,163,88,71,9,15,0,14
1400000US06037236205,2030,300,41,51,0,14,0,14,0,14,0,14,47,64,52,71,30,44,123,81,0,14,0,14,93,102,10,17,7,23,14,23,628,288,42,46,202,181,278,144,149,80,257,124,57,69,0,14,0,14
1400000US06037236206,2113,472,44,50,0,14,0,14,0,14,0,14,0,14,0,14,41,61,72,78,0,14,45,68,109,133,0,14,39,67,0,14,415,249,0,14,205,120,524,196,207,142,218,142,165,96,29,29,0,14
1400000US06037236400,3410,383,17,19,0,14,0,14,0,14,0,14,0,14,15,24,0,14,0,14,0,14,12,19,70,79,21,31,39,48,15,17,608,259,36,45,164,79,459,172,109,58,897,330,627,241,255,194,66,46
1400000US06037237101,2272,285,261,132,0,14,0,14,0,14,0,14,40,45,70,86,100,71,142,103,25,40,16,28,106,65,49,40,38,46,62,57,775,189,30,35,37,38,197,116,154,84,151,111,19,23,0,14,0,14
1400000US06037237102,2034,254,80,49,0,14,0,14,6,10,38,39,36,30,31,33,73,42,163,71,44,72,42,41,144,82,55,47,67,54,109,63,505,136,49,31,17,17,268,105,75,43,119,70,35,21,0,14,78,106
1400000US06037237201,2555,308,324,113,0,14,0,14,0,14,35,37,51,53,20,28,94,81,165,90,68,69,17,24,59,53,35,30,55,46,180,84,649,215,27,32,72,37,269,102,170,101,240,105,25,30,0,14,0,14
1400000US06037237202,2638,477,226,95,0,14,0,14,0,14,50,56,23,37,21,35,48,69,143,106,0,14,0,14,103,108,0,14,117,109,62,61,592,282,162,110,64,59,415,191,380,175,131,78,50,49,42,63,9,16
1400000US06037237300,4042,585,307,125,0,19,0,19,0,19,15,26,0,19,30,48,3,13,382,304,32,49,8,14,60,47,29,47,88,70,64,71,1254,570,158,131,259,182,499,183,276,141,375,139,118,59,10,15,75,115
1400000US06037237401,2637,313,132,100,18,23,0,14,0,14,3,5,27,33,24,28,70,79,185,177,0,14,74,48,78,61,35,36,68,59,122,81,897,272,66,46,93,62,226,130,113,81,343,120,63,51,0,14,0,14
1400000US06037237402,2880,586,230,115,0,14,0,14,0,14,0,14,32,42,0,14,0,14,133,111,0,14,81,83,32,49,0,14,85,70,240,139,899,201,310,187,13,17,453,194,59,43,257,97,52,48,4,6,0,14
1400000US06037237500,1543,290,112,57,1,7,0,14,23,31,25,27,14,15,0,14,27,22,78,46,21,25,46,28,136,77,6,11,55,48,87,55,290,126,58,50,104,72,216,121,39,33,205,101,0,14,0,14,0,14
1400000US06037237600,2754,511,302,120,0,14,0,14,4,21,158,204,132,135,9,14,86,64,330,200,16,26,29,49,94,72,22,38,58,54,26,32,537,236,99,78,97,60,389,187,81,51,198,121,71,74,16,24,0,14
1400000US06037237710,2228,345,133,125,0,14,0,14,39,44,11,16,126,96,0,14,111,100,169,77,0,14,86,87,131,97,47,45,138,93,67,60,508,200,72,76,13,20,349,123,96,83,132,75,0,14,0,14,0,14
1400000US06037237720,1883,344,52,38,0,14,0,14,0,14,16,26,119,114,70,58,129,103,222,84,22,33,122,100,94,65,27,31,25,32,66,50,352,136,47,39,28,23,233,117,106,85,95,52,58,54,0,14,0,14
1400000US06037237800,2932,566,305,150,0,14,0,14,0,14,46,54,0,14,30,48,62,53,168,100,0,14,13,15,13,14,84,91,36,57,202,128,657,260,18,28,283,196,249,133,252,115,351,146,140,84,23,28,0,14
1400000US06037237900,2868,534,148,171,2,5,0,14,0,14,5,11,39,46,0,14,0,14,45,39,36,53,37,50,0,14,14,22,14,22,152,127,404,189,74,63,226,107,476,170,299,173,612,242,228,111,44,55,13,21
1400000US06037238000,4141,654,194,157,0,19,0,19,0,19,18,30,0,19,0,19,0,19,113,112,0,19,0,19,57,74,24,44,86,111,256,159,1049,454,79,78,277,166,367,193,279,189,859,379,393,289,90,117,0,19
1400000US06037238100,3885,797,77,61,0,14,0,14,0,14,0,14,0,14,10,16,0,14,35,47,23,40,20,23,22,38,10,19,160,138,62,81,824,325,100,119,254,168,960,356,623,337,499,190,206,106,0,14,0,14
1400000US06037238200,4521,700,70,60,0,19,0,19,31,71,0,19,0,19,0,19,0,19,13,51,0,19,20,31,131,128,57,71,84,145,137,171,1168,449,0,19,386,234,1208,418,354,215,566,317,259,142,0,19,37,44
1400000US06037238310,3087,609,276,144,0,19,0,19,119,168,115,145,170,120,21,34,23,30,254,150,28,40,85,93,64,54,193,111,149,81,97,64,800,234,59,56,103,79,193,121,113,88,225,122,0,19,0,19,0,19
1400000US06037238320,2135,342,155,87,0,14,0,14,0,14,0,14,52,48,51,48,50,56,242,189,56,78,10,18,54,54,50,52,77,72,187,127,525,196,95,70,120,79,180,111,15,25,135,88,81,70,0,14,0,14
1400000US06037238400,3658,538,70,63,0,14,0,14,0,14,29,22,0,14,0,14,31,24,49,48,56,82,4,15,38,51,0,14,45,49,108,70,819,228,29,33,321,152,825,213,267,103,646,242,311,188,10,16,0,14
1400000US06037239201,2000,213,197,96,0,14,0,14,0,14,39,26,72,74,2,7,64,49,231,104,61,49,61,46,83,56,0,14,109,65,37,35,418,109,42,33,1,7,197,100,148,66,231,114,7,12,0,14,0,14
1400000US06037239202,3095,642,367,289,0,19,0,19,33,46,22,36,30,51,36,42,26,44,236,151,86,91,49,73,163,128,31,56,48,45,310,229,662,239,79,93,165,100,532,338,168,102,45,54,7,13,0,19,0,19
1400000US06037239310,2462,500,146,98,0,14,0,14,30,49,0,14,96,127,14,25,0,14,322,193,53,58,69,70,104,89,92,76,206,195,71,60,625,159,0,14,164,110,169,102,132,73,102,85,67,67,0,14,0,14
1400000US06037239320,1872,275,86,55,0,14,0,14,35,38,0,14,102,88,59,77,77,81,260,113,38,41,26,30,47,50,32,38,11,17,157,79,367,110,34,31,94,48,205,73,63,44,133,78,29,46,17,25,0,14
1400000US06037239330,1878,457,170,95,0,14,0,14,6,9,24,22,25,39,91,78,53,31,127,68,6,10,42,36,136,90,83,85,40,34,107,91,587,194,0,14,59,37,181,78,36,36,105,66,0,14,0,14,0,14
1400000US06037239501,2111,221,128,73,0,14,0,14,0,14,16,24,62,43,3,4,88,66,139,100,26,28,46,34,58,49,120,77,26,30,108,60,497,137,6,7,146,79,355,125,210,103,65,50,12,19,0,14,0,14
1400000US06037239502,2094,287,174,73,0,14,0,14,0,14,0,14,79,60,46,40,44,33,184,74,107,64,17,26,155,81,40,43,19,18,145,98,416,151,22,24,101,67,210,110,126,65,161,94,48,33,0,14,0,14
1400000US06037239601,2326,389,217,85,0,14,0,14,15,24,0,14,136,91,18,36,72,86,209,74,45,34,23,28,146,109,58,58,65,47,162,83,714,292,46,34,31,28,245,102,28,25,55,47,41,46,0,14,0,14
1400000US06037239602,2139,358,265,203,0,14,0,14,0,14,29,37,65,44,35,44,27,25,203,81,90,51,106,84,88,100,43,49,35,41,51,41,376,124,12,16,116,68,381,135,106,52,95,53,9,13,0,14,7,10
1400000US06037239701,2192,361,254,190,0,14,0,14,0,14,16,25,77,74,34,34,17,29,211,116,0,14,15,24,82,57,48,65,134,56,340,168,473,119,25,26,51,48,317,156,10,18,88,97,0,14,0,14,0,14
1400000US06037239702,2464,450,178,95,0,14,0,14,0,14,30,45,0,14,98,117,34,38,363,159,51,39,78,66,34,41,82,105,119,123,313,240,465,176,28,32,43,35,294,130,71,55,161,98,22,31,0,14,0,14
1400000US06037239801,2574,373,218,134,13,19,0,14,11,22,26,31,47,34,82,62,100,57,238,69,17,25,121,83,126,75,25,26,55,44,111,63,595,170,33,22,74,43,246,102,140,102,254,112,20,34,22,24,0,14
1400000US06037239802,3241,657,240,166,0,19,0,19,0,19,0,19,49,56,22,35,163,116,301,146,82,71,139,157,126,96,17,26,105,74,148,104,758,261,28,38,134,90,419,211,276,237,119,83,102,81,13,25,0,19
1400000US06037240010,2237,335,199,105,0,14,0,14,0,14,38,46,184,137,15,16,142,97,163,108,21,19,84,69,100,65,64,59,10,17,111,72,384,137,35,49,75,72,340,86,176,80,66,40,25,30,5,7,0,14
1400000US06037240020,2876,398,236,151,0,19,0,19,41,66,0,19,39,45,72,52,106,93,294,139,56,49,56,58,200,112,92,107,195,134,105,70,546,180,82,61,102,73,406,204,49,57,159,93,14,20,26,24,0,19
1400000US06037240200,3436,436,198,128,0,19,0,19,19,32,44,52,50,60,48,44,102,80,206,168,55,56,71,66,121,74,244,169,43,33,191,106,673,203,177,105,230,135,367,169,291,125,194,108,101,75,11,16,0,19
1400000US06037240301,2107,444,124,75,8,14,0,14,106,93,23,29,55,47,20,26,2,11,195,99,18,27,13,19,78,55,40,36,51,41,16,21,502,304,108,58,99,74,389,122,26,22,195,127,39,39,0,14,0,14
1400000US06037240302,1619,263,57,49,0,14,22,30,22,26,0,14,74,105,0,14,17,25,191,86,32,48,13,23,40,39,3,11,106,78,85,60,468,173,25,28,80,62,196,91,63,51,68,65,44,46,0,14,13,21
1400000US06037240401,3357,511,352,167,0,19,11,17,33,39,24,39,120,114,24,38,0,19,183,123,0,19,36,43,297,139,104,91,154,148,425,180,793,277,106,80,53,50,328,193,94,87,220,80,0,19,0,19,0,19
1400000US06037240402,2275,342,170,101,0,14,0,14,0,14,0,14,3,15,0,14,103,73,115,80,36,58,0,14,46,51,28,43,167,125,116,83,506,144,72,68,82,52,251,164,136,94,335,178,98,76,11,22,0,14
1400000US06037240500,3700,531,305,162,0,19,24,35,93,90,22,32,94,59,29,49,57,58,375,273,30,39,93,90,352,218,38,50,129,87,145,127,852,294,74,64,90,58,400,155,189,113,241,131,65,54,3,10,0,19
1400000US06037240600,3070,650,179,96,0,14,0,14,0,14,29,43,52,46,21,32,34,34,193,114,53,59,35,57,164,110,16,25,89,64,252,252,1057,248,47,36,109,77,240,107,171,84,230,126,99,120,0,14,0,14
1400000US06037240700,3683,421,173,101,0,19,0,19,36,49,52,56,67,66,44,49,88,80,265,144,41,53,97,75,301,144,62,68,181,99,288,126,885,223,53,47,158,97,459,179,229,112,182,94,22,33,0,19,0,19
1400000US06037240800,2447,324,163,103,0,14,0,14,33,43,27,41,14,22,96,82,17,27,170,101,0,14,46,51,114,122,17,30,98,92,279,135,551,181,71,46,214,142,187,113,146,90,142,98,62,58,0,14,0,14
1400000US06037240901,1338,235,71,45,7,14,0,14,0,14,20,27,10,17,21,39,37,28,98,52,13,21,20,24,88,72,54,50,51,35,150,92,317,138,69,39,39,30,117,56,29,33,57,48,18,23,25,22,27,41
1400000US06037240902,1783,511,161,76,0,14,0,14,0,14,13,21,69,55,58,77,52,63,58,44,42,54,65,63,284,202,38,38,99,66,111,71,398,244,21,24,42,31,128,87,48,36,85,73,11,27,0,14,0,14
1400000US06037241001,3219,765,154,114,0,19,0,19,0,19,38,60,44,50,13,21,12,19,120,85,105,126,36,58,149,132,0,19,111,117,318,189,834,302,72,59,75,63,471,218,118,86,493,314,43,48,13,20,0,19
1400000US06037241002,2600,361,143,81,0,14,0,14,0,14,48,47,43,42,69,61,37,50,104,81,23,32,31,44,82,53,21,25,58,83,215,145,856,256,132,74,103,75,303,129,95,61,170,81,63,65,0,14,4,6
1400000US06037241110,1935,360,86,57,0,14,0,14,30,25,2,4,6,9,67,47,46,57,262,101,0,14,18,21,124,77,15,24,45,45,174,91,503,110,44,41,38,30,245,120,74,61,123,59,33,38,0,14,0,14
1400000US06037241120,2602,394,288,222,0,14,0,14,21,35,38,50,30,46,78,80,55,60,355,247,36,47,0,14,37,45,18,31,18,31,18,20,692,261,64,60,100,70,278,135,265,189,150,147,61,74,0,14,0,14
1400000US06037241201,2014,275,158,98,0,14,0,14,0,14,0,14,6,10,57,65,0,14,82,58,0,14,0,14,51,45,3,8,69,73,123,87,502,115,49,46,60,42,434,188,86,54,175,87,159,111,0,14,0,14
1400000US06037241202,3585,841,286,185,0,19,0,19,0,19,19,31,48,56,52,56,25,30,174,113,15,25,0,19,153,88,0,19,73,53,288,170,1104,791,112,121,124,89,464,182,155,91,409,154,50,42,25,39,9,16
1400000US06037241300,1482,227,115,64,3,5,0,14,29,37,25,16,42,50,8,15,37,32,38,36,11,17,33,37,15,16,71,46,53,49,111,56,384,118,8,10,70,49,198,107,76,52,76,51,50,33,14,23,15,16
1400000US06037241400,2388,274,115,78,0,14,0,14,8,14,0,14,26,30,16,24,90,58,109,67,51,47,14,21,35,32,68,44,79,68,122,66,573,144,85,65,201,85,277,96,121,73,309,105,89,58,0,14,0,14
1400000US06037242000,2632,337,268,125,0,14,0,14,29,38,24,38,0,14,70,60,36,51,93,78,3,5,86,54,98,75,19,35,102,73,159,109,444,135,202,193,197,112,331,141,209,118,146,97,54,72,44,72,18,27
1400000US06037242100,1083,209,59,44,0,14,0,14,0,14,31,29,0,14,25,33,7,13,91,83,0,14,21,21,68,65,49,41,68,55,53,51,263,99,67,91,50,41,89,49,51,46,81,70,0,14,10,16,0,14
1400000US06037242201,2492,454,250,113,15,25,4,11,12,19,13,20,92,89,47,38,108,85,82,56,49,56,58,57,53,51,53,48,17,28,168,76,420,132,123,95,201,104,410,202,112,72,178,136,27,34,0,14,0,14
1400000US06037242202,1481,189,136,73,0,14,0,14,0,14,27,33,73,47,15,23,11,17,89,74,0,14,32,31,7,13,40,29,60,49,132,70,353,100,52,42,72,54,191,94,81,43,110,60,0,14,0,14,0,14
1400000US06037242300,2360,384,154,79,0,14,8,16,0,14,0,14,0,14,58,61,9,16,157,85,24,42,32,46,121,81,75,78,101,80,89,66,831,218,38,49,121,75,327,209,11,16,98,87,106,73,0,14,0,14
1400000US06037242600,2230,304,92,68,0,14,0,14,60,94,50,67,25,34,0,14,48,61,202,105,24,37,0,14,256,171,40,47,148,109,212,143,468,212,105,73,108,93,83,67,121,97,171,89,17,27,0,14,0,14
1400000US06037242700,3157,564,305,146,0,14,0,14,75,121,28,44,0,14,0,14,64,63,162,189,30,46,25,40,78,73,18,28,30,54,142,93,849,259,36,56,102,75,725,331,233,116,232,120,13,21,0,14,10,21
1400000US06037243001,2090,447,247,121,0,14,0,14,76,109,25,28,65,79,33,36,22,26,147,88,34,26,28,29,79,66,103,75,140,117,69,77,444,194,65,77,68,40,156,74,115,57,97,63,77,76,0,14,0,14
1400000US06037243002,1816,233,93,76,0,14,23,38,19,33,8,13,13,22,69,58,77,53,203,105,117,122,17,23,99,73,136,77,23,24,67,55,445,175,19,25,58,53,180,101,41,40,105,107,4,6,0,14,0,14
1400000US06037243100,3010,451,336,149,0,19,0,19,0,19,76,77,70,73,25,36,42,63,191,120,0,19,23,34,110,79,136,72,80,87,192,115,1021,318,74,65,60,49,318,169,156,115,64,70,36,40,0,19,0,19
1400000US06037261102,2769,383,29,30,0,14,0,14,0,14,0,14,8,13,0,14,10,17,0,14,0,14,0,14,0,14,0,14,8,13,48,46,232,116,12,18,35,27,213,106,58,62,864,202,551,217,456,140,245,148
1400000US06037261103,1332,283,18,20,0,14,0,14,0,14,0,14,0,14,0,14,0,14,0,14,0,14,0,14,7,11,8,13,0,14,22,21,40,30,54,61,82,80,174,102,61,59,517,120,168,67,153,66,28,33
1400000US06037261104,1250,322,0,14,0,14,0,14,0,14,0,14,0,14,0,14,0,14,8,13,0,14,0,14,0,14,0,14,18,23,12,22,79,57,0,14,20,26,155,72,20,18,588,256,111,57,118,57,121,104
1400000US06037261200,3046,390,0,14,0,14,0,14,0,14,0,14,0,14,0,14,0,14,0,14,0,14,0,14,25,40,0,14,37,55,21,24,187,122,99,127,58,60,342,127,167,90,845,218,393,176,475,168,397,163
1400000US06037262100,2099,303,0,14,0,14,0,14,0,14,0,14,0,14,0,14,0,14,0,14,0,14,0,14,0,14,0,14,21,25,67,58,79,51,11,20,30,46,145,86,35,33,760,242,389,132,391,175,171,77
1400000US06037262200,3380,352,3,3,0,14,6,12,0,14,0,14,0,14,0,14,0,14,0,14,0,14,0,14,0,14,0,14,0,14,114,102,327,115,20,23,54,41,141,60,234,115,1061,200,638,217,462,121,320,159
1400000US06037262301,1895,158,36,64,0,14,0,14,0,14,0,14,0,14,0,14,0,14,0,14,0,14,0,14,6,9,34,69,0,14,23,27,153,116,60,82,73,40,106,50,35,23,594,111,252,73,422,91,101,55
1400000US06037262302,2318,306,26,35,0,14,0,14,0,14,0,14,0,14,0,14,0,14,5,9,0,14,0,14,0,14,0,14,0,14,0,14,102,67,0,14,21,23,343,159,45,40,807,145,475,158,407,125,87,55
1400000US06037262303,1922,253,0,14,0,14,0,14,0,14,0,14,0,14,0,14,0,14,0,14,32,47,0,14,0,14,4,8,0,14,16,22,30,30,25,29,34,31,91,56,67,50,770,203,479,159,264,88,110,69
1400000US06037262400,2100,331,0,14,0,14,0,14,0,14,0,14,0,14,0,14,0,14,0,14,0,14,0,14,3,6,3,6,0,14,13,21,142,87,0,14,0,14,79,47,72,57,884,242,266,108,432,168,206,105
1400000US06037262501,2362,305,27,32,0,14,0,14,0,14,0,14,0,14,0,14,0,14,0,14,0,14,0,14,0,14,0,14,0,14,0,14,112,77,0,14,88,56,175,82,154,99,809,223,435,201,478,121,84,58
1400000US06037262601,2512,278,0,14,0,14,0,14,0,14,0,14,0,14,0,14,0,14,0,14,0,14,0,14,0,14,23,36,0,14,42,50,168,78,21,27,99,98,239,105,66,51,713,164,589,139,365,140,187,123
1400000US06037262604,4421,526,0,19,0,19,0,19,0,19,0,19,0,19,0,19,0,19,0,19,0,19,0,19,0,19,0,19,0,19,41,45,147,80,16,27,282,156,335,145,185,106,1714,340,888,383,585,245,228,108
1400000US06037262704,2506,277,0,14,0,14,0,14,0,14,0,14,0,14,0,14,0,14,0,14,0,14,13,21,0,14,0,14,0,14,3,6,125,71,4,8,42,35,190,81,146,84,891,222,619,173,368,131,105,72
1400000US06037262706,2264,351,0,14,0,14,0,14,0,14,0,14,0,14,6,11,0,14,0,14,6,11,0,14,0,14,0,14,0,14,1,7,153,109,6,10,84,59,114,51,69,60,939,216,529,152,261,115,96,71
1400000US06037262802,2764,296,11,19,11,18,0,14,0,14,0,14,0,14,0,14,0,14,3,11,26,41,0,14,0,14,0,14,10,15,59,54,20,24,88,100,47,42,128,93,76,58,972,175,581,154,622,228,110,70
1400000US06037264000,2215,257,0,14,0,14,0,14,0,14,0,14,0,14,0,14,0,14,0,14,0,14,0,14,0,14,0,14,0,14,0,14,56,59,36,51,29,28,139,103,49,44,872,141,622,205,279,94,133,80
1400000US06037264102,2648,340,27,31,0,14,0,14,0,14,0,14,0,14,0,14,0,14,0,14,0,14,0,14,0,14,0,14,0,14,0,14,86,63,11,18,63,50,151,106,65,52,1210,227,504,160,357,130,174,122
1400000US06037264103,2295,336,64,64,0,14,0,14,0,14,0,14,0,14,0,14,0,14,0,14,0,14,0,14,0,14,0,14,0,14,9,13,79,56,0,14,30,29,228,123,124,94,1195,261,267,115,240,147,59,34
1400000US06037264303,2389,332,0,14,0,14,0,14,0,14,0,14,0,14,0,14,0,14,0,14,0,14,0,14,0,14,0,14,0,14,8,12,62,56,9,14,4,8,75,47,51,54,1247,248,331,144,414,153,188,134
1400000US06037264304,1766,220,0,14,0,14,0,14,0,14,0,14,0,14,0,14,0,14,10,16,0,14,0,14,6,14,0,14,0,14,0,14,150,145,22,26,8,13,130,83,76,53,977,216,173,89,214,122,0,14
1400000US06037264305,3503,836,0,14,0,14,0,14,0,14,0,14,0,14,0,14,0,14,0,14,0,14,0,14,41,46,0,14,0,14,5,10,259,186,12,20,25,28,302,290,104,86,1579,411,644,254,310,120,222,124
1400000US06037264306,1513,234,0,14,0,14,0,14,0,14,0,14,0,14,0,14,0,14,0,14,0,14,0,14,0,14,0,14,0,14,10,16,153,95,0,14,128,93,153,102,36,34,583,224,348,120,67,54,35,30
1400000US06037265100,1907,342,116,179,0,14,0,14,0,14,0,14,0,14,0,14,0,14,0,14,0,14,0,14,30,47,0,14,0,14,0,14,160,91,13,21,18,19,176,81,28,30,622,205,341,129,284,122,119,92
1400000US06037265201,1732,634,7,11,0,14,0,14,0,14,0,14,0,14,0,14,0,14,129,185,0,14,17,27,0,14,0,14,23,10,21,30,114,64,0,14,33,38,183,147,34,30,625,371,130,80,314,124,102,41
1400000US06037265203,1514,314,12,18,0,14,0,14,0,14,0,14,0,14,0,14,0,14,0,14,0,14,0,14,31,46,73,114,58,91,11,17,80,63,20,23,94,96,138,105,127,99,400,116,168,96,186,114,116,148
1400000US06037265204,701,187,0,14,0,14,0,14,0,14,0,14,0,14,0,14,0,14,0,14,0,14,0,14,0,14,0,14,22,34,0,14,48,50,0,14,0,14,51,46,66,47,240,89,200,119,35,23,39,27
1400000US06037265301,412,140,0,21,0,21,0,21,0,21,0,21,0,21,0,21,0,21,0,21,0,21,0,21,0,21,0,21,0,21,0,21,0,21,0,21,13,26,57,53,15,29,178,91,108,69,0,21,41,45
1400000US06037265303,877,363,9,13,0,14,0,14,0,14,0,14,8,13,0,14,0,14,0,14,0,14,0,14,0,14,0,14,0,14,0,14,117,116,0,14,9,13,181,155,0,14,286,152,158,103,40,42,69,72
1400000US06037265304,439,159,0,14,0,14,0,14,0,14,0,14,0,14,0,14,0,14,0,14,0,14,0,14,0,14,0,14,0,14,0,14,19,23,0,14,9,15,90,80,38,59,169,103,55,47,15,19,44,39
1400000US06037265306,331,146,0,14,0,14,0,14,0,14,0,14,0,14,0,14,0,14,0,14,0,14,0,14,0,14,0,14,0,14,0,14,28,31,0,14,21,31,28,30,21,26,110,61,87,53,14,8,22,15
1400000US06037265307,969,333,0,14,0,14,0,14,0,14,0,14,0,14,0,14,0,14,0,14,0,14,0,14,0,14,0,14,0,14,0,14,8,12,1,3,32,43,44,48,16,21,320,155,328,213,58,48,162,85
1400000US06037265410,1206,197,0,14,0,14,0,14,0,14,0,14,0,14,0,14,0,14,0,14,0,14,0,14,0,14,4,11,0,14,7,10,87,58,0,14,18,16,138,77,68,52,434,128,172,59,167,95,111,74
1400000US06037265420,1124,150,0,14,0,14,0,14,0,14,0,14,0,14,0,14,0,14,0,14,0,14,0,14,14,22,0,14,0,14,4,8,7,12,5,10,8,9,146,89,64,42,371,116,236,70,177,66,92,45
1400000US06037265521,1163,239,0,14,0,14,0,14,0,14,0,14,0,14,0,14,0,14,0,14,0,14,0,14,0,14,0,14,0,14,0,14,57,59,0,14,53,59,86,84,41,42,462,124,231,80,196,124,37,26
1400000US06037265522,1435,255,0,14,0,14,0,14,0,14,0,14,0,14,0,14,0,14,0,14,0,14,0,14,0,14,2,21,0,14,0,14,47,38,0,14,51,58,78,70,105,129,502,193,372,186,205,111,73,69
1400000US06037265523,1936,793,5,9,0,14,0,14,0,14,0,14,0,14,0,14,0,14,0,14,0,14,0,14,0,14,0,14,0,14,6,9,29,29,0,14,60,54,120,66,77,60,1054,714,286,98,25,20,274,319
1400000US06037265524,2248,264,0,14,0,14,0,14,0,14,0,14,0,14,0,14,0,14,43,61,0,14,0,14,28,38,0,14,21,33,0,14,149,96,0,14,34,38,240,118,59,46,835,159,350,119,240,159,249,111
1400000US06037265601,2379,489,25,27,0,14,0,14,0,14,0,14,0,14,0,14,0,14,63,61,0,14,0,14,5,12,0,14,8,13,0,14,385,407,36,63,0,14,84,58,84,51,750,144,481,157,203,90,255,112
1400000US06037265602,2543,518,23,29,0,14,0,14,0,14,0,14,0,14,28,44,0,14,0,14,0,14,28,45,0,14,0,14,3,7,30,34,208,204,35,57,35,35,122,78,118,83,981,240,496,220,366,161,70,45
1400000US06037265701,1316,175,0,14,0,14,0,14,0,14,0,14,0,14,26,37,0,14,30,44,0,14,0,14,0,14,0,14,0,14,0,14,56,41,21,22,56,53,104,70,30,28,569,109,295,104,56,38,73,58
1400000US06037265702,2277,504,0,14,0,14,0,14,0,14,0,14,0,14,0,14,0,14,8,13,0,14,0,14,0,14,0,14,0,14,26,38,343,175,0,14,61,63,162,109,27,32,922,395,216,111,389,135,123,89
1400000US06037267101,2083,426,99,156,0,14,0,14,0,14,0,14,0,14,0,14,9,17,0,14,0,14,0,14,0,14,9,16,0,14,8,16,196,129,0,14,29,31,165,142,70,49,759,219,393,161,256,120,90,65
1400000US06037267102,2352,364,12,19,0,14,0,14,0,14,0,14,0,14,0,14,0,14,0,14,0,14,8,14,0,14,0,14,53,79,11,17,195,191,0,14,63,72,119,73,48,40,903,221,373,138,435,242,132,78
1400000US06037267201,2206,304,0,14,0,14,0,14,0,14,0,14,0,14,0,14,0,14,0,14,0,14,0,14,0,14,0,14,0,14,40,64,144,90,0,14,54,63,116,67,167,96,1077,313,389,128,103,59,116,81
1400000US06037267202,2837,455,2,4,0,14,0,14,0,14,0,14,0,14,0,14,0,14,0,14,0,14,0,14,0,14,0,14,13,21,20,32,176,162,9,13,112,129,285,158,90,79,963,277,549,198,335,151,283,115
1400000US06037267300,3654,580,30,49,0,14,0,14,0,14,31,49,0,14,0,14,0,14,119,190,0,14,6,9,0,14,0,14,0,14,69,69,169,114,40,63,140,129,519,383,80,70,1705,430,516,242,168,142,62,64
1400000US06037267403,2973,903,33,50,0,14,0,14,0,14,0,14,0,14,0,14,0,14,113,109,0,14,56,51,0,14,0,14,13,20,34,50,99,88,0,14,41,36,420,296,241,109,1084,567,562,204,158,78,119,60
1400000US06037267404,2614,498,41,49,0,14,0,14,0,14,0,14,0,14,0,14,0,14,114,174,0,14,0,14,0,14,0,14,0,14,0,14,64,76,0,14,48,49,265,170,204,184,1154,317,523,227,159,97,42,47
1400000US06037267405,2257,307,42,41,0,14,0,14,0,14,0,14,0,14,0,14,0,14,4,9,11,17,0,14,8,13,14,21,5,9,5,9,117,88,0,14,58,82,202,100,105,78,1081,257,378,175,113,75,114,87
1400000US06037267406,1625,227,15,26,0,14,0,14,0,14,0,14,0,14,0,14,11,25,63,51,0,14,11,19,0,14,0,14,0,14,10,22,136,111,0,14,60,56,67,53,85,63,775,192,275,121,22,26,95,47
1400000US06037267502,2629,280,0,14,0,14,0,14,0,14,0,14,24,39,0,14,0,14,114,123,0,14,28,46,30,49,21,33,0,14,28,33,322,158,81,115,41,33,243,109,96,61,958,196,437,117,170,79,36,34
1400000US06037267503,1745,770,0,14,0,14,0,14,0,14,0,14,0,14,0,14,0,14,0,14,0,14,0,14,41,62,0,14,80,132,0,14,52,50,22,34,13,20,144,86,8,15,877,401,390,366,105,69,13,19
1400000US06037267504,2816,436,98,92,0,14,0,14,0,14,0,14,0,14,0,14,0,14,25,28,53,56,0,14,14,25,0,14,0,14,10,16,169,90,0,14,12,18,286,184,102,52,1142,311,597,269,191,90,117,65
1400000US06037267600,2358,355,44,43,0,14,0,14,0,14,0,14,0,14,0,14,0,14,0,14,0,14,0,14,0,14,0,14,71,93,0,14,278,171,9,15,96,55,239,139,168,92,897,250,385,114,101,57,70,62
1400000US06037267700,2718,357,20,34,0,14,0,14,0,14,0,14,0,14,0,14,0,14,0,14,0,14,0,14,0,14,0,14,0,14,0,14,264,134,0,14,38,53,216,107,162,99,1197,329,443,177,206,133,172,113
1400000US06037267800,2830,368,15,24,0,14,0,14,0,14,0,14,0,14,0,14,0,14,5,48,13,20,19,29,0,14,0,14,0,14,21,24,149,96,26,27,77,55,177,103,49,43,1188,309,627,155,288,115,176,95
1400000US06037267901,3242,469,0,14,0,14,0,14,0,14,0,14,0,14,0,14,0,14,0,14,0,14,0,14,0,14,0,14,0,14,0,14,214,101,46,57,57,49,385,244,46,51,1437,452,542,297,358,145,157,143
1400000US06037267902,2832,433,23,23,0,14,0,14,0,14,0,14,0,14,11,18,0,14,1,19,0,14,9,16,0,14,12,20,0,14,43,38,98,57,23,28,56,41,145,81,113,85,1180,281,507,141,383,120,228,104
1400000US06037269000,3826,474,12,17,0,14,0,14,7,20,0,14,11,25,0,14,0,14,34,39,0,14,0,14,0,14,0,14,0,14,9,5,278,229,20,34,88,65,403,163,252,137,1123,326,659,170,590,206,340,275
1400000US06037269100,2514,442,117,153,0,14,0,14,0,14,0,14,0,14,35,50,7,12,0,14,0,14,0,14,0,14,0,14,14,24,0,14,171,145,63,70,115,79,266,119,137,76,843,321,562,183,125,59,59,43
1400000US06037269300,2829,381,0,14,0,14,0,14,0,14,0,14,0,14,0,14,0,14,0,14,0,14,0,14,0,14,10,16,10,16,8,13,101,73,0,14,20,20,264,89,76,63,968,198,709,234,505,148,158,74
1400000US06037269500,2467,311,0,14,0,14,0,14,0,14,0,14,0,14,0,14,0,14,0,14,0,14,0,14,0,14,0,14,0,14,0,14,63,51,0,14,59,51,243,125,79,74,737,196,483,176,696,167,107,76
1400000US06037269601,2200,449,113,131,0,14,0,14,0,14,0,14,0,14,0,14,0,14,84,120,0,14,36,38,202,145,14,22,155,137,75,59,464,250,63,56,160,135,178,110,110,78,322,127,210,115,14,20,0,14
1400000US06037269602,1833,365,38,53,0,14,0,14,0,14,0,14,0,14,0,14,0,14,96,95,0,14,4,7,6,9,28,62,64,74,143,108,312,206,15,38,101,81,136,101,102,90,581,170,99,68,70,67,38,53
1400000US06037269700,3102,405,35,37,0,14,0,14,0,14,0,14,0,14,0,14,0,14,73,72,0,14,29,40,46,40,14,21,34,33,32,29,354,129,20,22,111,67,394,135,261,107,1012,231,407,159,145,84,135,135
1400000US06037269800,2578,312,11,17,0,14,0,14,0,14,0,14,0,14,0,14,0,14,0,14,0,14,0,14,0,14,0,14,67,49,33,36,169,89,24,26,60,39,231,94,130,80,1238,258,413,163,118,62,84,70
1400000US06037269903,2847,248,13,21,0,14,0,14,0,14,0,14,47,21,21,32,0,14,0,14,0,14,0,14,0,14,0,14,0,14,22,33,124,84,0,14,90,113,264,152,126,77,1169,197,799,255,95,56,77,63
1400000US06037269905,1905,183,0,14,0,14,0,14,0,14,0,14,0,14,0,14,0,14,32,38,0,14,0,14,0,14,6,9,13,20,14,20,87,65,20,30,19,21,120,49,39,36,926,180,436,111,120,67,73,49
1400000US06037269906,2652,529,65,67,0,14,0,14,0,14,0,14,0,14,27,16,0,14,0,14,5,10,0,14,13,20,8,13,0,14,0,14,156,107,63,35,23,36,207,82,99,66,1191,299,568,306,92,66,135,86
1400000US06037269907,2388,252,84,77,0,14,22,31,0,14,0,14,0,14,0,14,0,14,58,56,0,14,0,14,29,43,0,14,0,14,0,14,133,75,7,10,71,53,203,93,133,69,995,195,483,141,170,96,0,14
1400000US06037269908,1728,310,0,14,0,14,0,14,0,14,0,14,0,14,0,14,0,14,11,18,0,14,0,14,0,14,0,14,0,14,0,14,67,53,29,46,19,21,178,86,147,87,933,313,199,88,87,81,58,57
1400000US06037269909,1993,616,14,23,0,14,0,14,0,14,0,14,0,14,0,14,0,14,0,14,0,14,0,14,10,24,0,14,18,35,0,14,76,70,54,68,120,194,415,305,175,113,848,328,194,93,10,17,59,49
1400000US06037270101,1490,293,0,14,0,14,23,39,0,14,0,14,0,14,0,14,0,14,0,14,0,14,11,18,0,14,0,14,0,14,0,14,53,40,16,25,90,70,87,46,85,88,445,141,378,138,98,75,204,265
1400000US06037270102,2001,403,108,135,0,14,0,14,0,14,0,14,0,14,0,14,0,14,0,14,0,14,0,14,0,14,0,14,13,20,12,19,24,26,13,21,26,32,246,107,239,262,967,211,239,96,51,51,63,45
1400000US06037270200,2623,510,84,67,0,14,0,14,0,14,32,34,15,22,17,23,0,14,68,54,0,14,4,31,17,29,0,14,59,66,58,60,421,182,32,32,76,63,437,224,112,65,817,241,267,189,72,59,35,41
1400000US06037270300,1898,373,16,14,0,14,0,14,0,14,0,14,6,9,0,14,0,14,5,9,2,4,5,10,17,26,18,31,105,113,58,50,231,104,27,24,77,44,170,64,64,39,773,329,203,68,83,42,38,19
1400000US06037271100,1863,233,39,50,0,14,0,14,0,14,0,14,0,14,0,14,0,14,33,37,0,14,53,60,0,14,32,36,0,14,6,10,78,51,17,25,125,77,111,65,141,68,689,175,311,125,161,96,67,45
1400000US06037271200,2138,290,12,18,0,14,0,14,0,14,0,14,0,14,0,14,0,14,23,26,0,14,0,14,0,14,0,14,0,14,80,73,180,102,81,73,55,75,203,88,92,65,867,217,319,154,69,59,157,111
1400000US06037271300,3790,511,45,62,0,14,0,14,0,14,0,14,0,14,0,14,0,14,38,44,16,19,63,76,19,30,0,14,0,14,114,59,500,187,27,34,205,108,365,142,247,158,1206,284,615,264,307,164,23,34
1400000US06037271400,2554,299,0,14,0,14,0,14,0,14,0,14,21,27,0,14,0,14,0,14,0,14,0,14,0,14,0,14,7,12,0,14,260,133,10,15,85,51,242,121,87,57,957,177,638,263,165,66,82,49
1400000US06037271500,2261,317,7,12,0,14,21,32,0,14,1,10,0,14,0,14,0,14,1,2,0,14,0,14,17,25,30,35,0,14,0,14,134,63,36,38,34,31,167,98,130,63,915,316,509,170,172,119,87,65
1400000US06037271600,3686,479,0,19,0,19,9,15,0,19,0,19,0,19,0,19,0,19,0,19,0,19,0,19,0,19,0,19,8,14,9,14,126,126,11,16,53,40,149,81,80,35,1321,253,1036,340,362,158,522,161
1400000US06037271702,3193,359,7,12,0,14,0,14,0,14,0,14,42,45,0,14,0,14,137,153,0,14,0,14,7,12,10,16,24,32,53,69,268,138,51,42,49,34,206,95,69,38,1500,205,487,127,106,52,177,87
1400000US06037271703,2132,285,0,14,0,14,0,14,0,14,0,14,0,14,0,14,0,14,0,14,0,14,0,14,0,14,18,31,8,14,0,14,124,97,20,32,94,73,112,77,118,70,914,201,402,126,101,67,221,144
1400000US06037271704,2009,427,2,3,0,14,0,14,1,3,0,14,0,14,0,14,0,14,0,14,0,14,0,14,0,14,0,14,2,3,0,14,129,102,0,14,23,25,175,87,77,64,763,206,461,354,229,104,147,99
1400000US06037271801,2840,367,98,78,0,14,0,14,0,14,0,14,0,14,0,14,0,14,52,79,0,14,19,30,8,14,0,14,32,44,104,105,248,178,47,35,59,39,296,160,337,143,967,282,325,110,147,86,101,95
1400000US06037271803,2678,417,0,14,0,14,0,14,0,14,0,14,0,14,0,14,37,60,23,40,34,54,0,14,70,110,53,91,0,14,41,42,259,186,0,14,299,196,170,115,150,140,973,258,408,175,66,64,95,81
1400000US06037271804,1803,276,77,58,0,14,0,14,0,14,0,14,0,14,0,14,0,14,3,3,0,14,0,14,26,30,0,14,3,3,0,14,220,127,8,15,40,49,65,54,41,43,868,272,308,131,47,54,97,82
1400000US06037271901,2544,330,190,159,0,14,0,14,0,14,0,14,0,14,17,28,23,40,0,14,0,14,0,14,0,14,0,14,0,14,25,36,193,117,52,57,197,93,177,148,230,116,932,304,408,151,61,50,39,33
1400000US06037271902,3067,346,27,26,0,14,0,14,0,14,0,14,0,14,0,14,42,61,0,14,0,14,0,14,22,32,13,25,49,58,6,10,381,213,16,19,57,51,379,123,97,60,1224,206,552,137,111,49,91,61
1400000US06037272100,3343,357,54,53,0,14,0,14,0,14,0,14,8,13,0,14,0,14,46,66,7,11,0,14,6,11,0,14,65,74,33,31,332,131,47,41,159,77,390,200,243,120,1071,223,512,156,264,101,106,75
1400000US06037272201,1774,214,51,57,0,14,0,14,0,14,0,14,0,14,0,14,0,14,13,23,0,14,2,6,7,15,33,43,0,14,37,47,257,119,0,14,48,41,151,56,90,76,785,173,196,94,65,53,39,26
1400000US06037272202,2601,355,22,26,0,14,0,14,0,14,46,67,0,14,0,14,44,64,24,32,8,16,13,19,0,14,0,14,0,14,60,49,270,150,88,63,60,42,147,75,298,236,1069,245,335,113,61,53,56,40
1400000US06037272301,2503,313,57,75,0,14,0,14,0,14,0,14,0,14,11,18,24,40,13,20,0,14,0,14,41,47,0,14,10,17,52,39,186,103,70,54,87,47,188,89,165,79,991,240,284,117,252,163,72,79
1400000US06037272302,3350,395,277,236,0,14,0,14,0,14,0,14,0,14,20,34,64,98,41,48,26,41,0,14,23,28,15,25,18,32,120,78,676,334,35,34,125,69,403,148,184,95,929,220,323,130,54,36,17,20
1400000US06037273100,2310,245,30,30,0,14,0,14,0,14,0,14,0,14,0,14,0,14,19,19,0,14,0,14,4,7,6,9,0,14,20,30,194,86,9,16,38,42,245,84,82,61,1132,193,332,119,120,77,79,45
1400000US06037273200,2333,336,68,64,0,14,0,14,43,32,99,73,0,14,0,14,34,47,0,14,0,14,0,14,0,14,2,5,4,8,30,33,210,84,31,47,38,32,153,71,69,55,1156,267,282,93,103,68,11,17
1400000US06037273300,2466,297,46,43,0,14,0,14,98,80,0,14,0,14,8,14,0,14,81,114,0,14,3,6,7,13,0,14,0,14,15,24,62,40,118,113,83,52,168,76,133,92,1133,245,291,133,165,86,55,44
1400000US06037273403,1306,274,16,26,0,14,0,14,0,14,0,14,0,14,0,14,0,14,0,14,0,14,0,14,0,14,0,14,4,16,43,45,219,179,5,9,52,77,95,67,59,46,443,111,212,83,65,44,93,136
1400000US06037273404,1485,321,7,34,0,14,0,14,0,14,0,14,0,14,0,14,0,14,4,11,0,14,0,14,0,14,0,14,0,14,0,14,49,51,31,38,31,54,203,130,31,61,601,258,406,171,13,20,109,112
1400000US06037273502,2217,314,8,13,0,14,0,14,0,14,0,14,0,14,0,14,0,14,0,14,0,14,0,14,0,14,0,14,0,14,0,14,112,76,11,17,89,67,97,66,110,64,1279,310,350,132,98,57,63,50
1400000US06037273600,1902,260,0,14,0,14,0,14,37,58,0,14,17,28,0,14,0,14,18,29,0,14,0,14,0,14,0,14,0,14,8,12,178,103,50,79,91,72,182,135,53,53,703,204,347,133,147,86,71,45
1400000US06037273700,2204,376,105,55,0,14,18,19,0,14,0,14,0,14,0,14,0,14,46,57,0,14,0,14,0,14,0,14,19,34,0,14,127,118,0,14,98,58,187,122,54,55,986,274,438,158,98,68,28,27
1400000US06037273800,2279,269,0,14,0,14,0,14,0,14,0,14,0,14,4,9,0,14,0,14,0,14,0,14,0,14,0,14,44,58,12,17,109,58,51,42,95,68,253,153,101,53,958,199,481,170,166,69,5,10
1400000US06037273902,3645,671,0,14,0,14,0,14,0,14,0,14,0,14,10,17,0,14,0,14,0,14,0,14,0,14,0,14,0,14,22,37,346,209,4,48,90,89,339,198,249,132,1148,298,506,210,511,386,420,276
1400000US06037274100,3291,414,0,14,0,14,0,14,0,14,0,14,0,14,0,14,0,14,0,14,0,14,0,14,0,14,0,14,0,14,0,14,26,31,36,58,150,135,522,289,116,135,1421,268,471,183,461,231,88,73
1400000US06037274202,3719,457,106,83,0,14,0,14,0,14,0,14,0,14,0,14,0,14,0,14,0,14,56,90,0,14,50,57,0,14,0,14,222,146,0,14,167,97,450,195,136,114,1926,400,338,126,128,67,140,81
1400000US06037275101,859,133,3,11,0,14,0,14,0,14,24,34,31,35,0,14,8,10,0,14,0,14,0,14,0,14,0,14,0,14,12,14,78,68,4,7,11,11,144,78,134,49,283,131,57,34,43,32,27,22
1400000US06037275102,2411,297,56,46,0,14,0,14,0,14,0,14,0,14,0,14,25,36,133,79,5,7,38,56,46,39,46,53,11,15,30,29,283,173,13,20,153,118,118,82,144,72,858,204,313,138,83,63,56,34
1400000US06037275200,2889,387,187,163,0,14,0,14,0,14,0,14,85,98,47,65,0,14,65,67,0,14,10,17,0,14,16,27,1,3,34,40,359,143,94,74,122,68,261,129,116,78,1118,250,242,94,93,65,39,30
1400000US06037275311,4033,441,82,76,0,19,0,19,0,19,0,19,0,19,0,19,0,19,119,113,9,16,0,19,0,19,0,19,0,19,97,80,486,201,21,32,387,300,460,223,171,97,1312,298,577,179,222,113,90,72
1400000US06037275312,1580,224,18,27,0,14,0,14,0,14,0,14,0,14,0,14,9,15,0,14,0,14,0,14,0,14,0,14,0,14,0,14,10,15,0,14,84,77,172,94,43,34,762,200,299,118,96,62,87,66
1400000US06037275313,3010,804,10,15,0,14,0,14,0,14,0,14,0,14,0,14,0,14,0,14,0,14,0,14,0,14,0,14,9,15,172,275,224,118,19,22,91,64,467,261,134,92,1193,454,374,116,263,142,54,37
1400000US06037275400,3572,711,36,14,0,14,0,14,0,14,0,14,35,13,0,14,0,14,30,51,0,14,0,14,19,37,56,24,0,14,0,14,161,83,0,14,44,51,561,359,213,157,1317,341,732,262,168,127,200,127
1400000US06037275500,3304,412,346,166,0,19,0,19,0,19,27,39,25,40,22,34,55,56,99,70,27,41,0,19,68,63,29,49,133,119,129,99,378,148,14,17,209,142,539,191,156,85,743,222,275,113,9,15,21,22
1400000US06037275603,2172,361,34,39,0,14,0,14,0,14,0,14,0,14,10,18,0,14,0,14,6,11,12,20,22,28,36,34,13,22,52,54,216,113,18,21,114,71,286,108,229,161,832,200,238,77,42,44,12,19
1400000US06037275604,7481,728,10,22,0,19,0,19,0,19,0,19,0,19,0,19,0,19,41,67,0,19,0,19,0,19,17,29,0,19,0,19,193,192,0,19,125,145,286,210,394,245,3168,618,2038,558,882,337,327,179
1400000US06037275605,2237,401,1,3,0,14,0,14,0,14,0,14,0,14,0,14,0,14,0,14,0,14,0,14,0,14,0,14,26,44,0,14,211,146,20,23,48,53,254,176,90,76,1051,318,373,156,78,92,85,63
1400000US06037276000,5156,549,4,7,0,19,0,19,0,19,0,19,0,19,0,19,0,19,0,19,0,19,0,19,0,19,24,35,86,122,24,32,577,206,0,19,260,144,423,188,286,115,2289,451,705,230,324,159,154,96
1400000US06037276101,2715,409,0,14,0,14,0,14,0,14,0,14,0,14,0,14,0,14,0,14,0,14,0,14,0,14,25,42,0,14,0,14,73,63,2,5,72,66,328,202,202,116,1394,461,512,215,50,57,57,53
1400000US06037276102,2725,456,18,43,0,14,0,14,0,14,0,14,0,14,0,14,45,73,27,53,0,14,0,14,0,14,17,20,62,46,39,42,225,140,55,65,68,50,690,291,290,135,795,271,288,129,27,49,79,61
1400000US06037276400,3035,488,20,23,0,14,0,14,0,14,0,14,0,14,0,14,0,14,0,14,0,14,0,14,0,14,5,22,0,14,18,23,142,70,19,26,88,56,411,260,285,127,1124,249,581,150,237,120,105,84
1400000US06037276500,1511,190,13,46,0,19,0,19,0,19,0,19,0,19,0,19,0,19,0,19,0,19,4,7,0,19,0,19,3,46,14,14,127,73,6,8,50,32,197,97,91,40,592,114,267,85,56,46,91,56
1400000US06037276601,2944,326,8,15,0,14,0,14,0,14,0,14,0,14,0,14,0,14,0,14,0,14,0,14,0,14,0,14,0,14,13,19,158,95,34,52,65,59,253,99,184,95,1161,200,542,187,403,129,123,69
1400000US06037276605,2262,851,0,14,0,14,0,14,0,14,0,14,0,14,0,14,21,25,0,14,0,14,0,14,0,14,0,14,17,24,0,14,127,76,36,43,332,246,339,389,30,29,968,274,214,93,114,149,64,52
1400000US06037276606,2808,196,0,14,0,14,0,14,0,14,0,14,0,14,0,14,0,14,0,14,0,14,0,14,0,14,0,14,15,25,0,14,278,85,42,51,158,156,195,82,127,72,1324,219,398,147,213,38,58,51
1400000US06037276607,1896,366,3,5,0,14,0,14,0,14,0,14,0,14,0,14,0,14,0,14,0,14,0,14,0,14,0,14,11,17,108,139,223,111,25,40,25,28,257,137,212,152,694,219,315,116,11,17,12,21
1400000US06037276608,1567,303,0,14,0,14,0,14,0,14,0,14,0,14,0,14,0,14,6,14,0,14,0,14,0,14,0,14,0,14,13,21,100,62,19,29,48,68,306,195,35,39,557,199,320,149,133,105,30,32
1400000US06037277000,4137,533,0,19,0,19,0,19,0,19,0,19,14,22,0,19,0,19,0,19,0,19,0,19,0,19,0,19,13,21,0,19,233,112,0,19,177,103,568,272,195,128,1796,380,655,223,299,170,187,118
1400000US06037277100,2171,327,4,9,0,14,0,14,0,14,0,14,19,29,0,14,0,14,0,14,0,14,0,14,0,14,8,12,10,15,34,40,273,101,7,10,106,61,361,127,114,78,751,183,321,143,112,60,51,40
1400000US06037277200,1432,295,4,10,0,14,0,14,0,14,0,14,0,14,0,14,24,32,24,33,0,14,4,11,0,14,0,14,30,47,24,29,88,57,23,23,122,130,289,152,112,51,463,164,152,101,58,37,15,16
1400000US06037277400,0,14,0,14,0,14,0,14,0,14,0,14,0,14,0,14,0,14,0,14,0,14,0,14,0,14,0,14,0,14,0,14,0,14,0,14,0,14,0,14,0,14,0,14,0,14,0,14,0,14
1400000US06037278001,1851,302,23,25,0,14,0,14,0,14,0,14,31,42,0,14,0,14,0,14,0,14,0,14,0,14,10,15,0,14,65,60,180,86,16,20,88,65,290,139,162,114,561,170,231,105,69,51,125,87
1400000US06037278102,2479,307,2,6,0,14,0,14,0,14,0,14,0,14,0,14,0,14,0,14,0,14,0,14,0,14,0,14,0,14,29,42,59,37,37,40,89,59,156,71,77,73,1135,263,561,168,278,113,56,35
1400000US06037291110,2256,355,0,14,0,14,0,14,0,14,99,146,0,14,51,54,23,38,88,79,20,37,8,12,58,83,0,14,4,14,198,109,446,170,122,86,304,146,383,143,196,114,166,88,90,70,0,14,0,14
1400000US06037291120,1429,253,103,54,0,14,0,14,0,14,0,14,48,51,0,14,0,14,73,56,15,24,71,113,77,54,22,29,23,24,22,24,365,137,46,34,55,35,187,104,85,52,197,70,31,28,9,12,0,14
1400000US06037291130,2570,370,88,64,0,14,0,14,0,14,5,9,5,9,21,27,5,7,78,62,16,27,6,9,46,45,0,14,64,71,82,46,615,188,87,58,69,36,376,115,218,99,614,215,165,115,10,11,0,14
1400000US06037291210,3622,527,158,116,0,14,0,14,0,14,0,14,10,17,0,14,31,76,104,95,22,28,39,64,100,89,68,63,67,70,138,113,923,371,25,29,265,197,501,176,180,104,852,262,101,48,38,39,0,14
1400000US06037291220,2177,314,46,44,0,14,0,14,0,14,21,34,72,59,13,23,16,17,148,107,0,14,32,46,45,55,57,67,37,46,37,28,471,131,54,62,147,74,170,90,168,85,504,244,118,68,8,12,13,19
1400000US06037291300,2258,272,80,49,0,14,0,14,0,14,0,14,0,14,0,14,0,14,24,23,0,14,19,23,16,19,56,72,17,22,70,42,452,129,23,32,156,80,336,141,180,86,605,225,191,94,13,14,20,26
1400000US06037292001,2871,431,133,76,0,14,0,14,61,92,37,47,62,79,0,14,52,63,43,43,0,14,99,78,49,56,12,18,202,231,97,137,891,262,25,32,153,93,278,101,140,80,500,213,37,42,0,14,0,14
1400000US06037292002,1290,249,34,40,0,14,0,14,0,14,0,14,0,14,0,14,0,14,0,14,0,14,0,14,12,20,88,77,27,20,30,35,163,61,37,34,78,49,254,84,95,39,371,156,89,40,12,20,0,14
1400000US06037293203,2102,247,108,75,0,14,0,14,0,14,0,14,0,14,0,14,14,27,27,41,0,14,88,85,91,112,18,29,0,14,50,51,393,142,46,52,43,46,380,108,198,96,511,132,135,113,0,14,0,14
1400000US06037293204,2238,597,65,52,0,14,0,14,0,14,0,14,0,14,64,101,0,14,0,14,0,14,0,14,42,64,0,14,38,58,32,36,539,270,12,19,205,204,322,179,139,102,595,319,185,105,0,14,0,14
1400000US06037293205,2267,510,146,170,0,14,0,14,0,14,0,14,0,14,0,14,25,38,163,101,0,14,111,122,0,14,0,14,36,56,78,78,526,224,56,54,70,73,237,139,265,194,403,116,103,80,48,41,0,14
1400000US06037293206,1844,232,76,56,0,14,0,14,0,14,0,14,0,14,5,8,0,14,85,71,9,13,88,79,53,51,0,14,0,14,83,56,387,115,54,57,107,62,284,145,141,54,267,70,165,95,40,34,0,14
1400000US06037293301,1985,156,47,50,0,14,0,14,0,14,0,14,0,14,0,14,0,14,19,27,0,14,28,29,12,18,27,29,0,14,22,30,266,81,8,12,82,58,134,69,206,89,934,180,170,62,15,23,15,22
1400000US06037293302,3399,501,25,27,0,14,0,14,0,14,0,14,57,77,0,14,0,14,54,55,0,14,104,124,11,15,37,59,31,41,2,7,621,206,68,58,201,95,479,181,373,149,825,212,446,177,36,39,29,29
1400000US06037293304,3115,522,183,233,0,14,0,14,0,14,94,94,0,14,0,14,10,15,205,182,9,15,62,67,0,14,100,74,14,18,132,80,631,211,34,37,119,70,541,140,258,108,528,209,189,130,0,14,6,11
1400000US06037293306,1773,251,17,16,0,14,0,14,0,14,0,14,0,14,0,14,0,14,23,29,0,14,2,7,0,14,16,19,44,41,70,42,281,76,57,38,118,65,272,69,209,91,392,136,251,124,21,17,0,14
1400000US06037293307,1823,221,78,65,0,14,0,14,0,14,7,11,0,14,0,14,60,55,114,148,0,14,92,77,60,55,11,11,49,49,21,22,387,226,24,31,93,61,329,147,119,55,283,104,72,43,5,9,19,17
1400000US06037294110,2537,249,188,97,0,14,0,14,0,14,39,54,0,14,0,14,29,40,231,139,0,14,8,14,66,59,13,21,62,54,137,83,717,169,35,54,135,75,242,87,217,126,232,131,173,103,13,20,0,14
1400000US06037294120,1425,300,140,68,0,14,0,14,0,14,0,14,28,26,27,29,0,14,142,90,0,14,13,19,190,102,8,11,187,214,21,21,394,107,11,14,19,17,141,88,51,30,47,33,6,9,0,14,0,14
1400000US06037294200,2912,533,236,137,12,17,0,14,0,14,16,27,51,44,52,48,60,49,228,225,41,41,0,14,0,14,50,47,26,24,143,91,734,295,197,127,159,99,387,143,293,128,149,87,50,54,17,25,11,16
1400000US06037294301,1634,182,78,43,0,14,0,14,0,14,0,14,0,14,0,14,13,20,149,86,14,22,11,18,61,40,37,34,22,25,81,48,377,100,165,96,138,74,263,94,81,38,132,57,12,19,0,14,0,14
1400000US06037294302,2829,367,106,79,0,14,0,14,0,14,79,96,80,69,19,27,93,99,114,91,0,14,8,13,293,158,57,55,79,69,193,81,519,182,77,54,116,66,403,181,300,140,220,106,22,24,48,54,3,9
1400000US06037294410,3272,622,74,61,0,19,0,19,0,19,0,19,12,19,0,19,0,19,73,70,0,19,93,72,9,14,32,29,125,106,68,57,728,304,97,75,168,95,576,294,275,137,639,178,217,95,65,46,21,25
1400000US06037294421,1722,351,83,47,0,14,0,14,0,14,0,14,5,9,19,35,10,16,0,14,0,14,14,23,53,48,86,90,140,142,101,65,241,90,71,52,54,37,362,112,143,75,294,143,41,29,5,9,0,14
1400000US06037294510,2492,427,136,81,0,14,0,14,43,42,15,23,91,82,0,14,0,14,438,275,0,14,45,37,221,118,17,21,76,57,115,92,506,219,65,53,134,75,288,118,100,66,158,77,44,43,0,14,0,14
1400000US06037294520,2102,237,97,59,0,14,0,14,0,14,21,36,45,40,33,33,66,53,201,80,9,14,58,45,164,101,26,23,77,45,116,70,661,115,28,24,43,28,346,138,11,12,68,44,24,25,0,14,8,13
1400000US06037294610,3007,437,226,104,0,14,0,14,0,14,9,14,97,73,43,39,23,36,219,150,21,30,24,28,172,117,137,140,86,60,128,82,405,128,82,80,88,64,741,246,235,117,233,137,0,14,18,29,20,30
1400000US06037294620,2614,461,192,98,0,14,0,14,23,39,0,14,94,69,41,64,27,43,192,99,59,55,0,14,53,52,83,71,114,67,186,117,749,282,46,45,136,88,336,129,65,81,217,109,0,14,0,14,1,2
1400000US06037294701,1834,254,67,39,0,14,0,14,0,14,13,19,31,39,18,28,7,12,105,44,8,9,65,50,143,67,72,66,88,55,135,61,378,120,25,27,26,19,424,146,56,63,131,59,33,29,9,12,0,14
1400000US06037294810,2326,310,109,75,0,14,0,14,11,17,13,22,30,46,5,7,63,89,339,171,68,62,61,47,309,149,64,47,63,58,115,71,552,163,9,13,0,14,332,123,69,53,86,61,26,41,2,8,0,14
1400000US06037294820,1915,274,166,96,0,14,0,14,0,14,62,45,13,22,11,17,12,19,233,127,53,64,43,38,262,106,20,28,13,19,117,76,417,169,23,20,80,55,240,93,66,47,84,51,0,14,0,14,0,14
1400000US06037294830,2119,349,175,95,0,14,0,14,0,14,0,14,0,14,0,14,0,14,177,117,5,9,8,12,172,109,23,33,83,57,120,132,705,226,27,25,16,17,262,125,180,106,102,87,60,55,0,14,4,6
1400000US06037294900,2267,339,75,61,0,14,0,14,0,14,7,11,80,55,12,21,11,14,233,105,24,25,0,14,170,134,41,32,110,64,101,63,673,174,61,57,91,58,261,91,78,58,213,115,18,23,0,14,8,14
1400000US06037295103,3775,534,36,50,0,14,0,14,0,14,0,14,0,14,0,14,0,14,73,118,0,14,0,14,44,55,0,14,0,14,38,44,422,152,53,84,59,51,673,280,332,133,1246,288,665,233,79,66,55,59
1400000US06037296210,2169,431,90,58,0,14,0,14,0,14,47,29,20,24,0,14,0,14,72,44,5,8,18,26,151,87,19,19,66,68,68,43,876,430,123,52,71,44,283,107,70,56,123,67,30,26,18,20,19,24
1400000US06037296220,2960,469,79,101,0,14,0,14,0,14,0,14,25,52,0,14,58,68,246,136,0,14,0,14,86,97,0,14,108,79,211,207,511,379,215,156,113,105,568,294,123,99,413,174,125,107,62,82,17,43
1400000US06037296300,3507,466,107,78,0,19,0,19,0,19,0,19,25,41,0,19,0,19,87,67,0,19,13,21,31,47,0,19,0,19,176,138,652,281,41,45,252,185,406,177,226,116,856,210,385,161,223,115,27,36
1400000US06037296401,2375,323,88,79,0,14,0,14,0,14,0,14,1,12,0,14,0,14,0,14,1,4,14,25,0,14,8,14,9,19,2,12,561,163,29,28,110,67,360,107,143,71,600,240,387,129,34,31,28,30
1400000US06037296402,2263,277,24,37,0,14,0,14,0,14,0,14,0,14,0,14,0,14,52,69,0,14,6,13,17,22,16,25,1,2,128,65,405,117,79,64,96,50,404,190,258,123,551,161,186,81,30,36,10,17
1400000US06037296500,2546,333,102,79,0,14,0,14,0,14,30,44,51,77,15,26,16,25,25,32,41,47,0,14,109,122,11,17,36,39,150,103,784,238,72,72,135,113,369,136,138,105,258,150,177,134,27,30,0,14
1400000US06037296600,3778,473,27,32,0,19,0,19,0,19,0,19,68,79,0,19,30,47,243,363,0,19,35,50,202,154,152,122,45,44,124,69,699,262,116,101,221,127,737,248,323,175,536,254,118,66,87,71,15,39
1400000US06037296901,3143,616,10,15,0,14,0,14,0,14,0,14,22,33,0,14,0,14,165,118,0,14,0,14,61,71,5,8,120,96,189,110,609,186,200,176,147,87,553,169,139,90,644,380,205,149,47,40,27,43
1400000US06037296902,2863,328,80,51,0,14,0,14,49,67,0,14,26,41,0,14,0,14,114,84,22,24,0,14,68,72,26,43,58,51,202,113,579,193,99,90,102,69,689,201,300,124,290,142,121,65,20,25,18,22
1400000US06037297001,1109,111,20,22,0,14,0,14,0,14,0,14,0,14,0,14,0,14,0,14,7,11,0,14,0,14,23,22,0,14,0,14,199,109,6,10,42,29,132,63,96,42,311,126,147,58,98,58,28,33
1400000US06037297002,3071,385,53,52,0,14,0,14,0,14,4,12,8,14,0,14,0,14,10,16,0,14,0,14,0,14,23,38,44,51,40,55,363,141,29,29,220,81,385,158,335,142,1005,227,403,172,51,46,98,125
1400000US06037297110,3545,385,184,151,0,14,0,14,0,14,68,85,60,79,0,14,32,50,234,119,12,19,25,29,161,179,14,28,215,139,125,102,667,251,176,143,102,57,773,230,234,133,314,146,106,70,34,36,9,15
1400000US06037297120,2594,424,9,17,0,14,0,14,0,14,30,51,39,62,0,14,0,14,78,59,35,55,0,14,179,174,0,14,119,105,37,41,562,204,19,23,185,107,324,122,247,155,551,164,177,92,3,8,0,14
1400000US06037297201,2557,432,29,33,0,14,0,14,0,14,52,73,27,41,15,23,0,14,55,64,55,77,37,44,49,67,80,59,34,45,45,35,643,347,110,74,98,64,308,122,207,157,456,144,209,92,10,17,38,60
1400000US06037297202,3084,504,42,46,0,14,0,14,0,14,0,14,14,23,0,14,0,14,43,50,1,4,0,14,124,98,54,53,0,14,100,67,665,255,56,58,123,83,620,242,328,175,436,170,368,205,26,29,84,122
1400000US06037297300,1431,158,0,14,0,14,0,14,7,10,0,14,5,8,0,14,13,21,1,2,0,14,0,14,0,14,10,15,14,14,6,10,248,79,10,11,55,28,184,73,97,53,389,116,338,110,30,20,24,22
1400000US06037297400,3277,419,9,15,0,14,0,14,0,14,0,14,0,14,0,14,0,14,0,14,0,14,0,14,88,143,24,40,0,14,46,68,421,164,58,60,221,124,348,143,315,165,984,204,532,144,151,71,80,56
1400000US06037297501,2227,452,0,14,0,14,0,14,0,14,0,14,0,14,0,14,0,14,0,14,0,14,0,14,4,14,31,48,72,85,55,51,391,170,205,281,90,78,234,111,223,102,571,173,163,83,94,72,94,64
1400000US06037297502,1819,238,38,71,0,14,0,14,0,14,0,14,0,14,0,14,0,14,70,102,0,14,14,22,0,14,0,14,20,29,47,42,305,170,71,61,114,73,472,180,131,83,411,172,64,63,42,50,20,31
1400000US06037297601,2293,268,0,14,0,14,0,14,0,14,0,14,6,15,0,14,0,14,6,15,0,14,0,14,0,14,9,14,11,19,19,25,299,125,103,98,332,145,312,112,198,103,596,189,251,135,96,67,55,53
1400000US06037297602,2873,310,28,32,0,14,0,14,0,14,0,14,0,14,7,12,0,14,4,7,0,14,10,17,40,64,0,14,0,14,190,138,466,175,71,41,266,161,523,128,237,116,630,238,252,107,55,36,94,66
1400000US06037300100,4345,476,12,19,0,19,0,19,0,19,0,19,0,19,0,19,0,19,0,19,0,19,0,19,0,19,21,33,0,19,54,62,522,217,49,43,203,191,579,297,244,137,1472,314,549,169,438,202,202,133
1400000US06037300200,3991,394,13,20,25,40,0,19,0,19,0,19,0,19,0,19,33,49,0,19,0,19,7,10,20,26,6,11,10,17,52,37,708,261,0,19,180,86,490,221,332,164,1240,261,620,161,136,57,119,76
1400000US06037300301,4171,544,24,36,0,19,0,19,0,19,0,19,0,19,0,19,0,19,0,19,0,19,1,5,15,26,0,19,0,19,25,30,545,163,48,48,146,88,261,129,170,99,1479,313,891,268,348,277,218,122
1400000US06037300400,3470,416,195,187,0,19,0,19,0,19,0,19,0,19,0,19,0,19,0,19,0,19,0,19,0,19,0,19,0,19,17,27,406,159,0,19,159,85,284,126,326,148,1126,329,585,192,257,162,115,96
1400000US06037300501,1969,252,12,24,0,14,0,14,0,14,42,70,0,14,5,7,0,14,0,14,5,10,0,14,0,14,0,14,0,14,86,57,312,122,8,13,62,37,184,139,127,77,639,135,343,121,98,82,46,35
1400000US06037300503,3541,529,53,66,0,19,0,19,0,19,0,19,0,19,0,19,0,19,73,64,0,19,0,19,1,2,0,19,13,24,45,55,448,161,58,61,102,66,362,117,427,272,1064,294,627,317,45,48,223,124
1400000US06037300601,3855,644,14,24,0,19,0,19,0,19,0,19,0,19,0,19,12,21,8,13,15,24,0,19,37,57,0,19,0,19,23,35,748,308,54,53,125,100,607,240,260,116,1201,329,580,177,105,67,66,42
1400000US06037300602,2306,325,28,33,0,14,0,14,0,14,0,14,0,14,0,14,17,21,7,12,0,14,0,14,0,14,0,14,29,32,0,14,426,185,37,39,104,51,194,84,124,81,745,211,385,140,95,54,115,94
1400000US06037300701,4218,442,20,25,0,19,0,19,0,19,0,19,0,19,0,19,0,19,0,19,0,19,28,43,0,19,218,257,16,28,18,28,304,196,7,12,164,107,488,195,216,145,1451,379,522,176,517,225,249,106
1400000US06037300702,3948,526,0,19,0,19,0,19,0,19,0,19,0,19,0,19,16,25,0,19,0,19,0,19,17,27,0,19,15,25,72,70,439,217,29,36,146,117,563,295,237,116,1446,354,433,179,399,200,136,98
1400000US06037300800,5206,667,178,165,0,19,0,19,0,19,0,19,0,19,0,19,12,18,0,19,0,19,0,19,0,19,18,28,0,19,31,47,593,243,39,36,108,84,671,229,334,116,2272,513,729,248,188,105,33,33
1400000US06037300901,4207,486,0,19,0,19,0,19,0,19,0,19,0,19,0,19,0,19,0,19,0,19,0,19,79,101,13,21,0,19,26,35,469,157,0,19,136,70,392,153,285,127,1528,410,688,216,453,194,138,85
1400000US06037300902,1545,294,0,14,0,14,0,14,0,14,0,14,0,14,13,14,0,14,0,14,0,14,10,14,11,17,4,7,0,14,4,7,99,59,7,10,67,91,142,69,55,40,544,120,275,124,216,107,98,70
1400000US06037301000,4088,456,223,122,0,19,0,19,0,19,0,19,0,19,0,19,0,19,0,19,0,19,0,19,4,15,37,31,5,16,104,88,483,267,0,19,127,77,678,293,474,177,1236,345,576,232,72,58,69,67
1400000US06037301100,5246,731,31,34,0,19,0,19,0,19,0,19,0,19,33,52,51,84,53,87,33,52,11,18,0,19,0,19,8,15,50,55,1379,617,109,121,267,131,402,213,312,169,1471,349,652,247,287,151,97,83
1400000US06037301203,3059,349,123,108,0,14,0,14,0,14,7,12,0,14,10,14,64,66,68,72,0,14,56,63,8,13,8,14,0,14,34,33,414,139,9,14,96,76,277,148,282,145,963,203,507,167,126,104,7,12
1400000US06037301204,3976,574,41,43,0,14,0,14,8,15,4,8,0,14,0,14,19,32,4,8,0,14,4,8,7,15,8,12,4,8,322,279,854,266,160,81,73,62,338,278,219,140,1236,332,484,170,134,96,57,65
1400000US06037301205,1592,296,8,9,0,14,0,14,0,14,0,14,0,14,0,14,0,14,8,11,0,14,0,14,0,14,0,14,9,12,17,15,350,171,31,24,75,43,190,62,137,58,447,168,223,81,79,38,18,17
1400000US06037301206,3887,825,74,53,0,14,0,14,0,14,17,28,31,43,0,14,0,14,21,24,0,14,31,49,9,19,15,17,0,14,65,35,823,310,23,23,178,80,366,158,489,175,1156,483,506,226,53,51,30,27
1400000US06037301300,1390,245,7,8,0,14,0,14,0,14,0,14,0,14,0,14,0,14,11,17,0,14,2,6,0,14,5,8,0,14,5,8,81,49,5,8,52,32,98,43,88,36,599,185,229,63,121,47,87,70
1400000US06037301400,2750,328,17,13,7,11,0,14,0,14,0,14,0,14,0,14,0,14,51,51,18,28,21,33,0,14,27,25,0,14,26,42,418,166,42,40,68,51,239,99,433,190,795,225,388,169,93,54,107,59
1400000US06037301501,1323,255,41,41,0,14,0,14,0,14,0,14,0,14,0,14,0,14,0,14,0,14,0,14,0,14,0,14,0,14,75,43,224,98,19,22,49,34,165,82,178,96,313,81,197,121,31,21,31,34
1400000US06037301502,4906,481,283,231,0,19,0,19,16,29,10,17,0,19,56,64,52,71,161,102,7,13,41,45,0,19,23,36,27,36,65,66,1268,418,17,26,282,145,559,209,460,263,1002,288,372,220,205,189,0,19
1400000US06037301601,4103,509,462,263,0,19,37,59,49,73,0,19,52,78,0,19,0,19,0,19,0,19,0,19,62,93,22,28,44,77,15,24,1160,422,14,22,62,50,387,130,377,333,861,272,412,159,21,34,66,97
1400000US06037301602,2560,279,79,49,0,14,0,14,0,14,0,14,10,14,11,16,0,14,77,61,0,14,10,12,73,54,25,28,0,14,39,29,400,132,39,43,66,44,522,188,307,142,547,138,338,130,9,15,8,12
1400000US06037301701,2089,353,65,43,0,14,0,14,0,14,0,14,0,14,0,14,0,14,0,14,22,28,0,14,0,14,0,14,12,20,37,42,417,157,12,17,179,141,224,97,281,194,630,184,162,82,10,16,38,36
1400000US06037301702,4436,597,292,280,0,19,0,19,0,19,0,19,0,19,0,19,3,5,101,115,40,61,0,19,68,91,128,106,0,19,187,117,773,291,48,58,92,81,543,219,461,178,1168,383,383,162,74,71,75,66
1400000US06037301801,4705,332,146,129,0,19,0,19,0,19,0,19,0,19,15,25,0,19,76,103,0,19,0,19,0,19,40,62,0,19,50,58,589,216,8,8,166,110,536,237,429,203,1533,342,839,226,122,89,156,116
1400000US06037301802,4326,457,66,54,0,19,0,19,0,19,0,19,0,19,0,19,0,19,106,100,0,19,0,19,50,72,36,41,9,14,79,70,906,372,13,22,200,117,260,210,387,126,1405,344,602,208,178,115,29,28
1400000US06037301901,3150,360,81,75,0,14,0,14,0,14,0,14,0,14,14,21,0,14,14,22,0,14,0,14,0,14,57,69,42,63,23,25,701,205,0,14,89,61,263,141,193,132,1255,236,350,234,56,35,12,22
1400000US06037301902,2556,665,9,17,0,14,0,14,0,14,0,14,0,14,0,14,122,188,28,42,0,14,0,14,0,14,38,48,0,14,41,42,566,339,0,14,57,43,182,114,338,231,680,201,426,144,32,30,37,39
1400000US06037302002,3116,521,17,21,0,14,0,14,38,55,92,140,0,14,0,14,0,14,36,42,17,22,0,14,8,12,43,75,0,14,79,74,598,365,36,40,158,135,347,176,318,160,855,199,323,154,120,72,31,32
1400000US06037302003,2841,460,107,58,0,14,0,14,0,14,7,11,15,25,6,10,41,35,25,32,0,14,15,23,64,45,37,45,41,64,14,15,989,374,43,35,49,35,168,68,216,110,754,240,171,77,23,23,56,44
1400000US06037302004,3051,501,132,101,8,15,0,14,0,14,0,14,0,14,15,27,0,14,80,116,24,38,70,72,16,16,96,74,97,147,73,58,595,196,69,59,131,74,290,146,353,127,795,252,199,75,8,12,0,14
1400000US06037302102,4378,646,0,19,0,19,0,19,0,19,19,31,0,19,0,19,0,19,70,93,0,19,0,19,21,26,107,124,20,39,12,23,583,250,0,19,103,67,295,146,510,243,1712,622,659,256,105,91,162,164
1400000US06037302103,3761,500,186,139,0,19,0,19,0,19,0,19,0,19,83,87,0,19,129,98,0,19,95,77,16,26,35,41,124,117,96,56,741,241,38,77,130,77,368,208,245,118,1112,336,213,141,118,105,32,29
1400000US06037302104,2581,236,48,47,0,14,3,11,0,14,4,9,30,45,10,17,28,39,15,18,10,16,8,15,10,14,29,38,39,56,42,34,501,134,83,96,100,59,334,132,312,137,770,170,165,72,40,29,0,14
1400000US06037302201,2822,350,151,70,0,14,9,15,0,14,0,14,74,117,45,71,0,14,182,104,0,14,63,71,25,40,93,69,0,14,44,33,548,181,18,20,60,67,291,114,141,90,668,159,295,102,0,14,115,70
1400000US06037302202,3619,383,72,61,9,14,0,14,0,14,0,14,28,31,0,14,32,38,157,110,22,36,92,92,23,32,44,52,0,14,65,50,1081,377,46,66,85,51,415,147,199,89,942,213,274,98,33,40,0,14
1400000US06037302301,2868,324,117,70,0,14,0,14,0,14,23,35,22,34,19,27,12,21,127,80,0,14,39,41,23,35,12,21,17,30,19,22,554,162,12,17,45,39,288,126,333,129,892,228,185,81,69,52,60,48
1400000US06037302302,3775,542,130,84,0,19,0,19,35,53,0,19,12,15,5,7,13,22,22,29,56,88,160,176,9,15,26,48,9,20,10,19,1041,293,96,126,164,95,369,146,414,160,1091,228,100,57,0,19,13,15
1400000US06037302401,5013,567,206,213,0,19,0,19,0,19,0,19,0,19,33,53,0,19,288,200,0,19,132,116,40,54,12,20,15,34,125,149,1040,408,40,45,39,47,351,253,438,261,1618,470,440,225,80,56,116,111
1400000US06037302503,3169,479,212,174,0,14,0,14,0,14,0,14,0,14,8,12,18,28,103,108,0,14,35,45,48,60,17,27,5,10,61,49,813,255,54,53,63,56,290,144,424,200,651,206,272,140,74,66,21,20
1400000US06037302504,2478,328,148,79,0,14,9,14,0,14,0,14,12,19,82,53,37,46,38,42,0,14,10,17,15,17,113,98,6,10,24,42,616,222,20,26,61,39,418,110,197,116,430,150,223,133,0,14,19,25
1400000US06037302505,2952,541,45,47,0,14,0,14,0,14,42,68,18,44,14,17,0,14,63,59,0,14,121,137,103,73,80,56,76,61,16,20,888,324,25,37,67,51,432,218,259,149,529,161,78,58,78,61,18,27
1400000US06037302506,2504,591,125,76,0,14,3,17,3,11,0,14,7,16,0,14,20,32,62,47,19,26,69,108,60,71,35,46,0,14,39,40,443,181,12,21,165,153,213,112,180,115,685,236,189,84,99,83,76,68
1400000US06037310100,4361,725,108,112,0,19,0,19,0,19,0,19,0,19,0,19,0,19,57,62,0,19,23,46,0,19,0,19,0,19,64,110,505,292,78,65,295,133,458,224,336,137,1048,376,541,210,773,396,75,68
1400000US06037310201,3506,738,62,56,0,19,0,19,0,19,0,19,0,19,0,19,73,105,9,21,0,19,10,16,0,19,0,19,11,19,23,28,222,121,25,40,137,96,522,322,776,268,1240,301,277,142,93,85,26,41
1400000US06037310202,3359,333,45,42,0,14,0,14,0,14,0,14,0,14,27,44,8,12,5,13,0,14,0,14,16,18,7,12,83,132,83,121,549,131,106,95,157,80,288,123,489,186,953,179,352,102,163,110,28,34
1400000US06037310300,2227,479,28,34,0,14,0,14,0,14,0,14,0,14,0,14,0,14,13,19,0,14,0,14,0,14,0,14,0,14,6,10,158,83,12,20,152,88,138,75,342,169,681,167,524,404,157,85,16,24
1400000US06037310400,2581,455,7,13,0,14,0,14,0,14,0,14,12,20,0,14,0,14,12,19,0,14,11,19,7,12,34,34,0,14,41,33,497,160,76,61,212,113,273,96,189,74,689,263,443,151,24,24,54,47
1400000US06037310501,2163,280,49,37,0,14,0,14,0,14,0,14,18,23,18,23,0,14,22,25,76,56,39,47,0,14,0,14,9,18,41,43,488,235,0,14,50,40,411,144,204,103,585,157,85,52,54,41,14,23
1400000US06037310601,4533,517,127,84,0,19,0,19,0,19,0,19,15,25,0,19,0,19,36,40,0,19,49,76,126,160,32,38,0,19,180,110,749,312,37,46,244,160,489,191,395,150,1596,417,389,177,52,48,17,28
1400000US06037310602,2027,312,0,14,0,14,0,14,0,14,0,14,0,14,0,14,0,14,0,14,0,14,0,14,32,52,0,14,0,14,37,49,76,52,24,28,199,96,352,149,251,162,651,173,258,115,93,64,54,54
1400000US06037310701,1798,244,38,37,0,14,0,14,0,14,0,14,0,14,16,15,20,32,24,28,0,14,0,14,9,14,47,52,0,14,31,24,403,146,14,23,189,73,222,166,234,104,416,120,90,58,45,55,0,14
1400000US06037310703,3754,481,264,305,0,19,12,21,0,19,35,42,0,19,0,19,13,22,78,87,0,19,0,19,37,59,95,132,0,19,87,66,618,275,0,19,206,219,400,170,387,289,1078,244,372,210,72,61,0,19
1400000US06037310704,3549,402,224,132,0,14,0,14,0,14,0,14,0,14,0,14,79,85,0,14,49,82,137,197,14,29,37,42,0,14,46,69,571,191,67,83,210,137,135,73,372,159,1072,290,352,186,138,91,46,54
1400000US06037310705,1884,343,70,52,0,14,0,14,0,14,0,14,25,39,12,20,33,34,0,14,0,14,0,14,22,35,100,97,0,14,25,38,194,102,0,14,116,122,127,73,176,166,724,211,165,85,77,44,18,27
1400000US06037310800,4070,591,130,173,0,19,0,19,0,19,0,19,23,38,0,19,0,19,0,19,0,19,0,19,0,19,27,45,62,98,80,107,533,200,41,45,435,215,741,276,169,132,1343,513,419,146,35,40,32,52
1400000US06037310900,5119,550,130,101,0,19,0,19,0,19,0,19,26,39,0,19,0,19,25,32,0,19,11,17,0,19,81,108,34,41,20,28,829,293,26,28,380,180,1024,301,603,275,1333,338,566,185,31,45,0,19
1400000US06037311000,2714,327,76,59,0,14,0,14,0,14,0,14,0,14,0,14,0,14,0,14,12,23,35,51,9,14,0,14,30,28,103,76,521,241,108,76,123,76,433,186,227,92,819,202,143,73,29,36,46,47
1400000US06037311100,2906,523,2,6,0,14,0,14,0,14,0,14,0,14,14,20,0,14,0,14,0,14,0,14,5,9,52,38,56,51,86,56,413,145,31,27,171,110,445,130,307,134,1059,411,180,108,19,22,66,50
1400000US06037311200,2426,423,3,7,0,14,20,31,0,14,4,10,0,14,0,14,0,14,6,9,14,19,9,14,0,14,14,22,14,21,11,13,599,204,26,22,175,72,420,225,317,130,452,126,230,99,73,58,39,34
1400000US06037311300,2902,559,0,14,0,14,0,14,0,14,0,14,0,14,0,14,0,14,0,14,19,22,0,14,0,14,51,43,0,14,71,67,287,110,37,36,328,157,223,103,359,263,1026,252,408,220,71,53,22,23
1400000US06037311400,1750,212,34,33,0,14,0,14,0,14,0,14,0,14,0,14,0,14,0,14,0,14,0,14,0,14,0,14,0,14,4,7,178,83,33,33,172,90,318,141,147,65,537,132,249,70,78,48,0,14
1400000US06037311500,4342,541,17,23,0,19,0,19,0,19,0,19,0,19,15,26,11,19,22,37,1,20,0,19,0,19,19,33,17,26,11,19,557,176,33,39,228,113,450,225,498,242,1241,254,1049,356,94,76,79,61
1400000US06037311601,1849,539,0,14,0,14,0,14,0,14,0,14,0,14,0,14,23,37,0,14,0,14,24,37,0,14,0,14,16,26,0,14,315,261,5,11,149,121,351,229,84,62,560,140,279,147,43,56,0,14
1400000US06037311602,3443,510,17,28,0,14,0,14,0,14,0,14,0,14,0,14,0,14,0,14,0,14,0,14,0,14,0,14,0,14,13,23,418,176,127,76,228,146,351,185,337,156,1230,339,556,264,105,86,61,59
1400000US06037311700,4636,702,1,3,0,19,0,19,0,19,0,19,18,29,0,19,0,19,27,46,13,24,9,21,6,16,0,19,16,36,152,75,569,318,25,41,305,182,618,222,247,122,1890,516,636,251,84,68,20,33
1400000US06037311801,2121,314,19,24,0,14,0,14,0,14,0,14,50,52,0,14,0,14,0,14,0,14,0,14,8,15,0,14,29,32,23,35,578,255,30,32,88,75,120,71,289,167,539,153,304,112,44,50,0,14
1400000US06037311802,2996,671,48,47,0,14,0,14,0,14,0,14,0,14,44,46,0,14,50,43,0,14,6,10,0,14,86,119,45,55,49,54,298,126,13,18,247,227,488,143,147,87,1062,611,186,125,227,228,0,14
1400000US06037320101,2438,369,155,89,23,29,0,14,9,14,0,14,47,42,0,14,0,14,179,124,0,14,6,10,27,34,49,42,48,39,36,37,650,185,35,32,88,46,450,169,135,66,215,96,249,127,28,45,9,16
1400000US06037320102,2516,571,93,51,0,14,0,14,0,14,26,39,47,70,17,28,0,14,188,163,10,15,20,31,123,74,76,63,35,45,133,81,738,219,31,28,86,47,232,110,91,60,491,272,57,42,14,15,8,13
1400000US06037320201,2717,598,302,155,0,14,0,14,0,14,0,14,46,48,72,66,143,121,164,99,0,14,21,35,96,107,132,88,220,131,181,87,626,373,104,91,60,43,256,140,55,56,118,71,97,103,0,14,24,35
1400000US06037320202,4156,719,389,194,0,19,21,33,0,19,0,19,35,40,41,45,14,22,325,149,23,38,69,66,243,269,84,87,25,21,438,228,1029,306,54,49,140,68,551,185,183,80,346,124,112,83,21,28,13,21
1400000US06037320300,4537,738,224,99,0,19,0,19,14,22,89,140,93,104,15,25,43,56,174,132,88,91,20,28,160,111,133,101,99,79,356,147,1045,243,213,134,391,267,659,374,91,59,424,174,170,99,12,21,24,29
1400000US06037400205,1740,235,13,16,0,14,0,14,0,14,0,14,0,14,0,14,0,14,0,14,0,14,0,14,0,14,0,14,9,15,50,59,76,48,0,14,36,35,63,46,112,86,585,125,384,116,255,98,157,92
1400000US06037400206,3800,586,40,24,0,19,0,19,44,67,5,11,0,19,0,19,17,27,76,87,0,19,0,19,28,33,47,61,18,19,18,21,245,116,46,44,97,49,387,158,282,91,1258,326,587,127,271,142,334,133
1400000US06037400207,2997,310,45,39,0,14,0,14,0,14,0,14,0,14,0,14,0,14,0,14,0,14,22,20,0,14,0,14,3,7,45,61,382,122,39,31,234,70,534,210,248,108,909,151,388,107,118,74,30,23
1400000US06037400208,1069,186,10,13,0,14,0,14,0,14,0,14,0,14,0,14,0,14,0,14,0,14,0,14,0,14,11,17,15,17,14,21,145,54,26,31,82,40,139,76,115,52,262,95,215,80,35,26,0,14
1400000US06037400209,3469,516,20,26,0,14,0,14,0,14,12,18,0,14,0,14,53,84,0,14,0,14,0,14,34,34,0,14,0,14,18,21,396,149,19,29,159,66,245,171,284,202,1383,296,440,139,258,108,148,77
1400000US06037400304,5913,906,153,96,0,19,0,19,11,17,0,19,0,19,0,19,4,11,3,13,0,19,5,9,6,11,0,19,0,19,16,20,1019,397,53,67,504,244,1098,424,372,230,1056,372,1212,624,246,202,155,104
1400000US06037400402,2911,373,33,32,0,14,0,14,0,14,0,14,0,14,0,14,0,14,5,8,6,10,0,14,32,48,10,16,0,14,73,57,392,152,37,34,209,89,456,148,242,114,776,226,417,187,42,26,181,97
1400000US06037400403,2846,527,90,92,0,14,0,14,0,14,0,14,0,14,9,16,0,14,45,77,0,14,0,14,8,17,23,27,20,24,69,52,286,144,62,53,329,199,526,235,256,169,565,123,523,151,21,26,14,17
1400000US06037400404,3073,389,127,126,0,14,0,14,0,14,0,14,0,14,0,14,0,14,0,14,6,10,0,14,9,16,0,14,0,14,10,17,582,253,36,28,80,57,264,101,367,133,819,226,545,200,77,72,151,97
1400000US06037400501,1447,266,35,47,0,14,0,14,0,14,0,14,0,14,0,14,0,14,17,19,0,14,18,22,24,25,0,14,0,14,7,8,391,227,6,9,45,30,226,60,101,52,299,76,157,61,96,68,25,17
1400000US06037400602,3190,382,150,106,0,14,0,14,0,14,0,14,22,33,0,14,15,23,34,40,0,14,27,25,264,200,53,54,21,21,81,60,747,164,51,37,245,91,323,121,275,157,529,173,269,117,51,35,33,33
1400000US06037400603,3613,578,59,51,20,30,0,14,0,14,0,14,45,62,0,14,0,14,38,41,0,14,0,14,0,14,3,6,0,14,70,60,670,512,26,34,280,120,501,173,424,131,921,223,431,169,62,46,63,47
1400000US06037400605,4802,559,69,53,0,19,0,19,0,19,0,19,16,25,0,19,0,19,50,46,0,19,42,64,13,22,11,17,76,69,36,42,1062,236,49,50,265,120,494,190,416,139,1210,309,714,328,192,100,87,91
1400000US06037400801,4157,488,43,39,0,19,0,19,0,19,0,19,0,19,28,46,11,18,0,19,10,18,0,19,156,174,19,31,17,26,2,6,393,129,37,35,508,200,648,261,451,158,1003,261,635,198,93,82,103,78
1400000US06037401001,1876,227,0,14,0,14,0,14,0,14,0,14,0,14,0,14,0,14,5,10,0,14,0,14,0,14,0,14,0,14,29,32,191,69,10,14,188,120,221,80,167,63,520,140,449,123,22,21,74,65
1400000US06037401002,3200,468,6,9,0,14,5,8,0,14,0,14,0,14,0,14,0,14,25,39,0,14,12,19,0,14,0,14,19,22,71,79,516,220,138,82,118,59,750,278,429,110,692,226,325,97,22,36,72,58
1400000US06037401101,3667,398,63,68,25,39,0,19,0,19,0,19,13,22,0,19,3,7,0,19,0,19,13,20,121,127,16,19,5,9,122,84,596,214,26,30,419,159,753,234,240,106,820,255,332,127,63,61,37,51
1400000US06037401102,2464,376,11,16,0,14,0,14,0,14,0,14,7,11,0,14,0,14,35,32,8,3,1,2,0,14,22,36,21,31,58,49,635,191,65,54,205,100,364,138,226,103,453,164,304,140,30,31,19,21
1400000US06037401201,2262,375,0,14,14,24,0,14,0,14,0,14,0,14,0,14,0,14,37,56,0,14,0,14,0,14,0,14,0,14,39,34,479,154,12,18,71,69,375,121,262,123,710,279,211,86,16,25,36,35
1400000US06037401202,3115,334,77,47,0,14,0,14,0,14,0,14,0,14,0,14,48,62,40,56,0,14,10,17,58,61,72,51,47,28,70,48,536,146,87,68,199,81,615,183,388,139,690,151,128,43,15,17,35,28
1400000US06037401203,3356,514,37,36,0,14,0,14,0,14,9,13,0,14,8,15,31,48,81,66,0,14,44,57,32,46,8,13,23,26,49,40,797,161,125,97,191,109,496,214,415,133,735,357,231,90,0,14,44,50
1400000US06037401303,1713,283,0,14,0,14,0,14,0,14,0,14,19,19,0,14,0,14,15,20,0,14,62,75,0,14,8,11,0,14,66,61,263,110,38,29,101,43,229,69,155,76,462,142,224,118,58,45,13,17
1400000US06037401304,3722,373,104,103,0,14,0,14,0,14,0,14,2,5,0,14,0,14,8,17,0,14,0,14,29,34,8,19,28,43,70,87,561,278,7,18,164,95,481,189,204,128,1251,318,522,169,169,95,114,103
1400000US06037401311,4792,535,102,89,0,19,0,19,0,19,0,19,2,4,0,19,0,19,19,32,0,19,0,19,0,19,45,53,30,42,189,135,1266,306,117,87,539,179,528,199,499,209,966,288,415,135,75,65,0,19
1400000US06037401312,3651,426,23,29,0,14,0,14,0,14,0,14,7,12,24,36,0,14,35,49,0,14,0,14,70,62,0,14,31,30,7,12,832,227,20,30,213,113,875,286,207,88,926,204,318,109,25,36,38,32
1400000US06037401500,3849,497,61,65,0,19,0,19,0,19,0,19,0,19,0,19,26,30,0,19,21,50,0,19,23,32,25,40,74,49,99,64,799,338,85,64,316,132,619,207,232,84,803,228,558,163,65,49,43,33
1400000US06037401601,4096,485,65,81,0,19,0,19,0,19,0,19,0,19,0,19,0,19,16,28,0,19,0,19,36,37,17,26,88,77,86,75,628,214,77,100,412,222,558,199,420,168,966,357,531,117,79,65,117,103
1400000US06037401602,3809,488,26,34,0,19,0,19,0,19,0,19,0,19,0,19,0,19,9,14,9,17,41,46,0,19,5,39,31,46,76,62,723,271,104,70,180,127,894,376,338,175,841,211,322,141,186,174,24,69
1400000US06037401705,1835,190,0,14,0,14,0,14,0,14,0,14,0,14,19,32,0,14,0,14,0,14,2,8,18,31,6,9,38,58,26,28,130,65,17,19,86,48,359,143,177,72,497,105,328,93,66,36,66,48
1400000US06037401706,3297,333,46,40,0,19,5,11,0,19,0,19,15,22,6,10,0,19,6,11,0,19,0,19,9,14,3,4,52,52,78,56,695,237,65,56,156,90,752,223,232,114,715,203,401,149,53,51,8,14
1400000US06037401707,5915,798,75,75,0,19,0,19,0,19,0,19,165,136,0,19,22,47,270,148,0,19,56,78,339,320,20,26,31,38,157,112,1311,374,143,100,355,192,786,287,237,120,1131,256,570,233,26,29,221,131
1400000US06037401801,2893,501,2,2,0,14,0,14,0,14,0,14,0,14,0,14,0,14,0,14,0,14,0,14,0,14,0,14,49,56,75,76,203,100,25,28,69,44,263,94,135,75,1237,474,653,197,47,35,135,66
1400000US06037401802,2788,305,21,32,0,14,0,14,11,15,0,14,7,12,0,14,34,54,0,14,0,14,6,9,0,14,0,14,0,14,66,47,262,123,20,25,279,123,211,96,230,122,942,216,444,109,97,56,158,64
1400000US06037401901,426,144,4,6,0,14,0,14,0,14,0,14,5,8,0,14,0,14,5,8,0,14,0,14,0,14,0,14,0,14,4,6,14,14,5,7,22,27,43,23,17,23,168,70,118,84,0,14,21,26
1400000US06037401902,4849,539,56,53,0,19,0,19,0,19,0,19,22,33,0,19,0,19,56,56,0,19,0,19,3,6,0,19,20,32,17,24,401,220,180,241,152,148,431,181,195,113,1170,297,1119,310,314,151,713,203
1400000US06037402001,2830,518,131,106,0,14,0,14,0,14,0,14,0,14,0,14,0,14,49,62,0,14,0,14,47,59,11,16,0,14,37,35,564,296,74,68,169,87,591,223,254,202,562,204,240,104,23,25,78,45
1400000US06037402002,2975,369,31,46,0,14,0,14,0,14,0,14,6,12,0,14,7,13,10,16,0,14,69,67,0,14,40,43,10,17,42,43,272,112,98,73,167,74,474,206,377,161,617,144,577,147,14,17,164,101
1400000US06037402101,3259,398,140,91,0,14,0,14,0,14,9,16,21,25,0,14,15,17,76,63,19,27,0,14,54,36,119,85,114,54,132,103,998,272,92,57,359,133,349,114,202,83,432,185,64,46,64,58,0,14
1400000US06037402102,3432,400,91,62,6,5,0,14,0,14,0,14,0,14,0,14,0,14,128,84,28,43,30,33,118,102,32,25,86,70,101,90,1010,222,140,103,236,125,494,146,158,67,447,141,286,156,41,46,0,14
1400000US06037402200,5005,437,75,62,0,19,0,19,67,77,37,50,18,23,0,19,62,71,57,66,29,43,42,61,90,79,77,69,94,75,127,96,1150,257,75,74,213,105,1096,291,346,135,815,242,390,168,76,66,69,55
1400000US06037402301,3561,572,146,83,0,19,0,19,0,19,52,52,27,25,35,54,73,73,258,135,72,74,0,19,40,34,13,16,85,93,193,100,984,286,76,63,234,138,465,232,272,168,425,164,40,38,12,19,59,66
1400000US06037402303,2281,353,30,40,0,14,0,14,0,14,0,14,32,37,5,12,43,43,209,133,0,14,38,38,63,52,25,27,93,61,88,50,575,175,52,35,167,74,401,177,184,71,162,75,70,68,26,27,18,23
1400000US06037402304,2423,405,160,87,0,14,0,14,26,33,0,14,23,27,12,18,17,28,321,154,56,88,10,17,280,167,40,42,36,45,123,102,591,207,99,72,70,41,231,103,122,67,112,63,60,50,0,14,34,42
1400000US06037402403,2969,566,237,96,0,14,24,38,0,14,27,27,35,34,2,6,59,68,66,73,22,25,43,49,105,78,14,23,87,104,350,180,734,204,48,35,151,107,388,179,210,100,208,125,79,54,52,64,28,38
1400000US06037402404,76,53,0,14,0,14,0,14,0,14,0,14,0,14,0,14,0,14,0,14,0,14,0,14,0,14,0,14,0,14,0,14,2,5,0,14,0,14,9,22,24,35,32,24,5,7,0,14,4,6
1400000US06037402405,1646,214,277,158,0,14,6,8,22,30,0,14,42,59,25,28,31,38,161,86,39,34,11,15,6,8,41,29,32,33,14,21,326,106,107,54,94,53,119,60,104,82,91,49,63,48,0,14,35,35
1400000US06037402406,2985,368,190,98,0,14,0,14,0,14,9,16,18,22,22,23,0,14,229,112,0,14,40,55,105,101,107,60,30,28,128,58,733,239,43,50,360,229,231,137,168,101,539,178,33,29,0,14,0,14
1400000US06037402501,3078,400,240,117,0,19,0,19,0,19,20,32,82,87,26,30,0,19,245,117,17,27,65,70,157,127,0,19,45,47,217,99,754,199,36,28,137,80,363,128,258,134,314,117,7,11,10,15,85,104
1400000US06037402503,2902,575,184,139,0,14,0,14,0,14,33,43,6,45,0,14,27,36,257,135,5,9,18,30,219,169,31,50,114,84,174,105,910,351,60,64,124,92,279,132,77,54,311,230,73,84,0,14,0,14
1400000US06037402504,1720,282,178,90,0,14,0,14,13,20,0,14,52,40,23,37,6,9,87,53,17,22,22,25,104,84,48,78,9,11,39,36,479,143,42,37,36,37,257,121,118,58,125,63,65,50,0,14,0,14
1400000US06037402601,2003,292,135,80,0,14,0,14,0,14,20,32,0,14,0,14,17,29,63,55,0,14,51,42,44,38,36,89,54,91,146,110,458,131,120,70,79,39,272,130,153,103,269,96,62,39,14,21,10,12
1400000US06037402602,3329,727,129,85,0,14,0,14,0,14,0,14,0,14,0,14,0,14,122,132,0,14,62,93,101,102,130,125,92,84,66,57,488,202,24,56,210,169,338,166,734,456,570,190,214,152,26,25,23,28
1400000US06037402702,3294,316,221,132,0,19,0,19,0,19,30,51,15,25,28,33,24,28,184,103,0,19,25,35,245,116,181,115,102,75,130,92,876,234,195,108,159,110,467,208,142,76,227,106,30,52,0,19,13,22
1400000US06037402703,3086,550,114,77,0,19,0,19,0,19,7,13,0,19,70,73,35,51,60,67,56,73,9,14,93,104,33,28,10,16,190,179,1005,431,54,59,104,75,405,145,236,148,430,186,116,62,45,56,14,16
1400000US06037402705,2445,340,171,86,0,14,0,14,0,14,0,14,17,18,0,14,7,12,95,80,6,9,46,41,72,52,80,42,71,62,115,52,744,307,66,64,205,72,269,83,219,97,186,62,76,41,0,14,0,14
1400000US06037402706,2313,325,79,43,0,14,0,14,4,20,3,18,4,7,0,14,0,14,101,81,0,14,80,54,69,78,0,14,28,22,107,70,404,136,18,19,318,215,428,130,300,143,272,114,89,68,9,15,0,14
1400000US06037402801,2506,362,223,120,0,14,0,14,0,14,50,48,0,14,23,37,46,55,407,189,0,14,50,57,177,99,128,111,22,35,59,54,658,278,50,54,105,74,375,222,73,60,21,23,30,31,0,14,9,15
1400000US06037402803,2148,318,260,92,0,14,0,14,13,20,8,12,54,36,64,45,11,18,143,66,49,48,59,41,118,55,29,34,62,42,85,62,563,123,26,24,145,77,183,73,125,66,128,65,15,22,8,12,0,14
1400000US06037402804,2497,317,243,103,10,25,16,37,10,15,0,14,14,19,6,9,12,20,121,75,9,14,56,52,243,226,9,15,31,35,149,89,550,145,61,32,138,60,381,154,165,79,206,95,67,49,0,14,0,14
1400000US06037402902,4614,542,183,93,0,19,4,10,33,48,58,57,118,80,46,50,32,29,287,163,32,36,28,39,106,77,26,43,133,92,218,132,1595,389,173,94,252,99,622,222,162,97,420,119,70,49,16,25,0,19
1400000US06037402903,2521,242,202,114,0,14,0,14,0,14,6,10,76,54,8,14,0,14,217,101,8,12,50,63,152,85,20,27,38,38,120,69,689,175,81,52,150,78,251,88,86,54,314,204,39,33,0,14,14,15
1400000US06037402904,2346,264,197,129,0,14,0,14,0,14,12,18,7,11,33,36,0,14,185,91,0,14,77,69,128,58,9,10,8,10,151,71,629,175,64,64,101,50,293,105,158,75,197,69,68,39,23,22,6,9
1400000US06037403000,4414,619,214,110,0,19,0,19,0,19,67,101,44,48,19,29,22,36,504,292,10,16,66,88,82,73,86,54,47,41,363,224,1132,476,127,88,207,98,590,235,222,120,511,198,64,83,18,27,19,23
1400000US06037403305,1569,189,14,15,0,14,0,14,0,14,0,14,0,14,0,14,0,14,12,19,0,14,16,15,0,14,0,14,0,14,42,36,200,79,37,21,88,65,166,75,118,57,552,119,226,83,30,24,68,33
1400000US06037403316,5464,719,245,219,0,19,14,22,0,19,0,19,0,19,0,19,0,19,96,98,0,19,0,19,0,19,40,50,32,39,22,29,520,212,65,54,220,187,604,279,851,490,2003,478,427,166,217,154,108,95
1400000US06037403317,3790,508,123,72,0,19,8,13,13,15,1,3,7,11,5,12,0,19,10,16,0,19,29,34,24,22,0,19,27,36,73,63,626,226,40,38,217,107,347,153,396,162,1114,262,499,118,152,92,79,52
1400000US06037403318,4624,570,29,38,0,19,0,19,1,4,0,19,21,34,21,34,0,19,20,31,0,19,1,9,1,3,1,3,0,19,21,30,816,323,30,38,161,91,575,235,314,189,1723,487,541,170,177,173,171,145
1400000US06037403319,3318,474,45,39,0,14,0,14,0,14,4,8,0,14,0,14,0,14,11,19,9,17,0,14,45,47,0,14,0,14,54,59,387,128,79,40,184,63,698,177,100,57,1101,260,422,98,148,134,31,29
1400000US06037403320,4052,457,38,34,0,19,0,19,0,19,0,19,0,19,8,15,0,19,18,26,10,16,7,11,27,30,0,19,21,33,27,26,435,169,129,122,87,57,387,138,387,123,1418,258,687,186,155,87,211,96
1400000US06037403321,3783,440,76,57,0,14,0,14,0,14,19,31,0,14,0,14,0,14,12,19,0,14,0,14,37,60,41,47,0,14,34,35,425,153,32,37,194,117,504,230,509,219,1032,225,610,187,95,75,163,91
1400000US06037403323,3976,543,108,75,10,14,0,19,0,19,0,19,0,19,0,19,12,29,0,19,0,19,7,13,35,34,11,29,16,18,192,171,367,105,74,81,225,136,353,118,195,105,1638,329,526,206,122,90,85,50
1400000US06037403324,4787,676,175,232,0,19,0,19,0,19,0,19,0,19,0,19,0,19,20,31,102,121,31,56,37,67,128,135,58,92,77,54,577,270,65,55,123,85,343,138,171,84,1810,390,537,196,326,154,207,147
1400000US06037403325,3227,425,30,30,0,14,0,14,0,14,0,14,0,14,0,14,0,14,23,28,0,14,12,15,12,19,17,27,3,7,95,95,556,198,69,46,207,109,321,149,280,119,957,207,451,118,70,44,124,83
1400000US06037403326,1667,212,33,26,0,14,0,14,0,14,0,14,0,14,0,14,0,14,6,9,7,12,0,14,0,14,0,14,16,18,27,26,282,105,78,46,188,134,169,60,173,58,452,93,152,59,33,24,51,37
1400000US06037403327,1865,197,70,46,0,14,0,14,0,14,11,17,0,14,6,9,0,14,14,18,0,14,8,12,6,11,21,26,8,14,32,48,413,113,55,60,105,48,359,116,143,85,400,99,175,108,7,13,32,27
1400000US06037403328,3831,387,163,79,0,19,0,19,0,19,0,19,0,19,0,19,0,19,6,14,0,19,0,19,55,58,0,19,23,29,112,91,662,221,62,54,116,57,502,193,391,134,1169,202,431,129,34,31,105,52
1400000US06037403401,3253,322,22,25,12,20,0,14,0,14,0,14,0,14,0,14,0,14,20,30,0,14,0,14,65,69,0,14,61,73,136,100,774,240,39,39,119,79,251,100,341,138,960,220,382,159,47,32,24,26
1400000US06037403402,2457,277,30,30,0,14,0,14,0,14,12,18,0,14,0,14,0,14,17,27,0,14,15,23,9,14,5,8,0,14,34,34,401,179,31,32,172,98,176,77,280,136,870,186,269,108,96,60,40,27
1400000US06037403403,3810,487,94,96,0,19,0,19,0,19,8,13,0,19,0,19,9,17,18,28,0,19,0,19,0,19,11,18,20,23,37,30,264,107,8,13,117,58,362,169,379,302,1711,269,525,129,220,108,27,21
1400000US06037403404,1574,194,15,16,0,14,0,14,0,14,0,14,0,14,11,15,0,14,38,36,0,14,0,14,0,14,0,14,0,14,0,14,182,71,0,14,42,24,118,66,131,54,681,110,214,65,78,40,64,35
1400000US06037403407,1777,278,9,12,0,14,0,14,0,14,0,14,5,7,0,14,0,14,0,14,0,14,0,14,17,18,0,14,0,14,0,14,212,89,7,11,19,21,141,61,104,43,752,178,398,144,60,37,53,41
1400000US06037403408,4695,459,154,111,0,19,0,19,0,19,0,19,8,14,12,19,0,19,17,21,12,17,0,19,0,19,0,19,0,19,62,40,501,195,26,25,248,97,628,188,483,124,1719,301,540,137,102,64,183,143
1400000US06037403409,2837,273,75,64,0,14,0,14,0,14,0,14,0,14,0,14,0,14,6,9,10,19,3,5,0,14,0,14,23,25,18,23,356,121,55,37,122,66,296,83,201,72,950,214,399,128,226,107,97,49
1400000US06037403500,1137,242,27,33,0,14,0,14,0,14,0,14,0,14,0,14,9,11,7,11,10,11,0,14,16,25,0,14,0,14,10,13,245,135,7,12,48,35,134,78,106,61,414,100,61,44,39,24,4,6
1400000US06037403601,5037,719,41,59,0,19,0,19,0,19,0,19,0,19,0,19,0,19,14,38,0,19,0,19,0,19,0,19,90,83,132,114,770,323,239,180,313,154,967,336,555,175,1211,296,340,183,103,98,262,187
1400000US06037403702,3141,532,172,114,0,14,0,14,0,14,0,14,0,14,0,14,0,14,0,14,0,14,0,14,23,28,18,26,40,35,102,53,578,207,91,54,188,80,391,140,428,260,749,188,328,143,11,18,22,28
1400000US06037403703,3357,420,166,163,0,14,0,14,0,14,9,14,2,5,0,14,0,14,13,22,38,59,6,10,4,9,26,40,40,61,87,69,522,168,48,63,157,77,618,225,386,144,857,224,316,116,34,22,28,25
1400000US06037403721,3739,537,93,81,0,19,0,19,0,19,17,30,0,19,0,19,0,19,38,32,0,19,86,80,67,73,18,30,74,76,167,109,802,298,87,47,441,164,510,211,342,139,706,263,258,132,33,34,0,19
1400000US06037403722,3490,383,29,32,0,19,0,19,0,19,0,19,0,19,0,19,0,19,51,56,24,30,51,56,0,19,16,20,50,50,179,109,1124,325,96,65,169,109,585,191,263,103,672,206,168,72,6,9,7,13
1400000US06037403801,3966,582,84,81,0,19,0,19,0,19,0,19,0,19,0,19,43,54,25,41,0,19,52,72,120,121,48,78,17,27,17,28,924,328,44,57,315,165,458,233,428,233,875,324,492,262,24,39,0,19
1400000US06037403802,4482,614,78,88,0,19,0,19,0,19,0,19,10,18,0,19,0,19,68,86,0,19,44,70,72,69,16,21,59,57,140,131,1335,322,107,76,220,107,1015,343,193,88,800,288,261,144,58,55,6,12
1400000US06037403901,2020,197,60,43,0,14,0,14,0,14,0,14,49,47,2,6,0,14,11,18,0,14,10,16,15,22,6,10,14,21,41,35,549,156,34,36,180,79,232,84,174,66,373,119,208,74,15,18,47,32
1400000US06037403902,3612,410,122,88,0,19,0,19,13,19,0,19,17,25,0,19,0,19,18,23,0,19,38,63,50,57,12,16,50,41,85,55,772,196,67,65,198,81,581,203,472,150,793,215,243,103,81,81,0,19
1400000US06037404000,3226,528,27,28,0,14,0,14,0,14,0,14,28,40,0,14,0,14,30,29,0,14,0,14,25,36,71,69,41,36,112,70,701,173,80,44,249,97,435,169,328,102,825,365,264,146,10,18,0,14
1400000US06037404100,4280,632,229,113,0,19,0,19,0,19,6,10,15,22,43,69,66,62,242,145,132,148,145,109,59,56,216,173,65,60,157,99,1134,352,99,69,284,103,483,167,318,119,467,152,106,87,14,22,0,19
1400000US06037404201,2376,303,162,74,0,14,0,14,0,14,0,14,29,44,4,9,65,77,111,85,0,14,28,46,24,29,59,45,91,99,130,72,274,144,103,64,136,80,316,129,256,110,469,192,119,83,0,14,0,14
1400000US06037404203,2091,313,98,86,0,14,0,14,0,14,6,9,11,17,0,14,0,14,20,21,0,14,24,21,91,84,30,42,28,19,75,56,375,105,90,66,133,51,402,141,263,91,272,104,132,41,20,25,21,31
1400000US06037404301,3889,412,177,79,0,19,0,19,0,19,15,16,36,31,28,43,0,19,425,187,80,72,99,106,84,60,35,49,36,29,273,175,1183,264,135,79,267,126,348,130,187,114,346,184,127,79,8,14,0,19
1400000US06037404302,1480,182,13,14,0,14,0,14,7,10,0,14,28,25,0,14,26,31,102,70,41,48,27,38,34,42,27,23,22,18,51,33,346,95,39,27,170,74,179,76,95,46,208,76,52,58,13,17,0,14
1400000US06037404401,2442,348,215,165,0,14,60,71,0,14,5,7,8,13,0,14,26,27,91,74,0,14,59,56,69,55,43,59,18,27,136,100,511,201,12,17,210,122,419,159,135,72,266,104,139,86,20,26,0,14
1400000US06037404402,3271,495,192,78,0,14,0,14,0,14,7,10,47,48,22,32,19,31,51,51,0,14,61,67,17,29,27,44,40,46,162,102,671,230,86,73,238,113,623,201,409,155,461,207,90,54,10,16,38,35
1400000US06037404501,1563,259,90,55,0,14,0,14,4,14,4,15,18,24,0,14,0,14,49,41,0,14,128,118,19,31,9,15,20,22,86,48,561,154,39,44,100,50,105,51,127,74,123,72,75,57,6,9,0,14
1400000US06037404503,2168,248,85,52,0,14,0,14,0,14,10,15,6,10,0,14,25,30,133,83,4,7,35,41,59,36,34,32,29,29,106,54,412,115,88,65,119,55,293,112,160,98,393,124,130,69,29,45,18,16
1400000US06037404504,3096,511,335,155,0,14,0,14,0,14,4,9,0,14,4,8,5,13,175,99,0,14,143,101,165,167,0,14,27,29,102,75,744,337,69,48,270,183,478,266,64,68,311,141,153,112,47,48,0,14
1400000US06037404600,930,115,42,29,0,14,0,14,0,14,0,14,0,14,5,7,0,14,15,12,0,14,2,4,2,4,12,17,26,24,25,20,214,43,56,41,50,24,136,44,142,31,132,66,71,28,0,14,0,14
1400000US06037404701,3715,489,373,126,0,19,0,19,7,11,12,20,66,50,26,26,0,19,217,119,0,19,118,118,101,58,5,12,286,186,157,79,942,193,139,81,158,102,378,144,190,92,410,149,94,61,36,60,0,19
1400000US06037404702,3357,455,178,97,0,14,26,40,0,14,0,14,100,85,0,14,22,36,262,119,32,28,34,33,24,35,23,35,10,19,219,123,1034,364,57,49,100,64,331,195,147,77,700,232,49,48,9,14,0,14
1400000US06037404703,2116,353,131,67,0,14,9,14,0,14,21,25,50,57,0,14,23,26,132,69,22,31,9,14,64,41,46,34,3,5,117,53,545,178,110,61,75,39,229,111,165,62,306,134,54,37,0,14,5,7
1400000US06037404804,2709,270,301,134,0,14,0,14,0,14,3,8,8,11,25,28,33,39,236,120,20,31,44,48,20,24,16,24,55,55,55,45,1049,256,46,39,183,83,212,113,115,67,252,90,32,35,0,14,4,11
1400000US06037404805,1961,394,85,66,0,14,0,14,28,37,0,14,11,18,22,19,17,18,133,100,19,27,75,38,30,47,15,23,82,66,85,49,433,138,67,51,47,29,406,176,71,49,257,136,28,33,50,46,0,14
1400000US06037404806,4030,484,414,249,0,19,0,19,13,20,0,19,96,76,5,9,25,23,275,93,11,15,89,86,70,55,20,32,130,92,133,70,1265,334,137,71,231,119,435,166,183,70,352,124,96,52,3,5,47,59
1400000US06037404901,3545,694,409,154,0,14,48,69,0,14,0,14,49,77,29,50,24,38,224,161,12,18,39,41,250,188,14,17,0,14,184,121,641,252,195,195,196,101,570,318,178,103,402,148,70,59,0,14,11,17
1400000US06037404902,2171,260,286,112,0,14,0,14,6,10,5,8,6,9,28,26,5,8,67,40,58,45,28,23,66,43,26,16,62,37,130,55,470,122,73,48,121,46,254,87,124,53,289,94,67,41,0,14,0,14
1400000US06037404903,1879,240,121,49,0,14,0,14,0,14,9,14,16,21,6,10,6,8,82,61,5,9,44,41,131,87,38,32,15,16,123,65,551,205,47,32,58,33,228,92,56,36,261,74,51,41,27,25,4,7
1400000US06037405001,3578,387,271,112,0,19,28,34,0,19,24,34,0,19,49,45,44,40,266,137,64,84,12,16,159,103,25,36,94,67,187,88,909,187,118,83,121,74,522,209,200,77,413,150,38,37,21,34,13,20
1400000US06037405002,2142,327,301,111,4,8,14,16,0,14,33,54,0,14,17,22,0,14,203,76,19,26,29,30,12,19,63,36,35,31,178,85,481,119,90,78,103,80,232,92,78,52,199,52,42,28,9,12,0,14
1400000US06037405101,3449,582,340,145,14,24,0,19,0,19,0,19,0,19,5,12,0,19,263,266,7,12,123,73,73,67,20,26,138,153,115,68,1006,302,147,79,147,88,264,135,111,74,578,232,66,41,24,28,8,15
1400000US06037405102,3694,432,472,176,0,19,7,12,0,19,21,33,37,39,8,12,25,37,106,66,8,13,29,38,154,80,35,47,73,64,156,78,979,267,94,70,191,92,564,305,308,114,340,138,75,51,0,19,12,15
1400000US06037405201,3744,528,259,111,0,19,0,19,0,19,0,19,51,50,23,25,11,17,235,134,0,19,102,79,47,46,10,16,27,30,179,94,971,289,202,173,242,131,471,164,304,119,462,163,148,83,0,19,0,19
1400000US06037405202,3011,449,129,76,23,36,32,50,0,14,0,14,23,29,32,49,0,14,257,109,58,66,107,88,71,65,12,19,11,21,158,84,725,187,133,84,105,69,503,233,243,145,358,141,25,35,0,14,6,14
1400000US06037405203,2007,200,265,128,0,14,14,23,0,14,0,14,27,32,0,14,5,8,62,51,0,14,0,14,4,6,22,24,24,27,148,77,458,133,40,35,123,56,314,122,94,46,248,82,149,73,3,12,7,9
1400000US06037405301,2052,261,99,72,0,14,0,14,0,14,0,14,0,14,10,16,0,14,27,31,11,21,68,73,96,75,32,28,112,92,116,86,461,149,57,51,89,44,353,116,93,61,271,85,135,95,7,12,15,17
1400000US06037405302,4039,560,354,225,0,19,35,37,0,19,10,16,0,19,7,15,10,17,28,25,0,19,37,45,74,76,11,17,52,46,161,121,919,273,215,125,248,125,598,217,249,126,740,222,180,69,86,76,25,25
1400000US06037405400,3412,467,277,123,0,14,0,14,0,14,0,14,7,12,0,14,8,15,90,67,65,75,105,86,15,27,67,58,95,62,68,56,764,274,67,49,350,164,352,144,257,105,407,185,370,258,19,24,29,42
1400000US06037405500,4381,597,246,116,0,19,0,19,0,19,0,19,18,28,0,19,8,14,107,93,7,11,55,62,148,100,68,55,63,58,81,83,1227,363,146,136,320,134,527,192,463,160,711,167,128,72,14,16,44,43
1400000US06037405600,4322,590,125,68,0,19,36,56,0,19,0,19,0,19,0,19,0,19,45,33,18,28,133,177,33,29,117,107,5,18,123,74,1019,352,88,75,373,122,507,175,375,142,987,354,293,118,34,28,11,13
1400000US06037405701,2445,368,81,56,0,14,0,14,0,14,0,14,9,20,8,15,0,14,44,44,33,40,0,14,62,68,0,14,21,26,67,59,649,212,64,53,180,119,495,174,171,99,507,204,27,26,0,14,27,42
1400000US06037405702,3629,501,162,103,0,19,0,19,15,23,0,19,0,19,0,19,81,72,88,67,16,26,24,38,138,118,53,44,34,33,94,68,905,485,37,46,238,114,497,151,303,100,699,154,225,98,0,19,20,25
1400000US06037405800,3902,653,139,98,0,19,0,19,0,19,0,19,0,19,4,6,0,19,98,67,2,3,13,21,86,80,10,17,16,25,338,163,883,285,65,53,303,145,545,135,346,148,561,143,425,241,28,44,40,52
1400000US06037405900,2993,351,179,95,0,14,0,14,0,14,0,14,9,14,10,17,0,14,84,121,22,36,24,39,17,19,9,14,87,86,63,54,961,258,111,67,95,59,458,203,254,106,406,151,155,70,29,34,20,26
1400000US06037406000,3729,528,148,88,0,19,0,19,0,19,0,19,59,50,3,5,0,19,136,179,28,43,70,62,144,114,64,62,53,51,60,56,914,252,147,77,309,97,490,149,429,197,388,116,272,106,0,19,15,23
1400000US06037406101,2496,415,21,35,0,14,9,15,0,14,0,14,8,12,0,14,9,15,6,12,0,14,0,14,0,14,19,22,32,45,124,106,545,168,28,27,113,47,664,294,260,94,426,154,232,99,0,14,0,14
1400000US06037406103,5241,604,76,33,0,19,0,19,0,19,18,35,0,19,23,36,0,19,81,65,13,22,12,27,121,94,54,62,70,74,170,149,1008,295,185,133,531,231,1054,260,370,138,1209,260,180,88,58,71,8,13
1400000US06037406201,2441,429,45,55,0,14,0,14,0,14,52,70,48,57,18,29,0,14,167,137,0,14,106,83,39,47,12,19,42,42,202,101,387,134,32,31,99,62,349,133,242,102,466,132,80,64,23,33,32,48
1400000US06037406300,4291,484,16,24,0,19,0,19,0,19,0,19,13,21,14,21,14,22,0,19,0,19,0,19,62,66,0,19,8,14,89,67,705,295,16,27,314,179,734,261,440,148,1228,263,374,166,117,88,147,198
1400000US06037406413,5249,541,167,114,0,19,0,19,0,19,0,19,84,100,0,19,0,19,113,105,51,71,45,42,73,76,15,23,26,21,228,149,1002,287,159,117,343,130,808,244,622,157,1165,277,157,75,140,106,51,40
1400000US06037406500,5768,595,405,242,0,19,0,19,2,24,0,19,7,12,6,14,0,19,148,133,0,19,0,19,8,15,27,47,64,71,331,154,1556,498,68,61,651,255,769,247,445,174,1021,316,211,126,25,42,24,39
1400000US06037406601,3692,370,158,69,0,19,0,19,0,19,0,19,0,19,10,17,32,37,14,20,0,19,23,37,64,49,7,11,23,27,72,61,827,215,87,63,334,148,521,162,556,171,762,170,134,81,50,44,18,23
1400000US06037406602,3546,668,293,198,0,14,0,14,0,14,0,14,0,14,0,14,27,41,87,124,18,28,16,26,30,29,29,27,86,74,93,79,1168,576,65,41,156,104,548,192,294,115,491,144,71,43,52,52,22,21
1400000US06037406701,2222,452,58,49,0,14,0,14,0,14,24,36,107,128,0,14,0,14,20,19,5,8,2,3,35,48,0,14,25,19,27,24,586,162,47,39,56,30,463,154,221,79,362,120,117,79,25,23,42,66
1400000US06037406702,4665,574,193,105,0,19,0,19,0,19,0,19,11,19,8,13,20,34,101,67,0,19,27,31,53,55,0,19,96,104,164,108,1160,324,121,97,254,134,609,215,259,118,1174,334,371,203,34,36,10,17
1400000US06037406801,3506,585,83,65,10,17,0,14,0,14,0,14,20,24,29,44,36,39,72,85,0,14,30,46,39,38,51,47,44,47,156,79,961,281,141,115,105,67,619,216,280,166,650,169,159,78,4,6,17,16
1400000US06037406903,4992,559,282,143,0,19,0,19,0,19,21,32,137,107,4,7,0,19,39,62,43,59,29,39,69,74,53,52,67,52,439,248,1297,405,271,177,267,140,666,234,336,161,848,328,120,94,4,8,0,19
1400000US06037407001,4195,710,394,237,16,27,15,19,29,47,6,10,41,45,0,19,0,19,173,132,15,24,180,99,94,73,68,51,70,66,149,99,1434,505,22,26,188,98,525,190,336,184,347,188,88,70,0,19,5,11
1400000US06037407002,2530,326,342,120,0,14,0,14,0,14,0,14,20,31,0,14,25,28,72,51,16,19,94,76,56,44,35,31,173,95,87,44,743,175,82,55,238,83,205,99,111,68,134,67,81,50,13,20,3,10
1400000US06037407101,2978,554,342,117,0,14,0,14,0,14,0,14,15,21,156,235,27,30,127,90,31,45,35,30,68,57,19,23,24,19,136,66,851,239,93,81,184,161,321,157,179,105,268,114,50,33,17,25,35,54
1400000US06037407102,4023,542,380,131,0,19,18,27,0,19,0,19,40,41,0,19,102,139,281,147,111,85,119,71,162,118,180,133,132,126,203,114,799,221,75,64,232,131,458,186,305,114,331,152,56,47,9,14,30,43
1400000US06037407201,2393,405,150,78,0,14,42,36,0,14,18,28,91,103,47,42,49,64,103,59,5,9,41,30,121,95,29,24,74,49,98,63,505,137,104,73,106,67,290,111,139,90,269,99,89,80,0,14,23,37
1400000US06037407202,2351,480,163,83,0,14,0,14,0,14,19,30,29,36,25,34,7,12,134,114,26,28,250,264,45,41,106,70,44,44,200,118,508,155,100,86,96,47,87,46,238,104,232,79,37,29,5,9,0,14
1400000US06037407301,2643,377,135,74,0,14,11,18,0,14,6,11,5,11,0,14,1,2,69,57,0,14,27,26,18,25,62,55,54,54,151,87,692,149,135,69,205,76,481,166,138,71,450,201,3,15,0,14,0,14
1400000US06037407302,2331,330,157,89,0,14,25,36,0,14,25,36,5,8,0,14,55,33,107,51,6,9,44,32,65,56,23,20,172,146,169,69,547,145,35,25,187,85,362,125,178,68,99,63,62,38,0,14,8,11
1400000US06037407400,1233,198,69,42,0,14,0,14,0,14,0,14,29,31,40,65,3,11,8,12,0,14,27,29,5,10,2,6,18,21,9,14,282,136,0,14,113,64,163,85,106,99,317,107,42,36,0,14,0,14
1400000US06037407501,2638,550,183,120,0,14,0,14,0,14,4,6,10,18,24,37,53,59,124,100,9,19,82,63,122,91,82,75,66,59,136,78,717,207,40,53,219,106,247,90,140,74,310,123,70,68,0,14,0,14
1400000US06037407502,2602,267,186,84,0,14,13,20,0,14,12,17,23,24,25,34,13,22,88,69,2,4,57,46,89,50,41,35,28,32,159,62,763,173,62,35,211,70,334,128,214,80,199,65,63,37,13,15,7,9
1400000US06037407601,2760,395,197,125,0,14,0,14,0,14,11,17,0,14,13,21,34,55,174,126,10,16,207,155,108,76,28,28,59,77,85,68,834,278,85,76,206,103,327,143,111,77,220,90,41,33,0,14,10,16
1400000US06037407602,2720,393,133,63,0,14,28,34,0,14,19,30,34,31,5,12,8,12,120,81,12,19,41,39,110,57,14,18,133,117,174,86,804,150,71,34,153,76,306,115,201,95,261,95,89,62,4,6,0,14
1400000US06037407701,2915,285,322,165,0,14,0,14,0,14,9,16,18,18,84,90,0,14,282,118,87,75,145,123,87,88,20,30,37,38,150,84,839,250,86,61,171,89,168,86,101,61,281,149,15,19,13,15,0,14
1400000US06037407702,4938,709,608,342,0,19,0,19,0,19,0,19,76,60,0,19,23,25,226,225,9,18,62,52,52,48,42,45,45,54,349,305,1299,243,182,85,256,110,474,185,306,217,635,167,250,143,44,53,0,19
1400000US06037407801,3160,425,104,85,0,14,24,34,25,39,0,14,0,14,0,14,37,54,73,62,0,14,48,47,55,70,47,59,106,64,260,152,679,199,301,133,157,122,462,191,226,107,449,182,107,64,0,14,0,14
1400000US06037407802,2256,254,195,82,0,14,0,14,0,14,0,14,4,8,37,38,0,14,26,25,23,25,18,18,22,34,30,39,49,51,178,69,430,138,72,39,311,127,255,83,220,85,251,76,121,75,0,14,14,22
1400000US06037407901,2742,520,188,133,0,14,0,14,20,26,18,26,5,9,0,14,22,26,94,65,24,40,18,22,33,51,20,27,39,40,306,141,647,202,35,48,267,115,242,128,238,128,439,133,82,39,5,8,0,14
1400000US06037407902,1363,226,163,114,0,14,0,14,0,14,0,14,0,14,0,14,18,27,41,33,19,21,20,26,0,14,0,14,0,14,23,26,162,63,37,46,140,73,159,64,177,89,342,118,53,33,9,13,0,14
1400000US06037408003,3338,474,290,158,0,14,0,14,0,14,0,14,48,47,36,35,38,36,32,49,33,52,57,41,222,252,109,82,16,27,133,88,489,151,66,44,141,73,362,125,404,177,524,141,276,94,47,45,15,17
1400000US06037408004,1776,431,41,40,0,14,0,14,0,14,0,14,0,14,0,14,0,14,0,14,9,14,0,14,17,25,8,12,0,14,50,51,324,133,34,27,85,44,202,88,148,66,444,103,331,253,75,80,8,12
1400000US06037408005,3723,381,28,30,0,19,4,7,0,19,0,19,22,27,0,19,0,19,14,20,0,19,13,19,55,62,0,19,75,58,33,32,566,244,108,58,171,76,605,291,268,108,1203,238,450,137,78,63,30,28
1400000US06037408006,2502,317,55,42,0,14,0,14,0,14,0,14,44,51,0,14,0,14,45,48,0,14,33,55,26,39,0,14,14,21,44,45,608,218,46,50,122,66,383,143,246,160,632,175,146,65,29,33,29,26
1400000US06037408133,4142,669,315,126,55,66,0,19,0,19,0,19,9,16,10,20,0,19,142,121,16,28,68,82,76,63,17,21,8,25,140,92,863,398,119,80,223,87,640,208,389,200,768,187,186,96,56,44,42,38
1400000US06037408134,2169,349,62,45,13,17,0,14,0,14,21,25,0,14,7,10,0,14,0,14,0,14,4,7,10,16,25,25,24,39,96,70,300,124,18,21,164,61,216,114,280,94,567,145,270,136,74,36,18,19
1400000US06037408135,3272,752,107,78,0,14,0,14,8,12,60,81,0,14,10,19,0,14,21,24,0,14,36,45,14,23,0,14,83,85,62,39,416,148,70,55,137,62,311,127,631,359,1059,424,187,82,26,24,34,33
1400000US06037408136,2562,246,19,24,0,14,8,14,0,14,0,14,0,14,0,14,0,14,43,43,0,14,0,14,0,14,27,34,21,26,55,47,738,231,146,97,111,72,250,129,207,98,640,166,232,103,41,53,24,35
1400000US06037408137,2987,427,105,53,0,14,0,14,0,14,0,14,0,14,2,7,0,14,0,14,0,14,0,14,30,34,4,8,99,65,75,60,888,241,125,114,96,63,393,146,280,135,659,219,207,153,13,20,11,20
1400000US06037408138,3486,411,196,121,0,14,0,14,0,14,23,38,28,38,0,14,18,31,235,114,16,26,36,42,89,55,28,39,100,79,268,132,1147,243,9,18,44,47,701,287,210,157,332,123,6,12,0,14,0,14
1400000US06037408139,2774,450,329,115,23,24,0,14,0,14,11,20,40,45,18,28,9,14,326,203,14,16,82,65,45,55,3,5,65,51,138,69,732,165,79,64,139,63,192,82,152,63,289,99,64,36,6,10,18,28
1400000US06037408140,2066,387,279,165,0,14,0,14,0,14,8,10,9,9,29,35,0,14,153,97,0,14,42,36,75,56,10,15,17,15,92,45,731,201,131,87,58,44,138,100,107,69,119,68,68,54,0,14,0,14
1400000US06037408141,2694,379,246,119,0,14,0,14,40,51,18,30,85,67,11,22,24,37,162,96,58,81,35,42,80,51,57,49,69,53,101,77,646,216,36,36,104,78,417,208,170,77,299,146,25,27,11,19,0,14
1400000US06037408212,3479,536,120,85,0,14,0,14,0,14,0,14,32,34,43,62,51,53,76,58,29,44,0,14,0,14,46,36,43,52,152,76,750,259,18,26,122,71,364,144,321,124,890,325,357,111,29,40,36,34
1400000US06037408213,4164,484,182,106,45,70,0,19,0,19,0,19,0,19,21,26,7,11,0,19,31,50,6,11,41,43,0,19,8,13,171,84,1437,368,82,78,172,76,528,177,359,125,747,202,209,111,104,78,14,16
1400000US06037408301,3886,557,385,193,0,19,0,19,80,121,8,12,19,23,13,21,9,18,260,156,40,57,14,21,186,188,44,38,144,78,248,143,1074,330,32,31,158,76,289,103,218,96,366,140,204,111,75,96,20,24
1400000US06037408302,2148,239,111,77,0,14,0,14,11,18,0,14,11,19,16,28,25,40,55,51,29,46,0,14,91,89,11,18,88,69,111,71,444,144,71,51,97,55,250,111,173,84,346,109,140,82,23,24,45,53
1400000US06037408303,2898,535,96,90,0,14,0,14,0,14,0,14,0,14,12,21,0,14,12,16,11,18,19,23,69,59,28,33,65,65,26,28,841,278,68,60,94,60,367,239,326,126,740,189,99,71,13,22,12,18
1400000US06037408401,3217,604,86,53,0,14,0,14,2,7,10,16,21,34,0,14,46,48,55,49,0,14,14,21,14,21,18,23,33,30,173,134,916,271,204,144,165,98,488,162,380,151,464,150,99,70,20,24,9,16
1400000US06037408402,4853,621,173,81,0,19,0,19,0,19,0,19,8,12,0,19,5,8,47,54,34,54,85,105,36,30,29,51,13,15,85,77,1333,373,101,72,201,78,1060,359,468,185,660,173,389,121,57,49,69,98
1400000US06037408503,4957,727,161,85,8,12,0,19,0,19,0,19,0,19,12,21,5,12,24,31,0,19,16,25,6,10,10,15,83,71,102,85,978,307,86,66,193,90,550,220,368,154,1429,331,728,297,107,70,91,49
1400000US06037408504,3724,489,101,64,33,38,0,19,0,19,0,19,0,19,28,45,0,19,203,156,76,88,0,19,144,95,64,59,16,21,81,53,715,195,33,34,222,104,574,233,431,161,666,180,234,86,48,47,55,45
1400000US06037408505,1897,221,74,44,0,14,0,14,0,14,0,14,0,14,4,6,6,9,36,40,0,14,0,14,0,14,32,23,1,7,32,26,366,121,61,37,109,39,287,104,229,82,528,107,89,43,11,12,32,23
1400000US06037408623,2198,270,66,46,0,14,0,14,0,14,0,14,0,14,0,14,4,7,27,30,9,15,21,27,28,31,17,23,3,5,18,16,346,110,15,12,79,33,285,102,266,156,636,150,293,108,62,31,23,16
1400000US06037408624,2601,313,88,69,0,14,0,14,0,14,0,14,0,14,18,22,0,14,0,14,0,14,0,14,0,14,43,46,0,14,61,49,574,211,18,26,53,43,249,112,275,132,967,247,146,65,66,70,43,42
1400000US06037408625,2935,335,20,23,0,14,0,14,0,14,0,14,71,111,0,14,18,22,45,53,0,14,9,14,0,14,0,14,7,11,30,31,398,147,36,34,132,67,394,138,265,111,903,209,523,187,33,27,51,65
1400000US06037408626,3080,494,57,57,0,14,0,14,0,14,0,14,0,14,20,30,15,25,90,135,0,14,18,23,0,14,18,20,0,14,107,67,532,186,0,14,53,43,376,138,267,122,1010,327,331,103,133,119,53,42
1400000US06037408627,2155,251,29,20,0,14,0,14,0,14,0,14,0,14,0,14,0,14,9,15,14,21,9,10,32,38,0,14,10,14,60,44,448,114,0,14,93,62,320,152,178,67,603,148,258,98,62,41,30,22
1400000US06037408628,3934,438,241,178,0,19,0,19,0,19,0,19,0,19,15,24,0,19,6,11,7,12,63,46,0,19,0,19,16,22,131,149,451,143,68,52,135,67,411,149,204,98,1408,243,560,161,124,86,94,76
1400000US06037408629,2291,225,44,40,0,14,0,14,0,14,0,14,0,14,0,14,38,34,0,14,0,14,0,14,14,21,0,14,9,11,7,11,434,98,39,32,143,50,329,99,228,74,690,164,213,75,58,44,45,36
1400000US06037408631,3823,673,136,112,0,19,0,19,0,19,0,19,54,52,0,19,0,19,36,35,0,19,9,15,99,69,61,45,70,88,191,81,855,199,381,203,161,120,859,608,279,106,398,172,137,78,65,55,32,36
1400000US06037408703,4237,374,182,99,0,19,0,19,0,19,0,19,0,19,0,19,0,19,14,27,0,19,83,76,30,37,27,33,61,60,111,71,597,216,83,71,158,62,359,113,257,107,1592,280,383,99,245,122,55,54
1400000US06037408705,4165,561,162,161,0,19,0,19,0,19,0,19,100,166,0,19,0,19,135,157,2,8,27,31,10,15,7,10,54,63,104,56,855,251,87,66,379,189,543,254,356,101,992,306,250,106,78,54,24,37
1400000US06037408707,5096,490,120,84,0,19,0,19,0,19,0,19,0,19,0,19,0,19,0,19,40,47,29,22,78,82,0,19,13,22,167,100,488,246,65,61,261,164,525,232,551,171,1697,341,806,236,41,47,215,135
1400000US06037408722,3398,483,186,131,0,14,0,14,35,59,0,14,10,16,8,15,0,14,43,44,0,14,47,39,97,96,0,14,0,14,158,94,875,254,117,98,49,55,563,213,312,155,634,191,184,106,58,54,22,25
1400000US06037408724,3410,436,113,79,0,19,0,19,0,19,0,19,7,11,35,56,98,83,128,102,26,42,11,18,330,231,85,69,23,38,178,133,1040,236,111,71,196,123,325,128,152,102,462,195,77,53,13,20,0,19
1400000US06037408725,4674,503,335,152,0,19,0,19,0,19,0,19,0,19,0,19,5,9,51,54,0,19,8,12,103,132,29,37,0,19,151,62,1190,284,52,43,162,84,524,162,425,172,1343,339,205,92,66,56,25,30
1400000US06037408800,3067,441,174,80,0,14,0,14,0,14,10,18,27,30,0,14,52,43,68,47,66,56,34,38,41,40,93,56,47,46,233,203,644,195,22,24,178,114,418,176,175,97,632,170,139,61,8,15,6,12
1400000US06037408900,4266,450,37,47,0,19,0,19,19,30,4,12,19,19,0,19,0,19,106,99,0,19,0,19,20,20,19,16,129,157,123,93,892,247,117,80,325,121,754,245,427,252,831,254,354,130,29,34,61,103
1400000US06037409000,5364,971,191,132,0,19,0,19,0,19,4,8,0,19,24,40,31,41,142,118,19,30,0,19,214,167,79,69,176,146,411,206,1190,528,57,67,339,167,1084,663,453,202,669,252,243,242,14,24,24,38
1400000US06037409100,3801,424,194,132,0,19,5,11,0,19,36,44,6,10,17,14,103,55,313,158,6,10,68,74,29,48,119,104,46,48,228,112,804,225,119,81,154,78,531,198,310,116,589,161,120,56,0,19,4,6
1400000US06037430003,3765,632,0,14,0,14,0,14,0,14,0,14,0,14,0,14,0,14,8,14,0,14,138,208,0,14,0,14,58,39,96,57,633,250,51,58,213,137,595,184,394,112,1043,343,444,142,55,35,37,39
1400000US06037430004,2753,305,82,59,0,14,0,14,11,20,0,14,0,14,0,14,7,12,30,33,0,14,0,14,89,71,69,77,38,37,114,84,498,171,26,30,158,92,400,156,260,127,652,165,266,89,22,23,31,36
1400000US06037430005,3134,549,124,83,0,14,0,14,9,23,7,15,0,14,14,20,17,28,40,36,0,14,0,14,0,14,28,36,0,14,81,74,634,174,93,62,171,77,339,116,138,81,1125,454,142,93,114,102,58,65
1400000US06037430101,4044,411,60,60,0,14,0,14,0,14,0,14,45,69,0,14,20,34,41,47,0,14,8,13,61,62,6,10,119,116,120,79,854,266,68,106,238,121,908,312,368,141,860,247,156,87,55,52,57,56
1400000US06037430102,3167,351,243,153,6,10,10,15,0,14,0,14,22,28,9,16,69,61,126,93,48,76,38,55,42,60,30,35,4,7,90,46,1216,370,34,26,168,97,249,122,162,75,340,116,225,100,0,14,36,34
1400000US06037430200,891,118,8,6,0,14,0,14,0,14,0,14,0,14,0,14,2,4,2,4,0,14,2,6,7,10,4,4,6,8,19,19,125,51,4,4,38,16,84,39,30,15,357,82,136,67,48,23,19,10
1400000US06037430301,3325,485,11,19,0,14,0,14,0,14,0,14,0,14,0,14,0,14,0,14,0,14,0,14,13,14,11,17,62,74,14,21,398,143,82,64,138,74,439,141,294,180,1181,319,450,140,120,61,112,67
1400000US06037430302,3731,386,73,92,0,14,0,14,0,14,0,14,0,14,0,14,0,14,0,14,0,14,8,13,34,41,40,53,12,17,79,76,445,198,33,35,122,82,646,209,284,112,1136,265,582,169,60,45,177,105
1400000US06037430400,3148,461,31,46,9,14,0,14,0,14,0,14,0,14,0,14,0,14,0,14,0,14,11,18,11,18,0,14,26,44,27,29,264,103,10,16,170,89,331,157,197,85,1288,365,383,115,272,160,118,72
1400000US06037430501,3236,501,42,40,0,14,0,14,0,14,0,14,0,14,0,14,0,14,0,14,0,14,8,16,0,14,0,14,16,19,7,12,238,92,0,14,91,49,407,225,291,241,1022,236,678,189,265,114,171,67
1400000US06037430502,5270,467,53,52,0,19,0,19,0,19,0,19,0,19,0,19,0,19,25,36,0,19,0,19,0,19,0,19,51,74,28,35,533,196,20,15,272,197,460,192,520,199,1573,381,1141,252,393,276,201,109
1400000US06037430600,2988,334,123,70,0,14,0,14,0,14,0,14,0,14,0,14,21,34,48,44,0,14,0,14,0,14,0,14,0,14,46,34,94,49,35,42,7,14,266,112,167,90,1304,240,604,192,143,78,130,90
1400000US06037430701,3632,490,28,44,0,14,0,14,0,14,0,14,0,14,9,14,0,14,8,13,0,14,0,14,29,32,9,13,0,14,75,53,357,137,38,37,103,51,463,233,393,210,1319,259,497,149,195,79,109,61
1400000US06037430721,2516,318,118,95,0,14,0,14,0,14,0,14,0,14,0,14,12,29,0,14,0,14,0,14,0,14,0,14,19,23,51,67,211,114,0,14,137,101,307,120,135,86,873,283,490,194,102,53,61,36
1400000US06037430723,3472,559,40,38,0,14,0,14,0,14,0,14,0,14,0,14,0,14,0,14,0,14,0,14,41,47,0,14,55,59,35,37,628,331,15,23,194,149,627,261,247,98,961,219,460,124,53,44,116,82
1400000US06037430724,3851,461,85,93,0,19,0,19,0,19,0,19,0,19,0,19,16,28,47,53,8,12,59,61,0,19,0,19,0,19,41,56,762,305,45,35,98,96,374,128,336,129,1289,303,401,148,236,148,54,41
1400000US06037430801,4731,586,80,89,45,75,0,19,0,19,0,19,0,19,0,19,0,19,0,19,0,19,39,25,63,80,50,82,0,19,55,63,1015,485,44,41,46,43,482,242,345,128,1743,407,486,159,152,112,86,79
1400000US06037430802,2861,338,24,28,0,14,0,14,0,14,0,14,0,14,0,14,0,14,0,14,0,14,0,14,42,44,0,14,9,15,130,111,203,87,0,14,82,49,294,132,127,69,1425,252,389,133,70,48,66,42
1400000US06037430803,3939,432,144,78,0,19,0,19,0,19,0,19,0,19,0,19,0,19,65,73,26,44,66,78,6,8,0,19,0,19,54,60,767,285,45,39,77,46,278,89,251,104,1366,351,534,134,128,81,132,68
1400000US06037430901,2908,285,197,95,0,14,0,14,0,14,10,18,0,14,9,13,51,80,6,10,0,14,50,46,57,45,66,92,8,14,124,61,513,158,108,55,82,42,367,93,253,94,650,216,303,92,14,16,40,28
1400000US06037430902,3572,471,77,55,0,19,0,19,0,19,0,19,0,19,12,19,5,8,34,40,0,19,21,36,45,43,22,35,0,19,60,34,551,173,69,53,163,77,553,187,409,132,960,221,457,172,111,81,23,28
1400000US06037431002,2381,239,16,24,0,14,0,14,0,14,0,14,0,14,0,14,0,14,0,14,18,18,9,14,44,48,0,14,10,15,41,39,376,107,38,31,269,119,465,129,251,89,455,116,300,99,51,38,38,31
1400000US06037431003,3177,937,171,221,0,14,10,18,0,14,0,14,0,14,0,14,0,14,13,25,0,14,0,14,0,14,0,14,0,14,104,50,815,498,11,18,47,48,388,270,246,104,838,250,420,124,27,27,87,61
1400000US06037431004,2204,210,48,46,0,14,0,14,0,14,39,61,0,14,30,36,11,24,0,14,0,14,0,14,0,14,13,21,47,73,71,73,167,78,98,69,65,43,419,142,162,88,591,146,365,117,20,23,58,44
1400000US06037431100,5083,550,151,126,0,19,0,19,0,19,19,32,29,47,97,129,38,60,254,136,0,19,118,132,68,86,39,46,132,110,170,133,1098,380,126,87,309,197,612,183,174,116,958,259,537,253,44,41,110,79
1400000US06037431200,4378,405,360,109,0,19,0,19,0,19,0,19,58,57,22,29,3,7,221,89,38,50,32,27,153,106,63,48,49,40,165,89,985,243,213,104,336,123,561,146,111,113,734,212,255,142,12,14,7,14
1400000US06037431300,1854,245,14,12,0,14,0,14,0,14,0,14,16,18,0,14,0,14,6,9,6,9,3,5,0,14,16,18,26,31,7,10,291,100,10,11,166,83,200,78,155,84,581,153,275,102,65,45,17,14
1400000US06037431400,2744,390,233,143,0,14,0,14,0,14,0,14,0,14,0,14,0,14,12,20,0,14,79,78,8,12,25,38,13,20,27,36,769,307,5,8,132,88,191,73,269,127,621,168,313,141,21,25,26,27
1400000US06037431501,2833,261,144,99,0,14,0,14,0,14,4,20,8,13,0,14,0,14,155,144,0,14,65,98,24,28,20,33,19,28,31,37,833,236,27,30,171,96,357,131,112,57,538,154,256,86,50,37,19,25
1400000US06037431502,3551,470,255,140,0,14,0,14,0,14,27,31,15,24,0,14,24,24,71,65,23,28,68,66,0,14,7,11,9,15,97,82,774,279,116,84,215,133,345,81,291,114,917,183,252,96,40,30,5,8
1400000US06037431600,2987,366,75,48,0,14,0,14,0,14,0,14,18,29,0,14,0,14,30,36,10,17,10,15,22,31,33,36,0,14,69,68,470,185,29,44,104,55,153,76,253,129,944,261,536,184,182,92,49,47
1400000US06037431701,4522,769,248,243,0,19,0,19,0,19,0,19,0,19,0,19,0,19,30,46,0,19,150,163,27,42,0,19,44,67,32,38,370,193,0,19,147,121,535,298,141,83,1736,690,796,320,198,150,68,69
1400000US06037431800,4308,584,214,153,0,19,0,19,0,19,0,19,19,31,17,27,0,19,46,42,27,31,18,28,19,30,36,43,0,19,369,360,793,257,52,61,30,30,308,113,451,185,1074,212,585,174,164,127,86,63
1400000US06037431900,2667,471,216,216,0,14,0,14,0,14,0,14,0,14,0,14,8,12,13,19,0,14,0,14,0,14,8,13,9,15,13,20,382,145,54,41,90,62,427,150,171,87,869,283,345,177,29,28,33,25
1400000US06037432001,1822,135,26,55,0,14,20,29,0,14,18,29,16,24,24,32,0,14,58,61,0,14,44,36,16,22,9,17,10,17,41,48,351,122,29,30,51,56,187,78,125,52,516,125,191,81,76,58,14,15
1400000US06037432002,3692,478,211,188,0,19,0,19,0,19,0,19,8,13,0,19,26,32,96,74,44,68,0,19,0,19,20,26,0,19,133,97,667,241,90,64,99,59,295,167,159,82,1209,302,479,214,69,53,87,60
1400000US06037432101,3476,461,170,111,0,14,0,14,0,14,0,14,24,37,12,15,0,14,26,39,1,5,48,46,18,19,31,29,16,18,174,74,509,196,136,126,155,72,638,250,123,60,938,218,382,131,50,44,25,18
1400000US06037432102,3913,379,159,97,0,19,0,19,0,19,0,19,40,51,17,31,40,39,35,33,0,19,29,31,31,39,0,19,0,19,182,97,878,190,122,78,187,81,176,77,452,141,970,214,442,171,76,55,77,48
1400000US06037432201,3666,957,428,148,0,14,0,14,0,14,0,14,23,25,20,29,0,14,40,43,18,27,12,30,35,38,0,14,0,14,78,61,1024,519,88,64,124,76,242,114,184,84,938,477,214,101,45,51,153,165
1400000US06037432202,2874,389,676,185,0,14,0,14,0,14,0,14,41,52,0,14,32,50,55,55,0,14,19,15,65,48,6,12,23,26,73,60,326,133,10,15,150,84,326,153,188,84,677,185,139,71,8,14,60,60
1400000US06037432300,2398,332,210,120,0,14,0,14,0,14,0,14,47,72,3,11,0,14,39,58,9,14,0,14,37,28,10,16,11,18,186,92,645,218,47,42,79,56,244,107,257,115,450,152,87,50,10,28,27,41
1400000US06037432401,2450,343,189,111,3,6,0,14,0,14,5,10,25,28,0,14,32,32,144,123,0,14,78,52,24,24,21,21,24,22,88,51,522,143,89,89,136,75,367,186,198,131,355,130,120,65,12,13,18,21
1400000US06037432402,3759,557,319,119,0,19,0,19,35,43,32,41,13,22,24,38,11,17,158,100,0,19,45,43,47,48,38,41,131,77,160,85,1205,440,33,41,135,72,402,183,189,91,579,181,137,75,66,51,0,19
1400000US06037432501,3147,357,171,90,0,14,11,19,7,18,0,14,8,14,0,14,11,17,46,37,0,14,61,63,8,11,23,24,113,99,177,93,647,167,100,81,374,161,268,97,298,155,578,178,172,91,48,61,26,24
1400000US06037432502,2994,636,203,132,0,14,0,14,0,14,3,5,0,14,5,9,18,18,185,122,0,14,28,28,74,61,28,28,3,5,119,80,993,513,60,67,98,60,412,216,105,54,462,167,154,72,24,28,20,29
1400000US06037432601,4299,594,192,102,0,19,0,19,0,19,0,19,109,100,47,63,99,68,222,159,14,26,144,106,251,154,113,98,88,61,89,57,1435,444,93,108,143,86,288,121,232,115,663,221,48,62,29,31,0,19
1400000US06037432602,3111,399,216,122,0,14,0,14,0,14,0,14,8,15,35,33,30,27,235,193,0,14,11,19,107,85,29,28,29,28,222,81,673,179,100,62,285,153,334,131,272,147,353,155,135,69,25,39,12,21
1400000US06037432700,3232,454,184,112,27,31,0,14,0,14,83,100,115,95,0,14,15,22,243,160,32,39,61,53,123,103,111,86,65,53,37,31,852,302,111,94,176,126,364,222,205,126,298,100,117,76,13,20,0,14
1400000US06037432801,1669,216,246,86,0,14,0,14,0,14,28,34,0,14,5,10,0,14,132,79,7,11,65,49,35,31,4,8,13,12,46,31,440,122,46,31,89,46,179,77,90,48,189,65,39,41,16,25,0,14
1400000US06037432802,3542,580,478,262,0,19,0,19,0,19,6,11,37,49,30,40,30,38,433,282,42,42,74,63,73,67,0,19,51,62,204,145,975,234,56,53,119,91,448,189,162,74,316,182,8,13,0,19,0,19
1400000US06037432901,3154,338,340,125,0,14,24,37,0,14,0,14,0,14,23,32,15,27,9,15,25,32,0,14,81,65,34,35,0,14,313,166,777,285,121,73,180,133,437,183,272,112,387,149,44,45,72,84,0,14
1400000US06037432902,2266,273,219,83,0,14,0,14,0,14,23,38,29,24,14,16,37,36,74,60,0,14,55,66,73,60,14,13,31,28,159,75,536,155,97,50,92,37,182,68,205,68,381,104,37,23,5,7,3,18
1400000US06037433103,4582,466,518,178,0,19,0,19,0,19,55,57,109,89,21,33,55,50,395,157,50,46,116,75,234,165,121,84,0,19,179,83,1055,227,49,50,167,90,605,186,129,78,583,226,141,94,0,19,0,19
1400000US06037433200,4256,616,313,118,0,19,10,18,0,19,9,17,51,55,10,16,24,27,303,150,0,19,83,68,429,240,23,30,44,50,272,123,1129,288,148,93,158,112,469,173,144,74,447,155,43,51,121,164,26,41
1400000US06037433302,1200,320,79,40,0,14,0,14,0,14,18,25,46,42,16,15,4,8,105,43,0,14,0,14,54,33,12,18,18,20,81,68,307,167,74,39,51,48,110,70,55,43,152,141,0,14,12,13,6,10
1400000US06037433304,2764,370,338,111,0,14,0,14,23,37,10,17,22,34,0,14,29,29,140,115,19,31,85,71,109,62,4,8,80,63,136,107,693,204,80,70,125,87,388,144,102,67,315,112,17,19,19,22,30,36
1400000US06037433305,3275,435,346,190,0,14,0,14,0,14,0,14,221,254,0,14,44,34,167,135,30,42,79,100,250,120,35,38,57,64,168,85,864,301,44,45,115,68,445,199,134,79,227,105,49,52,0,14,0,14
1400000US06037433306,2067,308,298,132,0,14,0,14,0,14,0,14,33,37,4,8,14,14,142,75,13,16,12,15,66,59,13,12,47,50,109,88,651,212,3,4,82,41,227,71,100,42,199,63,27,26,23,22,4,8
1400000US06037433307,1887,217,90,49,0,14,0,14,0,14,0,14,0,14,0,14,37,29,170,93,77,55,57,59,21,21,40,38,51,53,31,42,369,148,36,37,132,72,291,156,58,31,300,95,100,49,27,22,0,14
1400000US06037433402,2786,445,310,209,0,14,0,14,51,60,88,81,36,44,0,14,9,14,281,146,14,24,57,55,307,147,9,15,42,48,163,123,448,131,54,57,246,154,307,121,56,41,240,124,41,34,3,8,24,28
1400000US06037433403,2800,378,362,127,0,14,0,14,0,14,19,30,45,54,25,31,30,28,260,145,11,21,15,24,144,87,25,42,80,88,142,86,767,252,79,72,42,34,282,149,228,112,202,78,25,28,17,25,0,14
1400000US06037433505,2922,660,320,134,8,12,0,14,0,14,0,14,0,14,21,32,0,14,404,168,9,14,13,19,92,91,51,61,31,40,172,80,1015,683,100,87,135,89,144,93,91,68,239,110,60,41,17,20,0,14
1400000US06037433506,2361,437,410,177,0,14,0,14,19,24,23,28,57,44,42,36,39,37,313,155,22,28,69,60,73,53,49,42,50,37,80,52,571,229,39,51,96,61,246,135,83,50,55,39,13,21,12,19,0,14
1400000US06037433601,3813,471,589,205,9,15,0,14,0,14,0,14,0,14,43,53,34,53,217,135,73,68,52,33,106,93,43,43,140,101,239,119,790,185,55,51,105,60,334,215,214,87,666,172,84,55,8,14,12,17
1400000US06037433602,2065,275,268,114,0,14,0,14,0,14,0,14,0,14,8,12,29,20,70,46,0,14,40,58,174,96,12,13,34,38,137,66,578,183,12,18,37,22,77,37,120,72,385,103,48,42,36,30,0,14
1400000US06037433803,2429,337,379,141,0,14,0,14,0,14,16,24,33,28,48,45,0,14,99,79,44,35,8,11,46,37,33,29,41,39,161,69,567,223,62,52,138,72,302,100,109,46,266,80,53,30,9,14,15,13
1400000US06037433804,2770,250,296,141,0,14,0,14,0,14,20,33,80,91,92,65,20,32,229,118,0,14,49,47,80,94,52,52,33,36,314,139,555,172,47,45,148,72,435,177,99,74,154,113,62,51,5,10,0,14
1400000US06037433901,3465,497,410,135,41,37,0,19,0,19,18,28,17,27,86,119,0,19,187,105,0,19,175,108,492,285,38,46,48,48,104,70,766,195,0,19,168,90,303,168,145,85,356,167,31,29,72,65,8,12
1400000US06037433903,3619,594,240,108,3,6,0,19,0,19,29,35,114,94,20,19,19,22,229,107,0,19,237,257,269,142,39,48,101,78,167,145,928,314,11,19,144,86,556,231,228,112,233,137,52,49,0,19,0,19
1400000US06037434001,2959,348,286,127,0,14,0,14,0,14,39,46,35,54,0,14,0,14,152,110,20,32,99,71,170,101,51,54,41,35,138,91,764,197,63,48,151,93,250,103,103,68,462,174,135,76,0,14,0,14
1400000US06037434003,2503,230,217,110,0,14,0,14,36,42,0,14,18,27,0,14,7,12,265,125,42,32,73,42,155,81,64,55,97,54,115,72,527,126,71,56,175,59,358,116,72,41,164,68,47,37,0,14,0,14
1400000US06037434004,2136,476,444,280,0,14,0,14,0,14,0,14,44,50,0,14,7,11,114,78,58,93,57,47,93,77,28,40,11,13,99,45,474,231,18,19,113,52,343,136,57,38,134,62,34,28,8,12,0,14
1400000US06037434100,3963,448,583,258,0,19,5,8,0,19,49,49,124,104,0,19,61,42,198,91,46,50,111,64,241,145,132,89,169,94,103,54,835,238,25,25,181,72,348,131,145,82,540,188,50,44,0,19,17,27
1400000US06037460001,1340,245,0,14,0,14,0,14,0,14,0,14,0,14,5,9,0,14,8,10,0,14,0,14,0,14,0,14,5,8,0,14,31,26,25,23,28,22,135,82,140,166,385,115,319,109,165,95,94,51
1400000US06037460002,2255,266,3,8,0,14,0,14,0,14,0,14,0,14,0,14,0,14,0,14,0,14,29,25,10,17,0,14,8,12,17,20,284,129,9,15,140,95,166,85,130,86,662,182,538,152,149,67,110,60
1400000US06037460101,4175,624,26,35,0,19,0,19,0,19,0,19,0,19,0,19,0,19,2,4,0,19,0,19,0,19,20,31,29,35,2,6,220,155,14,23,84,63,414,191,406,199,1329,390,843,262,487,202,299,145
1400000US06037460200,4069,706,156,197,0,19,0,19,23,35,0,19,45,70,0,19,0,19,46,73,0,19,0,19,0,19,8,15,59,81,79,121,340,208,107,120,43,41,587,272,200,130,1398,341,719,235,41,45,218,146
1400000US06037460301,3184,321,24,29,0,14,0,14,0,14,0,14,0,14,0,14,0,14,0,14,0,14,10,16,0,14,0,14,9,15,5,17,574,222,30,30,118,60,577,165,227,116,754,213,634,137,103,62,119,71
1400000US06037460302,3191,612,119,68,0,14,0,14,0,14,0,14,0,14,0,14,0,14,51,52,0,14,63,78,0,14,21,38,14,24,32,42,319,167,26,30,138,73,373,130,474,332,884,239,518,244,105,79,54,40
1400000US06037460401,828,153,0,14,0,14,0,14,0,14,0,14,0,14,0,14,0,14,0,14,0,14,0,14,0,14,0,14,7,10,9,10,67,40,11,12,29,20,156,71,66,35,306,101,85,33,29,21,63,35
1400000US06037460501,3582,352,12,21,0,19,0,19,0,19,0,19,0,19,0,19,0,19,15,22,0,19,0,19,5,9,10,17,0,19,8,12,234,116,15,25,62,40,347,155,157,76,1413,239,720,190,394,119,190,81
1400000US06037460502,3011,324,3,5,0,14,0,14,0,14,0,14,0,14,0,14,24,37,0,14,0,14,20,32,0,14,1,2,32,32,0,14,85,61,0,14,62,40,166,102,109,73,1234,221,667,236,411,165,197,81
1400000US06037460601,3621,369,36,57,0,19,0,19,0,19,0,19,0,19,0,19,0,19,0,19,0,19,0,19,0,19,0,19,0,19,14,20,283,136,42,48,116,58,382,134,228,119,1379,311,687,159,386,143,68,42
1400000US06037460700,3197,302,47,47,0,14,0,14,0,14,0,14,0,14,0,14,0,14,0,14,0,14,14,20,0,14,0,14,28,39,32,31,207,141,26,25,49,43,305,171,164,73,1030,254,478,126,617,168,200,100
1400000US06037460800,2218,279,28,27,0,14,0,14,0,14,0,14,0,14,0,14,0,14,0,14,0,14,10,17,0,14,0,14,0,14,0,14,135,81,0,14,76,75,245,135,25,27,783,208,497,143,349,140,70,46
1400000US06037460900,4614,564,431,288,0,19,0,19,0,19,0,19,12,20,0,19,23,37,74,92,36,55,43,57,58,64,72,111,162,151,379,248,726,259,20,24,356,143,578,262,256,137,1109,359,141,68,83,54,55,55
1400000US06037461000,3765,547,120,63,0,19,0,19,0,19,0,19,0,19,0,19,60,47,176,220,41,51,1,3,25,27,22,34,58,59,158,98,825,272,66,62,204,102,539,208,296,186,632,174,373,136,20,32,149,93
1400000US06037461100,3902,541,31,48,0,19,0,19,0,19,4,7,63,66,24,32,12,19,18,28,86,111,125,119,5,15,17,28,22,27,67,66,623,242,40,51,104,60,303,138,354,297,838,153,721,193,164,82,281,240
1400000US06037461200,3411,372,26,40,0,14,0,14,0,14,0,14,9,15,18,22,0,14,4,6,0,14,14,21,0,14,0,14,0,14,26,33,293,101,21,26,60,37,366,119,305,105,1209,229,701,240,204,74,155,74
1400000US06037461300,4972,713,85,74,0,19,0,19,0,19,0,19,50,54,0,19,0,19,10,16,18,30,32,52,0,19,6,10,39,38,93,101,871,385,109,90,145,76,428,164,430,325,1285,352,770,214,222,137,379,193
1400000US06037461400,1909,258,8,12,0,14,0,14,0,14,0,14,0,14,0,14,13,21,7,13,0,14,22,36,12,19,39,49,0,14,43,51,191,105,27,25,96,70,228,97,145,91,581,169,389,153,42,35,66,47
1400000US06037461501,2669,299,169,109,0,14,0,14,0,14,0,14,0,14,5,8,0,14,52,54,0,14,0,14,0,14,0,14,10,21,116,101,607,207,4,6,178,87,273,132,106,64,717,202,356,116,56,44,20,22
1400000US06037461502,4556,480,307,194,0,19,0,19,0,19,0,19,64,60,0,19,4,6,269,123,0,19,105,76,102,91,147,110,117,83,66,41,1069,236,33,62,307,158,667,278,227,114,760,228,300,143,2,14,10,20
1400000US06037461600,3425,594,37,33,0,14,0,14,0,14,0,14,34,53,36,42,23,38,139,97,19,31,72,60,7,10,46,45,0,14,27,35,817,397,14,22,202,138,321,159,304,131,897,241,258,113,117,137,55,44
1400000US06037461700,1088,165,27,28,0,14,0,14,0,14,0,14,5,8,0,14,0,14,0,14,0,14,0,14,1,5,0,14,0,14,5,8,86,49,14,15,18,17,153,64,35,20,289,72,217,112,178,69,60,44
1400000US06037461901,3225,410,146,82,0,14,0,14,0,14,10,17,185,286,23,36,37,41,157,120,0,14,107,96,63,96,36,43,63,71,212,193,325,150,32,37,168,98,494,132,128,94,671,130,267,142,48,40,53,42
1400000US06037461902,2094,245,7,35,0,14,0,14,0,14,0,14,8,39,0,14,0,14,76,70,0,14,9,43,0,14,0,14,16,62,14,16,302,243,23,36,20,21,378,185,76,54,481,160,407,135,180,108,97,50
1400000US06037462001,3022,584,300,213,0,14,0,14,0,14,3,5,0,14,0,14,0,14,377,406,0,14,0,14,58,95,42,4,0,14,80,32,704,253,3,17,16,26,148,115,222,147,391,151,607,442,13,25,58,51
1400000US06037462002,2353,300,107,69,0,14,0,14,0,14,15,24,32,36,24,32,58,56,134,100,16,27,215,142,54,56,79,83,55,50,0,14,391,185,41,38,277,195,237,133,151,87,286,111,154,70,9,14,18,24
1400000US06037462100,3006,416,100,69,0,14,0,14,0,14,68,59,0,14,29,34,119,124,49,42,0,14,74,75,50,47,92,77,111,93,74,71,341,142,94,72,134,86,216,81,334,271,598,186,299,98,137,97,87,73
1400000US06037462201,2979,562,71,70,8,13,0,14,9,20,8,13,4,9,0,14,69,59,47,68,32,46,87,58,127,134,29,36,17,27,41,35,310,116,8,13,245,172,347,125,218,89,1002,373,214,103,50,35,36,29
1400000US06037462202,2618,442,2,4,0,14,0,14,0,14,0,14,0,14,0,14,0,14,0,14,5,8,0,14,0,14,2,4,0,14,14,18,213,63,0,14,62,54,354,239,210,105,887,231,454,136,280,120,135,62
1400000US06037462301,3333,403,64,53,0,14,0,14,0,14,0,14,0,14,9,14,0,14,37,31,11,19,114,183,0,14,53,54,50,58,67,48,498,172,222,121,202,129,335,121,147,68,870,248,522,159,17,18,115,64
1400000US06037462302,2771,476,31,30,0,14,0,14,0,14,8,13,19,30,0,14,0,14,57,92,0,14,26,36,34,80,31,43,16,17,31,46,454,201,127,161,97,85,328,157,245,203,648,166,355,141,145,101,119,77
1400000US06037462400,2810,423,14,17,0,14,10,23,0,14,0,14,0,14,20,26,1,17,20,33,0,14,13,29,27,30,14,21,0,14,38,43,209,95,74,75,166,126,488,163,58,36,874,231,540,133,135,109,109,83
1400000US06037462500,4994,465,130,120,0,19,0,19,0,19,0,19,2,4,91,103,0,19,99,108,2,6,3,6,0,19,0,19,17,26,0,19,549,322,10,42,142,100,410,194,337,172,1517,301,1273,415,303,144,109,56
1400000US06037462600,1761,185,6,9,0,14,0,14,0,14,0,14,0,14,0,14,0,14,7,10,0,14,6,9,0,14,0,14,4,8,0,14,197,81,4,7,47,40,158,61,129,57,636,155,284,75,206,91,77,42
1400000US06037462700,4335,423,238,239,0,19,0,19,6,14,0,19,6,13,0,19,0,19,17,28,0,19,0,19,0,19,11,29,38,58,51,63,432,257,18,30,50,49,712,278,309,192,1411,422,606,193,255,180,175,115
1400000US06037462800,2306,398,103,77,0,14,0,14,0,14,18,31,0,14,0,14,0,14,24,42,0,14,36,42,0,14,6,11,7,13,11,19,179,80,25,41,75,78,469,266,155,85,606,174,365,153,151,90,76,55
1400000US06037462900,2765,399,34,34,0,14,0,14,0,14,0,14,6,11,0,14,0,14,0,14,0,14,27,38,11,21,0,14,0,14,11,17,470,156,29,34,141,108,222,88,358,280,876,148,422,132,152,67,6,13
1400000US06037463000,2029,264,30,49,0,14,0,14,0,14,0,14,14,22,0,14,0,14,0,14,0,14,0,14,0,14,0,14,0,14,18,18,112,74,5,14,73,79,374,180,90,56,656,154,394,136,157,92,106,75
1400000US06037463103,4116,471,70,56,0,19,0,19,0,19,0,19,0,19,0,19,23,52,41,66,0,19,54,63,6,10,27,36,140,212,106,83,444,242,97,97,88,63,506,184,178,96,1295,284,750,253,180,107,111,69
1400000US06037463200,2632,381,65,59,0,14,0,14,0,14,0,14,8,14,0,14,0,14,0,14,0,14,0,14,0,14,0,14,10,33,20,31,364,163,19,25,79,60,201,107,162,86,821,284,498,124,154,81,231,141
1400000US06037463300,1479,204,8,13,0,14,0,14,0,14,0,14,0,14,0,14,0,14,7,10,0,14,0,14,0,14,0,14,22,32,8,11,163,71,24,28,65,58,196,106,29,20,484,138,224,63,149,60,100,48
1400000US06037463400,4498,579,40,47,0,19,0,19,0,19,0,19,0,19,0,19,0,19,70,94,8,13,50,77,0,19,0,19,17,28,34,55,466,323,16,26,85,60,478,210,277,131,1458,353,798,248,406,208,295,135
1400000US06037463500,3953,576,26,43,0,19,0,19,0,19,0,19,0,19,0,19,0,19,0,19,0,19,0,19,0,19,0,19,17,47,0,19,317,166,0,19,66,62,358,259,209,145,1546,356,877,180,157,112,380,145
1400000US06037463601,5332,552,41,76,0,19,0,19,0,19,0,19,0,19,6,19,0,19,12,25,0,19,18,32,14,25,0,19,3,28,12,20,395,191,55,56,312,194,486,281,189,168,1954,392,992,250,421,162,422,215
1400000US06037463602,4967,612,18,28,0,19,0,19,0,19,0,19,0,19,0,19,0,19,0,19,39,64,0,19,0,19,0,19,0,19,71,90,347,144,88,99,178,118,617,218,231,134,1414,263,1531,533,265,155,168,103
1400000US06037463700,3189,346,0,14,0,14,0,14,0,14,0,14,0,14,0,14,0,14,0,14,0,14,0,14,0,14,0,14,0,14,0,14,231,174,24,42,104,109,189,114,234,109,1182,291,834,236,223,110,168,95
1400000US06037463800,2951,404,38,38,0,14,0,14,0,14,0,14,0,14,0,14,11,17,7,12,0,14,0,14,0,14,0,14,0,14,18,20,105,59,30,42,36,24,255,142,166,82,1123,173,658,145,387,179,117,51
1400000US06037463900,2576,252,11,20,0,14,0,14,0,14,0,14,5,10,0,14,0,14,5,15,0,14,10,16,0,14,0,14,0,14,29,29,179,90,67,63,85,55,245,83,64,48,893,178,611,145,290,135,82,54
1400000US06037464000,4474,515,0,19,0,19,0,19,0,19,0,19,24,40,0,19,96,131,174,238,0,19,0,19,0,19,0,19,30,35,53,50,204,129,38,44,37,46,297,131,177,93,1496,309,1165,292,464,203,219,110
1400000US06037464101,1739,264,10,15,0,14,0,14,0,14,0,14,0,14,0,14,0,14,0,14,0,14,0,14,0,14,0,14,0,14,8,13,61,45,7,12,7,11,115,72,83,46,623,159,467,141,172,77,186,84
1400000US06037464102,3420,833,112,146,0,14,0,14,0,14,3,4,0,14,0,14,68,98,0,14,0,14,0,14,0,14,0,14,0,14,38,48,156,110,12,19,107,82,107,61,129,140,1337,458,698,281,577,193,76,51
1400000US06037464200,3682,554,11,17,0,19,0,19,0,19,0,19,0,19,0,19,0,19,0,19,0,19,6,10,0,19,10,15,0,19,28,29,80,57,0,19,35,26,248,91,94,49,1364,263,894,229,478,150,434,128
1400000US06037480002,2786,560,71,49,0,14,0,14,0,14,0,14,0,14,0,14,0,14,0,14,0,14,0,14,13,20,37,42,0,14,40,40,314,146,30,24,28,29,239,106,337,249,968,284,376,101,144,68,189,137
1400000US06037480011,3422,331,45,41,0,19,0,19,0,19,51,81,0,19,0,19,24,39,21,24,0,19,23,30,0,19,0,19,16,17,63,61,583,146,9,15,186,97,374,131,348,104,955,231,442,134,163,82,119,62
1400000US06037480012,3538,450,109,57,0,14,0,14,0,14,0,14,0,14,24,30,21,24,121,121,0,14,9,14,19,31,12,18,48,53,19,28,597,209,31,35,85,50,436,141,368,135,1131,300,443,141,52,41,13,16
1400000US06037480101,3023,356,83,46,0,14,0,14,0,14,0,14,8,17,0,14,20,31,69,41,41,54,7,10,0,14,12,20,72,73,162,106,614,204,32,40,83,49,396,142,204,74,800,207,222,124,122,60,76,79
1400000US06037480102,2993,430,212,136,0,14,0,14,0,14,0,14,2,16,6,15,3,6,10,17,0,14,23,28,8,13,0,14,0,14,38,33,464,193,37,34,100,66,249,124,288,118,1011,234,351,110,134,62,57,35
1400000US06037480201,2803,250,84,85,0,14,0,14,0,14,0,14,6,11,0,14,10,20,6,10,0,14,32,30,0,14,0,14,0,14,0,14,360,148,37,29,172,90,271,102,224,86,860,185,344,136,309,139,88,68
1400000US06037480202,2141,363,93,103,0,14,0,14,0,14,0,14,7,9,12,14,23,35,42,63,0,14,7,10,4,6,18,21,14,15,30,19,188,116,0,14,81,46,212,79,229,145,684,125,328,133,123,51,46,26
1400000US06037480302,3000,298,126,71,0,14,0,14,0,14,0,14,0,14,0,14,0,14,9,14,0,14,10,15,42,41,0,14,0,14,161,148,331,133,35,55,98,61,279,100,207,146,1052,222,528,171,104,64,18,29
1400000US06037480303,3261,393,153,83,6,11,0,14,0,14,0,14,0,14,0,14,0,14,37,43,0,14,48,60,13,20,0,14,15,22,37,28,549,204,79,70,228,113,536,172,354,178,820,203,168,75,97,67,121,98
1400000US06037480304,3337,363,165,79,0,14,0,14,0,14,0,14,4,8,18,20,10,16,83,58,44,55,22,24,103,92,37,48,21,18,84,49,601,196,23,40,174,77,378,123,383,141,762,178,296,105,79,76,50,54
1400000US06037480400,4414,447,134,124,0,19,24,40,0,19,0,19,0,19,23,37,0,19,62,62,38,62,62,96,40,63,14,25,0,19,0,19,673,383,64,64,126,109,349,216,224,111,1412,321,726,223,265,146,178,122
1400000US06037480500,3928,481,17,29,0,19,0,19,0,19,0,19,0,19,0,19,0,19,0,19,0,19,0,19,0,19,0,19,0,19,8,17,170,115,46,61,133,99,281,181,165,88,1579,423,762,264,561,206,206,107
1400000US06037480601,2680,240,25,33,0,14,0,14,0,14,0,14,0,14,0,14,0,14,0,14,0,14,0,14,0,14,0,14,0,14,31,30,174,94,74,80,68,52,101,59,117,84,1080,177,744,202,128,69,138,69
1400000US06037480602,3195,516,54,51,0,14,0,14,0,14,0,14,0,14,0,14,0,14,15,31,0,14,45,45,27,33,0,14,11,17,0,14,192,94,18,20,157,137,299,160,133,62,1264,289,582,179,146,61,252,190
1400000US06037480702,3213,271,83,64,0,14,0,14,0,14,0,14,12,17,0,14,0,14,11,19,0,14,0,14,5,9,7,12,2,7,18,20,203,105,12,19,76,59,274,135,182,94,1057,208,639,140,478,186,154,73
1400000US06037480703,2736,562,30,26,0,14,0,14,0,14,0,14,0,14,0,14,0,14,0,14,9,16,0,14,0,14,0,14,0,14,9,13,120,61,0,14,76,43,274,183,135,116,1138,230,461,201,391,185,93,48
1400000US06037480704,2906,445,56,53,0,14,0,14,0,14,0,14,0,14,0,14,0,14,0,14,0,14,25,39,4,8,0,14,0,14,21,25,208,78,38,38,80,57,345,139,271,152,1214,419,407,123,103,57,134,79
1400000US06037480802,2565,273,180,163,0,14,0,14,0,14,0,14,14,17,2,4,19,22,63,65,0,14,20,21,82,91,13,20,5,9,103,51,478,129,52,34,103,51,270,119,138,77,762,169,220,113,32,49,9,15
1400000US06037480803,2432,259,140,130,0,14,0,14,0,14,0,14,0,14,0,14,0,14,30,33,0,14,9,21,16,23,0,14,0,14,33,33,247,130,153,137,92,64,347,157,382,104,623,168,192,90,96,99,72,64
1400000US06037480804,3682,484,167,109,0,14,0,14,0,14,10,16,0,14,11,19,9,14,27,26,22,32,17,26,49,56,43,33,19,31,146,114,841,225,19,20,178,73,398,119,204,94,1112,380,239,105,107,65,64,42
1400000US06037480901,2936,376,109,86,0,14,16,22,0,14,0,14,36,41,23,35,32,28,128,108,0,14,12,18,11,19,11,17,18,25,82,82,628,184,86,79,132,93,313,132,146,71,770,243,249,106,28,33,106,89
1400000US06037480902,2817,487,92,67,9,14,0,14,0,14,10,15,7,13,0,14,96,74,75,81,14,22,22,24,265,223,0,14,19,22,149,99,576,200,7,14,98,68,278,131,240,110,615,266,126,71,70,41,49,58
1400000US06037480903,2179,360,202,125,0,14,4,6,0,14,4,5,17,24,0,14,61,87,41,34,0,14,6,9,19,17,25,30,56,85,112,54,341,125,63,43,61,43,191,88,161,80,493,146,259,166,55,57,8,14
1400000US06037481001,3502,597,316,117,0,14,0,14,0,14,12,25,0,14,10,25,0,14,69,41,11,17,13,22,64,48,12,22,0,14,157,89,700,215,154,204,148,78,389,150,99,71,798,261,384,128,32,27,134,87
1400000US06037481002,4567,475,130,123,0,19,0,19,13,23,12,21,17,27,0,19,70,103,13,21,0,19,10,19,32,39,96,88,150,170,20,19,945,269,164,122,178,147,639,214,300,106,1255,274,379,138,100,87,44,42
1400000US06037481101,3259,452,114,66,0,14,0,14,0,14,0,14,20,18,0,14,10,21,156,92,0,14,25,25,10,16,21,24,0,14,56,45,609,173,35,31,158,95,488,167,348,212,859,229,296,152,39,35,15,18
1400000US06037481102,2644,304,104,72,0,14,0,14,0,14,0,14,0,14,0,14,0,14,18,20,10,20,0,14,9,16,0,14,0,14,105,102,508,154,51,49,188,90,428,180,200,115,807,214,171,102,18,23,27,30
1400000US06037481103,4214,568,428,211,13,22,0,19,0,19,41,59,0,19,0,19,183,298,136,82,0,19,18,30,0,19,49,49,20,22,180,80,1044,284,46,46,141,71,526,200,301,265,787,235,223,81,54,53,24,29
1400000US06037481201,2742,361,73,52,9,14,0,14,0,14,0,14,0,14,0,14,24,27,56,59,52,49,70,75,41,31,38,44,10,15,122,89,524,195,9,15,164,86,296,126,308,106,663,213,198,87,64,78,21,26
1400000US06037481203,4344,516,230,165,0,19,0,19,0,19,0,19,0,19,0,19,19,31,174,120,0,19,135,124,218,230,0,19,0,19,57,46,1155,322,94,116,123,77,565,247,325,126,843,276,225,122,165,93,16,28
1400000US06037481300,2215,268,373,142,6,9,0,14,7,11,0,14,0,14,9,10,11,13,70,58,19,17,29,26,137,104,14,20,3,5,75,42,349,79,40,33,76,42,305,83,154,86,378,105,83,36,24,19,53,49
1400000US06037481401,3811,463,338,147,0,19,0,19,0,19,0,19,6,10,11,18,21,23,12,19,0,19,20,23,202,156,8,15,9,16,192,82,944,239,57,65,104,69,426,146,295,168,818,195,283,153,48,48,17,22
1400000US06037481403,2391,1097,433,332,0,14,0,14,0,14,8,13,90,115,105,140,5,8,57,49,7,10,18,29,121,83,4,8,10,17,68,41,453,156,158,132,76,57,182,68,38,49,286,110,256,269,8,11,8,12
1400000US06037481404,2864,447,240,100,0,14,0,14,0,14,0,14,6,10,16,25,17,27,137,132,0,14,34,45,110,73,0,14,0,14,83,60,494,170,0,14,125,81,183,119,226,75,973,279,164,120,26,26,30,33
1400000US06037481500,3531,357,166,72,0,14,28,44,0,14,0,14,11,20,10,16,31,24,35,42,10,17,14,21,13,19,66,57,11,17,164,99,510,147,52,31,281,123,393,189,303,134,947,205,355,148,61,45,70,61
1400000US06037481603,2748,366,178,95,0,14,15,25,8,13,0,14,66,58,17,26,37,35,15,27,0,14,42,50,35,31,13,20,18,25,95,78,654,279,0,14,169,83,115,73,281,128,601,148,208,99,83,58,98,98
1400000US06037481604,2922,421,46,40,0,14,0,14,0,14,0,14,0,14,16,29,7,12,105,100,0,14,0,14,40,37,13,17,16,20,77,64,550,180,28,28,129,62,399,149,367,174,824,234,233,92,52,43,20,18
1400000US06037481605,2071,313,98,63,0,14,0,14,0,14,0,14,0,14,10,17,12,20,16,24,0,14,19,22,75,48,4,9,14,27,78,79,384,153,72,45,69,49,153,75,165,73,640,175,203,81,51,60,8,14
1400000US06037481606,3871,482,357,180,0,19,0,19,0,19,0,19,17,29,13,21,7,13,127,89,23,36,9,15,188,123,48,39,31,30,224,98,792,211,39,28,269,153,400,154,262,124,858,222,110,70,73,68,24,39
1400000US06037481711,3562,519,377,222,0,14,0,14,26,21,0,14,11,14,19,24,0,14,249,130,28,27,68,60,107,91,34,32,3,8,255,160,981,309,55,56,29,47,229,126,262,128,643,219,126,60,46,44,14,21
1400000US06037481712,3795,531,596,301,0,19,0,19,0,19,0,19,0,19,0,19,49,46,241,267,16,18,72,54,121,84,23,22,42,33,84,44,1195,311,44,34,87,91,239,100,224,121,707,189,18,21,9,16,28,48
1400000US06037481713,2293,439,87,55,0,14,0,14,0,14,0,14,0,14,26,33,11,17,94,90,0,14,6,9,133,73,39,50,10,15,93,57,486,146,28,35,66,52,127,79,189,84,612,184,246,231,27,26,13,20
1400000US06037481714,2000,239,288,122,0,14,0,14,0,14,0,14,41,36,13,20,0,14,182,97,31,23,32,37,101,77,31,27,38,33,99,55,435,161,13,14,46,36,153,76,119,57,243,74,105,46,10,15,20,17
1400000US06037481800,1822,175,93,44,0,14,0,14,9,12,0,14,0,14,0,14,0,14,30,22,0,14,40,32,4,9,7,9,23,15,61,32,236,107,14,14,48,30,201,62,134,56,620,125,175,70,46,27,81,48
1400000US06037481901,4169,364,206,86,7,11,0,19,0,19,0,19,13,21,12,19,0,19,28,26,0,19,17,18,85,56,22,30,9,15,224,110,512,170,153,119,289,124,437,159,307,116,1159,199,527,154,110,105,52,37
1400000US06037481902,2452,328,120,86,0,14,0,14,0,14,10,16,0,14,3,6,0,14,50,53,42,44,20,24,20,34,49,38,0,14,80,48,492,143,67,45,127,68,185,76,215,118,549,133,282,100,71,54,70,58
1400000US06037482001,1832,206,72,41,0,14,0,14,0,14,0,14,0,14,0,14,0,14,20,30,0,14,9,14,0,14,4,7,0,14,37,34,175,97,19,28,115,68,166,86,58,30,594,138,300,92,164,85,99,59
1400000US06037482002,5053,630,34,58,0,19,0,19,0,19,0,19,0,19,0,19,0,19,87,112,13,30,25,42,0,19,0,19,14,22,112,84,1137,367,140,131,143,94,353,188,464,252,1567,398,728,340,88,61,148,95
1400000US06037482101,3209,458,321,170,0,14,0,14,0,14,18,28,0,14,0,14,0,14,123,83,42,42,27,41,59,50,0,14,0,14,100,71,650,232,11,16,125,67,324,160,209,101,869,254,236,88,64,56,31,25
1400000US06037482102,2454,396,142,76,0,14,0,14,0,14,0,14,5,9,6,11,0,14,68,63,15,17,0,14,48,34,12,13,2,2,14,16,391,134,59,33,144,75,326,108,107,42,814,325,204,70,44,32,53,54
1400000US06037482201,2986,344,289,168,0,14,10,16,25,25,0,14,24,24,10,17,0,14,63,51,0,14,8,15,126,99,9,15,31,32,64,45,794,228,54,75,81,65,393,212,216,122,604,159,142,73,43,35,0,14
1400000US06037482202,3874,539,344,144,0,19,0,19,0,19,53,73,9,15,0,19,40,48,95,78,22,24,47,41,155,134,50,43,54,33,179,106,986,363,58,51,62,56,257,113,239,104,982,240,162,151,49,47,31,28
1400000US06037482301,3823,851,853,701,0,14,0,14,0,14,79,112,0,14,7,12,32,35,167,136,12,16,25,32,38,54,74,105,17,21,90,61,1028,242,31,30,103,73,257,118,182,101,717,243,77,47,2,7,32,46
1400000US06037482303,3487,364,381,125,0,14,0,14,0,14,53,53,27,29,0,14,83,71,108,74,32,42,29,29,132,115,23,30,28,37,222,124,905,205,92,94,154,91,316,101,229,102,656,167,17,19,0,14,0,14
1400000US06037482304,2095,401,287,159,0,14,6,10,0,14,13,22,9,10,9,18,21,20,122,92,27,24,23,26,72,44,26,25,30,39,119,62,733,220,45,36,72,47,112,72,21,19,272,96,56,44,6,20,14,20
1400000US06037482401,2731,260,351,115,0,14,0,14,5,7,0,14,0,14,5,11,11,14,295,122,23,28,56,43,34,31,14,15,13,16,199,98,722,195,32,25,188,78,304,125,204,74,255,95,20,19,0,14,0,14
1400000US06037482403,2349,367,405,159,0,14,0,14,0,14,7,11,47,42,0,14,0,14,46,42,0,14,29,33,90,102,49,48,12,22,135,69,703,198,31,30,125,85,173,103,159,120,275,112,60,51,0,14,3,10
1400000US06037482404,2611,574,125,66,0,14,0,14,0,14,0,14,20,31,0,14,0,14,57,34,0,14,53,86,70,57,28,36,0,14,31,35,767,373,17,27,180,99,106,66,259,178,670,228,165,91,15,24,48,38
1400000US06037482502,2461,289,252,70,0,14,0,14,9,15,0,14,27,26,0,14,14,17,146,80,8,13,23,20,274,169,28,32,16,15,184,64,735,231,45,42,45,36,209,90,107,74,251,89,73,61,11,17,4,9
1400000US06037482503,2932,462,484,190,0,14,0,14,9,14,85,108,95,76,28,33,62,63,305,139,0,14,36,38,180,113,43,58,0,14,98,68,560,179,51,46,52,53,236,130,55,41,475,192,67,45,11,21,0,14
1400000US06037482521,4141,551,356,154,11,17,0,19,0,19,0,19,8,13,0,19,2,3,147,110,6,13,19,23,203,137,77,53,64,60,167,95,966,220,166,117,233,110,385,120,405,125,793,235,99,63,23,28,11,18
1400000US06037482522,3584,562,285,122,0,14,10,16,0,14,0,14,0,14,0,14,55,46,62,65,9,17,0,14,75,77,45,36,155,232,127,104,797,285,44,38,138,73,326,127,246,106,784,232,406,116,10,15,10,15
1400000US06037482600,5029,708,473,370,0,19,0,19,0,19,0,19,40,46,0,19,0,19,23,35,10,18,12,20,11,17,34,39,42,72,115,81,667,258,176,152,129,94,433,163,411,157,1731,296,301,130,176,107,245,168
1400000US06037482701,2791,368,128,138,0,14,0,14,0,14,0,14,10,18,0,14,51,53,32,45,23,38,9,13,0,14,51,45,7,12,123,95,733,189,47,39,84,51,278,123,284,138,552,167,285,95,83,58,11,18
1400000US06037482702,2015,203,160,85,0,14,0,14,0,14,0,14,0,14,4,8,11,17,37,29,5,8,11,17,28,22,0,14,11,17,77,45,251,91,18,25,60,42,218,73,291,115,578,142,183,59,48,35,24,22
1400000US06037482801,2926,382,234,118,0,14,0,14,18,30,0,14,0,14,0,14,0,14,49,53,0,14,0,14,0,14,50,56,14,17,75,48,792,301,73,56,120,62,325,161,268,98,671,191,159,58,67,44,11,17
1400000US06037500100,2629,311,42,34,0,14,0,14,0,14,0,14,0,14,0,14,4,7,1,7,0,14,0,14,1,3,0,14,0,14,10,12,289,121,12,18,301,125,196,87,349,174,593,136,500,147,278,135,53,40
1400000US06037500202,3500,588,29,33,0,14,0,14,0,14,0,14,0,14,0,14,0,14,28,27,0,14,0,14,4,9,18,29,24,31,42,41,676,202,111,85,39,35,400,195,350,148,1077,420,592,194,69,46,41,40
1400000US06037500203,2949,377,29,28,0,14,0,14,0,14,0,14,0,14,0,14,11,16,14,21,0,14,15,19,15,36,0,14,13,13,57,39,409,151,0,14,191,113,605,251,448,205,564,159,426,181,53,47,99,68
1400000US06037500204,1864,290,45,31,0,14,0,14,0,14,0,14,0,14,6,11,0,14,22,30,0,14,0,14,0,14,0,14,20,22,45,38,295,94,30,27,72,46,256,191,210,157,404,167,283,137,146,82,30,26
1400000US06037500300,2156,332,0,14,0,14,0,14,0,14,0,14,0,14,11,17,0,14,18,23,0,14,0,14,0,14,19,11,23,26,42,45,304,98,10,16,146,68,413,186,89,59,489,154,373,241,83,45,136,91
1400000US06037500402,3120,837,601,275,33,58,0,14,0,14,0,14,40,44,25,28,37,55,195,105,15,25,47,51,235,119,145,167,35,40,78,62,555,202,21,29,122,140,306,174,195,161,317,212,40,58,78,93,0,14
1400000US06037500403,2489,377,197,137,0,14,0,14,3,4,9,16,0,14,0,14,22,26,8,15,11,21,0,14,137,143,0,14,155,236,82,62,558,229,90,74,68,46,409,184,179,100,360,159,167,86,25,29,9,17
1400000US06037500404,3248,441,165,124,0,14,0,14,0,14,0,14,7,12,77,71,28,28,96,84,4,11,18,28,76,71,13,18,133,69,161,136,1091,336,67,70,93,47,433,157,156,107,449,125,147,69,34,48,0,14
1400000US06037500500,1907,288,238,130,0,14,11,19,0,14,19,31,37,42,6,8,15,24,68,52,0,14,0,14,74,60,23,22,69,40,63,37,411,139,54,40,121,61,241,86,98,49,271,88,81,53,7,10,0,14
1400000US06037500600,3632,577,293,142,0,19,0,19,0,19,58,50,82,60,6,9,23,27,222,125,20,23,144,135,118,77,68,66,78,52,350,251,714,156,236,125,117,62,462,153,230,100,312,119,90,65,9,15,0,19
1400000US06037500700,4737,603,203,106,0,19,16,25,0,19,105,139,99,66,0,19,35,39,141,92,13,22,41,38,46,49,83,92,50,52,212,90,1504,449,217,125,232,102,773,312,294,131,538,162,104,72,31,50,0,19
1400000US06037500800,3631,524,217,140,0,19,0,19,0,19,9,14,25,24,0,19,42,63,164,128,0,19,43,43,156,94,18,20,29,31,168,92,903,240,119,76,243,128,459,183,377,204,514,185,125,80,10,16,10,16
1400000US06037500900,3830,523,247,132,0,19,0,19,4,6,6,17,16,15,121,161,12,17,150,141,0,19,131,80,64,50,9,11,80,94,183,106,1224,359,107,55,251,114,482,312,281,156,332,115,77,60,28,42,25,34
1400000US06037501001,1855,228,62,35,0,14,0,14,0,14,6,9,7,10,0,14,14,15,43,43,8,12,31,29,23,22,15,16,63,55,74,48,480,137,72,37,116,50,315,113,188,100,231,94,82,48,25,32,0,14
1400000US06037501002,3201,435,101,75,0,14,0,14,0,14,34,51,0,14,0,14,9,14,15,26,5,7,0,14,7,14,0,14,53,37,120,60,996,402,142,68,195,72,363,138,374,147,491,143,199,69,75,50,22,27
1400000US06037501200,3437,303,64,50,11,18,0,19,15,22,0,19,0,19,0,19,16,18,143,140,0,19,62,47,8,14,25,29,15,21,91,80,918,254,132,76,346,111,540,169,286,131,477,154,278,120,10,17,0,19
1400000US06037501301,2309,570,85,65,0,14,0,14,0,14,0,14,0,14,0,14,0,14,3,15,0,14,3,15,0,14,0,14,47,58,80,55,582,340,16,22,272,145,359,184,277,228,429,125,139,125,10,18,7,13
1400000US06037501302,3077,346,29,37,0,14,0,14,0,14,0,14,0,14,41,66,0,14,0,14,0,14,0,14,0,14,14,25,0,14,127,89,678,394,71,48,285,182,643,267,311,155,501,223,175,110,11,17,191,215
1400000US06037501400,2193,360,107,77,0,14,0,14,0,14,0,14,0,14,15,19,0,14,74,76,13,20,19,31,93,95,44,46,17,21,137,83,539,172,68,65,206,143,342,133,188,69,233,110,98,55,0,14,0,14
1400000US06037501501,1591,179,22,26,0,14,0,14,0,14,0,14,0,14,0,14,0,14,0,14,0,14,0,14,0,14,6,8,5,7,27,36,244,96,29,30,65,43,174,72,108,43,460,81,303,94,74,41,74,32
1400000US06037501503,3652,546,24,32,0,19,0,19,0,19,0,19,0,19,0,19,22,36,158,172,0,19,0,19,0,19,0,19,47,56,57,56,959,304,148,90,126,101,662,311,345,149,752,256,300,144,52,58,0,19
1400000US06037501504,2674,350,90,88,0,14,0,14,0,14,0,14,0,14,42,55,0,14,9,13,0,14,0,14,26,41,52,66,33,47,216,109,739,254,146,97,190,116,396,179,280,139,286,100,143,76,10,15,16,40
1400000US06037501600,4273,432,62,54,0,19,0,19,0,19,0,19,13,20,0,19,0,19,23,37,0,19,0,19,57,68,27,37,78,106,90,79,895,303,54,48,291,137,559,172,486,204,984,257,340,173,186,119,128,105
1400000US06037501700,2679,362,30,43,0,14,20,23,12,20,0,14,0,14,0,14,0,14,0,14,0,14,10,15,21,34,13,20,19,23,42,44,807,309,12,17,236,112,171,89,210,117,527,186,356,116,134,120,59,67
1400000US06037501802,2235,266,73,56,0,14,0,14,0,14,0,14,5,13,0,14,0,14,30,47,0,14,12,21,7,14,14,18,37,50,51,43,213,84,62,67,188,93,337,117,338,156,527,112,244,104,91,56,6,11
1400000US06037501803,3005,563,160,139,0,14,0,14,0,14,88,72,74,58,0,14,0,14,153,124,49,44,0,14,50,68,60,51,65,74,82,51,728,208,168,115,76,60,522,166,399,412,294,107,26,31,2,9,9,14
1400000US06037501804,1278,193,38,40,6,11,0,14,0,14,0,14,15,14,0,14,0,14,76,67,0,14,8,13,15,23,36,37,29,31,79,59,344,102,50,27,105,67,143,66,111,71,174,86,49,25,0,14,0,14
1400000US06037501900,2971,315,134,87,0,14,0,14,0,14,0,14,7,11,0,14,0,14,0,14,0,14,0,14,34,54,17,25,62,53,46,44,676,189,69,51,227,110,416,158,444,151,567,137,246,122,4,7,22,35
1400000US06037502003,1604,205,90,58,0,14,0,14,0,14,0,14,0,14,0,14,18,29,48,43,2,6,5,7,36,36,3,6,35,30,46,36,568,161,14,15,155,70,160,62,146,61,183,66,95,44,0,14,0,14
1400000US06037502004,2237,315,132,99,28,34,0,14,0,14,0,14,13,13,18,21,13,15,108,88,35,46,40,35,32,33,26,23,72,94,112,69,640,212,19,21,126,45,356,100,137,68,223,79,93,57,14,18,0,14
1400000US06037502005,3059,496,104,97,0,14,0,14,0,14,0,14,0,14,0,14,0,14,14,18,0,14,0,14,106,107,199,152,101,89,53,32,879,245,75,69,258,108,546,213,387,159,180,72,92,59,39,52,26,31
1400000US06037502100,4481,473,267,113,10,15,0,19,29,44,0,19,39,58,0,19,34,55,92,77,0,19,48,48,21,36,99,94,161,157,120,74,1023,270,129,124,350,134,683,228,220,108,748,189,345,127,13,20,50,48
1400000US06037502200,4965,527,349,118,32,45,12,19,0,19,0,19,0,19,44,50,23,32,139,109,0,19,64,57,111,78,32,28,132,89,198,110,869,205,105,97,455,195,1034,244,460,207,718,253,106,69,35,32,47,50
1400000US06037502303,5694,909,379,260,21,33,0,19,0,19,0,19,14,23,93,143,50,78,271,273,14,23,20,31,53,60,218,245,340,292,208,116,1956,397,154,97,392,177,621,303,327,136,477,232,65,79,21,37,0,19
1400000US06037502401,3199,398,242,114,0,14,11,17,0,14,24,40,100,117,12,18,0,14,137,111,49,64,44,45,89,75,62,45,71,53,125,67,867,224,81,50,104,59,482,239,209,171,411,149,53,41,26,27,0,14
1400000US06037502402,2606,282,216,122,0,14,7,10,0,14,0,14,22,29,4,7,42,35,93,56,9,10,56,61,41,40,21,27,17,16,118,47,651,153,111,62,163,73,351,124,168,70,403,120,81,66,26,24,6,9
1400000US06037502500,2598,324,112,65,0,14,0,14,7,11,6,10,5,17,20,24,63,63,28,36,0,14,20,33,27,39,35,36,46,43,154,77,668,201,107,88,283,123,421,190,237,134,319,112,40,36,0,14,0,14
1400000US06037502602,2710,382,114,72,0,14,11,23,0,14,0,14,17,22,0,14,33,43,95,86,0,14,70,107,12,20,58,56,53,43,108,77,713,191,50,39,141,76,416,183,256,129,451,228,65,69,33,46,14,22
1400000US06037502603,2321,569,169,106,0,14,0,14,0,14,0,14,24,21,7,10,9,16,75,50,0,14,31,29,1,3,0,14,0,14,59,43,852,356,125,59,101,48,335,149,153,85,328,161,29,25,23,27,0,14
1400000US06037502604,2714,560,107,63,0,14,6,9,0,14,24,38,38,33,6,9,193,292,117,73,32,32,56,54,48,36,20,24,90,80,182,78,739,162,92,58,84,42,273,89,145,64,399,259,63,42,0,14,0,14
1400000US06037502700,5169,554,463,215,0,19,0,19,0,19,0,19,91,127,21,32,35,50,89,69,15,24,43,55,0,19,16,24,120,96,467,251,1427,330,218,104,148,91,664,209,527,242,566,156,241,119,12,19,6,11
1400000US06037502801,4367,524,200,97,0,19,0,19,0,19,0,19,0,19,12,20,25,28,181,129,0,19,14,17,0,19,31,27,109,115,199,126,680,173,155,74,354,133,659,176,617,222,965,248,141,76,25,29,0,19
1400000US06037502901,4015,598,174,86,0,19,0,19,0,19,0,19,0,19,0,19,23,26,81,43,23,33,36,46,171,153,78,58,65,44,103,74,1220,229,67,44,181,111,707,217,233,94,543,205,276,171,34,48,0,19
1400000US06037503000,3623,620,355,238,0,19,0,19,0,19,0,19,0,19,41,59,78,71,380,229,33,46,43,67,110,78,73,67,120,72,81,77,1111,430,93,77,109,108,409,202,118,74,272,165,197,197,0,19,0,19
1400000US06037503103,3598,437,103,84,0,19,0,19,0,19,11,15,56,60,0,19,17,28,112,76,28,43,84,79,40,60,108,89,138,132,130,91,928,255,73,70,378,139,600,210,341,154,263,155,174,106,14,21,0,19
1400000US06037503104,1550,319,80,37,0,14,0,14,0,14,0,14,0,14,0,14,30,29,30,38,7,10,9,15,82,84,24,23,0,14,93,54,425,114,17,19,131,56,313,187,79,57,179,145,51,43,0,14,0,14
1400000US06037503105,2209,289,80,53,0,14,0,14,0,14,0,14,15,25,0,14,14,29,40,48,0,14,8,15,56,58,0,14,15,26,114,97,648,220,109,90,192,92,332,172,180,90,240,116,112,72,54,64,0,14
1400000US06037503106,2625,353,111,73,0,14,0,14,0,14,13,23,0,14,0,14,19,26,181,162,34,52,8,17,50,46,0,14,30,30,34,59,514,148,9,14,241,121,530,173,263,85,443,199,112,101,17,23,16,26
1400000US06037503201,2477,330,104,70,0,14,8,13,0,14,7,12,3,4,22,31,11,17,8,12,0,14,7,11,4,6,8,13,10,14,61,60,785,295,37,43,130,72,426,132,273,170,430,163,113,70,30,23,0,14
1400000US06037503202,3112,507,40,37,0,14,0,14,0,14,0,14,13,21,0,14,13,42,28,36,8,15,36,35,69,68,30,30,131,92,60,47,917,378,67,58,224,118,315,153,476,207,456,211,217,73,12,19,0,14
1400000US06037503301,2381,445,0,14,0,14,0,14,0,14,0,14,0,14,0,14,0,14,6,10,0,14,32,46,0,14,26,38,20,30,6,10,811,409,67,57,195,101,319,149,240,108,479,128,122,83,36,45,22,28
1400000US06037503302,3852,295,276,122,0,19,0,19,0,19,0,19,43,62,0,19,0,19,149,85,39,41,56,56,52,63,94,83,32,30,97,61,885,249,79,59,288,93,728,173,265,109,490,138,225,163,30,34,24,31
1400000US06037503401,5289,808,71,69,0,19,0,19,0,19,0,19,37,49,0,19,5,20,72,87,0,19,94,95,3,6,53,82,24,38,137,136,1544,790,105,89,454,200,824,252,358,195,1222,276,194,94,65,85,27,40
1400000US06037503402,2715,288,38,40,0,14,0,14,0,14,0,14,24,37,0,14,23,35,0,14,0,14,10,16,0,14,25,24,23,28,88,80,496,154,23,25,219,108,493,160,220,81,606,161,385,130,27,25,15,23
1400000US06037503501,4764,901,101,86,0,19,0,19,0,19,0,19,0,19,0,19,21,33,90,95,0,19,5,7,56,72,156,116,39,33,321,332,1773,418,118,74,248,133,673,256,315,133,629,194,146,86,30,28,43,51
1400000US06037503502,2470,293,48,44,0,14,0,14,0,14,0,14,0,14,0,14,0,14,0,14,0,14,0,14,6,12,17,20,0,14,17,22,829,207,54,47,245,127,468,163,295,100,287,127,178,101,17,26,9,14
1400000US06037503601,2959,330,46,47,0,14,0,14,0,14,0,14,0,14,0,14,0,14,26,27,18,24,10,19,0,14,20,27,17,19,50,43,665,162,100,72,168,72,585,143,292,116,619,236,272,128,64,42,7,11
1400000US06037503602,2839,302,9,14,0,14,0,14,0,14,0,14,13,21,0,14,0,14,0,14,0,14,0,14,10,16,0,14,19,21,32,30,521,149,29,32,121,66,232,78,298,100,1144,245,273,90,80,61,58,47
1400000US06037503701,3643,397,18,19,0,19,0,19,27,40,0,19,6,15,0,19,0,19,54,54,0,19,0,19,31,50,66,77,51,40,147,73,866,256,100,77,186,96,621,214,267,99,671,187,431,143,47,63,54,58
1400000US06037503702,3379,346,61,38,0,14,0,14,0,14,0,14,0,14,0,14,0,14,27,31,0,14,26,22,48,60,25,37,37,41,49,37,586,181,24,34,176,88,776,201,187,82,660,230,457,142,221,151,19,22
1400000US06037503704,3718,526,1,3,0,14,0,14,0,14,91,143,12,19,0,14,0,14,58,93,0,14,49,46,1,2,0,14,0,14,39,32,618,223,66,54,200,81,409,153,235,137,1355,302,351,221,61,47,172,129
1400000US06037503705,2164,277,28,43,47,71,0,14,0,14,0,14,0,14,0,14,0,14,0,14,0,14,19,27,0,14,0,14,10,17,77,63,254,119,8,12,132,68,327,158,394,129,579,173,216,113,50,42,23,28
1400000US06037503801,2503,325,26,24,0,14,0,14,0,14,7,12,0,14,21,30,9,14,36,43,0,14,0,14,0,14,11,17,36,46,125,95,503,126,47,36,235,100,352,159,272,112,533,149,166,79,85,68,39,39
1400000US06037503802,3904,407,24,19,0,19,0,19,0,19,0,19,0,19,0,19,12,22,37,44,0,19,72,88,2,6,21,33,0,19,64,58,626,191,134,84,204,93,610,226,287,115,1167,239,560,182,39,29,45,34
1400000US06037503901,1736,154,30,27,0,14,0,14,0,14,0,14,2,4,0,14,5,8,0,14,7,11,3,6,15,25,4,6,29,42,37,34,304,96,33,22,127,62,139,60,143,82,678,138,144,77,27,19,9,9
1400000US06037503902,3415,406,93,67,0,19,0,19,0,19,0,19,0,19,0,19,0,19,0,19,51,80,59,92,7,11,28,32,22,40,32,31,774,197,100,62,193,109,618,202,337,114,754,196,247,105,37,44,63,52
1400000US06037504001,2741,556,0,19,0,19,0,19,0,19,0,19,0,19,0,19,0,19,33,45,7,11,51,50,0,19,8,16,10,15,36,29,471,159,143,102,122,92,325,126,235,88,481,169,672,451,17,21,130,183
1400000US06037504002,3146,292,82,90,0,14,0,14,0,14,0,14,0,14,0,14,0,14,64,58,0,14,37,50,12,18,0,14,7,12,78,72,562,152,94,61,247,121,490,158,296,96,715,169,371,159,52,43,39,49
1400000US06037504101,3521,370,254,116,0,19,0,19,0,19,0,19,41,50,0,19,4,7,59,63,0,19,69,58,16,18,48,43,49,37,65,52,977,209,54,42,250,107,426,126,251,127,630,198,229,100,73,65,26,31
1400000US06037504200,5093,510,615,211,25,37,0,19,0,19,0,19,21,25,0,19,39,56,161,107,127,110,31,38,63,53,70,56,46,34,169,150,931,202,159,87,270,136,803,192,336,129,834,295,330,167,52,43,11,19
1400000US06037530005,2752,307,50,44,0,14,0,14,0,14,0,14,0,14,0,14,0,14,46,68,9,16,17,19,15,19,14,24,9,12,56,33,326,109,65,43,228,140,259,97,263,97,967,155,258,115,55,40,115,103
1400000US06037530006,3560,518,183,118,0,14,0,14,0,14,42,46,10,14,0,14,13,20,178,150,0,14,0,14,83,84,22,25,34,51,219,206,728,231,114,86,235,124,456,167,197,87,730,320,291,127,25,31,0,14
1400000US06037530007,4712,538,145,97,0,19,0,19,0,19,0,19,23,27,24,33,29,31,308,186,7,11,11,18,70,73,6,14,108,135,79,51,1084,248,150,115,305,140,628,280,316,125,899,250,364,153,100,50,56,45
1400000US06037530101,3796,451,320,202,0,19,0,19,5,11,0,19,58,60,39,62,65,68,172,121,64,69,19,24,220,124,47,52,49,42,161,83,901,276,97,60,303,116,507,152,217,148,277,149,213,118,62,64,0,19
1400000US06037530102,3777,371,312,100,0,19,11,19,0,19,0,19,32,53,26,36,69,103,26,21,0,19,10,17,73,55,48,48,64,50,199,118,851,246,116,79,133,90,702,212,203,116,642,226,110,74,135,103,15,24
1400000US06037530202,3267,570,60,54,0,14,0,14,0,14,0,14,36,44,106,117,20,19,157,103,14,15,8,13,68,66,82,67,40,47,197,111,527,176,85,61,189,115,643,227,305,209,446,184,144,71,131,123,9,15
1400000US06037530203,1935,176,59,53,0,14,0,14,0,14,0,14,7,11,5,11,17,22,86,73,0,14,8,13,143,124,89,124,50,65,66,56,540,157,98,59,54,44,227,96,245,111,138,80,69,56,7,12,27,25
1400000US06037530204,2689,600,117,65,0,14,0,14,0,14,0,14,19,30,0,14,8,15,128,113,0,14,61,63,83,84,43,67,128,80,240,184,782,313,39,54,116,52,369,203,129,61,332,163,95,63,0,14,0,14
1400000US06037530301,1295,206,154,94,0,14,0,14,28,41,0,14,91,56,13,20,7,12,96,58,12,16,0,14,15,21,9,10,10,13,118,53,275,100,27,35,80,41,201,110,68,42,59,36,30,23,2,6,0,14
1400000US06037530302,4076,454,265,181,0,19,0,19,61,59,14,24,0,19,9,21,94,75,218,94,0,19,188,122,62,50,23,28,61,54,235,109,720,279,64,56,366,158,784,213,296,153,459,140,126,68,0,19,31,35
1400000US06037530400,2495,369,146,79,0,14,0,14,0,14,0,14,57,76,9,18,157,131,253,123,0,14,29,29,37,49,33,37,112,72,177,134,457,317,94,67,63,55,398,153,87,58,216,107,148,83,22,27,0,14
1400000US06037530500,2570,345,178,77,0,14,0,14,37,44,0,14,30,29,7,12,54,50,232,98,14,23,25,39,242,108,0,14,95,83,16,17,614,139,203,108,123,87,412,168,88,72,142,79,45,47,0,14,13,19
1400000US06037530603,2839,357,111,67,0,14,0,14,0,14,16,25,60,36,42,36,15,23,144,81,53,57,28,35,171,86,111,72,129,72,117,72,526,203,71,64,141,72,408,109,166,88,423,149,68,45,18,15,21,26
1400000US06037530700,1522,265,123,63,0,14,0,14,0,14,0,14,0,14,21,25,0,14,142,72,10,14,19,29,78,45,32,28,6,8,97,59,401,161,36,46,43,49,217,58,40,25,150,80,74,52,15,18,18,28
1400000US06037530801,3664,545,241,109,0,19,0,19,34,33,5,7,22,23,11,17,81,96,433,247,0,19,42,52,299,234,46,45,32,39,167,110,748,255,121,80,81,53,376,130,119,80,518,173,273,172,15,18,0,19
1400000US06037530802,2094,235,77,37,0,14,0,14,0,14,24,29,5,8,22,22,38,32,174,79,7,11,22,18,110,74,0,14,130,64,189,85,378,120,53,28,70,42,298,89,73,43,311,77,95,45,18,14,0,14
1400000US06037530901,2141,289,133,72,0,14,0,14,46,40,18,24,72,83,12,16,39,43,247,101,15,22,53,37,136,83,19,18,72,77,136,71,449,124,63,50,93,45,169,70,83,37,209,93,58,42,19,21,0,14
1400000US06037530902,2358,381,211,161,0,14,0,14,9,15,26,43,26,33,95,127,23,34,216,152,7,12,125,82,276,112,39,54,81,82,25,28,390,118,120,86,86,45,218,119,143,74,177,98,51,56,14,25,0,14
1400000US06037531000,3059,511,314,100,0,14,0,14,0,14,44,40,27,34,65,81,24,35,209,135,0,14,46,40,185,91,52,52,7,12,293,133,1007,379,83,53,166,65,266,126,101,85,99,81,71,47,0,14,0,14
1400000US06037531101,2968,772,327,250,0,14,16,27,26,39,0,14,92,112,32,30,68,73,433,187,34,33,41,64,155,143,41,46,16,25,403,219,472,222,150,73,121,90,294,116,85,83,124,67,38,36,0,14,0,14
1400000US06037531102,1752,233,150,77,4,6,0,14,12,18,23,22,28,29,49,63,6,10,121,70,35,27,23,24,155,80,24,22,66,43,146,74,341,106,52,39,35,22,162,73,69,40,175,149,70,64,6,10,0,14
1400000US06037531201,2797,550,127,74,0,14,0,14,0,14,75,69,8,12,79,126,73,69,595,271,31,46,47,56,299,168,38,47,28,34,158,101,669,221,66,56,70,59,178,106,76,64,130,91,50,38,0,14,0,14
1400000US06037531202,2649,418,218,145,0,14,10,18,0,14,54,86,91,68,48,65,142,127,208,141,54,59,20,36,230,132,0,14,54,85,119,81,788,289,15,28,88,71,112,86,86,77,247,164,65,59,0,14,0,14
1400000US06037531301,3004,513,362,230,0,19,0,19,0,19,0,19,53,72,111,90,23,36,656,224,33,40,33,38,62,67,31,43,13,28,88,65,560,195,48,39,125,69,389,144,156,100,230,111,31,49,0,19,0,19
1400000US06037531302,3202,433,497,144,0,19,0,19,0,19,0,19,61,59,96,61,64,56,443,190,22,33,15,26,100,73,52,49,191,177,82,68,714,294,148,126,71,48,310,175,99,64,237,128,0,19,0,19,0,19
1400000US06037531502,1708,225,84,53,0,14,0,14,0,14,7,10,41,39,18,31,30,33,234,95,5,7,21,26,155,119,28,25,42,37,100,59,409,140,17,24,28,26,253,122,26,30,126,63,63,68,21,35,0,14
1400000US06037531503,1696,248,227,103,0,14,0,14,0,14,46,73,10,14,0,14,0,14,229,124,27,43,38,35,108,69,78,59,150,139,119,65,304,113,44,33,46,28,137,61,25,25,46,34,52,58,0,14,10,12
1400000US06037531504,2292,386,125,79,0,14,0,14,0,14,22,32,32,34,48,49,0,14,106,84,37,42,13,21,289,131,30,40,65,56,195,93,512,183,95,76,73,48,248,110,32,29,262,132,108,70,0,14,0,14
1400000US06037531602,2424,398,467,217,0,14,0,14,22,30,23,30,23,30,35,58,0,14,246,145,0,14,49,43,43,55,104,96,22,25,159,97,574,201,30,41,139,94,226,92,85,63,136,83,41,44,0,14,0,14
1400000US06037531603,2271,364,296,102,0,14,0,14,50,48,0,14,0,14,29,29,26,23,168,78,0,14,87,61,175,76,69,71,33,28,208,126,404,120,27,20,97,52,228,96,72,33,211,88,71,51,14,16,6,8
1400000US06037531604,1963,254,167,60,0,14,20,27,34,32,22,22,39,24,14,20,24,26,155,64,21,24,25,25,243,123,100,58,34,30,104,57,324,100,87,60,77,43,221,85,122,63,130,62,0,14,0,14,0,14
1400000US06037531701,3553,552,436,187,0,19,0,19,11,18,0,19,111,87,61,57,94,95,201,108,0,19,34,36,265,266,28,33,133,87,156,93,891,304,157,106,108,70,319,137,71,57,262,137,205,164,10,17,0,19
1400000US06037531702,2949,492,392,162,0,14,0,14,0,14,23,37,16,18,0,14,0,14,220,211,0,14,29,46,148,123,65,60,54,70,300,199,710,223,9,14,171,104,355,189,186,112,211,166,51,43,9,16,0,14
1400000US06037531800,2928,487,254,158,0,14,0,14,0,14,21,33,48,36,0,14,47,57,314,139,12,21,0,14,126,94,50,42,93,68,197,89,587,169,69,64,103,54,345,184,252,204,134,64,106,118,0,14,170,264
1400000US06037531901,4254,684,480,204,0,19,8,14,0,19,53,86,32,30,8,13,30,48,453,199,0,19,294,182,143,105,92,73,123,144,115,78,1049,354,117,82,308,158,378,134,255,130,280,153,28,31,8,12,0,19
1400000US06037531902,2647,365,351,159,0,14,0,14,0,14,18,22,8,13,13,21,22,34,148,67,21,31,49,46,158,93,82,53,86,60,109,65,698,254,7,14,118,72,301,148,129,84,240,99,73,52,16,19,0,14
1400000US06037532001,2089,376,99,59,0,14,32,48,17,27,0,14,2,4,39,47,8,12,96,81,0,14,27,32,91,72,30,26,47,51,57,56,654,301,18,20,102,64,283,135,261,136,192,119,34,39,0,14,0,14
1400000US06037532002,2294,279,190,89,0,14,8,11,0,14,36,41,54,48,0,14,2,3,86,63,23,28,7,25,147,81,89,91,141,97,120,52,379,148,52,40,122,58,389,147,130,48,261,95,58,46,0,14,0,14
1400000US06037532101,4286,603,233,134,0,19,9,17,0,19,0,19,38,44,42,48,18,29,204,106,0,19,45,59,154,93,145,91,110,77,281,155,1418,444,98,66,295,150,255,146,351,143,321,224,199,119,56,61,14,24
1400000US06037532102,2684,375,308,161,0,14,0,14,0,14,2,5,27,37,0,14,22,36,49,51,7,11,11,17,21,23,54,57,10,16,122,67,741,305,84,68,104,59,274,144,156,68,408,128,229,116,55,52,0,14
1400000US06037532200,3946,688,252,129,0,19,0,19,31,49,49,62,53,49,24,33,38,48,232,121,29,46,56,53,238,164,29,47,86,78,314,192,893,263,224,214,262,130,283,167,214,124,523,222,91,64,2,5,23,25
1400000US06037532302,2868,365,261,151,0,14,0,14,0,14,0,14,26,42,0,14,15,23,271,153,0,14,87,50,183,111,69,63,55,49,196,95,693,261,64,53,86,54,267,131,217,187,325,177,41,42,12,22,0,14
1400000US06037532303,3039,503,133,91,0,14,0,14,0,14,0,14,22,24,0,14,0,14,359,315,0,14,76,60,170,107,71,64,26,20,146,77,1007,242,15,20,150,96,505,247,148,82,189,100,13,16,9,16,0,14
1400000US06037532304,2725,382,122,97,0,14,0,14,0,14,12,20,52,57,0,14,162,126,331,130,0,14,37,49,65,63,23,41,25,28,154,115,646,257,6,11,119,71,484,204,101,77,306,114,63,51,11,18,6,11
1400000US06037532500,2390,344,44,37,0,14,0,14,0,14,13,21,94,97,31,36,30,29,194,109,0,14,77,78,39,42,48,41,67,54,156,111,638,223,64,62,42,36,330,133,116,84,253,145,106,105,48,61,0,14
1400000US06037532605,2751,753,292,179,0,14,0,14,17,30,9,15,27,45,70,61,68,58,188,131,102,107,24,21,94,67,9,16,164,133,143,94,488,166,59,49,455,409,224,117,174,87,117,73,19,23,8,13,0,14
1400000US06037532606,2608,316,201,96,8,12,0,14,0,14,0,14,117,96,19,34,20,26,295,144,18,29,162,137,212,112,58,50,23,32,75,61,530,179,85,59,59,56,457,144,141,86,100,69,26,33,1,4,1,3
1400000US06037532607,3178,367,363,133,14,21,0,19,15,21,22,24,158,148,22,28,92,53,335,130,45,43,171,94,240,112,119,83,87,68,146,82,505,163,59,45,128,65,118,64,104,42,332,137,47,33,10,16,46,49
1400000US06037532700,2069,358,318,178,0,14,0,14,0,14,49,54,51,52,68,56,52,50,339,109,28,30,59,39,88,56,39,42,6,9,71,64,391,130,22,26,123,78,93,72,135,116,109,65,23,29,5,8,0,14
1400000US06037532800,2254,314,280,120,0,14,0,14,16,26,26,28,78,85,127,84,66,45,202,98,93,75,58,47,172,99,58,57,77,71,74,55,344,123,75,47,150,70,130,80,78,55,150,62,0,14,0,14,0,14
1400000US06037532900,3544,539,308,156,10,17,62,96,45,72,102,110,123,148,198,142,105,106,389,187,56,49,193,86,225,139,38,58,228,124,92,82,769,233,68,69,78,53,128,76,127,80,172,116,28,31,0,19,0,19
1400000US06037533001,2993,648,247,117,6,15,0,14,0,14,179,245,29,44,21,33,66,54,270,103,101,67,43,41,133,158,74,75,149,93,149,68,736,391,158,116,110,74,234,109,114,67,137,86,16,26,21,28,0,14
1400000US06037533002,1428,216,86,60,0,14,1,7,8,12,4,7,57,40,61,63,29,39,157,76,53,48,37,41,40,41,0,14,8,13,92,66,253,112,27,37,103,76,264,101,68,62,60,41,20,20,0,14,0,14
1400000US06037533103,1909,225,166,65,0,14,2,3,7,14,21,23,14,21,48,53,39,31,264,114,22,24,89,58,73,68,67,46,41,39,188,121,471,152,28,29,126,66,65,48,48,40,83,56,40,45,7,11,0,14
1400000US06037533104,2664,405,261,120,0,14,0,14,21,35,109,71,63,59,16,25,137,97,338,132,70,51,14,23,222,126,51,49,61,52,150,86,634,228,22,33,87,65,231,114,42,49,118,110,17,28,0,14,0,14
1400000US06037533105,1629,299,161,80,0,14,12,21,0,14,0,14,42,34,0,14,61,51,78,59,48,41,20,32,66,50,93,64,26,36,76,44,375,128,39,22,51,47,224,136,40,55,156,142,61,52,0,14,0,14
1400000US06037533108,3049,309,146,88,0,14,54,51,46,49,27,26,38,39,23,25,55,54,471,126,12,20,131,102,119,70,97,73,39,53,108,60,908,209,119,64,100,55,258,131,91,58,173,104,16,20,0,14,18,27
1400000US06037533201,1430,211,190,82,0,14,0,14,0,14,9,14,43,42,31,51,35,54,77,45,0,14,63,49,143,84,25,31,87,64,26,29,315,100,35,32,47,41,174,94,62,49,55,53,13,16,0,14,0,14
1400000US06037533204,2334,312,286,178,0,14,0,14,0,14,103,102,37,27,0,14,21,20,213,113,20,25,64,57,233,110,50,46,35,45,216,125,345,130,44,40,136,91,215,104,118,66,128,68,57,44,13,18,0,14
1400000US06037533300,1819,287,95,65,0,14,0,14,7,11,12,20,49,45,15,25,65,71,221,85,13,14,138,88,89,55,16,21,26,27,38,30,543,157,68,73,17,16,155,76,62,74,132,86,53,34,0,14,5,8
1400000US06037533401,2843,504,265,148,13,20,0,14,0,14,0,14,25,29,0,14,25,31,231,148,155,129,201,145,122,69,48,49,16,24,127,85,710,212,36,52,139,70,117,66,188,150,220,112,101,151,17,26,87,131
1400000US06037533402,2281,302,200,120,0,14,0,14,0,14,13,22,71,68,5,7,5,7,352,162,63,62,11,17,161,101,44,43,137,111,80,88,622,167,106,154,41,40,194,162,116,80,60,57,0,14,0,14,0,14
1400000US06037533403,1729,318,148,73,0,14,0,14,14,22,44,50,30,41,0,14,0,14,67,43,34,29,180,122,81,57,44,38,98,73,271,280,342,102,12,20,70,55,96,56,116,67,59,40,15,23,8,9,0,14
1400000US06037533501,1817,322,205,94,0,14,0,14,38,42,8,11,46,42,0,14,94,151,74,47,50,67,26,41,99,70,32,34,99,54,102,75,529,161,22,20,48,39,204,88,37,43,104,60,0,14,0,14,0,14
1400000US06037533504,2536,362,170,86,0,14,0,14,0,14,33,39,110,75,6,11,18,22,377,164,93,79,188,101,107,88,75,59,82,53,156,64,569,146,46,42,94,61,289,173,70,49,53,37,0,14,0,14,0,14
1400000US06037533601,2956,612,252,118,0,14,0,14,0,14,26,39,60,72,46,49,13,22,422,233,0,14,251,191,36,59,15,26,114,100,145,129,756,245,40,34,162,102,316,173,67,69,219,113,16,26,0,14,0,14
1400000US06037533602,3086,379,242,166,0,19,0,19,30,49,10,16,86,82,51,57,27,43,303,141,73,88,184,165,250,214,84,79,11,17,180,92,519,203,68,64,144,85,474,175,38,47,266,158,46,49,0,19,0,19
1400000US06037533603,3581,392,235,131,0,19,0,19,5,10,42,37,98,77,40,47,78,69,545,237,36,55,270,152,271,146,40,45,105,73,124,93,730,295,62,39,225,124,405,172,70,58,166,111,34,38,0,19,0,19
1400000US06037533701,2014,357,405,295,0,14,0,14,8,11,11,18,21,25,20,23,34,32,146,83,17,25,183,94,74,44,61,46,79,54,96,55,345,134,47,44,118,72,230,107,30,25,59,36,18,21,5,9,7,10
1400000US06037533702,2329,405,313,113,0,14,0,14,0,14,20,31,64,41,29,40,12,21,412,303,13,20,220,141,89,66,31,26,25,25,40,32,545,144,88,86,81,53,210,81,57,37,71,39,0,14,9,11,0,14
1400000US06037533703,2249,347,117,67,0,14,0,14,0,14,64,57,19,23,20,32,59,52,268,132,6,16,146,142,94,88,10,16,72,76,102,77,604,244,57,55,36,32,157,106,142,90,276,172,0,14,0,14,0,14
1400000US06037533803,3569,321,257,129,0,19,0,19,0,19,30,47,5,7,24,38,64,55,241,112,92,66,276,160,23,31,109,72,177,118,87,57,1137,333,136,117,52,47,285,134,178,83,328,161,52,45,16,25,0,19
1400000US06037533804,2430,465,177,108,0,14,0,14,0,14,0,14,24,33,0,14,35,44,247,157,52,50,142,98,86,64,55,67,50,45,199,184,603,194,12,19,70,51,432,176,114,89,101,69,11,19,20,24,0,14
1400000US06037533805,2568,472,71,43,0,14,0,14,0,14,43,67,33,35,17,28,10,12,152,79,15,24,248,137,76,64,84,87,16,22,31,26,795,261,50,38,56,48,281,134,130,76,269,191,127,85,13,18,51,68
1400000US06037533806,2153,349,141,107,0,14,0,14,0,14,30,49,0,14,4,7,0,14,239,123,0,14,52,57,11,18,14,22,0,14,144,120,814,215,103,59,97,63,162,73,141,126,182,107,5,9,14,23,0,14
1400000US06037533901,2827,273,238,117,0,19,15,23,84,71,0,19,70,56,22,34,62,58,143,88,14,20,188,115,157,120,23,37,64,48,81,86,883,198,32,35,55,41,423,162,142,80,104,74,27,32,0,19,0,19
1400000US06037533902,2937,528,148,95,0,14,0,14,11,17,0,14,26,33,72,74,6,9,195,118,41,65,246,139,91,74,70,103,244,207,169,110,636,178,70,58,121,83,376,232,116,64,215,132,84,93,0,14,0,14
1400000US06037534001,3366,415,273,161,0,19,0,19,27,43,31,50,137,96,118,92,61,49,201,111,21,31,239,151,205,109,95,79,165,114,169,119,854,243,23,29,22,23,198,136,109,88,327,136,91,83,0,19,0,19
1400000US06037534002,2375,321,197,121,0,14,0,14,0,14,31,46,2,4,12,20,204,143,140,128,0,14,114,74,54,61,44,45,69,55,27,37,838,243,74,60,105,75,111,72,185,191,149,75,12,18,7,16,0,14
1400000US06037534101,1157,223,213,100,0,14,0,14,16,20,0,14,9,17,0,14,0,14,117,83,0,14,89,69,7,12,0,14,4,9,42,37,263,111,4,10,53,34,136,71,95,55,73,50,36,29,0,14,0,14
1400000US06037534102,3479,443,320,150,0,19,12,20,10,18,48,59,54,71,50,60,76,60,442,258,99,78,170,108,287,219,23,37,147,73,137,96,720,192,56,40,71,64,522,150,132,97,103,68,0,19,0,19,0,19
1400000US06037534201,2439,451,80,58,19,26,0,14,77,73,129,79,32,35,27,34,9,17,322,136,16,27,157,120,87,87,0,14,91,59,130,83,680,201,9,13,86,80,262,136,80,63,97,66,49,72,0,14,0,14
1400000US06037534202,2940,461,225,145,0,14,0,14,0,14,7,17,15,22,54,51,80,58,292,136,65,60,365,147,76,69,157,92,134,117,110,82,602,223,31,32,82,64,350,137,82,67,210,120,3,13,0,14,0,14
1400000US06037534203,2026,321,285,167,1,6,0,14,21,28,15,17,55,41,4,9,39,40,170,77,8,13,113,76,42,35,44,38,135,81,36,28,583,117,29,24,81,47,233,102,54,35,49,44,29,33,0,14,0,14
1400000US06037534301,2294,287,172,115,0,14,12,20,28,41,69,64,51,48,24,38,13,34,197,115,43,39,213,149,61,65,74,64,135,87,52,54,514,203,0,14,110,106,350,130,25,29,103,94,48,71,0,14,0,14
1400000US06037534302,2179,274,183,111,0,14,45,69,21,33,7,11,36,33,90,120,12,18,408,134,0,14,114,55,16,16,19,29,119,83,50,47,525,164,73,44,83,92,200,79,31,31,128,82,0,14,19,26,0,14
1400000US06037534403,2262,465,138,67,0,14,10,15,9,14,27,38,9,13,95,109,0,14,208,114,0,14,182,93,146,128,5,6,61,50,165,125,551,147,30,25,41,27,340,159,47,42,165,68,15,19,18,27,0,14
1400000US06037534404,1945,247,139,62,0,14,0,14,0,14,0,14,62,51,47,40,30,34,186,76,25,23,68,50,31,41,27,31,107,57,48,28,635,169,5,10,9,11,302,111,112,54,100,51,7,11,5,7,0,14
1400000US06037534405,2459,317,118,86,0,14,0,14,32,37,0,14,20,22,5,12,46,61,175,99,4,8,190,118,61,48,51,47,27,31,87,68,927,258,63,62,27,27,267,107,134,83,185,158,30,45,0,14,10,17
1400000US06037534406,2302,307,160,112,0,14,0,14,0,14,0,14,18,25,0,14,0,14,169,117,34,52,193,132,79,65,56,48,59,58,144,97,607,264,68,53,93,72,265,160,313,159,34,37,0,14,10,16,0,14
1400000US06037534501,3279,481,542,206,0,19,0,19,12,19,0,19,19,33,14,29,0,19,268,159,0,19,41,50,73,79,54,60,133,105,79,78,972,270,118,98,402,231,124,93,235,105,148,83,45,55,0,19,0,19
1400000US06037534502,2442,447,108,77,0,14,0,14,0,14,52,60,33,38,80,129,21,34,48,54,0,14,82,64,121,89,45,48,72,113,19,22,703,189,47,33,215,114,221,100,108,62,400,205,56,53,1,2,10,15
1400000US06037534700,2775,392,120,57,0,14,15,17,0,14,6,9,25,28,18,28,52,39,259,116,15,15,49,41,177,127,46,37,57,44,38,23,742,238,81,49,129,55,368,144,157,52,290,169,109,52,17,25,5,9
1400000US06037534802,1709,259,158,70,0,14,0,14,0,14,10,17,52,45,35,38,15,18,145,65,13,19,26,41,124,98,58,47,48,43,109,60,458,117,79,40,108,56,98,50,51,35,105,62,9,13,0,14,8,11
1400000US06037534803,2840,414,137,93,0,14,19,31,139,217,34,32,126,65,97,66,50,41,227,126,72,49,23,38,228,134,34,42,56,53,134,81,673,225,93,67,140,87,179,90,163,104,139,79,55,47,22,31,0,14
1400000US06037534804,2780,401,256,100,0,14,6,8,27,44,7,10,62,56,33,33,74,52,298,106,46,40,138,70,142,98,60,46,118,84,102,74,581,182,113,73,225,112,160,67,108,66,209,102,15,19,0,14,0,14
1400000US06037534900,3830,598,371,152,0,19,0,19,0,19,36,43,53,46,31,37,213,127,453,159,152,100,101,68,277,155,173,118,124,103,255,138,899,284,51,44,51,39,284,123,127,79,130,86,39,40,10,16,0,19
1400000US06037535001,2242,239,117,69,0,14,35,33,0,14,27,43,55,45,97,70,57,50,323,128,14,22,48,53,137,133,81,74,95,91,84,62,494,174,38,59,82,56,175,88,88,83,189,85,6,11,0,14,0,14
1400000US06037535002,2142,285,177,113,0,14,27,30,0,14,40,42,53,50,6,10,81,47,269,106,38,34,24,37,123,65,95,65,33,30,161,90,465,130,23,25,116,75,114,67,121,77,89,55,87,91,0,14,0,14
1400000US06037535101,4554,611,335,132,0,19,77,61,0,19,40,38,19,21,133,81,197,118,358,155,174,111,107,74,369,159,70,66,63,46,291,127,929,180,186,191,286,289,384,157,172,112,268,130,47,38,25,28,24,38
1400000US06037535102,2689,386,340,114,0,14,24,43,41,55,0,14,32,43,24,37,56,57,221,117,24,33,54,73,66,50,88,64,71,71,201,121,598,189,8,15,186,93,203,102,144,91,245,134,59,57,0,14,4,13
1400000US06037535200,3541,487,342,175,0,19,12,19,17,21,11,19,39,48,25,31,214,125,187,108,20,30,152,101,161,89,143,106,67,65,132,87,701,204,287,147,104,70,491,216,171,165,198,118,56,61,0,19,11,18
1400000US06037535300,3703,603,205,84,0,19,46,47,55,50,27,28,104,81,62,51,69,64,444,176,93,69,87,72,121,65,118,101,191,133,111,55,734,302,161,71,283,222,272,132,151,129,262,155,68,48,32,44,7,11
1400000US06037535400,1982,413,158,75,0,14,0,14,19,28,84,68,77,65,61,48,34,33,177,89,30,35,30,26,175,82,93,64,196,171,50,43,361,115,5,12,35,27,173,98,72,43,152,102,0,14,0,14,0,14
1400000US06037535501,1999,255,187,122,0,14,0,14,26,41,20,30,24,33,10,19,37,45,182,88,43,49,124,99,176,114,46,47,16,23,90,58,582,193,71,60,39,49,169,129,87,72,70,64,0,14,0,14,0,14
1400000US06037535502,3318,689,344,146,0,14,0,14,0,14,128,88,57,64,0,14,68,102,201,139,78,84,128,95,163,117,121,115,142,198,175,134,616,259,61,63,286,255,254,135,132,86,327,140,37,40,0,14,0,14
1400000US06037535503,1695,273,196,98,0,14,0,14,11,14,5,7,27,27,14,23,40,48,127,81,0,14,31,26,25,25,93,62,12,15,114,83,454,155,93,65,40,41,156,85,95,57,75,48,52,61,6,11,29,40
1400000US06037535603,2224,266,277,97,0,14,13,19,11,19,16,25,85,101,9,16,66,60,108,66,39,47,34,28,206,122,6,12,88,75,106,67,533,128,38,28,85,58,155,78,115,113,166,77,68,55,0,14,0,14
1400000US06037535604,2706,373,336,129,8,12,0,14,0,14,31,37,64,61,0,14,35,42,422,231,58,51,38,46,89,70,48,44,36,38,84,59,600,144,121,85,192,122,263,87,88,63,148,97,41,42,0,14,4,7
1400000US06037535605,2955,554,172,97,0,14,0,14,0,14,97,76,60,67,0,14,116,180,212,128,29,46,29,31,96,81,67,68,93,76,179,107,784,234,23,28,94,65,366,169,213,146,206,144,119,104,0,14,0,14
1400000US06037535606,1172,192,240,99,0,14,7,10,0,14,16,18,11,12,0,14,7,12,28,39,47,37,18,22,40,36,0,14,74,47,87,58,242,74,0,14,35,32,139,100,52,42,112,88,17,18,0,14,0,14
1400000US06037535607,3104,451,327,191,0,14,0,14,0,14,0,14,40,53,55,59,12,18,276,167,29,46,109,95,137,105,133,105,109,82,252,144,558,173,91,108,113,112,294,130,119,86,418,172,0,14,9,15,23,37
1400000US06037535701,4218,763,386,203,0,19,69,84,26,39,102,97,37,51,33,46,25,27,321,127,12,18,132,147,118,97,90,107,103,80,358,187,1069,335,97,61,221,148,304,143,251,133,372,167,76,62,7,11,9,14
1400000US06037535702,3531,469,347,163,0,19,0,19,0,19,24,37,60,37,0,19,12,15,311,135,42,52,13,22,86,59,32,33,230,149,243,157,712,201,122,67,303,169,506,180,221,116,233,108,34,33,0,19,0,19
1400000US06037535802,4230,418,551,175,0,19,0,19,0,19,34,44,118,75,113,71,12,19,313,120,31,34,178,109,85,70,106,61,62,49,230,92,697,194,63,76,120,78,601,182,384,145,433,175,99,69,0,19,0,19
1400000US06037535803,2151,286,96,55,0,14,0,14,0,14,59,95,1,8,0,14,34,40,162,86,25,39,47,57,179,97,132,86,27,32,121,93,493,178,37,43,246,101,258,128,59,48,166,80,0,14,9,15,0,14
1400000US06037535804,4058,1052,428,164,0,19,0,19,0,19,0,19,95,68,88,77,30,51,300,144,0,19,146,102,121,93,193,195,47,47,94,92,1117,380,64,67,305,224,383,102,309,169,242,192,96,140,0,19,0,19
1400000US06037535901,4069,649,480,197,0,19,0,19,0,19,88,74,76,59,0,19,44,52,281,105,54,54,51,55,60,57,73,54,127,108,516,410,662,254,71,58,261,118,508,162,277,152,390,195,25,30,25,38,0,19
1400000US06037535902,3972,395,211,102,0,19,14,22,0,19,67,50,18,23,45,68,68,55,363,173,14,23,64,54,77,68,59,57,65,52,223,103,1139,273,170,95,178,78,409,138,181,86,449,135,80,67,78,74,0,19
1400000US06037536000,2190,262,168,104,0,14,0,14,15,19,7,13,15,19,72,75,58,33,195,86,56,58,79,60,55,44,0,14,64,49,109,97,616,166,108,61,92,54,165,75,6,11,217,95,93,77,0,14,0,14
1400000US06037536102,2481,304,268,102,0,14,0,14,13,21,28,31,48,56,25,33,0,14,77,82,0,14,14,21,61,72,6,12,21,27,185,120,600,179,126,69,303,145,178,87,157,85,270,147,76,63,13,24,12,19
1400000US06037536103,3440,401,339,188,0,19,55,79,9,12,4,9,80,59,13,22,71,78,195,116,34,37,85,68,105,93,49,52,214,132,184,120,875,289,83,48,101,69,346,178,244,137,266,100,81,49,7,12,0,19
1400000US06037536104,2551,334,296,137,0,14,0,14,0,14,11,18,20,30,42,54,0,14,53,50,0,14,0,14,48,53,31,36,13,20,209,93,503,186,155,71,352,167,357,121,77,53,281,150,77,70,0,14,26,40
1400000US06037536201,2558,378,88,69,0,14,9,16,0,14,0,14,0,14,18,29,0,14,43,60,31,30,38,38,119,89,23,27,46,56,134,100,822,295,89,81,164,91,234,126,213,132,437,184,50,37,0,14,0,14
1400000US06037536202,3042,487,240,147,0,14,0,14,0,14,0,14,62,65,20,31,72,101,245,142,68,74,24,36,132,109,56,65,59,48,122,67,621,191,112,74,272,211,261,212,369,151,218,99,89,77,0,14,0,14
1400000US06037540000,3985,625,521,222,0,19,0,19,0,19,26,39,31,50,53,53,76,50,138,110,60,48,41,47,99,124,48,46,94,65,224,121,1019,299,150,85,305,355,572,170,241,133,195,93,92,124,0,19,0,19
1400000US06037540101,4442,654,507,248,0,19,40,50,15,26,11,16,0,19,65,86,38,36,140,96,5,12,42,50,40,46,88,59,60,49,252,131,1297,335,167,72,307,120,526,248,350,137,368,180,88,60,9,15,27,29
1400000US06037540102,4156,500,332,124,0,19,0,19,0,19,13,22,123,85,129,99,19,31,303,166,55,86,52,59,126,82,25,25,41,37,428,240,974,231,27,26,96,56,458,176,178,90,549,189,213,112,15,21,0,19
1400000US06037540201,1200,196,38,40,0,14,0,14,0,14,0,14,27,31,0,14,37,35,161,93,21,31,20,31,111,57,19,29,47,34,86,49,247,75,13,20,94,43,206,67,47,34,26,26,0,14,0,14,0,14
1400000US06037540202,4034,567,179,91,0,19,0,19,21,28,0,19,67,69,60,58,111,114,635,292,84,77,90,70,258,172,85,62,108,89,161,123,932,274,90,69,133,88,479,212,123,79,333,175,32,30,41,67,12,18
1400000US06037540203,3221,430,279,155,0,19,0,19,11,20,2,14,54,81,12,18,21,36,181,135,116,89,116,81,108,156,70,94,60,62,331,136,1035,273,96,65,157,118,175,88,139,106,220,162,13,20,0,19,25,43
1400000US06037540300,3090,421,290,138,0,14,0,14,0,14,0,14,75,69,45,58,44,57,155,73,27,41,187,144,105,93,50,64,117,110,270,162,815,262,85,103,154,119,265,164,89,53,197,127,29,34,26,39,65,60
1400000US06037540400,1280,254,138,117,0,14,0,14,0,14,0,14,0,14,13,22,7,12,146,96,30,29,21,23,30,34,0,14,56,39,151,118,257,133,17,22,86,52,192,71,51,33,74,46,11,20,0,14,0,14
1400000US06037540501,3569,547,320,138,0,19,18,29,0,19,0,19,56,54,0,19,23,34,155,89,49,49,33,32,217,107,114,81,202,108,193,137,896,241,150,72,201,138,437,165,223,125,217,99,65,47,0,19,0,19
1400000US06037540502,3848,546,404,125,0,19,0,19,0,19,7,14,83,72,0,19,37,43,399,215,15,25,17,30,144,74,95,82,194,142,460,252,795,209,136,67,196,112,467,295,183,90,117,86,85,76,0,19,14,36
1400000US06037540600,2784,494,501,308,0,14,0,14,22,35,59,73,31,51,0,14,0,14,155,108,176,147,76,59,73,60,58,64,71,71,175,109,522,212,9,16,188,143,158,94,271,211,236,146,3,10,0,14,0,14
1400000US06037540700,2077,272,72,62,0,14,0,14,24,37,16,26,7,12,0,14,17,27,16,26,33,41,12,20,20,25,68,57,199,126,106,110,417,150,98,85,223,87,170,82,98,64,331,148,145,104,5,8,0,14
1400000US06037540800,3887,680,214,172,0,19,0,19,0,19,17,18,47,51,0,19,34,43,122,101,0,19,8,13,132,105,91,107,138,100,310,194,896,453,38,34,191,101,703,186,448,188,281,184,151,73,58,75,8,13
1400000US06037540901,3654,579,421,281,0,19,0,19,0,19,0,19,28,43,24,37,23,30,49,43,0,19,11,18,263,140,78,70,63,64,441,145,779,235,42,50,188,113,405,175,288,119,393,235,117,57,6,15,35,54
1400000US06037540902,2957,513,296,187,0,14,0,14,13,19,0,14,22,28,6,8,0,14,34,49,8,13,37,37,37,42,37,53,110,85,178,100,743,351,50,54,207,101,570,363,242,123,249,102,109,79,9,12,0,14
1400000US06037541003,3204,504,52,46,0,14,0,14,0,14,0,14,0,14,0,14,33,42,51,55,0,14,18,22,7,11,18,23,149,87,91,71,662,258,62,53,491,212,728,269,272,137,322,221,223,138,12,20,13,21
1400000US06037541100,2134,364,108,66,0,14,9,14,0,14,15,23,45,38,10,16,55,61,60,60,45,54,0,14,21,32,25,32,18,20,85,72,575,132,89,72,259,281,313,117,123,74,154,85,79,72,20,31,26,34
1400000US06037541200,4043,547,325,169,0,19,0,19,33,45,26,41,32,43,0,19,7,13,25,29,0,19,33,42,42,59,96,88,69,59,123,73,900,279,154,86,181,97,909,396,507,203,282,101,212,105,67,75,20,32
1400000US06037541300,4066,515,392,149,12,20,0,19,0,19,26,39,0,19,38,42,20,30,279,132,50,79,59,92,92,79,68,103,71,53,130,80,1000,337,50,46,104,67,741,173,419,208,408,134,77,70,30,34,0,19
1400000US06037541401,2363,474,339,151,0,14,0,14,0,14,21,24,37,54,14,21,112,176,218,174,0,14,45,50,56,84,48,46,26,41,69,49,365,125,54,60,109,93,440,157,198,181,150,94,62,75,0,14,0,14
1400000US06037541402,1790,363,112,70,0,14,0,14,26,29,64,108,0,14,37,57,11,17,135,70,0,14,41,40,61,57,36,60,55,53,196,124,405,230,31,28,91,63,164,116,73,61,217,113,35,40,0,14,0,14
1400000US06037541500,3255,487,406,150,0,19,37,43,68,82,40,40,56,57,36,42,91,81,167,112,96,111,58,60,54,52,39,43,51,48,334,166,714,207,152,118,91,66,344,126,199,102,173,96,38,35,11,18,0,19
1400000US06037541603,1664,232,187,85,0,14,0,14,27,43,3,5,0,14,0,14,61,52,176,104,0,14,65,48,103,65,17,22,97,62,73,45,299,93,9,18,171,88,156,85,113,58,35,25,66,55,0,14,6,11
1400000US06037541604,3198,367,428,223,24,40,0,19,29,46,21,30,127,122,15,26,138,97,173,84,14,20,11,17,84,67,55,49,76,53,173,109,842,209,163,100,168,93,304,124,222,103,113,80,18,22,0,19,0,19
1400000US06037541605,3508,636,335,171,0,19,0,19,74,117,26,38,138,118,30,44,89,83,66,63,61,68,115,117,155,112,0,19,234,163,94,72,936,369,0,19,159,91,489,234,128,65,303,195,76,59,0,19,0,19
1400000US06037541606,1519,259,188,125,0,14,0,14,0,14,0,14,0,14,0,14,15,20,106,86,23,28,10,16,103,86,17,25,14,17,74,49,474,152,31,22,65,48,293,136,48,38,46,39,12,17,0,14,0,14
1400000US06037541700,3941,672,540,226,0,19,0,19,0,19,0,19,9,14,46,61,2,6,261,146,79,100,7,14,84,70,50,56,135,141,208,91,1099,228,174,123,207,110,543,284,182,87,152,79,146,126,9,14,8,13
1400000US06037541801,2992,344,142,83,0,19,0,19,0,19,77,68,72,78,0,19,0,19,328,293,72,86,0,19,123,118,96,107,62,63,198,113,862,268,69,53,163,93,308,128,115,114,237,123,56,50,12,18,0,19
1400000US06037541802,3554,1083,445,380,0,19,28,42,24,38,46,55,32,32,41,44,280,399,177,101,74,55,75,60,5,18,78,65,58,69,107,74,524,196,17,18,307,218,644,519,153,79,265,224,174,130,0,19,0,19
1400000US06037542000,3031,628,159,99,0,19,0,19,36,36,66,59,95,77,35,41,35,54,235,146,15,28,0,19,51,49,20,33,21,26,131,85,910,284,140,69,223,110,396,156,59,67,362,179,42,42,0,19,0,19
1400000US06037542103,2087,240,280,147,0,14,0,14,8,12,24,23,0,14,52,45,54,64,97,54,51,41,0,14,53,38,39,46,0,14,109,71,617,152,42,47,145,75,341,123,55,38,95,63,7,16,13,14,5,9
1400000US06037542104,2666,550,258,77,29,28,0,14,0,14,0,14,40,35,37,27,59,65,279,228,33,30,145,103,236,124,40,41,70,56,99,75,788,228,34,30,49,33,219,101,83,42,134,85,26,30,0,14,8,12
1400000US06037542105,2831,595,420,215,0,14,12,21,0,14,17,29,49,46,26,31,68,51,276,194,45,34,39,45,234,161,91,65,72,69,149,102,513,166,43,51,142,89,322,136,129,80,152,119,32,34,0,14,0,14
1400000US06037542106,1439,195,211,80,0,14,0,14,31,33,7,11,21,26,35,28,31,27,166,96,30,35,12,21,44,29,38,35,14,17,97,70,261,92,8,11,62,48,252,137,79,70,28,28,5,9,7,11,0,14
1400000US06037542200,4508,566,372,223,0,19,30,45,0,19,17,26,50,47,0,19,17,31,371,168,50,52,154,108,155,133,46,41,280,153,207,126,1511,378,24,37,172,94,476,177,232,112,241,102,103,69,0,19,0,19
1400000US06037542401,2709,506,216,132,0,14,0,14,26,37,24,34,147,124,0,14,41,43,282,248,29,32,76,76,46,48,12,21,112,77,160,107,808,249,45,51,99,69,168,100,219,114,185,99,14,20,0,14,0,14
1400000US06037542402,2426,431,118,73,0,14,0,14,61,66,4,9,53,62,12,24,17,25,170,89,52,58,71,58,65,60,25,33,151,161,49,41,689,173,108,103,58,53,321,138,61,58,278,129,56,55,7,11,0,14
1400000US06037542501,2710,481,202,128,0,14,0,14,0,14,0,14,0,14,0,14,41,43,33,41,7,18,97,70,60,62,27,29,0,14,150,111,685,267,0,14,208,111,437,221,235,144,429,260,99,87,0,14,0,14
1400000US06037542502,2721,438,282,164,0,14,0,14,0,14,0,14,51,54,0,14,56,44,95,94,20,31,81,63,65,43,25,41,28,39,211,154,794,292,56,63,89,77,373,161,112,61,191,104,130,63,40,44,22,33
1400000US06037542601,2031,387,208,215,0,14,0,14,4,8,36,32,0,14,16,27,28,34,164,83,16,20,29,42,93,98,101,64,37,38,179,76,555,185,0,14,124,76,198,71,84,42,93,65,66,93,0,14,0,14
1400000US06037542602,2759,357,156,108,0,14,0,14,0,14,32,37,31,48,0,14,49,64,217,121,45,71,37,42,24,36,32,35,77,119,193,115,926,254,36,40,228,122,233,119,225,120,118,77,100,68,0,14,0,14
1400000US06037542700,3652,519,438,212,0,19,26,40,0,19,0,19,14,21,81,116,86,92,227,114,40,38,140,114,80,98,0,19,31,50,261,145,876,203,197,180,166,87,380,160,176,128,337,142,64,53,32,40,0,19
1400000US06037542800,1950,393,266,180,0,14,0,14,0,14,0,14,0,14,0,14,50,50,33,44,0,14,0,14,108,102,15,22,38,38,34,38,367,132,54,80,142,62,281,101,277,117,158,96,127,72,0,14,0,14
1400000US06037542900,2268,263,333,142,0,14,31,38,11,19,0,14,27,27,0,14,45,39,186,86,88,61,12,19,16,23,7,12,38,40,147,87,545,135,36,28,139,63,230,92,156,92,221,83,0,14,0,14,0,14
1400000US06037543000,2836,408,155,82,0,14,4,6,0,14,36,59,76,65,0,14,14,21,71,84,0,14,0,14,15,25,107,85,15,23,65,52,859,233,57,69,146,80,511,180,286,138,218,119,143,93,41,68,17,27
1400000US06037543100,4423,539,341,99,54,57,30,48,0,19,0,19,75,87,58,50,52,62,414,201,2,6,18,24,67,65,57,46,31,32,231,108,837,258,198,139,353,177,500,186,452,200,275,102,343,200,0,19,35,39
1400000US06037543201,2615,380,92,56,0,14,5,9,0,14,26,25,49,55,50,43,14,21,162,74,21,33,70,46,96,74,43,37,78,65,32,28,842,230,18,20,153,108,434,170,220,138,125,78,78,49,7,10,0,14
1400000US06037543203,2449,360,309,172,9,15,0,14,33,46,135,77,29,47,19,24,24,31,189,78,0,14,55,49,32,37,29,34,36,32,124,76,541,188,34,38,131,87,317,134,164,80,167,98,72,62,0,14,0,14
1400000US06037543304,5215,890,110,81,4,11,0,19,0,19,0,19,0,19,0,19,0,19,0,19,0,19,2,7,88,131,0,19,48,47,259,208,1264,566,191,114,276,176,734,242,401,178,1060,229,633,445,131,121,14,21
1400000US06037543305,2526,477,78,69,0,14,0,14,0,14,5,10,0,14,55,61,0,14,141,161,12,18,30,36,71,109,12,19,44,46,35,33,822,223,70,46,68,44,272,160,189,108,301,116,183,163,115,123,23,25
1400000US06037543306,4997,590,182,140,0,19,0,19,0,19,0,19,0,19,0,19,0,19,52,64,0,19,29,35,94,73,182,221,24,33,99,73,994,256,122,97,365,137,738,173,345,128,1410,382,294,124,43,52,24,38
1400000US06037543321,4340,635,145,108,0,19,0,19,0,19,0,19,0,19,0,19,29,33,9,16,0,19,74,107,0,19,0,19,15,24,52,42,530,212,81,50,223,94,696,237,409,185,1533,424,394,144,99,88,51,36
1400000US06037543322,5072,871,170,171,16,27,0,19,0,19,0,19,0,19,0,19,0,19,0,19,0,19,0,19,0,19,123,128,0,19,126,94,689,371,113,90,458,240,1135,381,579,300,1020,404,513,238,42,58,88,101
1400000US06037543400,2481,429,128,61,0,14,0,14,0,14,6,9,0,14,0,14,0,14,31,23,0,14,25,29,29,28,40,52,66,72,143,75,499,126,58,43,73,51,634,168,176,83,420,123,135,62,0,14,18,21
1400000US06037543501,4362,503,138,78,0,19,0,19,0,19,0,19,0,19,57,37,84,68,0,19,49,59,0,19,0,19,132,95,200,147,98,80,847,266,85,128,173,84,1092,431,130,99,864,323,341,171,52,77,20,37
1400000US06037543502,3672,791,95,56,0,14,0,14,0,14,0,14,0,14,31,46,0,14,86,73,0,14,13,17,165,164,58,49,73,56,109,64,1082,577,45,48,204,124,421,154,129,60,900,240,245,126,16,18,0,14
1400000US06037543503,4371,740,44,33,0,19,0,19,12,21,171,292,5,12,0,19,67,74,204,295,13,21,58,47,33,53,1,12,7,13,155,75,790,215,68,64,126,76,425,135,437,171,1290,240,402,175,15,20,48,65
1400000US06037543601,2790,689,80,77,0,14,0,14,0,14,0,14,0,14,0,14,9,17,16,23,0,14,7,12,36,24,38,55,9,16,108,77,471,185,130,110,167,70,771,331,109,67,635,404,162,101,34,36,8,12
1400000US06037543603,3104,423,57,54,0,14,0,14,0,14,0,14,0,14,0,14,0,14,22,32,0,14,34,51,34,50,0,14,9,14,40,31,626,218,53,42,209,109,657,166,337,195,753,272,222,88,51,41,0,14
1400000US06037543605,3173,362,94,85,0,14,0,14,0,14,0,14,0,14,38,58,0,14,98,110,0,14,0,14,0,14,0,14,10,16,80,71,445,161,37,36,154,115,473,144,400,255,860,167,415,175,55,66,14,24
1400000US06037543606,2800,315,99,96,0,14,31,47,0,14,5,15,4,16,4,16,0,14,51,97,0,14,40,57,0,14,92,96,8,30,57,62,630,172,99,45,152,84,247,97,246,145,767,284,206,113,16,26,46,45
1400000US06037543607,3929,400,188,113,0,14,0,14,0,14,0,14,30,45,13,20,0,14,77,67,0,14,9,14,23,37,62,51,50,59,179,129,719,200,134,110,172,88,511,151,421,120,998,218,268,131,43,45,32,28
1400000US06037543701,2128,264,151,92,0,14,0,14,0,14,0,14,34,43,23,26,24,30,31,28,24,34,24,27,64,61,34,41,25,30,65,42,354,104,57,37,132,66,366,114,204,105,399,143,54,28,39,28,24,24
1400000US06037543703,2990,515,305,165,0,14,0,14,0,14,0,14,0,14,10,15,19,19,43,35,0,14,0,14,11,20,42,35,27,28,256,144,585,206,263,136,279,133,363,153,293,131,358,123,122,63,7,11,7,12
1400000US06037543704,2155,331,110,78,0,14,0,14,4,10,26,29,20,30,0,14,0,14,39,34,0,14,61,46,6,19,6,10,15,20,77,57,466,136,15,20,254,131,215,78,257,109,436,125,136,123,12,18,0,14
1400000US06037543705,2033,273,11,18,0,14,0,14,0,14,0,14,14,20,0,14,19,30,34,58,0,14,15,22,56,62,13,20,47,55,58,53,304,107,19,26,56,45,336,151,189,100,703,180,124,84,14,21,21,18
1400000US06037543801,3229,326,135,95,7,12,0,14,0,14,37,57,0,14,0,14,27,38,79,56,0,14,33,37,35,48,31,32,90,88,44,43,741,176,80,69,172,90,506,181,284,139,703,139,139,100,68,73,18,27
1400000US06037543803,3317,731,36,32,0,14,0,14,0,14,0,14,0,14,30,50,0,14,1,15,0,14,14,23,119,99,0,14,38,63,16,33,929,265,0,14,367,316,531,165,344,156,484,173,313,296,36,34,59,62
1400000US06037543804,3466,853,263,103,0,14,0,14,0,14,0,14,0,14,0,14,14,19,86,55,0,14,29,12,33,40,47,14,0,14,167,97,799,266,87,52,96,76,524,215,396,90,691,300,145,173,66,64,23,8
1400000US06037543903,2856,582,121,74,11,16,25,40,0,14,0,14,21,27,0,14,0,14,51,54,0,14,26,30,56,58,46,55,6,10,75,50,614,268,42,52,190,81,547,217,343,213,454,126,109,56,35,35,84,61
1400000US06037543905,2859,453,209,128,0,14,17,27,7,11,0,14,27,33,40,59,0,14,89,69,0,14,110,87,226,166,54,57,13,23,240,108,533,153,120,89,104,69,409,196,199,125,436,173,10,20,1,2,15,25
1400000US06037544001,2812,277,149,91,0,14,0,14,0,14,0,14,65,62,26,31,0,14,60,57,40,48,0,14,44,58,55,62,12,14,221,163,483,132,106,72,180,73,410,133,270,159,526,238,146,116,19,22,0,14
1400000US06037544002,2515,595,88,49,0,14,0,14,0,14,0,14,3,15,0,14,30,22,19,26,0,14,0,14,41,39,50,67,28,28,273,252,601,171,49,36,148,55,488,255,308,126,334,104,55,40,0,14,0,14
1400000US06037550101,2645,624,239,85,0,14,12,19,11,18,5,22,13,15,0,14,26,43,39,48,0,14,0,14,10,16,49,59,0,14,74,60,929,351,75,52,71,54,363,172,174,108,254,105,292,237,0,14,9,14
1400000US06037550201,2000,246,102,47,0,14,0,14,0,14,0,14,0,14,26,32,0,14,132,71,0,14,12,20,24,38,6,10,56,43,38,24,606,119,43,37,250,146,285,102,103,41,240,62,53,39,24,29,0,14
1400000US06037550202,3749,411,524,242,0,19,0,19,5,9,18,26,30,48,0,19,38,42,125,77,0,19,34,36,45,56,19,23,60,66,100,66,743,250,275,130,173,84,336,120,370,173,625,216,127,72,84,111,18,25
1400000US06037550301,3042,860,87,70,0,14,0,14,0,14,124,190,6,16,68,76,109,161,0,14,0,14,6,21,11,21,17,22,7,10,88,62,652,221,149,92,295,128,761,286,77,57,461,265,106,78,10,17,8,12
1400000US06037550501,2303,292,90,76,0,14,13,21,0,14,0,14,0,14,0,14,36,55,56,53,0,14,0,14,69,98,7,13,30,36,131,106,494,183,57,54,71,49,375,176,165,94,349,135,247,191,93,59,20,18
1400000US06037550502,3083,443,355,268,0,14,0,14,7,13,0,14,0,14,0,14,0,14,48,62,0,14,35,55,0,14,0,14,0,14,60,61,360,151,35,39,314,118,489,235,237,105,536,182,496,228,103,82,8,13
1400000US06037550601,3908,473,98,59,0,19,10,17,0,19,19,24,0,19,0,19,0,19,35,37,0,19,50,57,27,30,40,37,0,19,84,61,856,266,119,85,145,110,830,313,404,122,857,202,236,102,80,50,18,18
1400000US06037550602,2762,312,189,105,0,14,0,14,0,14,0,14,13,20,10,16,28,38,51,28,19,21,17,26,0,14,17,19,67,89,71,47,737,172,64,51,133,86,404,112,222,107,435,145,182,79,103,72,0,14
1400000US06037550700,4729,805,240,181,0,19,0,19,0,19,0,19,24,35,0,19,139,124,31,38,10,18,0,19,14,24,53,60,0,19,186,118,994,410,202,149,490,286,581,292,547,210,782,270,243,122,171,166,22,29
1400000US06037550801,3617,591,223,151,0,19,0,19,0,19,0,19,0,19,0,19,0,19,107,73,0,19,7,12,48,43,0,19,59,69,51,55,647,215,85,96,204,99,396,215,286,150,1178,502,203,100,71,55,52,45
1400000US06037550802,1440,244,129,114,0,14,0,14,9,15,0,14,0,14,60,53,37,34,29,42,44,72,44,66,0,14,0,14,3,5,58,45,305,135,146,98,69,76,116,76,156,87,176,73,53,47,0,14,6,10
1400000US06037550901,3071,494,89,81,0,14,0,14,0,14,0,14,0,14,42,69,0,14,108,92,0,14,27,45,63,74,6,11,60,30,159,103,929,312,101,88,319,146,541,210,182,106,296,151,92,60,38,48,19,28
1400000US06037550902,3572,336,70,51,0,19,0,19,40,59,0,19,8,12,11,17,12,17,0,19,0,19,22,31,30,31,51,50,71,71,163,91,609,220,135,80,260,121,745,203,211,108,848,189,187,86,31,48,68,62
1400000US06037551001,2360,359,74,72,0,14,0,14,0,14,9,15,0,14,0,14,0,14,30,50,21,36,0,14,49,74,48,59,0,14,51,43,641,225,140,129,184,159,508,169,133,72,319,110,153,91,0,14,0,14
1400000US06037551002,3202,683,303,268,0,14,0,14,0,14,0,14,0,14,97,150,0,14,19,23,0,14,0,14,37,59,34,48,48,55,78,44,401,224,156,92,344,205,404,209,445,163,512,157,229,144,17,28,78,67
1400000US06037551101,2736,353,131,82,3,11,0,14,0,14,21,33,0,14,16,24,0,14,83,70,8,15,0,14,20,30,0,14,44,71,76,81,666,218,20,27,194,114,527,337,113,71,582,222,162,104,42,52,28,35
1400000US06037551102,3277,356,167,121,0,19,0,19,0,19,7,12,11,18,0,19,0,19,155,117,0,19,53,60,208,177,19,21,102,72,154,88,1052,304,116,103,160,97,463,172,146,81,421,174,43,37,0,19,0,19
1400000US06037551201,2683,503,222,147,0,14,0,14,0,14,0,14,38,53,0,14,0,14,52,47,0,14,15,21,51,67,44,54,12,19,95,77,565,237,30,31,163,82,305,122,271,189,632,186,158,97,30,24,0,14
1400000US06037551203,2902,791,286,234,0,14,0,14,0,14,0,14,0,14,0,14,0,14,69,49,34,58,0,14,24,38,85,108,90,84,59,74,461,202,230,197,241,215,192,126,157,98,750,553,224,165,0,14,0,14
1400000US06037551204,2573,339,147,100,0,14,0,14,0,14,7,16,17,26,17,28,36,44,16,24,0,14,38,43,46,56,46,60,14,22,84,108,838,330,77,73,178,111,282,141,203,147,421,168,98,80,0,14,8,13
1400000US06037551300,3786,611,249,187,0,19,0,19,0,19,0,19,0,19,0,19,0,19,89,68,0,19,108,89,147,114,52,67,144,89,263,119,820,237,115,95,230,97,431,141,252,142,762,226,117,97,0,19,7,15
1400000US06037551401,2742,426,77,67,0,14,0,14,0,14,4,10,0,14,0,14,0,14,53,43,0,14,0,14,169,167,0,14,0,14,58,49,700,251,50,40,201,86,484,230,185,112,447,187,279,168,20,32,15,25
1400000US06037551402,3346,375,234,179,0,19,0,19,10,17,0,19,6,11,0,19,16,28,48,56,0,19,65,63,20,33,0,19,26,35,253,169,832,206,118,72,122,72,525,255,427,144,465,152,150,78,20,31,9,16
1400000US06037551501,3134,397,79,69,0,14,1,3,12,19,0,14,0,14,0,14,4,21,77,73,23,24,69,77,132,137,18,26,95,87,158,104,558,235,42,38,166,137,768,292,136,91,537,166,249,97,10,17,0,14
1400000US06037551502,3102,437,149,99,0,14,0,14,0,14,14,18,3,6,0,14,8,14,50,48,47,41,23,28,47,53,58,60,51,54,21,33,694,182,170,140,160,129,408,180,249,125,745,324,152,127,0,14,53,60
1400000US06037551700,4642,790,359,173,0,19,0,19,0,19,20,34,228,194,37,57,28,41,195,128,120,156,67,61,116,104,51,45,171,101,63,41,925,222,184,95,206,93,632,280,346,128,587,205,265,118,0,19,42,50
1400000US06037551801,2256,374,203,114,0,14,0,14,0,14,38,41,0,14,21,22,29,26,47,36,9,20,19,29,63,66,0,14,93,76,62,69,338,140,13,18,113,65,324,123,408,130,359,135,84,51,33,30,0,14
1400000US06037551802,2706,401,196,107,0,14,8,19,0,14,0,14,0,14,0,14,0,14,45,53,0,14,0,14,35,52,0,14,0,14,89,56,589,172,114,98,216,119,462,183,219,127,489,240,192,117,52,44,0,14
1400000US06037551900,4138,751,260,175,0,19,8,12,4,8,35,46,10,17,0,19,16,30,36,55,6,10,74,78,25,27,98,74,101,101,141,98,823,310,58,63,384,177,743,207,165,84,825,574,149,103,137,123,40,45
1400000US06037552001,2680,317,164,96,0,14,0,14,6,9,15,18,0,14,0,14,7,11,74,75,20,29,48,52,23,31,39,36,55,64,184,118,594,161,94,47,209,101,306,135,338,112,269,133,141,91,31,28,63,66
1400000US06037552002,2303,363,105,58,0,14,0,14,8,7,0,14,18,26,0,14,14,16,84,58,8,12,38,32,11,15,25,34,5,8,66,58,700,208,52,40,116,52,176,72,193,85,565,160,103,61,7,10,9,12
1400000US06037552100,3868,477,260,104,28,59,0,19,0,19,6,12,31,51,0,19,30,40,75,96,0,19,112,114,51,50,23,26,26,26,220,150,858,205,166,96,200,114,352,155,621,260,672,140,125,73,12,18,0,19
1400000US06037552200,3677,323,297,133,0,19,0,19,0,19,0,19,0,19,38,46,0,19,171,118,25,38,62,60,137,77,18,29,53,40,298,136,893,204,129,66,254,107,464,166,175,86,445,166,132,78,62,34,24,39
1400000US06037552301,2882,283,195,103,0,14,0,14,0,14,0,14,31,54,30,44,8,16,30,38,0,14,3,14,40,53,18,31,7,15,71,63,841,252,150,89,61,43,447,165,282,131,558,183,52,47,0,14,58,45
1400000US06037552302,2833,566,215,145,0,14,0,14,0,14,36,55,0,14,15,25,0,14,126,133,0,14,11,17,107,103,76,119,66,73,108,75,653,291,35,33,378,262,276,150,223,110,335,144,127,90,35,57,11,18
1400000US06037552400,1467,256,149,87,0,14,0,14,0,14,0,14,0,14,5,7,4,6,68,56,28,23,5,8,62,71,15,19,54,48,22,21,293,102,74,47,145,69,182,68,112,50,221,83,24,25,0,14,4,6
1400000US06037552601,3389,625,167,91,0,19,8,13,0,19,0,19,97,69,0,19,7,12,151,86,58,67,184,160,82,49,213,215,54,58,276,133,834,227,59,47,205,95,359,173,216,141,332,133,69,67,9,16,9,14
1400000US06037552602,2609,246,157,82,9,15,0,14,0,14,0,14,35,42,0,14,7,11,77,56,0,14,42,37,96,108,8,12,35,32,24,29,421,153,120,75,92,46,452,140,220,82,627,139,89,44,52,42,46,59
1400000US06037552700,4656,595,239,139,0,19,0,19,0,19,17,27,49,62,0,19,0,19,99,96,0,19,66,65,138,125,30,35,151,87,127,72,1057,247,172,73,290,115,902,359,355,138,811,308,123,97,30,29,0,19
1400000US06037552800,3993,436,145,91,0,19,0,19,0,19,0,19,0,19,11,18,29,33,109,81,23,44,64,73,65,48,38,33,71,55,261,118,928,221,139,144,325,144,467,156,385,197,661,176,212,128,37,49,23,27
1400000US06037552900,4720,561,127,119,0,19,0,19,0,19,44,71,2,11,3,10,38,59,88,81,0,19,184,119,77,87,0,19,108,91,279,117,1211,253,53,43,367,173,604,190,367,182,928,341,126,110,29,36,85,73
1400000US06037553000,3230,424,173,92,0,19,0,19,0,19,9,15,52,51,8,13,0,19,235,163,0,19,93,65,59,75,31,43,26,28,295,87,703,242,72,56,130,72,541,187,174,118,359,123,230,119,0,19,40,38
1400000US06037553100,4436,531,103,135,0,19,39,70,0,19,0,19,0,19,0,19,23,36,60,45,18,29,38,61,37,39,21,30,78,114,131,112,1240,380,195,113,363,152,772,171,472,222,564,186,270,209,12,21,0,19
1400000US06037553201,2804,577,172,96,0,14,0,14,0,14,5,9,7,15,7,12,21,25,86,69,41,53,1,3,19,21,55,53,34,48,130,117,502,197,97,61,296,151,546,208,183,104,454,155,140,103,0,14,8,16
1400000US06037553202,2068,283,148,91,0,14,0,14,0,14,0,14,32,52,0,14,12,18,57,52,0,14,21,34,18,23,59,54,12,18,78,64,502,186,59,60,173,97,277,111,206,102,233,92,135,70,33,34,13,20
1400000US06037553300,2464,464,94,56,0,14,12,19,0,14,0,14,14,22,22,23,0,14,109,68,3,5,13,20,20,31,14,21,11,19,147,127,531,181,96,106,134,76,462,188,161,116,424,112,184,92,13,19,0,14
1400000US06037553400,2258,280,79,68,0,14,3,9,0,14,5,10,4,7,38,36,26,26,110,62,56,48,73,47,6,10,29,29,0,14,162,96,354,142,85,51,235,127,213,84,303,127,357,125,98,70,0,14,22,42
1400000US06037553502,2330,256,221,131,0,14,0,14,12,23,0,14,45,43,10,15,0,14,39,38,0,14,13,15,13,21,10,16,13,21,178,101,698,250,36,33,202,121,205,104,132,95,305,141,142,126,56,76,0,14
1400000US06037553503,1866,336,368,254,0,14,0,14,0,14,26,24,14,23,0,14,17,20,141,75,6,9,32,33,42,39,22,37,17,29,130,71,571,157,70,40,50,35,134,69,49,30,106,71,71,42,0,14,0,14
1400000US06037553504,3341,459,355,150,0,14,0,14,8,12,43,46,48,42,28,32,34,33,331,246,37,36,55,50,89,103,10,15,34,42,124,60,797,199,131,82,181,95,365,164,128,89,426,208,92,67,25,33,0,14
1400000US06037553601,2857,385,217,179,0,14,0,14,0,14,39,44,0,14,0,14,12,19,325,199,0,14,0,14,236,161,56,51,8,18,21,34,865,245,90,78,98,73,158,78,211,117,435,136,51,56,23,28,12,19
1400000US06037553602,3115,430,269,130,0,19,0,19,0,19,17,28,67,53,12,20,16,26,93,53,0,19,47,39,45,44,47,46,17,23,99,66,798,323,115,73,312,222,448,160,271,124,346,138,81,56,15,17,0,19
1400000US06037553701,2341,354,334,201,0,14,7,12,0,14,14,21,70,45,52,56,33,39,125,76,65,50,50,43,61,38,14,19,13,23,120,56,626,157,44,28,100,48,180,110,147,92,181,70,105,110,0,14,0,14
1400000US06037553702,2899,391,202,102,25,38,7,10,0,14,60,54,31,36,74,76,66,52,260,105,62,65,73,64,147,99,47,37,70,58,114,61,849,263,54,32,124,103,254,139,197,105,158,93,17,18,8,13,0,14
1400000US06037553801,2359,434,116,77,0,14,0,14,10,21,0,14,65,66,19,24,50,48,185,144,0,14,59,55,137,90,92,60,79,57,50,56,606,211,64,64,116,95,205,97,237,126,200,98,69,67,0,14,0,14
1400000US06037553802,4293,535,388,185,0,19,0,19,18,31,0,19,105,113,29,38,19,33,204,162,0,19,0,19,100,71,74,79,87,95,117,92,853,244,157,108,277,170,769,254,436,203,572,219,56,47,15,24,17,23
1400000US06037553901,4065,624,397,213,0,19,0,19,0,19,27,39,76,66,0,19,10,16,372,283,55,58,91,109,9,15,49,46,52,55,186,139,1045,222,119,90,183,77,428,139,191,108,548,163,173,87,19,32,35,39
1400000US06037553902,3718,497,272,165,0,19,0,19,0,19,28,36,32,33,0,19,40,42,208,119,19,22,0,19,99,71,35,35,26,39,261,153,1011,310,243,171,300,148,453,168,113,71,377,165,150,95,51,48,0,19
1400000US06037554001,3049,529,138,88,0,14,0,14,0,14,0,14,0,14,0,14,16,25,55,52,33,34,67,58,46,46,24,42,138,222,64,57,737,213,39,51,190,117,517,170,400,274,488,193,88,64,0,14,9,16
1400000US06037554002,3991,356,344,173,0,19,0,19,0,19,6,18,0,19,0,19,31,35,174,121,27,43,58,64,67,52,52,53,83,70,165,85,930,245,182,147,183,101,639,194,233,131,549,181,262,136,0,19,6,14
1400000US06037554101,2190,311,205,94,0,14,0,14,0,14,0,14,9,14,0,14,0,14,72,45,54,84,35,56,56,65,34,34,2,7,104,89,632,184,57,54,138,81,222,103,237,163,306,141,27,24,0,14,0,14
1400000US06037554105,2761,429,109,60,0,14,0,14,0,14,63,100,27,42,0,14,43,42,105,136,0,14,0,14,18,29,71,74,22,27,109,69,710,234,27,36,190,115,363,155,145,99,482,233,240,111,37,34,0,14
1400000US06037554106,2628,286,51,40,0,14,5,7,0,14,0,14,0,14,0,14,14,25,80,69,0,14,23,32,20,30,3,5,77,64,46,41,557,152,64,38,200,89,732,182,170,87,389,132,143,77,37,39,17,25
1400000US06037554201,2518,344,228,185,0,14,9,21,0,14,0,14,80,69,0,14,0,14,45,44,5,14,70,65,99,96,38,47,29,35,62,71,424,146,46,36,211,89,387,169,139,74,466,200,112,55,68,68,0,14
1400000US06037554203,2589,355,136,110,0,14,0,14,0,14,0,14,37,53,0,14,0,14,20,22,0,14,0,14,122,142,85,71,25,28,130,93,450,149,37,31,179,108,601,312,280,87,367,92,97,78,23,33,0,14
1400000US06037554204,3259,535,226,86,0,14,0,14,0,14,15,23,98,136,26,35,40,64,92,70,0,14,53,60,55,54,61,87,0,14,210,140,774,231,73,50,358,159,356,138,132,106,514,188,174,101,2,7,0,14
1400000US06037554301,2273,332,95,87,36,40,0,14,0,14,0,14,0,14,10,16,0,14,87,66,0,14,30,43,11,21,24,39,41,47,98,64,617,174,98,63,156,82,335,134,112,72,328,89,117,76,32,31,46,62
1400000US06037554302,2459,495,212,119,0,14,0,14,0,14,0,14,49,58,0,14,0,14,198,201,24,37,11,17,43,65,37,45,27,31,85,74,643,306,58,66,155,84,270,123,124,95,381,241,142,86,0,14,0,14
1400000US06037554403,3567,563,311,241,0,19,0,19,0,19,39,63,51,59,22,37,24,41,88,95,0,19,24,30,40,53,15,26,38,46,106,77,1089,276,88,62,84,64,492,227,279,125,632,194,120,91,25,34,0,19
1400000US06037554404,3172,453,251,163,13,20,0,14,0,14,0,14,0,14,0,14,0,14,92,70,81,85,37,45,43,54,13,21,0,14,214,108,786,316,171,114,240,123,490,182,205,97,421,211,73,53,9,15,33,50
1400000US06037554405,2691,442,83,73,0,14,0,14,0,14,0,14,0,14,0,14,0,14,0,14,0,14,0,14,0,14,60,67,0,14,82,66,894,336,255,180,156,98,526,193,150,95,325,132,112,83,38,56,10,16
1400000US06037554406,3275,257,102,103,0,14,0,14,0,14,0,14,5,9,0,14,21,23,44,34,9,16,6,10,26,29,22,26,0,14,209,138,734,256,13,21,189,81,626,187,228,96,605,175,328,109,100,77,8,14
1400000US06037554511,2742,499,28,33,0,14,0,14,0,14,0,14,24,27,0,14,0,14,29,27,6,10,0,14,0,14,15,23,8,13,41,37,287,113,8,13,233,188,338,155,214,88,995,231,267,95,156,77,93,47
1400000US06037554512,4980,529,42,38,0,19,0,19,0,19,0,19,1,3,0,19,0,19,30,33,0,19,0,19,8,14,0,19,0,19,76,56,329,127,79,89,116,77,590,321,262,134,1767,356,824,255,570,265,286,192
1400000US06037554513,1876,180,0,14,0,14,0,14,0,14,0,14,24,30,0,14,0,14,0,14,0,14,11,17,18,17,29,33,7,10,5,7,103,52,18,19,64,37,140,55,120,51,909,164,310,87,82,50,36,26
1400000US06037554514,3391,409,59,47,0,14,0,14,0,14,0,14,0,14,15,23,11,17,81,79,23,34,12,21,0,14,0,14,0,14,22,23,528,167,65,49,140,80,422,130,326,96,946,180,385,122,297,208,59,39
1400000US06037554515,2393,369,41,29,0,14,0,14,0,14,0,14,0,14,0,14,0,14,36,29,0,14,0,14,29,37,12,18,0,14,44,47,498,218,27,31,123,65,259,143,261,136,726,142,277,100,17,21,43,36
1400000US06037554516,2842,400,63,53,0,14,0,14,0,14,0,14,0,14,0,14,0,14,16,22,0,14,10,17,0,14,0,14,0,14,44,36,281,126,19,21,103,65,323,98,141,73,1037,298,616,218,103,64,86,53
1400000US06037554517,3219,283,38,34,0,14,0,14,0,14,0,14,0,14,16,19,0,14,7,13,0,14,10,17,0,14,0,14,0,14,33,36,450,167,41,29,79,50,258,112,269,109,1230,205,610,152,67,42,111,71
1400000US06037554518,3774,387,124,101,0,14,0,14,0,14,0,14,18,31,0,14,1,3,22,26,0,14,7,11,26,27,6,10,0,14,18,26,588,201,138,127,127,70,377,148,324,147,1174,219,569,150,62,45,193,94
1400000US06037554519,2705,518,28,43,0,14,0,14,0,14,0,14,0,14,0,14,0,14,148,212,0,14,9,16,9,16,0,14,6,10,63,53,155,106,0,14,124,72,237,97,381,192,976,232,380,126,105,72,84,47
1400000US06037554521,4427,458,108,82,11,17,0,19,0,19,0,19,0,19,0,19,0,19,0,19,10,16,0,19,30,42,9,26,27,37,115,68,761,240,20,24,244,120,604,155,166,90,1489,262,584,126,187,117,62,48
1400000US06037554522,3377,354,56,50,0,14,0,14,9,15,0,14,0,14,0,14,14,20,0,14,11,19,12,20,17,26,61,66,0,14,98,67,376,127,25,29,173,71,448,141,137,67,1335,227,511,186,90,81,4,22
1400000US06037554600,2849,371,214,156,0,14,0,14,2,4,0,14,0,14,0,14,113,144,0,14,13,19,0,14,0,14,79,60,0,14,51,35,732,184,14,23,124,55,474,181,240,85,587,175,151,83,32,27,23,29
1400000US06037554700,3025,355,298,134,0,14,0,14,0,14,7,10,0,14,0,14,24,27,100,51,28,27,75,63,151,90,32,22,56,37,91,61,621,191,105,48,208,110,317,101,178,65,671,189,63,38,0,14,0,14
1400000US06037554801,2167,322,149,67,8,10,42,64,0,14,0,14,12,17,50,39,29,29,127,85,2,4,23,27,188,188,8,11,42,44,148,67,386,117,52,31,108,53,248,91,117,51,307,111,108,72,13,16,0,14
1400000US06037554802,4391,556,177,90,5,10,0,19,2,5,0,19,6,14,8,16,14,21,83,85,7,15,68,46,26,40,69,64,74,47,205,99,700,184,223,141,134,79,502,144,325,128,1437,507,253,111,9,15,64,48
1400000US06037554900,4725,446,242,139,0,19,0,19,0,19,13,21,0,19,73,75,0,19,62,65,23,38,30,42,8,13,54,56,59,63,248,146,1027,262,159,97,224,155,761,224,282,165,1016,296,404,207,11,19,29,52
1400000US06037555001,3621,491,302,221,0,19,0,19,0,19,0,19,35,43,0,19,0,19,99,97,0,19,66,52,31,51,59,58,34,52,116,69,694,246,164,68,317,99,562,158,390,117,620,158,112,62,20,31,0,19
1400000US06037555002,2837,376,25,24,0,14,0,14,0,14,0,14,0,14,0,14,0,14,4,9,0,14,51,61,50,48,42,34,77,94,65,80,865,241,64,50,156,68,391,122,339,186,455,131,204,184,30,37,19,25
1400000US06037555105,4167,491,327,310,0,19,0,19,0,19,0,19,8,21,0,19,0,19,59,58,7,13,0,19,14,23,0,19,0,19,144,74,845,235,18,22,331,179,539,145,534,187,914,209,351,151,42,37,34,37
1400000US06037555106,1980,283,268,144,0,14,0,14,24,36,0,14,22,34,0,14,24,36,53,48,0,14,20,28,0,14,7,11,10,18,114,82,270,133,37,37,284,180,219,126,125,74,415,146,88,63,0,14,0,14
1400000US06037555107,3679,427,185,129,0,19,0,19,0,19,0,19,0,19,0,19,0,19,7,12,0,19,50,35,15,18,0,19,50,32,114,97,977,306,108,50,344,162,455,141,323,114,815,213,172,56,36,30,28,25
1400000US06037555202,2469,409,22,20,0,14,0,14,0,14,0,14,0,14,0,14,9,14,22,32,0,14,18,24,12,21,24,30,24,26,15,22,314,106,14,17,105,55,253,75,257,146,927,253,342,128,67,47,44,34
1400000US06037555211,3728,375,638,262,0,19,0,19,0,19,0,19,31,34,0,19,120,119,119,81,1,12,54,47,169,109,1,11,62,60,238,141,894,271,82,65,129,78,357,162,242,136,416,201,118,77,10,22,47,55
1400000US06037555212,3287,470,244,128,0,19,0,19,9,17,13,21,17,21,0,19,19,16,107,75,10,15,58,58,0,19,103,88,137,152,216,132,1034,300,159,97,106,73,383,150,258,113,315,145,86,62,13,22,0,19
1400000US06037555300,3596,527,110,79,0,14,0,14,8,14,0,14,2,3,0,14,4,6,151,116,26,42,77,71,40,48,130,157,67,50,144,114,1204,378,103,59,160,88,624,226,209,96,353,158,141,73,27,46,16,22
1400000US06037570001,3440,597,123,63,0,14,0,14,0,14,0,14,0,14,0,14,0,14,0,14,18,21,63,94,8,14,24,26,20,29,322,177,604,219,117,103,316,114,544,180,445,117,497,136,307,158,22,22,10,15
1400000US06037570002,1780,155,10,13,0,14,0,14,0,14,0,14,0,14,0,14,0,14,5,9,0,14,26,38,0,14,51,45,28,26,48,35,247,70,62,41,123,47,278,71,268,85,352,84,244,85,29,33,9,13
1400000US06037570003,2862,328,20,28,0,14,0,14,0,14,0,14,17,25,0,14,0,14,0,14,0,14,60,64,9,15,8,14,31,28,88,63,570,187,32,38,147,74,681,192,400,119,512,187,252,99,29,33,6,12
1400000US06037570100,2258,309,26,29,0,14,0,14,0,14,0,14,18,39,0,14,20,31,11,22,37,78,46,53,71,71,47,80,45,46,75,54,334,156,77,35,253,108,254,107,430,153,346,112,155,77,5,7,8,13
1400000US06037570202,4117,540,238,106,0,19,0,19,0,19,0,19,21,33,0,19,12,20,140,133,0,19,165,106,49,81,2,5,130,89,323,210,1062,335,160,111,186,130,576,200,304,145,443,171,281,152,25,45,0,19
1400000US06037570203,2230,421,166,101,0,14,0,14,0,14,35,39,0,14,0,14,0,14,10,28,10,26,82,68,73,71,39,33,114,113,65,71,382,194,105,72,48,57,341,146,225,206,372,124,72,63,91,130,0,14
1400000US06037570204,3182,597,217,166,0,14,0,14,0,14,1,9,8,12,0,14,68,89,104,87,0,14,71,85,124,149,101,77,33,42,211,139,698,331,64,48,300,183,361,135,169,94,523,244,129,99,0,14,0,14
1400000US06037570303,2328,305,151,122,0,14,0,14,0,14,25,34,0,14,0,14,31,49,85,55,142,104,19,31,56,63,0,14,232,181,150,110,484,195,25,30,185,109,273,117,123,75,246,110,93,53,0,14,8,14
1400000US06037570304,2982,351,252,130,0,14,0,14,0,14,0,14,25,29,0,14,78,73,44,46,29,30,44,44,102,72,28,32,121,96,166,103,475,192,114,72,349,166,487,183,171,108,325,166,172,121,0,14,0,14
1400000US06037570305,3400,529,423,237,0,19,0,19,0,19,0,19,54,59,0,19,106,123,194,102,0,19,23,35,126,99,133,170,0,19,186,132,738,257,79,69,83,79,520,211,217,108,424,152,44,48,0,19,50,48
1400000US06037570306,2259,509,134,98,0,14,0,14,0,14,74,87,0,14,0,14,133,211,0,14,7,13,0,14,26,42,8,12,20,33,47,48,545,205,38,43,138,86,359,267,276,203,343,136,86,64,14,23,11,16
1400000US06037570402,2227,307,87,42,0,14,0,14,0,14,0,14,19,33,0,14,12,14,36,25,0,14,13,19,11,14,27,32,36,31,58,37,520,119,44,24,204,116,304,87,255,88,401,152,153,103,38,44,9,14
1400000US06037570403,2240,289,184,125,0,14,0,14,22,34,0,14,39,43,16,26,31,48,77,65,8,17,0,14,83,62,96,66,15,24,159,124,557,156,148,124,90,61,292,138,173,139,250,99,0,14,0,14,0,14
1400000US06037570404,2303,403,82,51,0,14,0,14,0,14,14,22,37,35,6,10,0,14,115,85,0,14,39,37,44,55,54,44,29,32,151,99,517,149,16,21,180,91,356,177,193,83,330,161,62,41,9,14,69,50
1400000US06037570502,3983,464,461,186,0,19,6,9,0,19,0,19,27,40,20,34,15,21,164,103,0,19,30,49,66,56,60,52,79,70,128,60,928,342,158,76,211,91,635,340,272,109,570,191,101,66,30,29,22,26
1400000US06037570503,2589,489,275,188,0,14,0,14,0,14,0,14,0,14,0,14,0,14,25,36,0,14,0,14,63,85,29,47,57,90,198,164,532,272,107,109,157,84,502,260,226,232,405,155,13,22,0,14,0,14
1400000US06037570504,2201,290,114,97,24,31,0,14,0,14,0,14,0,14,32,49,31,43,47,47,50,82,0,14,90,106,12,22,37,52,6,20,345,101,79,54,274,128,390,149,314,122,249,110,107,89,0,14,0,14
1400000US06037570601,3773,614,330,153,0,19,0,19,0,19,0,19,0,19,72,82,28,35,89,63,76,51,39,37,63,73,42,43,128,104,123,79,956,253,65,58,289,138,561,214,321,182,467,169,97,58,0,19,27,22
1400000US06037570602,4049,467,554,329,0,19,0,19,0,19,0,19,12,18,0,19,39,45,79,98,34,41,94,78,21,26,38,48,27,27,147,103,702,231,258,159,257,114,617,203,341,129,699,191,104,71,26,29,0,19
1400000US06037570603,2670,359,111,80,0,19,0,19,0,19,7,17,0,19,0,19,14,22,73,79,20,22,59,75,49,71,34,50,50,59,133,92,962,263,0,19,169,118,504,200,196,112,111,71,111,99,67,91,0,19
1400000US06037570701,5234,691,181,141,0,19,0,19,0,19,0,19,0,19,0,19,0,19,100,85,6,11,23,37,23,32,19,33,143,126,138,95,1044,388,247,133,224,115,942,461,411,154,1322,476,291,158,103,151,17,28
1400000US06037570703,1994,191,51,36,0,14,0,14,0,14,0,14,0,14,0,14,5,7,0,14,0,14,0,14,55,69,13,21,22,28,26,30,286,109,47,43,104,73,357,102,136,54,636,140,206,77,44,36,6,11
1400000US06037570800,3595,264,97,52,0,19,0,19,0,19,15,22,0,19,14,24,0,19,5,10,0,19,0,19,7,12,9,14,5,12,36,33,711,162,123,67,178,79,532,153,293,113,1014,217,447,142,88,59,21,20
1400000US06037570901,4178,656,114,52,0,19,0,19,0,19,0,19,0,19,0,19,0,19,238,165,0,19,104,154,0,19,7,11,8,20,64,59,771,214,30,31,233,91,771,248,411,130,1048,182,315,110,18,24,46,34
1400000US06037570902,2565,475,24,23,0,14,0,14,0,14,0,14,0,14,0,14,0,14,20,23,0,14,0,14,0,14,0,14,8,13,11,18,530,325,32,34,197,101,551,196,276,94,558,133,244,96,39,44,75,48
1400000US06037571000,3844,361,38,28,0,19,0,19,0,19,0,19,0,19,0,19,0,19,0,19,0,19,8,15,10,15,56,54,0,19,38,39,795,198,145,74,384,124,552,179,437,117,898,191,417,110,12,21,54,49
1400000US06037571101,3657,556,23,22,0,19,0,19,0,19,0,19,0,19,0,19,0,19,22,30,0,19,0,19,0,19,7,12,82,73,94,63,636,219,40,28,321,147,765,314,451,136,937,248,260,128,10,18,9,14
1400000US06037571102,2631,236,10,17,0,14,0,14,8,13,0,14,8,14,0,14,0,14,9,13,0,14,6,10,31,34,0,14,19,24,65,51,425,117,95,84,372,215,583,181,214,83,519,126,234,102,13,22,20,24
1400000US06037571201,2870,375,24,38,0,14,0,14,0,14,0,14,0,14,0,14,0,14,0,14,0,14,45,66,0,14,0,14,7,15,93,83,390,205,69,72,419,269,227,121,361,155,878,196,304,141,5,18,48,53
1400000US06037571202,2986,544,11,17,0,14,7,15,0,14,0,14,0,14,0,14,14,22,11,20,0,14,10,18,13,21,18,29,0,14,138,95,433,198,71,58,114,45,726,284,392,193,583,158,307,129,70,55,68,55
1400000US06037571300,3287,329,10,15,0,14,0,14,0,14,27,44,0,14,0,14,11,17,24,40,0,14,0,14,11,17,0,14,68,59,56,48,500,160,88,75,194,86,438,183,391,267,887,194,482,146,38,30,62,43
1400000US06037571400,3385,436,12,15,0,14,0,14,0,14,0,14,0,14,0,14,0,14,0,14,0,14,0,14,11,18,50,51,74,79,65,51,1024,332,134,71,159,68,291,104,530,216,728,234,226,123,44,54,37,32
1400000US06037571502,3565,528,187,248,0,19,0,19,0,19,17,26,0,19,0,19,0,19,16,26,0,19,0,19,0,19,51,46,13,19,54,51,478,169,68,68,346,140,831,196,385,156,644,183,389,126,31,37,55,52
1400000US06037571504,3637,476,166,121,0,19,0,19,0,19,0,19,38,51,0,19,0,19,35,51,47,74,9,15,65,82,16,20,11,18,149,88,426,130,16,24,214,108,485,286,338,155,965,188,537,447,79,76,41,42
1400000US06037571505,1966,285,85,55,0,14,17,23,0,14,0,14,0,14,0,14,13,17,10,17,0,14,0,14,105,123,11,18,19,24,72,44,191,76,41,29,76,38,414,170,172,68,513,163,200,68,0,14,27,26
1400000US06037571600,1254,201,39,31,0,14,0,14,0,14,10,13,12,5,17,27,21,26,36,36,20,26,11,18,18,11,46,48,26,33,66,38,375,116,102,63,95,55,188,119,54,36,95,64,23,18,0,14,0,14
1400000US06037571701,3461,455,221,129,0,19,0,19,15,22,8,12,16,23,17,25,0,19,70,65,0,19,77,77,195,128,22,24,94,103,160,99,691,252,53,49,397,158,509,164,204,110,531,157,153,89,13,22,15,21
1400000US06037571703,2260,315,136,106,0,14,0,14,19,29,0,14,51,52,8,12,16,33,19,32,0,14,69,79,80,75,63,64,61,56,67,71,748,158,27,32,92,70,434,147,63,55,209,100,77,68,13,22,8,19
1400000US06037571704,2461,334,196,104,0,14,0,14,0,14,31,47,40,41,0,14,45,60,29,44,30,46,8,12,9,15,0,14,33,30,188,161,415,168,98,70,246,126,466,136,125,73,302,120,125,88,65,54,10,15
1400000US06037571800,2288,335,59,58,0,14,0,14,0,14,7,15,4,10,0,14,0,14,16,29,0,14,0,14,11,25,2,10,11,26,0,14,186,88,44,39,78,55,442,174,129,93,605,107,451,137,172,144,71,42
1400000US06037571900,4345,523,47,55,0,19,0,19,0,19,0,19,0,19,0,19,0,19,17,32,16,31,0,19,49,79,0,19,0,19,85,64,665,303,62,63,65,77,521,267,312,133,1626,293,714,225,39,42,127,77
1400000US06037572001,4229,447,30,45,0,19,0,19,0,19,0,19,0,19,0,19,0,19,0,19,0,19,0,19,19,37,18,34,47,67,53,57,359,150,55,83,273,146,764,328,302,161,1100,344,852,249,147,101,210,117
1400000US06037572201,4562,558,372,257,0,19,0,19,0,19,23,36,0,19,0,19,0,19,228,219,0,19,39,64,4,7,5,8,27,33,149,167,906,277,321,258,314,139,692,212,255,134,958,286,221,98,48,74,0,19
1400000US06037572202,2358,281,120,93,0,14,0,14,0,14,2,3,13,17,7,12,0,14,13,23,8,20,6,12,3,7,57,57,70,64,103,105,409,139,26,20,91,67,458,136,28,31,652,184,203,133,67,64,22,28
1400000US06037572301,2492,307,361,163,0,14,0,14,0,14,4,7,35,28,6,10,26,41,141,86,0,14,6,8,137,79,65,43,27,38,64,37,484,118,160,65,78,39,291,88,154,56,313,88,134,63,0,14,6,9
1400000US06037572500,2669,346,132,92,0,14,0,14,0,14,11,18,83,78,0,14,0,14,137,101,0,14,94,103,55,42,54,52,44,73,149,85,553,202,86,54,159,145,519,243,119,63,304,105,129,69,39,21,2,13
1400000US06037572600,3388,536,184,93,0,14,0,14,0,14,0,14,0,14,0,14,0,14,178,165,0,14,0,14,107,88,0,14,38,56,112,89,710,268,113,92,225,117,507,139,345,147,624,290,132,89,10,15,103,79
1400000US06037572700,3512,380,358,211,0,19,0,19,0,19,7,16,10,14,0,19,47,46,11,20,14,18,49,65,47,76,17,20,18,22,142,86,718,252,140,88,253,106,393,159,276,122,912,216,79,82,17,17,4,10
1400000US06037573002,2086,326,139,93,0,14,0,14,0,14,0,14,0,14,28,46,0,14,79,87,0,14,31,41,121,126,40,58,64,61,103,88,588,220,109,83,125,90,232,154,143,98,260,134,24,58,0,14,0,14
1400000US06037573003,1207,142,71,33,0,14,0,14,0,14,0,14,0,14,0,14,0,14,9,13,35,33,11,15,31,45,5,8,4,7,49,43,234,82,60,45,71,70,127,64,132,83,236,72,90,51,36,27,6,10
1400000US06037573004,3516,682,171,130,0,19,0,19,0,19,17,28,0,19,0,19,9,15,136,153,40,38,113,66,185,161,24,39,53,56,258,143,854,321,151,113,172,124,619,197,256,212,370,145,44,43,35,33,9,15
1400000US06037573101,3029,646,66,65,0,14,0,14,0,14,0,14,28,42,0,14,0,14,84,73,0,14,0,14,27,36,25,41,67,89,128,116,664,265,155,102,245,125,499,246,167,90,700,263,102,84,24,40,48,54
1400000US06037573102,2147,241,67,90,0,14,0,14,0,14,0,14,0,14,0,14,0,14,15,24,39,15,0,14,19,33,0,14,11,21,91,46,529,141,79,78,143,79,348,160,220,108,242,115,182,75,88,54,74,62
1400000US06037573201,2471,445,777,252,0,14,0,14,0,14,0,14,49,66,0,14,0,14,46,54,0,14,14,22,70,65,91,113,62,67,56,48,483,203,76,73,204,101,206,131,125,86,117,56,76,63,0,14,19,14
1400000US06037573202,4623,715,686,380,0,19,0,19,0,19,24,39,128,111,26,41,35,42,270,179,11,17,112,132,68,81,36,42,143,102,143,108,853,236,177,147,121,86,735,243,331,176,614,235,110,62,0,19,0,19
1400000US06037573300,2319,340,280,108,0,14,0,14,0,14,0,14,6,13,21,24,38,35,66,50,35,46,6,10,58,66,46,54,48,27,55,56,713,252,80,72,185,109,203,101,191,97,256,119,16,17,16,21,0,14
1400000US06037573401,896,178,12,14,0,14,0,14,0,14,0,14,2,4,0,14,0,14,13,14,2,5,0,14,0,14,9,17,3,5,39,29,170,94,0,14,112,63,177,78,52,35,189,75,97,54,1,6,18,28
1400000US06037573402,5011,360,462,309,0,19,38,57,0,19,0,19,0,19,0,19,0,19,39,53,12,22,0,19,89,125,0,19,50,59,140,128,429,212,178,143,163,121,1616,501,434,212,816,300,445,185,51,62,49,50
1400000US06037573403,2631,382,25,26,0,14,0,14,0,14,0,14,0,14,0,14,0,14,0,14,0,14,0,14,8,17,10,23,12,24,64,66,376,236,0,14,111,70,298,127,216,100,1016,229,261,111,119,77,115,70
1400000US06037573601,4905,537,220,232,0,19,0,19,0,19,0,19,0,19,1,7,1,7,28,40,0,19,27,42,2,6,2,6,27,44,79,76,510,185,0,19,332,144,916,298,339,181,1310,284,674,202,147,94,290,147
1400000US06037573700,3478,339,69,58,0,19,0,19,0,19,0,19,0,19,0,19,0,19,0,19,0,19,0,19,18,28,20,22,7,11,49,75,425,127,55,52,156,78,793,303,370,91,852,163,512,131,72,36,80,50
1400000US06037573800,3079,389,58,40,0,14,0,14,0,14,0,14,0,14,0,14,0,14,10,15,0,14,0,14,45,60,0,14,0,14,18,26,630,205,35,34,302,100,443,164,188,98,838,124,393,111,56,38,63,52
1400000US06037573902,1747,167,31,28,0,14,0,14,0,14,0,14,0,14,0,14,0,14,3,9,0,14,0,14,6,18,7,11,0,14,16,18,122,54,28,28,78,45,246,72,102,50,557,117,364,71,141,92,46,30
1400000US06037574000,3840,311,8,12,0,19,0,19,0,19,0,19,0,19,0,19,0,19,0,19,0,19,0,19,0,19,60,70,15,25,71,70,375,113,29,27,301,95,541,206,396,132,1313,280,490,124,88,54,153,99
1400000US06037574100,3670,424,71,83,0,19,0,19,0,19,0,19,0,19,0,19,0,19,0,19,10,16,14,22,16,18,6,10,0,19,31,30,641,241,53,37,260,128,552,156,439,138,955,275,518,166,45,30,59,37
1400000US06037574201,2159,207,110,71,0,14,0,14,0,14,0,14,0,14,0,14,0,14,0,14,0,14,0,14,0,14,5,10,5,9,9,14,258,89,43,40,145,63,268,134,181,71,715,124,293,91,54,39,73,86
1400000US06037574202,1561,167,131,79,0,14,4,10,0,14,0,14,5,10,5,10,4,10,0,14,5,10,17,17,0,14,5,11,5,10,22,24,273,101,7,9,78,51,360,121,131,62,336,95,143,68,24,19,6,10
1400000US06037574300,4352,600,30,39,0,19,0,19,0,19,0,19,0,19,0,19,35,46,14,23,0,19,0,19,0,19,0,19,1,3,22,37,513,214,2,6,433,259,708,197,240,143,1256,413,779,283,221,144,98,88
1400000US06037574400,3866,402,28,30,0,19,0,19,0,19,0,19,0,19,0,19,0,19,0,19,0,19,0,19,0,19,2,9,24,26,31,33,749,219,118,98,284,101,579,168,188,69,940,211,694,210,132,55,97,97
1400000US06037574500,4857,557,0,19,0,19,0,19,0,19,0,19,1,13,0,19,0,19,9,19,0,19,0,19,0,19,0,19,1,11,68,53,415,176,56,58,308,141,801,237,479,175,1565,352,814,196,281,152,59,61
1400000US06037574602,1009,224,9,15,0,14,0,14,0,14,0,14,0,14,0,14,0,14,0,14,0,14,0,14,0,14,0,14,0,14,0,14,58,32,5,7,0,14,190,74,75,42,456,204,137,59,65,43,14,13
1400000US06037574800,2436,337,26,30,0,14,0,14,0,14,0,14,0,14,0,14,0,14,0,14,0,14,0,14,0,14,0,14,6,10,30,40,206,131,51,45,72,59,251,89,104,68,1046,292,429,133,88,60,127,130
1400000US06037574901,2740,408,34,32,0,14,0,14,0,14,0,14,0,14,0,14,0,14,7,9,0,14,0,14,0,14,0,14,0,14,13,20,228,78,50,34,287,149,337,150,200,142,850,149,446,162,189,81,99,63
1400000US06037574902,2792,359,102,109,0,19,0,19,23,37,0,19,0,19,0,19,0,19,0,19,0,19,15,23,0,19,9,19,16,24,60,53,297,130,66,63,100,61,667,191,93,46,810,218,385,151,16,18,133,87
1400000US06037575001,2780,518,207,190,0,14,0,14,0,14,0,14,6,12,0,14,0,14,0,14,0,14,0,14,0,14,0,14,0,14,36,37,162,74,31,42,58,49,594,284,218,104,1209,412,218,105,19,23,22,23
1400000US06037575002,3496,407,173,101,0,14,0,14,2,5,2,5,11,17,0,14,19,17,12,18,0,14,4,5,8,16,81,123,19,23,88,70,455,135,0,14,103,54,522,147,235,131,1144,225,489,159,99,63,30,29
1400000US06037575101,2834,434,638,239,0,14,0,14,0,14,0,14,0,14,22,28,24,31,74,75,0,14,0,14,10,17,41,53,81,76,109,78,491,178,27,31,114,61,357,149,217,131,402,144,194,90,33,37,0,14
1400000US06037575102,2633,386,782,281,0,14,0,14,0,14,22,33,15,18,3,5,0,14,51,53,0,14,58,44,82,53,0,14,45,50,71,74,478,177,89,53,25,33,459,220,142,76,254,102,30,26,27,26,0,14
1400000US06037575103,3211,451,345,134,0,14,0,14,0,14,0,14,0,14,0,14,0,14,189,235,0,14,0,14,117,147,57,59,14,20,57,43,441,220,49,43,144,60,795,208,165,79,516,159,230,107,14,18,78,103
1400000US06037575201,2743,459,339,121,0,14,0,14,18,29,26,42,0,14,0,14,79,53,50,44,13,20,59,53,159,128,88,111,64,80,146,97,476,254,175,148,256,137,352,153,70,70,318,129,55,72,0,14,0,14
1400000US06037575202,2396,289,476,177,0,14,0,14,0,14,0,14,40,58,0,14,19,24,145,104,0,14,0,14,47,52,18,20,36,32,153,91,487,167,65,61,113,108,324,120,106,57,239,113,120,78,8,15,0,14
1400000US06037575300,2703,420,304,196,0,14,0,14,0,14,20,34,32,49,65,59,0,14,116,82,71,112,67,92,333,198,42,43,49,39,119,85,403,224,51,54,35,36,509,155,151,84,279,135,57,54,0,14,0,14
1400000US06037575401,2614,609,204,84,0,14,0,14,52,47,0,14,80,69,21,34,42,57,193,99,33,34,50,48,168,102,27,37,41,41,120,86,407,193,141,92,87,60,736,516,27,36,144,84,41,66,0,14,0,14
1400000US06037575402,2324,391,189,105,7,12,0,14,0,14,0,14,25,40,13,31,18,27,52,43,140,217,8,16,156,135,12,20,41,34,77,51,413,160,183,110,136,84,247,130,183,78,371,170,30,33,23,29,0,14
1400000US06037575801,1474,401,92,57,0,14,0,14,20,33,13,21,24,39,22,36,12,19,41,38,0,14,21,29,201,171,14,17,12,11,56,57,278,194,78,64,30,24,272,91,35,22,198,117,55,29,0,14,0,14
1400000US06037575802,2639,452,338,213,0,14,0,14,0,14,0,14,69,55,0,14,19,31,267,173,0,14,0,14,169,121,102,78,84,64,121,113,397,203,70,61,165,87,232,142,121,102,330,144,147,81,0,14,8,13
1400000US06037575803,1696,310,121,79,0,14,0,14,0,14,141,217,0,14,0,14,0,14,24,31,0,14,0,14,47,43,18,31,0,14,74,70,313,165,53,57,99,54,196,127,121,86,398,162,56,41,14,27,21,26
1400000US06037575901,2279,340,85,71,0,14,0,14,0,14,0,14,50,75,0,14,0,14,21,37,0,14,50,56,54,82,50,33,30,36,11,16,362,132,67,68,111,84,318,144,264,106,444,136,275,96,62,54,25,31
1400000US06037575902,4269,464,0,19,0,19,0,19,0,19,0,19,0,19,0,19,0,19,49,67,0,19,21,34,0,19,56,68,12,34,30,48,412,173,103,90,309,182,715,239,281,172,1457,381,338,147,248,153,238,159
1400000US06037576001,5537,624,190,277,0,19,0,19,0,19,0,19,0,19,55,87,3,9,0,19,0,19,0,19,0,19,0,19,0,19,0,19,414,184,68,86,138,111,1114,349,335,118,1903,313,995,309,286,195,36,30
1400000US06037576200,4277,428,144,110,0,19,0,19,0,19,0,19,0,19,0,19,0,19,26,46,0,19,22,39,13,24,37,57,40,41,52,46,235,154,111,104,317,187,966,302,291,139,1400,372,475,201,88,86,60,54
1400000US06037576301,3655,542,233,179,0,14,0,14,0,14,0,14,0,14,0,14,66,66,193,152,25,40,0,14,305,319,30,38,107,77,69,51,433,149,117,74,315,167,517,178,149,92,789,236,273,119,34,57,0,14
1400000US06037576302,2240,348,345,173,0,14,0,14,0,14,0,14,0,14,48,46,51,58,166,141,4,17,22,27,7,13,41,40,50,45,154,84,452,169,76,83,130,106,223,99,140,78,243,97,82,47,6,13,0,14
1400000US06037576401,2432,535,336,226,0,14,0,14,0,14,0,14,0,14,19,33,0,14,133,107,0,14,0,14,337,236,22,33,134,133,56,63,385,162,171,177,207,178,418,142,38,41,136,78,21,27,0,14,19,29
1400000US06037576402,2763,290,627,175,0,14,0,14,0,14,0,14,59,52,0,14,21,37,73,72,46,43,95,77,83,78,27,27,45,41,129,79,434,178,23,29,67,63,356,135,168,130,368,109,109,50,17,20,16,24
1400000US06037576403,3221,455,468,195,0,14,0,14,0,14,0,14,101,75,36,52,18,27,89,67,0,14,70,96,175,135,63,52,18,87,198,118,749,274,75,50,226,91,396,146,129,61,341,115,47,38,22,33,0,14
1400000US06037576501,2161,230,242,129,0,14,0,14,0,14,0,14,70,84,0,14,0,14,41,50,0,14,26,35,0,14,0,14,11,19,61,40,406,163,10,18,263,125,199,124,175,81,464,156,113,85,41,43,39,64
1400000US06037576502,3498,609,63,95,0,19,0,19,0,19,0,19,0,19,0,19,0,19,111,109,0,19,34,45,178,163,0,19,0,19,102,70,830,347,129,86,111,62,260,136,326,177,1046,311,247,142,20,31,41,46
1400000US06037576503,2695,321,139,91,0,14,0,14,0,14,0,14,0,14,24,51,0,14,68,68,0,14,12,20,53,52,31,30,115,66,4,10,550,175,20,25,125,70,329,138,179,95,602,175,371,158,38,43,35,37
1400000US06037576601,3817,466,0,14,0,14,0,14,0,14,0,14,0,14,0,14,0,14,84,97,0,14,22,34,61,99,0,14,29,49,108,103,432,194,115,119,202,148,601,254,245,132,1156,306,426,174,241,161,95,85
1400000US06037576602,4038,606,20,22,0,14,0,14,0,14,0,14,0,14,0,14,23,45,0,14,0,14,17,32,61,85,0,14,40,48,0,14,442,225,119,148,272,179,827,394,488,271,1113,378,357,164,152,111,107,85
1400000US06037576700,3463,440,208,134,0,14,0,14,0,14,0,14,0,14,9,28,0,14,0,14,0,14,0,14,0,14,0,14,25,41,67,76,235,111,28,33,175,105,312,153,204,108,1355,294,393,128,239,180,213,163
1400000US06037576801,2728,508,120,109,0,14,0,14,40,64,0,14,0,14,10,19,4,7,0,14,0,14,17,27,87,120,8,14,0,14,23,35,232,164,25,39,111,96,478,152,96,68,1080,338,244,129,81,91,72,55
1400000US06037576802,3406,642,367,273,0,14,0,14,0,14,6,13,5,10,0,14,0,14,8,22,6,10,0,14,61,83,4,9,65,40,11,17,430,191,43,66,169,109,423,208,246,109,1069,204,355,111,27,20,111,46
1400000US06037576901,3596,642,749,370,0,14,0,14,0,14,0,14,43,56,0,14,24,27,28,41,11,18,0,14,126,109,0,14,69,64,147,143,528,182,47,63,209,141,623,274,249,146,587,175,137,82,6,10,13,19
1400000US06037576903,2802,257,548,223,0,14,0,14,0,14,0,14,0,14,0,14,0,14,42,104,0,14,13,32,61,78,0,14,74,67,137,99,647,221,99,78,99,71,266,132,141,92,498,175,152,79,0,14,25,55
1400000US06037576904,2325,300,203,105,0,14,0,14,0,14,0,14,0,14,0,14,5,15,7,12,0,14,0,14,58,81,66,54,43,120,120,94,387,253,39,35,86,51,476,207,218,149,462,161,123,61,17,18,15,22
1400000US06037577000,5736,926,513,363,0,19,0,19,0,19,0,19,45,56,0,19,0,19,10,12,0,19,60,55,18,29,0,19,0,19,32,33,1121,449,71,58,316,209,956,404,307,148,1756,396,440,190,48,45,43,50
1400000US06037577100,5424,540,54,54,0,19,0,19,0,19,0,19,0,19,0,19,0,19,0,19,0,19,0,19,8,15,0,19,28,44,58,74,415,157,68,54,134,73,1485,504,326,145,1694,345,867,264,103,73,184,143
1400000US06037577200,4917,644,292,461,0,19,0,19,0,19,0,19,0,19,0,19,0,19,0,19,0,19,16,27,0,19,1,2,0,19,22,31,374,273,36,54,217,139,605,207,79,80,1752,351,1160,311,81,63,282,145
1400000US06037577300,5169,678,161,173,0,19,0,19,0,19,0,19,0,19,0,19,0,19,0,19,0,19,27,45,0,19,0,19,0,19,69,65,215,155,62,100,491,327,493,210,661,329,1831,377,817,353,284,188,58,59
1400000US06037577400,2449,291,16,23,0,14,0,14,0,14,0,14,0,14,0,14,0,14,0,14,0,14,0,14,0,14,0,14,0,14,0,14,145,87,45,39,33,33,369,139,139,90,1058,219,404,143,169,75,71,45
1400000US06037577501,2783,345,53,73,0,14,0,14,0,14,0,14,0,14,0,14,0,14,0,14,0,14,0,14,0,14,0,14,0,14,53,56,219,134,0,14,95,62,409,129,171,75,848,214,521,143,243,104,171,85
1400000US06037577504,1057,172,6,10,0,14,0,14,0,14,0,14,0,14,0,14,0,14,0,14,0,14,0,14,0,14,0,14,0,14,0,14,123,72,0,14,13,13,69,37,19,17,476,148,223,82,95,50,33,22
1400000US06037577602,2640,218,14,23,0,14,0,14,0,14,0,14,0,14,0,14,0,14,0,14,0,14,0,14,0,14,0,14,0,14,24,27,122,65,48,55,63,34,462,207,228,82,976,150,437,133,68,48,198,92
1400000US06037577604,1327,313,0,14,0,14,0,14,0,14,0,14,0,14,0,14,0,14,0,14,0,14,0,14,0,14,0,14,0,14,5,7,90,39,32,31,52,43,160,151,65,27,438,107,317,213,128,79,40,26
1400000US06037577605,3458,397,62,74,0,14,0,14,0,14,0,14,0,14,0,14,0,14,0,14,0,14,36,50,0,14,7,11,0,14,0,14,268,144,0,14,115,104,505,178,180,106,846,233,1093,288,213,108,133,100
1400000US06037577606,2683,499,37,38,0,14,0,14,0,14,0,14,0,14,0,14,0,14,14,24,0,14,0,14,0,14,0,14,31,39,0,14,196,131,48,52,38,32,271,163,133,169,1041,229,547,251,240,207,87,56
1400000US06037577700,3215,454,81,51,0,14,0,14,14,21,0,14,14,16,0,14,19,19,76,94,25,26,6,8,15,21,24,25,41,32,91,81,909,259,128,89,286,161,445,163,302,104,566,198,160,71,0,14,13,16
1400000US06037577800,3159,461,280,96,0,14,0,14,0,14,0,14,5,10,0,14,11,19,5,9,0,14,115,135,6,10,34,34,32,32,227,102,670,304,71,62,293,170,416,133,406,119,383,110,195,95,10,17,0,14
1400000US06037577900,4721,489,193,177,0,19,0,19,0,19,0,19,0,19,20,43,30,65,33,48,0,19,31,36,122,130,62,63,31,51,51,76,1048,372,35,27,249,155,833,239,325,148,813,243,527,251,241,140,77,60
1400000US06037578000,3697,669,316,145,0,19,0,19,68,69,28,33,8,12,49,41,18,22,324,177,5,11,116,109,140,100,113,112,37,41,124,100,697,233,134,92,295,151,395,150,221,105,321,149,188,146,86,90,14,18
1400000US06037578100,175,48,8,12,0,14,0,14,0,14,0,14,0,14,0,14,0,14,6,22,0,14,0,14,0,14,4,6,2,8,2,6,23,34,2,5,8,14,25,20,17,22,55,50,4,7,6,11,13,22
1400000US06037599000,2273,338,73,114,0,14,0,14,41,69,0,14,1,3,0,14,37,62,129,171,0,14,0,14,50,81,1,4,36,53,50,81,510,219,0,14,0,14,538,268,170,182,300,284,187,159,0,14,150,146
1400000US06037599100,220,134,0,14,0,14,0,14,0,14,0,14,0,14,0,14,0,14,0,14,0,14,26,36,0,14,0,14,0,14,0,14,32,50,0,14,60,55,71,57,14,23,16,25,1,3,0,14,0,14
1400000US06037600100,4455,607,144,108,0,19,0,19,58,74,0,19,26,40,52,59,156,130,253,144,14,25,64,79,354,227,56,71,55,63,96,79,1160,381,172,113,162,107,704,229,373,159,366,174,184,133,6,11,0,19
1400000US06037600201,2636,403,166,98,0,14,0,14,0,14,27,43,11,18,0,14,32,36,281,184,102,122,87,59,94,81,11,16,63,71,31,30,733,196,52,61,255,121,389,171,115,77,125,77,62,50,0,14,0,14
1400000US06037600202,4201,672,155,127,0,19,0,19,0,19,0,19,98,97,0,19,88,104,203,179,0,19,9,13,204,157,100,113,119,97,224,159,1335,416,266,187,339,174,579,192,131,99,298,165,6,9,0,19,47,54
1400000US06037600302,1879,284,72,72,0,14,0,14,1,10,0,14,16,23,9,24,0,14,61,51,0,14,28,27,12,19,0,14,19,29,94,59,437,175,94,63,125,74,288,136,148,77,287,144,145,104,43,52,0,14
1400000US06037600303,2510,403,45,49,0,14,0,14,0,14,77,92,18,28,0,14,133,117,157,117,0,14,10,16,23,34,32,38,76,83,174,117,777,246,4,10,272,171,483,164,95,70,43,47,91,115,0,14,0,14
1400000US06037600304,2155,468,171,98,0,14,15,28,16,25,91,96,62,68,17,27,47,46,136,137,0,14,58,85,146,121,123,108,28,48,105,81,499,167,90,77,36,36,329,136,57,54,126,96,3,7,0,14,0,14
1400000US06037600400,2999,349,101,78,0,14,0,14,0,14,0,14,1,4,0,14,53,77,3,6,0,14,0,14,20,22,0,14,134,78,88,60,775,275,55,43,257,156,379,153,297,116,664,167,126,73,46,53,0,14
1400000US06037600501,1851,212,11,16,0,14,0,14,9,14,0,14,0,14,0,14,0,14,0,14,29,29,13,20,23,28,13,17,17,22,19,20,346,108,18,18,67,40,421,110,244,138,376,101,214,74,0,14,31,26
1400000US06037600601,1866,206,29,32,0,14,0,14,0,14,0,14,0,14,13,18,12,19,24,35,0,14,22,34,0,14,24,33,33,36,30,39,338,136,55,53,105,67,318,129,212,133,287,99,331,103,26,22,7,11
1400000US06037600602,1722,556,121,80,0,14,0,14,5,10,0,14,16,26,0,14,5,7,34,34,15,28,12,21,68,72,50,40,90,95,114,109,415,152,16,17,228,233,212,83,89,57,185,101,47,38,0,14,0,14
1400000US06037600702,3377,466,66,53,0,14,0,14,0,14,0,14,25,37,0,14,0,14,22,27,0,14,0,14,36,41,42,50,18,25,132,88,519,265,97,63,307,130,676,180,338,177,724,212,236,98,40,52,99,54
1400000US06037600703,1519,199,28,27,0,14,0,14,0,14,0,14,0,14,0,14,0,14,0,14,0,14,0,14,0,14,0,14,36,41,59,44,166,92,70,61,160,94,223,106,71,48,378,146,302,122,0,14,26,18
1400000US06037600704,1991,272,65,73,0,14,0,14,0,14,0,14,0,14,0,14,13,21,0,14,14,23,15,22,0,14,44,67,16,21,91,76,211,114,30,28,210,96,332,134,194,84,433,135,287,138,22,30,14,22
1400000US06037600801,2325,355,7,11,0,14,0,14,0,14,0,14,0,14,0,14,0,14,0,14,0,14,0,14,0,14,0,14,0,14,135,104,419,188,34,42,47,40,316,130,163,104,722,195,421,174,61,61,0,14
1400000US06037600802,2088,427,14,29,0,14,0,14,0,14,0,14,0,14,0,14,29,45,32,49,0,14,1,3,11,17,0,14,1,3,78,76,373,138,0,14,268,220,331,128,204,112,504,160,118,95,26,28,98,120
1400000US06037600902,4611,724,114,129,0,19,0,19,0,19,16,27,17,29,0,19,0,19,37,54,40,58,117,131,106,118,36,63,32,43,54,72,1151,413,249,170,322,221,1155,585,187,120,638,203,340,203,0,19,0,19
1400000US06037600911,2740,831,90,64,58,89,0,14,16,23,78,123,28,33,24,38,0,14,26,28,136,185,12,19,148,116,11,16,9,17,79,75,388,191,83,89,63,54,534,335,361,205,441,124,97,70,40,41,18,20
1400000US06037600912,3111,383,343,134,0,14,0,14,0,14,112,142,83,66,0,14,19,33,234,135,34,35,88,60,56,55,105,85,30,38,59,41,483,164,144,71,144,76,350,133,164,71,347,121,204,152,61,69,51,48
1400000US06037601001,2091,410,112,114,0,14,20,32,0,14,0,14,0,14,8,13,15,24,63,66,0,14,14,29,0,14,12,24,21,28,65,43,347,152,57,83,213,80,272,115,96,82,450,210,312,170,14,24,0,14
1400000US06037601002,3699,640,220,156,0,19,19,31,26,43,0,19,0,19,0,19,1,1,109,107,26,42,34,55,0,19,73,111,29,52,99,62,519,209,166,100,269,158,733,369,251,158,740,315,357,206,0,19,28,48
1400000US06037601100,4517,667,274,126,0,19,0,19,0,19,35,58,0,19,75,76,117,115,187,158,0,19,0,19,327,253,23,36,90,84,132,87,879,286,108,112,192,105,1015,396,337,226,376,203,314,184,0,19,36,61
1400000US06037601202,2771,442,347,165,0,14,0,14,40,44,31,39,25,34,62,57,21,23,196,94,7,11,71,63,104,78,34,40,0,14,213,128,439,194,55,62,174,88,258,99,107,73,522,327,45,52,20,31,0,14
1400000US06037601211,1947,331,87,75,4,8,8,12,0,14,0,14,33,42,0,14,13,23,23,25,0,14,12,23,84,71,50,45,7,11,162,76,239,85,22,27,130,80,467,223,208,110,260,119,82,46,50,56,6,10
1400000US06037601212,3646,510,180,96,0,19,24,39,0,19,0,19,90,94,0,19,14,24,179,149,33,51,11,20,127,137,86,101,152,83,148,100,971,333,150,101,273,133,396,193,140,84,479,168,128,122,42,49,23,42
1400000US06037601301,1621,161,43,37,0,14,0,14,0,14,21,34,0,14,0,14,0,14,25,33,22,36,6,10,0,14,0,14,14,23,30,30,133,98,13,23,44,34,248,72,164,71,455,126,293,89,24,18,86,44
1400000US06037601302,4776,725,0,19,0,19,0,19,0,19,51,70,8,23,0,19,0,19,48,66,0,19,0,19,7,21,0,19,113,100,65,63,850,421,156,129,557,283,1020,321,246,139,1118,372,384,148,142,188,11,20
1400000US06037601303,3800,414,196,159,0,19,0,19,0,19,0,19,1,3,89,101,0,19,127,87,0,19,121,83,67,67,0,19,181,125,19,22,428,215,131,134,144,159,794,267,237,120,855,234,375,201,0,19,35,49
1400000US06037601401,4291,422,175,170,0,19,0,19,0,19,0,19,66,45,26,43,43,48,232,127,52,58,53,72,28,45,108,95,57,52,64,74,1136,426,81,82,303,123,709,225,408,163,562,159,188,81,0,19,0,19
1400000US06037601402,3414,688,337,165,0,14,0,14,0,14,0,14,7,11,46,57,89,119,261,116,37,33,7,17,82,83,10,15,0,14,66,49,757,170,119,176,161,151,584,244,180,86,612,218,41,37,0,14,18,21
1400000US06037601501,2068,344,309,143,0,14,0,14,0,14,11,18,28,44,77,83,63,84,184,128,10,15,0,14,45,37,0,14,29,32,73,66,578,223,90,64,55,48,360,141,28,31,128,77,0,14,0,14,0,14
1400000US06037601502,2467,614,194,133,0,14,19,24,13,20,14,21,73,49,131,178,60,37,121,66,59,53,170,202,48,39,12,14,227,253,89,50,427,121,56,55,102,52,214,75,131,80,250,106,50,43,0,14,7,12
1400000US06037601600,2915,389,438,238,0,14,0,14,0,14,0,14,16,25,0,14,81,69,181,110,0,14,66,66,101,74,50,46,97,71,294,265,706,215,63,51,107,80,244,109,165,137,202,141,44,44,51,51,9,13
1400000US06037601700,3152,481,265,200,0,19,0,19,0,19,31,35,46,46,26,40,103,70,478,191,30,44,0,19,82,71,11,20,25,28,185,105,993,305,58,51,56,56,360,172,90,71,220,128,93,63,0,19,0,19
1400000US06037601801,2042,267,182,90,0,14,0,14,6,9,13,16,14,18,6,12,49,41,244,88,11,15,10,12,136,86,40,33,43,42,294,132,395,125,83,52,65,38,240,129,54,34,157,72,0,14,0,14,0,14
1400000US06037601802,2027,306,265,146,0,14,0,14,0,14,19,28,37,41,0,14,23,26,119,77,26,41,5,9,55,57,61,74,40,50,50,50,384,126,248,123,83,54,213,91,77,56,184,79,110,57,28,43,0,14
1400000US06037601900,3015,400,165,98,0,14,0,14,47,69,46,59,76,107,11,16,29,36,308,138,6,10,53,67,102,83,88,86,113,83,141,84,502,185,37,33,220,132,716,293,85,86,235,119,35,39,0,14,0,14
1400000US06037602002,2067,358,134,76,0,14,0,14,0,14,0,14,0,14,12,17,8,9,129,86,24,40,68,60,81,56,62,65,14,19,65,53,553,144,53,41,102,71,376,158,76,46,218,75,84,61,0,14,8,10
1400000US06037602003,2689,478,228,170,0,14,0,14,0,14,0,14,0,14,37,52,71,65,95,69,97,126,48,44,109,87,46,46,101,76,154,100,973,226,80,66,49,55,314,169,133,88,106,76,39,33,0,14,9,14
1400000US06037602103,3609,398,228,124,15,25,18,31,0,19,41,55,0,19,0,19,69,79,89,81,0,19,135,123,60,82,70,95,67,65,86,86,1347,314,90,94,168,107,356,170,202,138,434,229,118,99,0,19,16,26
1400000US06037602104,3635,527,272,119,0,19,13,21,0,19,0,19,91,105,14,22,17,27,195,105,0,19,87,66,104,102,125,85,52,63,64,67,828,240,165,99,84,67,557,202,221,121,491,231,241,131,0,19,14,24
1400000US06037602105,2768,355,139,101,0,14,0,14,0,14,0,14,28,40,31,47,14,23,88,63,10,15,29,3,53,40,85,69,58,56,129,87,678,232,108,78,179,102,411,167,201,105,436,223,80,66,11,19,0,14
1400000US06037602106,4259,795,197,123,0,19,0,19,0,19,0,19,18,28,0,19,0,19,16,25,0,19,0,19,116,114,17,28,49,63,210,117,735,474,202,171,449,280,1107,326,229,111,567,192,251,134,69,87,27,44
1400000US06037602201,3139,556,330,285,0,14,0,14,0,14,10,17,0,14,0,14,0,14,10,15,0,14,0,14,11,17,25,32,12,19,105,75,529,168,58,43,53,38,281,99,248,161,984,266,375,107,23,29,85,51
1400000US06037602202,2149,720,86,75,0,14,0,14,0,14,0,14,12,18,0,14,0,14,57,57,21,31,29,47,0,14,111,178,17,29,73,69,404,173,48,47,64,54,496,243,92,64,402,184,220,232,17,29,0,14
1400000US06037602301,4940,667,266,156,0,19,0,19,0,19,0,19,51,55,0,19,40,62,48,47,0,19,83,74,106,95,19,25,11,18,111,76,1167,285,37,34,138,72,709,177,339,153,1333,394,457,164,25,27,0,19
1400000US06037602302,3334,378,34,45,0,14,0,14,0,14,0,14,0,14,0,14,0,14,9,14,21,34,0,14,0,14,0,14,16,25,21,34,139,73,34,46,90,63,266,119,134,62,1561,329,713,174,248,113,48,54
1400000US06037602402,4561,633,583,314,0,19,0,19,0,19,0,19,20,53,0,19,33,33,143,146,32,46,111,115,50,52,72,72,99,96,235,159,684,276,22,26,372,150,659,346,280,157,893,305,209,138,64,67,0,19
1400000US06037602403,2903,306,86,58,0,14,0,14,0,14,0,14,20,26,0,14,25,35,44,46,0,14,102,84,32,33,24,26,31,32,148,102,791,215,68,62,137,102,512,172,282,152,453,152,132,78,4,7,12,18
1400000US06037602404,3747,525,250,130,0,19,0,19,0,19,0,19,11,17,17,27,128,124,227,254,0,19,131,91,165,121,0,19,48,48,115,72,722,181,110,77,227,95,611,208,261,126,539,218,124,68,0,19,61,92
1400000US06037602504,3148,380,220,165,0,14,0,14,0,14,0,14,61,67,37,40,0,14,77,64,10,17,21,34,36,54,34,39,89,88,266,211,528,202,24,27,234,141,517,155,205,98,624,200,152,90,13,19,0,14
1400000US06037602505,2510,248,56,49,0,14,0,14,0,14,0,14,0,14,0,14,55,56,85,75,11,16,92,75,125,110,36,43,55,53,107,71,748,201,57,55,125,73,269,117,92,62,415,170,100,64,82,77,0,14
1400000US06037602506,2754,272,18,24,0,14,0,14,0,14,0,14,0,14,12,19,0,14,63,66,5,10,0,14,94,72,14,21,122,85,36,39,648,204,56,39,44,32,487,143,360,162,528,251,224,134,15,25,28,41
1400000US06037602507,3180,324,162,153,0,14,0,14,0,14,5,14,0,14,39,55,131,79,31,32,0,14,4,17,0,14,15,23,53,85,78,62,801,156,203,117,198,103,647,189,235,98,368,177,174,106,0,14,36,36
1400000US06037602510,2289,463,86,70,0,14,0,14,0,14,0,14,0,14,38,53,89,92,45,55,76,83,0,14,20,32,34,43,143,116,29,45,823,390,123,87,54,53,115,108,129,71,374,214,111,80,0,14,0,14
1400000US06037602511,2573,590,34,52,0,14,0,14,0,14,0,14,36,50,0,14,17,24,80,82,0,14,0,14,28,44,257,379,12,18,196,120,674,310,137,104,88,87,435,205,121,82,337,135,121,98,0,14,0,14
1400000US06037602512,1352,219,82,44,0,14,0,14,0,14,0,14,0,14,0,14,14,16,28,29,9,13,0,14,12,15,6,10,43,32,139,55,383,116,37,32,162,83,133,89,91,72,129,58,55,39,3,7,26,30
1400000US06037602513,860,197,0,14,0,14,0,14,0,14,0,14,0,14,0,14,0,14,0,14,0,14,0,14,0,14,0,14,15,16,34,25,274,131,63,46,75,55,122,68,60,63,161,85,39,23,17,27,0,14
1400000US06037602601,3410,535,104,71,0,14,0,14,0,14,0,14,0,14,0,14,0,14,0,14,0,14,0,14,89,85,49,66,133,87,61,61,735,224,63,41,433,202,739,234,198,86,661,232,117,63,15,25,13,17
1400000US06037602602,2098,600,60,51,0,14,0,14,0,14,0,14,0,14,25,39,0,14,22,36,0,14,0,14,0,14,6,15,25,34,101,86,296,106,144,163,84,63,332,134,497,317,464,249,36,41,0,14,6,28
1400000US06037602700,2811,364,68,53,0,14,16,24,19,31,0,14,0,14,0,14,0,14,0,14,0,14,0,14,1,8,0,14,28,41,117,148,401,149,0,14,124,72,517,173,345,145,867,233,267,148,18,28,23,26
1400000US06037602801,2253,308,83,61,0,14,0,14,0,14,28,46,8,14,0,14,22,34,167,101,0,14,39,46,48,42,56,64,31,51,71,52,654,163,120,86,97,73,260,186,175,85,234,128,124,77,25,36,11,19
1400000US06037602802,2988,551,63,64,0,14,0,14,0,14,0,14,0,14,0,14,4,10,22,35,0,14,0,14,74,67,23,23,0,14,90,68,525,155,186,150,265,114,474,163,361,201,568,189,296,135,37,37,0,14
1400000US06037602900,3464,535,264,144,26,39,0,14,23,36,57,63,92,81,65,72,55,63,173,90,59,65,64,75,94,95,40,49,82,70,192,178,539,191,107,84,90,52,507,435,175,94,542,224,143,79,65,71,10,14
1400000US06037603004,1113,121,7,9,0,14,0,14,0,14,0,14,3,8,0,14,0,14,4,7,0,14,0,14,29,31,3,8,8,5,53,39,325,125,42,43,74,35,158,69,146,71,212,77,39,28,10,15,0,14
1400000US06037603005,4020,740,72,72,0,19,0,19,0,19,0,19,0,19,9,14,18,30,134,111,48,53,20,33,82,89,32,52,26,31,98,70,753,366,64,48,431,311,835,194,303,154,938,280,95,61,62,75,0,19
1400000US06037603006,1432,176,92,59,0,14,0,14,0,14,6,10,0,14,0,14,0,14,0,14,0,14,35,62,20,30,3,6,32,50,31,32,293,94,6,9,51,27,198,64,92,55,398,96,151,122,18,26,6,9
1400000US06037603007,2058,320,22,27,0,14,0,14,0,14,0,14,0,14,0,14,41,55,21,25,43,66,19,32,13,21,17,21,0,14,145,101,632,186,63,63,41,36,393,156,166,118,322,160,106,81,14,21,0,14
1400000US06037603008,2368,526,270,195,0,14,0,14,0,14,0,14,0,14,0,14,75,124,68,47,0,14,0,14,335,299,0,14,9,14,164,135,267,109,74,62,109,98,310,111,157,76,395,134,96,62,39,59,0,14
1400000US06037603101,3229,437,71,44,0,14,0,14,0,14,41,48,30,36,0,14,14,21,96,74,0,14,19,33,90,69,18,25,0,14,212,150,552,225,72,70,162,73,562,203,212,92,791,234,230,95,47,56,10,16
1400000US06037603102,2672,454,19,29,6,10,0,14,0,14,1,11,0,14,0,14,0,14,22,34,18,29,0,14,37,43,35,34,93,88,112,66,745,148,58,49,119,61,409,235,201,85,483,165,237,133,45,45,32,42
1400000US06037603200,2725,377,124,99,0,14,0,14,0,14,0,14,25,36,0,14,0,14,0,14,0,14,0,14,35,54,9,15,30,30,52,38,683,220,27,31,100,78,242,119,185,56,832,209,261,142,59,51,61,45
1400000US06037603301,2743,336,116,115,0,14,0,14,0,14,44,57,0,14,0,14,48,78,1,7,27,44,38,46,35,34,25,25,14,17,52,41,466,135,39,34,292,131,302,109,322,134,682,143,158,77,60,66,22,22
1400000US06037603302,3458,475,94,51,0,14,0,14,20,33,0,14,33,30,46,73,18,21,105,89,43,69,66,53,23,32,11,17,25,26,230,155,747,190,29,45,209,139,558,261,178,81,716,201,247,103,25,25,35,34
1400000US06037603400,2952,340,195,106,0,14,0,14,0,14,8,13,30,41,11,20,11,18,42,37,0,14,152,158,71,43,22,25,55,43,56,38,436,129,108,66,120,70,554,176,298,109,486,139,219,97,58,62,20,21
1400000US06037603500,1953,227,94,82,14,19,0,14,0,14,0,14,49,48,0,14,24,24,72,54,1,6,9,19,52,45,14,14,23,22,66,33,446,156,59,37,69,43,292,103,138,60,310,110,212,97,4,6,5,9
1400000US06037603600,3006,436,131,134,0,14,6,14,0,14,0,14,4,11,1,6,0,14,177,273,0,14,9,15,15,25,15,16,21,20,35,31,676,192,46,45,142,81,413,152,280,88,680,122,253,113,79,87,23,27
1400000US06037603702,3890,433,252,121,35,50,0,19,0,19,0,19,0,19,0,19,24,35,30,27,32,44,21,28,24,38,6,16,141,143,159,91,637,180,46,49,370,164,666,230,278,107,743,175,301,121,103,132,22,28
1400000US06037603703,1900,218,72,34,0,14,0,14,0,14,0,14,12,18,0,14,38,41,38,33,21,25,12,13,61,65,38,43,12,15,36,29,493,159,18,17,160,88,155,57,123,57,410,112,163,62,6,8,32,32
1400000US06037603705,1785,330,36,38,0,14,0,14,0,14,0,14,0,14,0,14,0,14,27,31,19,29,26,29,56,71,0,14,0,14,17,17,545,201,0,14,62,55,452,233,213,97,219,88,72,39,24,38,17,27
1400000US06037603706,2007,303,125,93,0,14,1,6,0,14,0,14,15,24,66,75,65,83,96,73,81,68,42,36,76,56,35,46,14,22,36,55,484,142,27,40,112,92,206,116,77,66,320,128,81,71,34,39,14,22
1400000US06037603801,3230,482,131,79,0,14,0,14,0,14,13,24,9,15,0,14,12,23,105,91,24,21,60,62,49,60,61,63,18,16,222,113,864,271,95,70,278,154,331,142,387,215,485,179,46,35,31,29,9,14
1400000US06037603802,2469,409,107,67,14,22,0,14,0,14,0,14,14,21,10,17,19,21,33,37,1,7,31,49,173,144,68,42,65,57,44,42,524,133,78,54,153,101,343,176,181,76,406,156,177,159,28,32,0,14
1400000US06037603901,2819,370,203,126,0,14,0,14,0,14,22,33,0,14,0,14,31,47,0,14,0,14,56,63,66,94,75,60,136,130,86,71,585,177,54,49,156,94,306,132,168,91,562,142,228,140,65,88,20,23
1400000US06037603902,2411,587,219,152,0,14,22,37,0,14,1,14,0,14,0,14,24,38,255,245,13,22,0,14,37,43,14,26,114,110,205,115,648,387,37,45,80,68,327,188,91,73,227,124,97,76,0,14,0,14
1400000US06037604001,2889,576,233,243,0,14,0,14,0,14,0,14,9,16,0,14,76,97,153,118,0,14,83,125,44,53,101,118,28,28,106,83,647,178,123,98,236,123,452,144,85,63,383,123,98,62,1,4,31,54
1400000US06037604002,2609,303,200,109,0,14,0,14,24,31,0,14,23,37,0,14,0,14,36,31,28,44,19,22,104,94,11,21,12,19,66,64,566,166,79,44,149,89,340,147,253,135,480,134,172,98,38,33,9,15
1400000US06037604101,2648,544,393,165,0,14,0,14,38,59,38,75,8,16,0,14,14,24,93,95,0,14,15,25,83,88,1,4,64,75,254,143,565,220,87,78,130,77,405,228,157,82,266,148,25,29,0,14,12,19
1400000US06037604102,1742,393,203,201,6,11,0,14,0,14,5,8,6,10,29,31,57,69,70,57,0,14,20,21,26,34,9,13,17,21,68,38,386,189,107,60,56,44,209,164,70,53,263,88,127,69,0,14,8,12
1400000US06037604200,3927,557,205,104,0,19,0,19,0,19,29,35,153,224,16,25,15,19,219,115,72,45,32,32,120,87,34,40,31,40,148,71,1014,261,149,75,164,80,593,181,359,157,448,142,74,48,30,40,22,25
1400000US06037609900,1421,257,97,123,0,14,0,14,0,14,0,14,9,18,6,12,4,9,7,11,14,12,0,14,16,27,5,16,15,25,20,20,267,96,42,34,69,43,184,80,99,46,397,138,114,65,21,19,35,33
1400000US06037620001,2926,323,15,22,0,14,0,14,0,14,0,14,2,5,0,14,0,14,4,7,0,14,0,14,0,14,0,14,19,30,6,9,308,198,28,25,97,61,506,232,195,79,1015,218,519,156,138,61,74,44
1400000US06037620002,2613,351,0,14,0,14,0,14,10,15,0,14,0,14,0,14,0,14,8,12,0,14,0,14,1,3,0,14,0,14,13,21,212,96,18,20,107,66,354,207,204,102,1041,247,476,106,100,61,69,56
1400000US06037620101,3677,424,104,129,0,19,0,19,0,19,0,19,0,19,0,19,0,19,0,19,0,19,0,19,0,19,0,19,0,19,18,29,337,130,34,39,227,124,326,189,393,183,1462,283,615,294,105,89,56,57
1400000US06037620102,3105,494,20,27,0,14,0,14,0,14,0,14,0,14,0,14,0,14,3,6,0,14,0,14,3,4,0,14,0,14,22,32,258,111,24,40,139,134,326,202,255,109,1156,198,617,208,243,168,39,31
1400000US06037620201,1215,224,7,10,0,14,0,14,0,14,0,14,0,14,0,14,0,14,0,14,0,14,0,14,0,14,0,14,0,14,2,8,58,44,7,10,27,25,32,26,59,35,699,211,150,70,130,57,44,40
1400000US06037620301,2759,307,0,14,0,14,0,14,0,14,0,14,0,14,0,14,0,14,0,14,0,14,11,17,0,14,0,14,0,14,16,19,127,67,31,23,96,49,180,74,79,53,1277,241,591,164,285,134,66,45
1400000US06037620303,3208,404,8,12,0,14,0,14,0,14,0,14,0,14,0,14,0,14,0,14,0,14,0,14,0,14,0,14,0,14,46,39,164,171,15,22,143,74,330,190,128,90,1139,213,904,266,273,106,58,38
1400000US06037620305,4168,553,0,19,0,19,0,19,0,19,0,19,0,19,0,19,0,19,0,19,0,19,0,19,0,19,0,19,0,19,30,34,123,88,0,19,112,92,322,165,93,66,1777,394,1008,311,661,267,42,46
1400000US06037620400,3548,443,59,93,0,19,0,19,0,19,0,19,0,19,0,19,0,19,0,19,0,19,0,19,0,19,0,19,0,19,42,42,207,137,18,30,34,33,219,116,289,137,1379,270,770,258,402,186,129,87
1400000US06037620501,4325,600,39,47,0,19,0,19,0,19,0,19,0,19,0,19,0,19,0,19,0,19,0,19,16,27,47,67,0,19,68,63,385,144,0,19,321,138,265,115,165,113,1954,419,882,296,102,88,81,68
1400000US06037620521,2989,354,76,69,0,14,0,14,0,14,0,14,0,14,0,14,5,9,0,14,0,14,0,14,0,14,0,14,17,21,21,23,363,151,39,45,133,62,483,172,256,183,1015,224,437,166,91,55,53,34
1400000US06037620522,3255,312,156,115,0,14,0,14,0,14,0,14,9,16,9,13,0,14,0,14,0,14,0,14,9,15,8,13,0,14,27,33,491,239,23,35,73,47,138,67,268,119,1216,214,529,141,230,125,69,77
1400000US06037620601,4152,469,66,68,0,19,0,19,0,19,0,19,0,19,0,19,0,19,0,19,77,119,0,19,0,19,0,19,19,32,169,142,326,144,183,148,47,46,406,135,317,183,1884,307,376,155,198,127,84,71
1400000US06037620602,4122,626,137,130,0,19,0,19,0,19,0,19,0,19,0,19,0,19,34,52,0,19,0,19,0,19,25,44,26,40,35,42,587,262,84,68,168,104,584,238,338,193,1334,407,456,167,205,106,109,84
1400000US06037620701,5070,532,14,23,0,19,0,19,0,19,0,19,0,19,0,19,0,19,0,19,0,19,0,19,0,19,0,19,0,19,52,49,316,173,118,135,114,96,333,140,124,87,2334,463,1372,264,198,127,95,57
1400000US06037620703,2311,302,7,13,0,14,0,14,0,14,11,21,0,14,0,14,0,14,12,19,0,14,0,14,0,14,14,23,0,14,0,14,153,82,0,14,20,27,203,103,80,72,1246,286,315,102,176,99,74,57
1400000US06037620704,2444,381,9,16,0,14,0,14,0,14,0,14,0,14,0,14,0,14,0,14,0,14,0,14,13,23,0,14,0,14,0,14,411,199,100,96,49,36,227,99,112,61,967,233,426,97,65,48,65,47
1400000US06037620801,2643,293,23,26,0,14,0,14,0,14,0,14,0,14,0,14,0,14,0,14,0,14,0,14,2,5,4,10,0,14,0,14,151,149,60,59,12,19,260,113,91,47,921,201,731,191,249,97,139,86
1400000US06037620802,2690,712,3,19,0,14,0,14,0,14,0,14,0,14,0,14,0,14,0,14,0,14,32,49,0,14,0,14,7,12,7,12,94,66,3,7,81,61,196,104,165,174,1284,677,401,142,270,127,147,120
1400000US06037620901,1833,299,0,14,0,14,0,14,0,14,0,14,0,14,0,14,0,14,0,14,0,14,8,11,0,14,0,14,8,12,19,21,107,61,21,30,46,26,90,38,50,29,805,231,468,156,159,72,52,32
1400000US06037620904,1842,202,0,14,0,14,0,14,0,14,0,14,0,14,0,14,0,14,0,14,0,14,0,14,0,14,0,14,0,14,27,30,28,27,15,22,33,39,185,60,104,47,845,200,445,140,93,57,67,73
1400000US06037621001,3470,399,36,35,0,14,0,14,0,14,0,14,0,14,0,14,0,14,0,14,0,14,0,14,0,14,36,44,0,14,34,37,146,81,52,66,77,55,317,106,130,77,1471,306,814,239,268,135,89,57
1400000US06037621005,3968,526,44,52,0,14,0,14,0,14,0,14,0,14,0,14,0,14,0,14,0,14,0,14,0,14,0,14,0,14,0,14,262,137,42,45,87,94,506,219,56,48,1502,322,1191,327,194,108,84,59
1400000US06037621102,2393,361,13,18,0,14,0,14,0,14,0,14,0,14,0,14,0,14,0,14,9,14,0,14,0,14,8,15,0,14,9,15,176,105,21,27,161,87,238,112,45,33,1047,326,525,140,129,74,12,15
1400000US06037621104,4824,446,7,33,0,19,0,19,0,19,0,19,0,19,0,19,0,19,0,19,0,19,0,19,0,19,26,42,0,19,15,24,264,168,29,48,74,73,340,162,255,140,2336,451,989,290,369,159,120,79
1400000US06037621201,5703,559,136,62,0,19,0,19,0,19,0,19,0,19,0,19,0,19,0,19,0,19,4,17,31,49,24,8,23,8,0,19,614,184,103,99,116,71,474,239,139,82,2403,543,1248,248,141,84,247,140
1400000US06037621204,2436,354,0,14,0,14,0,14,0,14,0,14,0,14,0,14,0,14,0,14,0,14,0,14,40,46,0,14,0,14,44,56,211,92,72,80,62,40,244,104,163,79,998,230,437,129,44,38,121,104
1400000US06037621301,5118,585,91,118,0,19,0,19,0,19,0,19,0,19,0,19,0,19,0,19,0,19,0,19,0,19,0,19,0,19,65,78,373,164,62,58,90,63,563,222,487,227,2188,548,832,238,280,130,87,58
1400000US06037621324,2669,519,0,14,0,14,0,14,0,14,0,14,0,14,0,14,0,14,0,14,0,14,0,14,4,8,3,8,3,8,36,41,173,109,4,8,103,81,317,164,100,81,963,267,676,377,140,122,147,93
1400000US06037621326,2599,409,12,24,0,14,0,14,14,27,0,14,0,14,0,14,0,14,0,14,0,14,0,14,0,14,0,14,9,15,11,18,201,102,0,14,63,45,215,95,192,99,1072,239,604,242,151,95,55,32
1400000US06037621400,3066,366,67,57,0,14,0,14,0,14,0,14,0,14,0,14,0,14,0,14,0,14,0,14,0,14,0,14,0,14,17,27,250,133,0,14,105,73,177,76,269,125,1177,190,679,182,218,200,107,93
1400000US06037650001,4452,453,165,115,0,19,0,19,0,19,0,19,0,19,0,19,0,19,8,15,16,26,118,159,0,19,22,29,21,37,115,76,959,345,45,46,331,172,290,144,303,131,1336,310,536,180,154,107,33,37
1400000US06037650003,2255,302,47,61,0,14,0,14,0,14,0,14,0,14,0,14,0,14,0,14,0,14,4,6,18,21,0,14,23,15,39,35,476,159,63,39,17,25,396,190,188,89,705,228,253,105,18,26,8,14
1400000US06037650004,3075,388,88,72,0,14,0,14,0,14,0,14,0,14,0,14,0,14,0,14,4,8,31,31,11,17,16,18,18,22,196,136,524,206,18,20,197,109,545,161,285,140,720,164,318,129,45,36,59,70
1400000US06037650101,3825,652,56,64,0,14,0,14,0,14,0,14,0,14,0,14,6,13,19,66,0,14,0,14,45,51,45,52,0,14,39,47,412,139,0,14,176,111,572,317,341,122,1628,446,287,154,100,80,99,86
1400000US06037650102,1488,180,19,19,0,14,0,14,0,14,0,14,0,14,0,14,0,14,7,10,0,14,0,14,0,14,10,13,0,14,39,37,268,84,25,20,75,32,199,98,146,74,496,118,169,59,24,20,11,11
1400000US06037650200,4057,353,75,46,0,19,20,30,0,19,0,19,15,21,0,19,0,19,20,20,0,19,30,27,18,20,1,7,0,19,56,38,727,190,46,33,282,116,530,130,299,130,1418,230,369,120,107,68,44,36
1400000US06037650300,5466,704,308,214,21,34,0,19,0,19,0,19,28,48,0,19,0,19,101,146,0,19,14,26,0,19,0,19,104,124,86,76,1102,475,269,249,201,113,604,275,436,224,1690,375,425,214,61,67,16,26
1400000US06037650401,3305,468,48,85,0,14,0,14,0,14,0,14,0,14,0,14,0,14,0,14,5,8,9,14,9,14,8,13,10,16,39,38,606,164,65,52,121,57,421,147,249,106,1089,292,500,197,102,77,24,20
1400000US06037650501,2025,224,2,5,0,14,0,14,0,14,0,14,0,14,0,14,0,14,0,14,0,14,0,14,0,14,10,16,0,14,12,19,432,150,81,63,88,50,348,117,174,98,514,157,276,88,58,62,30,29
1400000US06037650502,3160,447,27,25,0,14,0,14,0,14,0,14,0,14,0,14,0,14,18,26,0,14,0,14,2,6,0,14,0,14,0,14,403,166,41,37,131,68,461,235,363,146,871,196,537,125,140,101,166,166
1400000US06037650603,2700,326,2,5,0,14,0,14,0,14,0,14,0,14,1,3,0,14,0,14,0,14,0,14,13,18,0,14,0,14,3,4,240,80,0,14,130,93,305,118,314,142,1082,303,413,111,121,93,76,39
1400000US06037650604,4094,782,155,108,0,19,17,28,0,19,0,19,0,19,0,19,0,19,0,19,0,19,33,39,0,19,0,19,0,19,54,60,671,384,0,19,115,84,535,202,418,190,1191,402,766,334,81,64,58,65
1400000US06037650605,1780,175,26,44,3,10,0,14,0,14,0,14,0,14,0,14,0,14,0,14,0,14,1,4,0,14,8,12,6,13,19,22,187,94,0,14,60,37,236,102,274,161,668,180,246,108,46,36,0,14
1400000US06037650606,3225,372,6,14,0,14,0,14,0,14,8,21,0,14,47,74,8,17,59,74,1,2,4,9,23,32,19,29,38,71,62,58,718,219,79,94,136,91,315,139,224,126,855,178,562,203,34,41,27,26
1400000US06037650607,1849,345,28,33,0,14,0,14,0,14,0,14,11,19,0,14,0,14,0,14,0,14,0,14,33,37,0,14,0,14,0,14,179,113,14,23,87,102,195,104,260,180,739,230,191,81,94,72,18,28
1400000US06037650701,1834,183,6,11,0,14,0,14,0,14,0,14,0,14,10,16,0,14,0,14,0,14,0,14,0,14,0,14,8,12,5,9,223,105,5,10,87,46,213,61,160,59,691,115,292,117,65,37,69,42
1400000US06037650702,3406,376,60,48,0,14,0,14,0,14,0,14,0,14,0,14,22,30,0,14,0,14,0,14,0,14,48,51,0,14,40,31,420,154,44,47,125,70,337,118,222,92,1348,267,571,158,72,44,97,74
1400000US06037650801,2885,434,48,46,0,14,0,14,0,14,0,14,0,14,0,14,0,14,63,77,0,14,0,14,0,14,0,14,13,19,28,34,309,150,41,35,64,48,347,167,252,97,1139,291,319,90,126,69,136,114
1400000US06037650802,2400,355,0,14,0,14,0,14,0,14,0,14,0,14,0,14,37,59,0,14,0,14,0,14,0,14,0,14,0,14,31,28,116,61,0,14,61,55,318,130,129,70,1192,324,440,129,41,34,35,32
1400000US06037650901,3981,491,11,18,0,14,0,14,0,14,0,14,0,14,0,14,0,14,146,228,0,14,0,14,0,14,51,72,0,14,27,34,449,238,193,146,153,101,366,171,352,175,1669,375,433,154,107,73,24,36
1400000US06037650903,3114,525,0,14,0,14,0,14,0,14,0,14,0,14,0,14,0,14,0,14,0,14,0,14,0,14,15,23,26,43,105,71,496,240,78,58,223,87,441,259,295,128,754,205,528,174,131,97,22,22
1400000US06037650904,1696,217,47,53,0,14,0,14,0,14,0,14,0,14,0,14,0,14,0,14,0,14,0,14,0,14,3,7,3,7,7,15,278,133,40,34,49,44,132,61,167,87,639,170,269,120,51,43,11,18
1400000US06037651001,4029,406,86,90,0,19,0,19,0,19,0,19,0,19,0,19,10,15,9,16,0,19,0,19,35,32,0,19,98,70,69,74,1082,305,75,53,107,59,523,155,340,131,890,226,586,188,99,57,20,21
1400000US06037651002,3460,430,20,29,0,14,0,14,0,14,11,17,0,14,0,14,0,14,8,15,0,14,0,14,32,45,3,8,56,85,62,78,341,142,114,59,131,94,495,148,274,89,1265,367,383,129,197,108,68,47
1400000US06037651101,3451,235,73,60,0,14,0,14,0,14,0,14,0,14,0,14,3,7,6,16,0,14,0,14,0,14,10,22,5,14,0,14,456,158,13,21,109,49,344,125,330,135,1232,184,491,127,212,170,167,83
1400000US06037651102,3132,379,13,17,0,14,0,14,0,14,0,14,0,14,0,14,0,14,10,16,9,15,0,14,9,14,0,14,10,15,0,14,475,157,70,44,158,61,334,168,402,229,951,170,529,118,79,122,83,60
1400000US06037651201,3201,443,33,33,0,14,0,14,0,14,0,14,0,14,0,14,0,14,0,14,0,14,0,14,0,14,0,14,17,29,0,14,227,98,29,30,73,43,275,92,182,63,1557,493,512,130,179,66,117,77
1400000US06037651221,2405,358,0,14,0,14,0,14,0,14,0,14,0,14,0,14,0,14,4,8,0,14,2,3,0,14,33,41,0,14,5,16,309,125,57,42,132,69,281,128,152,112,990,218,353,120,32,30,55,39
1400000US06037651222,4167,451,31,31,0,19,0,19,0,19,0,19,0,19,0,19,0,19,26,46,0,19,0,19,0,19,27,49,0,19,99,103,587,258,94,99,208,166,487,159,355,298,1579,311,457,169,144,124,73,56
1400000US06037651302,4293,716,0,19,0,19,0,19,0,19,0,19,0,19,0,19,0,19,0,19,0,19,0,19,0,19,0,19,17,26,58,51,290,139,27,29,162,109,401,266,167,124,1281,239,1250,461,479,398,161,100
1400000US06037651304,3927,475,0,19,0,19,0,19,0,19,0,19,0,19,0,19,0,19,0,19,0,19,0,19,7,12,0,19,0,19,0,19,395,173,0,19,375,206,519,183,189,100,1263,367,737,278,235,165,207,125
1400000US06037651401,1835,254,23,25,0,14,0,14,0,14,0,14,10,16,0,14,0,14,0,14,0,14,0,14,15,26,4,6,15,22,149,202,186,85,14,22,167,95,155,80,225,93,620,181,98,63,117,83,37,33
1400000US06037651402,3767,512,38,68,0,19,0,19,0,19,0,19,0,19,0,19,0,19,0,19,0,19,0,19,14,22,32,37,0,19,33,46,587,243,74,62,80,50,340,196,314,137,1554,374,567,230,80,52,54,43
1400000US06037670001,2415,293,30,30,0,14,0,14,0,14,0,14,0,14,0,14,0,14,40,52,4,7,0,14,62,69,13,21,54,64,132,63,362,127,56,45,160,98,431,137,164,92,656,184,186,90,25,26,40,35
1400000US06037670002,2416,263,74,50,0,14,0,14,0,14,0,14,0,14,0,14,0,14,11,17,40,47,0,14,102,113,7,13,9,16,63,38,323,105,63,45,123,69,324,123,181,87,654,193,387,132,45,36,10,16
1400000US06037670003,4208,474,127,115,0,19,0,19,0,19,0,19,0,19,0,19,0,19,79,121,0,19,92,124,0,19,16,30,21,32,102,95,624,293,94,86,191,128,837,301,617,255,934,296,308,157,147,132,19,24
1400000US06037670101,2405,287,0,14,0,14,0,14,0,14,0,14,0,14,65,72,0,14,10,16,0,14,66,98,11,17,67,97,80,90,105,80,290,132,170,173,221,110,337,149,251,115,454,151,228,104,50,54,0,14
1400000US06037670102,2755,404,167,200,11,18,0,14,0,14,0,14,0,14,0,14,0,14,209,311,0,14,20,32,0,14,20,35,0,14,51,38,738,241,32,40,180,116,223,92,139,70,681,217,173,81,78,67,33,41
1400000US06037670201,2786,403,0,14,0,14,0,14,0,14,0,14,0,14,17,27,0,14,20,30,0,14,19,32,0,14,0,14,0,14,8,13,178,123,10,18,39,43,215,119,240,105,1217,272,506,136,290,142,27,25
1400000US06037670202,1901,395,3,4,0,14,0,14,0,14,0,14,0,14,0,14,0,14,0,14,0,14,7,10,0,14,0,14,0,14,0,14,111,71,0,14,101,109,186,75,63,34,792,183,474,166,75,39,89,40
1400000US06037670324,3839,441,4,8,0,19,0,19,0,19,0,19,0,19,0,19,0,19,0,19,0,19,0,19,9,16,0,19,0,19,105,164,98,56,1,3,100,71,361,191,183,127,1514,369,916,272,334,136,214,90
1400000US06037670326,2428,280,57,83,0,14,0,14,0,14,0,14,0,14,0,14,0,14,0,14,0,14,0,14,0,14,0,14,0,14,0,14,78,48,11,17,78,56,214,120,114,69,838,204,461,119,455,118,122,58
1400000US06037670328,2935,331,9,15,0,14,0,14,0,14,0,14,0,14,0,14,0,14,0,14,0,14,0,14,0,14,0,14,1,2,35,49,174,110,8,14,39,27,128,72,72,45,1150,219,609,139,528,158,182,72
1400000US06037670405,1937,198,53,61,0,14,0,14,0,14,0,14,0,14,0,14,0,14,0,14,0,14,3,10,0,14,0,14,0,14,57,53,183,69,10,16,41,34,225,108,87,48,639,167,375,130,197,120,67,45
1400000US06037670406,1351,270,0,14,0,14,0,14,0,14,0,14,0,14,0,14,0,14,0,14,0,14,0,14,7,11,0,14,0,14,15,16,83,54,0,14,46,33,192,149,35,31,437,114,336,82,113,49,87,40
1400000US06037670407,3953,521,12,25,0,19,0,19,0,19,0,19,0,19,0,19,0,19,0,19,0,19,0,19,25,37,0,19,0,19,19,31,63,69,20,33,39,42,333,108,330,169,1714,324,951,335,139,90,308,198
1400000US06037670413,3292,332,35,33,0,14,0,14,0,14,0,14,4,15,0,14,0,14,5,9,0,14,22,33,0,14,3,19,8,12,18,20,155,72,42,41,88,50,182,73,175,80,1214,255,854,208,306,126,181,71
1400000US06037670416,2931,386,13,19,0,14,0,14,0,14,0,14,0,14,0,14,0,14,0,14,0,14,0,14,0,14,0,14,11,19,0,14,181,75,39,51,48,35,224,99,211,76,969,191,747,344,322,99,166,103
1400000US06037670417,2026,224,0,14,13,19,0,14,0,14,0,14,0,14,0,14,4,8,0,14,0,14,0,14,0,14,0,14,0,14,11,16,99,52,0,14,108,54,103,56,152,76,793,161,427,97,184,83,132,62
1400000US06037670418,3104,365,0,14,0,14,0,14,0,14,0,14,0,14,0,14,7,12,0,14,18,35,0,14,7,12,0,14,0,14,9,14,219,130,22,33,90,103,241,99,217,88,1212,189,691,183,271,115,100,46
1400000US06037670500,1158,120,4,5,0,14,0,14,0,14,0,14,0,14,0,14,0,14,0,14,0,14,0,14,3,4,0,14,0,14,0,14,51,25,16,14,25,16,110,50,67,38,447,80,183,40,146,42,106,43
1400000US06037670603,1500,272,0,14,0,14,0,14,0,14,0,14,0,14,0,14,0,14,0,14,0,14,0,14,0,14,0,14,10,15,13,14,48,34,7,11,32,29,171,100,61,50,498,111,368,134,227,97,65,53
1400000US06037670604,3577,471,0,14,0,14,0,14,0,14,0,14,0,14,0,14,0,14,0,14,0,14,0,14,0,14,18,30,0,14,5,14,217,89,29,47,171,161,301,130,128,90,1261,328,910,295,342,192,195,105
1400000US06037670701,4343,467,1,3,0,19,0,19,0,19,0,19,3,15,0,19,0,19,13,29,0,19,35,50,35,38,0,19,0,19,29,43,760,217,32,50,301,133,516,207,422,152,1483,422,404,144,207,81,102,71
1400000US06037670702,4240,526,0,19,0,19,0,19,0,19,0,19,0,19,0,19,19,35,0,19,0,19,0,19,0,19,0,19,0,19,19,31,349,149,24,35,500,238,398,163,210,100,1543,565,659,238,408,165,111,89
1400000US06037700101,5119,750,240,234,0,19,22,36,0,19,0,19,0,19,0,19,0,19,21,31,0,19,0,19,0,19,21,31,0,19,67,68,345,187,52,56,57,60,773,308,621,343,2206,553,340,180,239,118,115,95
1400000US06037700102,3528,504,0,14,0,14,0,14,0,14,0,14,0,14,0,14,0,14,100,124,22,35,0,14,0,14,37,48,12,22,0,14,375,186,151,234,102,107,561,247,290,221,1329,400,361,179,188,162,0,14
1400000US06037700200,6090,896,81,70,0,19,0,19,0,19,0,19,0,19,0,19,179,284,0,19,0,19,0,19,0,19,0,19,0,19,81,62,438,248,37,48,188,151,442,221,799,405,2492,534,926,447,239,176,188,165
1400000US06037700300,5170,544,47,47,0,19,0,19,0,19,0,19,0,19,0,19,18,27,0,19,0,19,0,19,14,24,0,19,0,19,155,141,367,155,18,29,125,88,744,360,242,117,2267,376,940,274,160,107,73,52
1400000US06037700400,4308,603,51,81,0,14,0,14,0,14,0,14,0,14,0,14,0,14,16,26,0,14,23,37,0,14,0,14,24,39,0,14,549,417,29,33,104,73,431,196,257,127,1819,458,642,261,223,85,140,113
1400000US06037700501,3563,442,0,14,0,14,3,6,0,14,21,33,0,14,0,14,0,14,32,48,0,14,0,14,0,14,0,14,0,14,22,37,340,252,19,29,85,72,354,195,137,110,1391,371,867,310,146,102,146,117
1400000US06037700502,3750,632,0,14,0,14,0,14,0,14,0,14,0,14,0,14,0,14,0,14,0,14,0,14,0,14,0,14,0,14,33,52,195,108,18,27,77,73,482,248,127,84,1770,365,561,242,454,506,33,37
1400000US06037700600,3624,477,31,28,8,13,0,14,0,14,0,14,0,14,0,14,0,14,31,39,0,14,0,14,0,14,44,57,0,14,34,34,648,222,22,24,74,52,327,119,182,126,1185,242,428,158,495,180,115,79
1400000US06037700700,2197,338,13,23,0,14,0,14,0,14,0,14,0,14,0,14,0,14,0,14,0,14,0,14,0,14,0,14,0,14,0,14,336,198,17,26,55,54,156,83,127,88,664,181,294,96,397,163,138,87
1400000US06037700801,3594,404,22,34,0,14,0,14,0,14,0,14,0,14,0,14,59,92,0,14,0,14,0,14,0,14,0,14,2,7,22,34,409,202,20,32,174,141,228,104,108,93,1121,352,828,287,348,217,253,140
1400000US06037700802,3402,524,19,21,0,14,0,14,0,14,0,14,0,14,0,14,0,14,9,20,0,14,0,14,0,14,7,13,0,14,149,149,306,174,10,16,195,132,279,111,241,97,1340,290,476,176,261,99,110,61
1400000US06037700901,2693,339,7,14,0,14,0,14,0,14,0,14,0,14,0,14,0,14,0,14,0,14,0,14,0,14,9,14,0,14,26,24,213,136,7,11,94,62,301,157,218,112,862,164,526,241,363,140,67,57
1400000US06037700902,5092,690,0,19,11,17,0,19,0,19,0,19,0,19,0,19,0,19,0,19,0,19,0,19,0,19,0,19,24,41,0,19,398,167,27,45,257,212,208,106,378,178,2252,558,689,284,547,212,301,245
1400000US06037701000,4327,548,46,60,0,19,0,19,0,19,0,19,0,19,0,19,26,40,0,19,0,19,0,19,0,19,0,19,8,19,45,73,122,99,41,47,105,100,435,253,138,106,1625,355,1044,351,648,236,44,50
1400000US06037701201,2837,255,0,14,0,14,0,14,0,14,0,14,0,14,0,14,0,14,0,14,0,14,0,14,0,14,0,14,0,14,13,21,238,134,10,16,28,27,104,66,36,29,1149,219,619,139,493,162,147,75
1400000US06037701202,2632,386,0,14,0,14,0,14,0,14,0,14,0,14,0,14,0,14,9,15,0,14,0,14,6,10,0,14,6,11,0,14,86,69,59,66,138,77,193,66,196,93,986,214,484,166,353,221,116,84
1400000US06037701302,4151,503,0,14,0,14,0,14,0,14,0,14,0,14,0,14,0,14,18,29,0,14,2,8,0,14,0,14,0,14,165,185,141,102,16,28,96,103,183,121,122,100,1984,378,719,220,588,230,117,91
1400000US06037701304,4561,555,2,5,0,19,0,19,0,19,0,19,0,19,0,19,66,107,0,19,0,19,0,19,0,19,0,19,0,19,126,139,202,128,20,34,159,111,355,162,264,156,1753,348,916,323,450,209,248,120
1400000US06037701402,5004,702,108,116,0,19,0,19,0,19,0,19,4,7,0,19,29,46,0,19,0,19,27,44,38,49,0,19,0,19,0,19,331,247,190,143,142,120,119,110,397,224,2004,514,887,382,406,252,322,251
1400000US06037701501,4327,467,80,74,0,19,0,19,0,19,0,19,0,19,0,19,0,19,0,19,0,19,0,19,0,19,16,28,0,19,87,82,319,210,33,53,175,129,315,198,202,143,1667,377,884,253,300,165,249,127
1400000US06037701502,3443,397,40,46,0,14,0,14,0,14,0,14,0,14,0,14,0,14,6,14,0,14,17,23,15,22,0,14,0,14,75,81,272,94,48,46,61,39,258,119,156,110,1646,351,467,167,265,115,117,74
1400000US06037701601,3023,397,21,22,0,14,0,14,0,14,0,14,0,14,0,14,0,14,0,14,0,14,0,14,0,14,0,14,0,14,18,20,74,42,23,24,71,40,309,136,114,63,1262,247,497,133,377,151,257,117
1400000US06037701602,3297,390,25,35,0,14,0,14,0,14,0,14,9,16,9,16,20,41,90,143,0,14,28,39,0,14,0,14,0,14,33,39,323,203,16,27,121,78,253,129,157,92,1315,341,574,196,256,127,68,48
1400000US06037701701,2791,555,17,28,0,14,0,14,0,14,0,14,13,21,0,14,0,14,0,14,0,14,0,14,44,72,0,14,0,14,0,14,176,90,11,18,128,77,277,193,240,162,1217,291,470,131,66,45,132,105
1400000US06037701702,2704,348,49,41,0,14,0,14,0,14,0,14,0,14,0,14,0,14,16,25,0,14,0,14,0,14,0,14,7,12,43,47,287,142,32,43,0,14,204,104,61,63,1487,373,344,123,86,46,88,104
1400000US06037701801,4852,646,258,174,0,19,0,19,0,19,60,75,69,80,37,32,0,19,126,107,17,27,0,19,64,53,0,19,26,42,163,115,596,299,17,27,116,75,396,194,381,220,1553,352,720,311,143,115,110,112
1400000US06037701802,4085,576,246,230,0,14,0,14,0,14,0,14,0,14,0,14,110,58,18,34,22,36,0,14,56,90,55,53,18,44,28,32,649,409,126,123,131,124,424,201,139,119,1054,287,797,225,122,59,90,80
1400000US06037701902,4772,580,14,24,0,19,0,19,0,19,25,40,0,19,0,19,0,19,0,19,0,19,0,19,76,101,0,19,0,19,0,19,164,104,86,103,157,132,261,122,235,163,2636,615,660,299,327,188,131,118
1400000US06037702002,5066,451,98,99,0,19,0,19,0,19,0,19,0,19,0,19,0,19,0,19,0,19,0,19,0,19,21,34,62,82,125,74,183,75,25,40,159,102,441,176,314,169,1732,332,1155,278,529,308,222,116
1400000US06037702102,5390,793,88,82,0,19,0,19,0,19,0,19,0,19,0,19,0,19,0,19,0,19,0,19,0,19,0,19,45,64,0,19,311,133,118,134,154,139,358,149,440,377,2061,386,1302,500,356,137,157,86
1400000US06037702201,3283,402,0,14,0,14,0,14,0,14,0,14,9,19,0,14,0,14,0,14,34,53,0,14,0,14,0,14,15,28,34,35,216,114,85,87,110,72,257,148,174,116,1218,268,683,203,295,223,153,74
1400000US06037702202,3086,343,0,14,0,14,0,14,11,19,14,21,0,14,0,14,0,14,0,14,23,30,0,14,16,25,22,29,6,11,24,27,218,101,0,14,146,72,260,92,74,70,1378,312,659,192,201,81,34,34
1400000US06037702300,4764,503,109,149,0,19,0,19,4,10,0,19,4,11,0,19,0,19,48,61,0,19,5,11,0,19,0,19,0,19,162,192,193,109,6,15,190,107,296,142,689,390,1671,342,578,180,495,177,314,165
1400000US06037702400,3836,486,151,180,0,14,0,14,0,14,53,81,0,14,0,14,132,168,19,22,0,14,0,14,0,14,4,8,7,15,36,49,247,164,0,14,100,55,481,215,88,73,1461,332,808,243,156,103,93,68
1400000US06037702501,3379,422,7,15,6,14,0,14,0,14,0,14,0,14,0,14,29,40,0,14,0,14,0,14,0,14,28,47,0,14,94,92,179,112,21,36,59,60,437,376,141,85,1172,231,739,252,374,162,93,75
1400000US06037702502,3350,358,15,24,0,14,0,14,0,14,0,14,0,14,0,14,0,14,18,30,0,14,0,14,0,14,0,14,0,14,42,53,294,152,0,14,35,38,248,130,232,152,1298,280,829,193,264,146,75,62
1400000US06037702600,4400,492,64,73,0,19,0,19,0,19,0,19,0,19,8,17,0,19,16,30,0,19,0,19,0,19,0,19,0,19,62,50,494,167,0,19,133,98,590,281,302,151,1567,393,606,183,411,151,147,87
1400000US06037702700,2376,355,78,115,0,14,0,14,0,14,0,14,0,14,0,14,0,14,11,18,0,14,0,14,0,14,0,14,2,4,50,34,227,118,15,16,19,22,272,131,188,117,808,258,405,130,144,99,157,78
1400000US06037702801,3795,632,137,94,0,19,12,19,0,19,0,19,59,94,0,19,52,82,84,97,0,19,13,19,46,74,12,20,96,109,304,243,367,167,14,22,89,69,402,194,410,316,709,206,618,272,211,155,160,207
1400000US06037702802,1705,225,15,19,0,14,0,14,0,14,8,16,12,21,16,18,15,15,19,25,0,14,12,18,0,14,0,14,5,12,19,18,235,76,27,29,70,34,222,139,87,54,552,164,227,72,105,42,59,40
1400000US06037702803,2283,244,0,14,0,14,0,14,0,14,0,14,0,14,0,14,0,14,0,14,9,20,0,14,49,68,11,13,0,14,22,23,352,177,6,12,148,105,238,95,37,35,858,255,376,123,94,71,83,67
1400000US06037702900,7602,1126,0,19,0,19,0,19,0,19,0,19,0,19,0,19,0,19,0,19,0,19,0,19,0,19,0,19,0,19,0,19,458,528,0,19,0,19,736,414,712,584,3597,1012,1060,529,922,455,117,121
1400000US06037703002,5788,556,28,42,0,19,0,19,0,19,0,19,0,19,0,19,64,36,0,19,0,19,0,19,0,19,0,19,182,231,0,19,278,176,50,78,315,141,1019,282,513,221,1460,326,1343,371,333,140,203,116
1400000US06037703003,4839,568,3,23,0,19,0,19,0,19,0,19,0,19,0,19,0,19,3,22,0,19,0,19,0,19,0,19,75,72,14,26,469,233,55,51,244,169,506,218,421,160,1735,383,1115,347,95,120,104,96
1400000US06037703100,4511,667,71,102,0,19,0,19,0,19,0,19,0,19,0,19,0,19,1,2,0,19,0,19,0,19,0,19,17,27,98,90,151,127,25,39,88,86,953,336,263,218,1513,480,926,343,206,166,199,127
1400000US06037703200,4239,661,17,24,2,7,0,19,0,19,0,19,0,19,0,19,0,19,0,19,0,19,69,105,0,19,0,19,0,19,9,15,178,129,52,67,161,120,858,359,233,123,1610,537,694,220,229,190,127,100
1400000US06037800101,3953,418,9,13,0,19,0,19,0,19,0,19,0,19,0,19,0,19,0,19,0,19,8,13,0,19,0,19,0,19,18,22,348,172,17,20,106,52,371,203,116,53,1569,228,790,218,398,206,203,82
1400000US06037800103,3087,926,0,14,0,14,0,14,0,14,0,14,0,14,0,14,58,92,0,14,0,14,0,14,0,14,28,49,0,14,9,14,114,83,94,70,294,259,326,167,399,320,1002,311,515,250,162,75,86,54
1400000US06037800104,2740,404,14,23,0,14,0,14,0,14,0,14,0,14,0,14,0,14,0,14,0,14,0,14,12,21,0,14,2,5,65,89,214,111,26,28,107,91,432,169,175,93,891,228,392,171,229,112,181,108
1400000US06037800202,4048,615,34,39,0,19,0,19,0,19,0,19,0,19,0,19,0,19,0,19,0,19,19,29,15,24,0,19,0,19,30,26,236,131,15,25,161,131,381,157,174,89,1528,392,679,229,668,315,108,78
1400000US06037800204,3215,373,0,14,0,14,0,14,0,14,0,14,0,14,0,14,0,14,2,4,0,14,0,14,0,14,0,14,0,14,21,23,296,123,0,14,116,83,294,108,211,121,1157,296,597,183,398,165,123,94
1400000US06037800205,2556,320,10,16,0,14,0,14,0,14,0,14,0,14,0,14,0,14,0,14,0,14,0,14,0,14,8,16,0,14,0,14,300,134,0,14,40,39,326,157,129,71,887,279,505,173,114,70,237,117
1400000US06037800206,2414,442,5,7,0,14,0,14,0,14,0,14,0,14,0,14,0,14,4,7,0,14,0,14,0,14,0,14,11,16,31,32,114,84,0,14,105,89,323,96,84,40,970,280,346,119,307,61,114,78
1400000US06037800324,4464,473,17,27,0,19,0,19,0,19,0,19,0,19,0,19,0,19,0,19,0,19,0,19,0,19,70,84,0,19,16,25,273,118,27,36,173,92,574,142,282,133,1606,349,1050,298,195,84,181,112
1400000US06037800325,2477,330,9,13,0,14,0,14,0,14,0,14,0,14,0,14,8,13,0,14,47,74,0,14,0,14,0,14,0,14,0,14,89,51,44,48,68,58,227,87,120,68,1157,199,294,106,253,139,161,117
1400000US06037800328,877,114,25,32,0,14,0,14,0,14,0,14,0,14,0,14,7,11,0,14,0,14,0,14,14,17,8,13,0,14,15,15,26,24,0,14,73,46,94,44,28,20,350,92,114,44,114,51,9,10
1400000US06037800333,1624,220,14,20,0,14,0,14,0,14,0,14,0,14,0,14,8,17,0,14,0,14,0,14,0,14,40,37,8,17,0,14,148,74,8,13,96,74,288,105,92,72,554,172,260,107,37,35,71,57
1400000US06037800334,2447,448,14,34,0,14,0,14,0,14,0,14,0,14,0,14,0,14,42,50,0,14,0,14,7,6,37,43,43,60,35,33,261,131,28,32,121,66,288,115,153,66,795,295,337,188,164,90,122,60
1400000US06037800335,3397,419,20,32,0,14,0,14,0,14,0,14,0,14,0,14,0,14,17,21,0,14,6,11,0,14,0,14,0,14,0,14,276,129,55,56,278,125,538,156,304,116,1078,271,434,173,226,101,165,98
1400000US06037800336,2557,593,10,15,0,14,0,14,0,14,0,14,0,14,0,14,0,14,0,14,3,9,12,18,0,14,0,14,0,14,0,14,290,150,22,25,72,57,206,105,16,20,1319,471,388,160,148,75,71,64
1400000US06037800337,2237,316,0,14,0,14,0,14,0,14,0,14,0,14,0,14,0,14,0,14,0,14,0,14,0,14,0,14,7,11,0,14,105,85,11,24,79,68,176,90,122,78,1012,320,254,91,211,176,260,114
1400000US06037800338,4621,600,3,12,0,19,0,19,0,19,0,19,0,19,0,19,73,113,1,7,0,19,0,19,0,19,4,15,0,19,4,7,381,145,30,34,154,109,525,239,236,123,1830,411,674,253,615,255,91,66
1400000US06037800406,1438,211,0,14,0,14,6,10,0,14,0,14,0,14,0,14,0,14,6,11,0,14,0,14,10,13,6,9,5,8,0,14,102,87,11,16,52,38,161,58,150,98,455,111,307,117,98,50,69,48
1400000US06037800410,1082,152,0,14,0,14,0,14,0,14,0,14,0,14,0,14,0,14,0,14,0,14,0,14,0,14,0,14,0,14,4,11,65,41,0,14,41,24,45,35,36,41,346,104,300,98,73,40,172,82
1400000US06037800411,1950,523,17,23,0,14,0,14,0,14,0,14,0,14,0,14,0,14,0,14,0,14,0,14,0,14,5,9,2,6,10,16,124,72,7,10,45,51,222,90,70,56,769,413,303,102,220,132,156,141
1400000US06037800412,2565,366,12,18,0,14,0,14,0,14,0,14,0,14,0,14,0,14,0,14,0,14,0,14,0,14,0,14,0,14,81,83,84,77,56,72,131,118,547,258,65,56,1084,267,309,176,131,98,65,49
1400000US06037800504,1509,264,0,14,14,22,0,14,0,14,0,14,0,14,0,14,0,14,0,14,0,14,0,14,0,14,0,14,0,14,12,19,179,113,66,90,29,64,104,76,36,35,499,177,221,116,262,134,87,80
1400000US06037800506,2449,534,0,14,0,14,0,14,0,14,0,14,0,14,0,14,0,14,0,14,0,14,0,14,18,29,0,14,0,14,0,14,166,82,5,9,65,56,292,222,123,75,724,248,516,210,362,196,178,96
1400000US06037900102,487,113,7,8,0,14,0,14,0,14,0,14,0,14,0,14,0,14,54,62,0,14,0,14,5,11,34,32,9,14,3,5,153,68,10,11,44,45,64,42,19,16,54,41,25,29,6,9,0,14
1400000US06037900103,3860,429,232,140,0,19,0,19,0,19,54,56,0,19,0,19,0,19,224,152,0,19,216,171,54,79,50,60,65,52,51,42,1143,255,244,124,328,172,316,173,321,192,468,212,69,49,25,32,0,19
1400000US06037900104,3839,587,331,202,0,19,0,19,0,19,0,19,54,60,7,10,0,19,112,78,0,19,93,72,130,90,104,122,111,84,201,144,1310,332,139,88,260,158,301,169,175,84,317,122,67,43,119,123,8,14
1400000US06037900301,2012,368,73,85,0,14,0,14,0,14,0,14,0,14,0,14,0,14,8,12,0,14,27,41,0,14,22,32,85,60,15,24,652,206,40,38,218,103,333,201,202,134,128,78,163,119,4,8,42,63
1400000US06037900501,5149,787,211,120,0,19,0,19,0,19,0,19,46,53,0,19,46,75,177,144,0,19,80,77,84,120,26,37,97,139,46,55,1741,406,0,19,436,227,675,296,705,291,359,210,299,176,121,170,0,19
1400000US06037900504,4243,514,104,96,0,19,0,19,0,19,0,19,0,19,0,19,0,19,7,12,0,19,0,19,127,160,10,33,72,63,67,71,1145,316,75,104,466,244,628,261,264,189,959,331,256,161,28,31,35,40
1400000US06037900505,2933,453,89,79,0,14,0,14,0,14,0,14,80,92,0,14,40,54,67,63,27,40,126,126,0,14,26,46,112,96,104,94,582,215,83,58,305,125,618,179,294,133,227,100,138,169,15,23,0,14
1400000US06037900506,3105,424,141,78,0,19,0,19,0,19,0,19,15,22,0,19,0,19,118,95,0,19,29,42,16,24,57,54,83,60,105,91,863,313,60,43,306,122,475,130,275,141,329,141,220,119,0,19,13,22
1400000US06037900508,2023,260,77,81,0,14,0,14,31,46,0,14,0,14,0,14,0,14,47,58,0,14,42,49,0,14,0,14,46,54,64,60,451,132,53,48,111,67,348,102,278,115,339,120,104,77,4,6,28,31
1400000US06037900509,2473,260,146,125,0,14,0,14,0,14,0,14,0,14,0,14,0,14,0,14,0,14,34,41,47,46,0,14,44,70,249,121,819,220,96,74,86,64,445,168,223,115,175,110,92,90,17,28,0,14
1400000US06037900510,2203,313,65,70,0,14,0,14,0,14,0,14,0,14,0,14,0,14,62,53,0,14,0,14,0,14,0,14,19,34,154,93,510,179,167,102,251,141,194,128,251,104,405,193,125,84,0,14,0,14
1400000US06037900602,2837,357,150,98,0,19,0,19,0,19,11,19,0,19,77,116,90,86,76,85,0,19,0,19,10,16,151,98,33,35,153,84,810,221,149,90,127,61,365,140,259,174,276,119,79,74,21,28,0,19
1400000US06037900606,2629,665,154,117,0,14,0,14,0,14,0,14,0,14,0,14,0,14,44,48,0,14,45,55,0,14,0,14,189,180,76,55,719,304,192,115,387,143,538,447,80,89,190,108,11,19,4,29,0,14
1400000US06037900607,3130,976,213,193,0,19,12,20,0,19,0,19,63,92,36,60,0,19,85,93,0,19,0,19,88,119,9,14,72,66,106,105,1141,928,195,180,174,64,380,185,281,147,241,148,17,20,8,15,9,13
1400000US06037900608,2464,682,222,133,0,14,0,14,12,21,0,14,20,26,0,14,7,13,77,73,8,17,8,13,14,24,12,21,34,28,147,111,660,494,48,38,164,66,634,205,175,108,169,85,43,32,10,15,0,14
1400000US06037900609,3049,384,316,186,0,19,0,19,0,19,22,28,0,19,0,19,0,19,9,22,0,19,175,141,68,78,8,14,63,59,229,100,943,250,71,46,198,76,406,134,317,125,183,103,41,41,0,19,0,19
1400000US06037900610,2140,450,132,113,0,14,0,14,0,14,0,14,85,131,0,14,0,14,120,160,0,14,227,227,12,19,84,96,58,76,142,137,391,209,98,72,86,65,341,228,137,93,147,100,51,60,29,49,0,14
1400000US06037900611,2715,618,257,250,0,14,0,14,0,14,28,42,0,14,82,119,0,14,282,363,4,10,54,70,85,82,40,47,133,146,50,60,476,185,20,28,197,159,340,175,282,234,285,208,96,74,4,16,0,14
1400000US06037900701,2869,349,123,78,0,14,0,14,0,14,0,14,22,31,0,14,0,14,24,36,0,14,103,85,92,70,83,60,115,76,232,123,752,203,99,62,235,139,470,164,227,104,234,125,49,49,0,14,9,18
1400000US06037900703,3593,761,74,53,0,19,0,19,0,19,37,45,0,19,0,19,0,19,48,41,0,19,63,63,26,39,12,21,168,142,142,94,893,400,190,113,120,63,642,224,337,117,264,136,558,264,10,15,9,16
1400000US06037900704,2242,358,71,67,0,14,0,14,0,14,0,14,0,14,0,14,0,14,8,11,15,24,12,18,28,34,0,14,34,36,132,146,542,209,44,55,170,99,529,166,138,103,315,111,180,97,24,38,0,14
1400000US06037900705,3001,493,128,107,0,14,0,14,0,14,0,14,0,14,0,14,0,14,71,95,0,14,0,14,0,14,6,28,1,2,241,190,657,315,38,35,78,65,609,330,232,173,585,264,154,86,18,30,183,143
1400000US06037900804,2065,298,91,60,0,14,0,14,0,14,0,14,41,50,0,14,0,14,60,62,0,14,30,38,37,29,70,75,24,23,176,111,683,161,68,61,73,42,496,192,126,78,14,16,68,50,8,12,0,14
1400000US06037900805,3918,599,189,96,0,19,0,19,0,19,7,14,8,12,0,19,0,19,80,95,0,19,105,99,145,103,84,81,105,89,349,183,743,181,138,82,229,145,490,181,682,320,298,128,247,130,0,19,19,22
1400000US06037900806,2966,421,33,28,0,14,0,14,0,14,0,14,0,14,0,14,0,14,46,71,39,57,56,94,6,9,45,58,164,115,345,171,653,264,93,70,249,150,799,394,180,151,113,89,135,141,0,14,10,16
1400000US06037900807,2447,389,48,60,0,14,0,14,0,14,0,14,0,14,0,14,39,56,0,14,0,14,0,14,67,96,91,100,57,61,59,66,880,242,106,102,234,160,372,184,154,83,179,132,144,98,17,35,0,14
1400000US06037900808,3028,1156,132,127,0,19,0,19,0,19,0,19,0,19,0,19,0,19,45,51,0,19,0,19,16,26,12,21,89,121,189,219,1454,939,32,34,155,97,435,148,170,140,277,124,22,27,0,19,0,19
1400000US06037900901,1678,342,72,50,0,14,0,14,0,14,0,14,0,14,0,14,0,14,56,60,0,14,29,46,0,14,40,63,34,38,57,48,394,169,50,53,209,104,302,111,110,81,242,135,83,49,0,14,0,14
1400000US06037900902,1165,221,25,31,0,14,0,14,0,14,0,14,0,14,0,14,7,12,34,39,0,14,0,14,7,10,24,22,14,15,18,28,238,120,29,35,112,69,167,85,159,78,223,94,85,55,17,18,6,9
1400000US06037901003,2820,125,23,17,0,14,0,14,0,14,37,40,68,42,29,26,56,36,82,44,14,15,101,44,157,66,217,80,377,89,178,81,514,134,249,76,207,95,309,101,80,51,79,53,43,40,0,14,0,14
1400000US06037901007,1614,155,44,50,0,14,0,14,0,14,0,14,14,24,0,14,0,14,6,10,0,14,0,14,25,32,29,27,17,22,74,53,454,163,23,20,65,32,366,124,103,45,253,100,108,61,4,8,29,23
1400000US06037901008,2239,383,0,14,0,14,0,14,0,14,3,6,6,10,0,14,0,14,0,14,5,8,35,39,4,7,29,45,68,73,109,93,391,113,122,111,200,108,346,147,218,97,380,169,155,94,54,61,114,106
1400000US06037901009,3453,294,16,20,0,19,0,19,0,19,0,19,0,19,0,19,0,19,0,19,0,19,10,18,9,15,7,13,30,39,73,78,1120,290,93,71,179,114,507,240,336,140,677,180,297,113,80,67,19,25
1400000US06037901010,3567,331,29,31,0,19,0,19,0,19,0,19,0,19,0,19,0,19,132,186,0,19,26,42,122,171,88,100,0,19,80,52,762,204,118,87,282,141,751,288,277,135,522,177,306,162,55,48,17,27
1400000US06037901011,3455,411,24,43,0,14,0,14,0,14,0,14,0,14,2,8,0,14,12,18,0,14,0,14,41,54,35,35,53,47,243,217,1082,378,112,85,114,70,458,155,309,167,430,162,398,179,25,44,117,103
1400000US06037901012,4002,965,415,357,0,19,0,19,0,19,0,19,0,19,0,19,75,119,19,31,0,19,0,19,202,312,0,19,0,19,143,176,810,332,97,73,180,139,687,237,240,170,772,303,362,174,0,19,0,19
1400000US06037901013,2354,367,83,84,0,14,0,14,0,14,0,14,0,14,0,14,0,14,0,14,0,14,13,22,32,30,42,66,18,28,100,94,400,176,115,73,139,104,459,237,355,196,306,178,270,190,11,18,11,20
1400000US06037901014,3703,569,71,63,0,19,0,19,0,19,0,19,0,19,9,16,0,19,15,18,0,19,36,29,75,91,69,53,16,38,187,127,976,354,161,108,119,80,539,206,228,113,828,310,284,152,51,47,39,35
1400000US06037901101,3459,474,121,99,0,19,0,19,0,19,0,19,0,19,0,19,11,19,0,19,11,18,41,43,141,138,28,33,97,98,245,142,610,185,32,34,389,206,598,204,255,90,512,189,361,184,0,19,7,12
1400000US06037901102,3960,492,12,18,0,19,0,19,0,19,0,19,0,19,0,19,0,19,36,54,0,19,34,56,0,19,0,19,166,108,301,213,951,327,117,77,442,159,705,179,324,122,621,215,233,127,18,19,0,19
1400000US06037901209,738,105,3,6,0,14,0,14,0,14,0,14,0,14,0,14,0,14,5,8,0,14,0,14,3,6,39,46,21,28,15,13,173,81,20,16,77,40,98,42,127,63,69,35,61,43,6,9,21,28
1400000US06037901210,1366,224,23,20,0,14,0,14,0,14,0,14,0,14,6,9,0,14,18,28,0,14,0,14,0,14,7,11,3,6,36,29,245,144,59,48,166,74,343,106,90,56,248,65,103,83,6,10,13,21
1400000US06037901214,3313,610,113,104,0,19,0,19,0,19,0,19,0,19,16,26,0,19,47,54,0,19,0,19,25,39,0,19,0,19,104,95,581,371,181,87,359,246,495,412,267,118,559,154,528,330,0,19,38,40
1400000US06037901215,2615,264,108,89,0,14,0,14,0,14,0,14,2,9,0,14,0,14,27,32,31,47,23,38,0,14,19,26,65,46,45,42,468,148,133,74,250,130,407,150,410,137,332,144,268,117,27,32,0,14
1400000US06037901216,2070,376,42,44,0,14,0,14,0,14,15,20,0,14,0,14,0,14,0,14,26,31,11,16,16,22,0,14,26,30,27,64,397,197,57,36,235,103,309,121,102,57,375,104,391,234,19,29,22,27
1400000US06037901217,1089,215,16,17,0,14,0,14,0,14,0,14,0,14,0,14,0,14,0,14,0,14,0,14,0,14,11,15,0,14,0,14,183,78,17,17,100,67,265,110,126,64,203,83,154,77,6,9,8,12
1400000US06037901218,1655,293,16,12,0,14,0,14,0,14,5,8,0,14,0,14,0,14,0,14,10,15,0,14,2,7,12,14,0,14,78,66,164,72,21,24,218,176,165,70,156,91,520,208,224,86,30,29,34,39
1400000US06037901300,1041,318,17,13,0,14,0,14,0,14,0,14,32,50,0,14,0,14,39,43,0,14,8,13,20,18,95,111,194,136,42,36,241,86,25,22,74,42,65,36,91,47,65,45,13,16,0,14,20,29
1400000US06037910002,4559,754,321,214,0,19,0,19,0,19,0,19,63,106,0,19,46,65,83,107,30,55,88,78,29,50,203,160,257,231,198,140,1316,364,214,137,604,257,506,222,196,126,369,197,36,48,0,19,0,19
1400000US06037910210,4555,600,106,106,0,19,0,19,0,19,0,19,19,33,0,19,19,29,17,32,0,19,0,19,0,19,47,44,18,30,251,200,827,352,49,48,410,173,593,226,322,134,1091,378,672,291,55,62,59,91
1400000US06037910211,1281,285,9,14,0,14,0,14,0,14,0,14,0,14,0,14,0,14,9,14,0,14,0,14,0,14,7,10,0,14,36,37,338,254,18,20,245,102,121,67,117,50,209,76,86,46,54,40,32,25
1400000US06037910212,2384,407,60,44,0,14,0,14,0,14,0,14,0,14,0,14,0,14,11,18,0,14,19,26,0,14,32,24,17,21,98,54,634,314,21,25,320,116,475,163,213,91,238,94,178,91,62,49,6,10
1400000US06037910213,1253,315,26,24,0,14,0,14,0,14,0,14,0,14,0,14,4,9,36,36,0,14,11,18,12,16,20,20,10,21,30,33,375,187,65,56,91,46,253,137,118,100,104,39,75,41,17,18,6,9
1400000US06037910214,3636,313,182,127,0,19,0,19,0,19,0,19,10,16,0,19,0,19,0,19,0,19,6,10,0,19,24,28,6,11,18,25,629,279,50,38,237,112,522,184,339,123,1233,267,349,136,15,24,16,23
1400000US06037910215,4507,570,204,139,0,19,0,19,0,19,0,19,17,29,0,19,18,33,88,139,56,90,0,19,176,119,20,33,172,147,171,126,859,361,155,143,288,155,786,259,688,263,496,232,159,120,104,89,50,48
1400000US06037910216,2803,449,72,61,0,14,0,14,0,14,0,14,0,14,0,14,11,17,11,18,0,14,4,9,79,91,0,14,71,78,15,16,883,445,67,45,114,70,434,163,301,118,458,115,237,118,9,16,37,33
1400000US06037910217,3442,311,137,86,0,19,0,19,0,19,0,19,18,25,0,19,0,19,0,19,0,19,0,19,22,33,49,55,91,129,53,51,585,179,70,41,335,153,592,201,311,140,677,175,358,108,110,79,34,33
1400000US06037910218,3050,379,138,81,0,14,0,14,47,57,0,14,29,42,29,48,0,14,15,23,26,38,41,55,0,14,102,76,83,64,117,75,854,185,67,51,89,49,633,287,176,83,379,160,171,100,32,30,22,36
1400000US06037910301,3178,512,105,78,0,14,0,14,0,14,60,67,0,14,73,118,63,70,0,14,0,14,0,14,64,72,66,80,16,26,44,37,679,348,79,59,287,114,392,130,491,198,613,172,115,67,31,34,0,14
1400000US06037910302,4183,671,49,56,0,19,0,19,0,19,0,19,0,19,0,19,0,19,0,19,0,19,0,19,0,19,56,86,106,111,115,92,950,396,154,119,443,208,879,243,295,148,669,211,359,133,58,69,50,50
1400000US06037910401,3920,436,96,96,0,19,0,19,0,19,0,19,0,19,98,118,12,21,31,38,53,83,0,19,97,124,27,34,68,55,175,127,950,365,185,130,427,120,393,146,220,124,761,245,327,161,0,19,0,19
1400000US06037910404,2428,434,223,132,0,14,0,14,0,14,0,14,0,14,0,14,57,49,56,62,0,14,33,44,49,46,105,81,28,38,122,81,628,167,76,84,275,145,273,124,224,135,151,80,118,157,10,16,0,14
1400000US06037910405,3126,338,208,116,0,19,0,19,0,19,57,62,12,19,25,23,44,39,68,55,52,45,88,67,122,67,55,44,142,93,162,79,848,197,139,63,166,70,493,166,244,90,176,96,25,29,0,19,0,19
1400000US06037910501,3133,455,150,115,0,19,0,19,0,19,0,19,64,78,0,19,9,19,83,85,18,30,56,40,17,34,17,27,172,90,71,84,1074,311,193,98,259,145,626,234,160,125,142,102,22,36,0,19,0,19
1400000US06037910502,2527,421,435,221,0,14,0,14,0,14,0,14,0,14,0,14,25,53,100,106,0,14,85,106,50,62,14,23,79,97,296,156,588,253,139,131,154,99,213,95,147,97,55,47,139,194,8,12,0,14
1400000US06037910504,2402,480,72,69,0,14,0,14,0,14,5,9,21,36,20,34,0,14,71,66,0,14,145,134,23,31,3,5,74,58,56,41,654,308,70,70,265,150,384,165,218,122,199,125,115,96,0,14,7,12
1400000US06037910505,2150,313,142,82,0,14,0,14,0,14,22,32,6,11,6,8,31,35,154,94,5,9,29,34,94,74,38,30,48,41,91,42,669,220,36,23,179,95,243,112,83,54,221,87,42,27,7,13,4,8
1400000US06037910601,3949,486,410,164,25,28,0,19,0,19,16,26,48,51,0,19,42,47,158,93,67,63,85,66,163,131,215,125,177,131,142,75,982,351,197,89,255,130,405,134,387,144,96,63,48,38,31,46,0,19
1400000US06037910602,2671,425,186,143,0,14,0,14,0,14,0,14,0,14,70,100,0,14,37,42,5,8,2,9,81,66,38,46,124,73,94,80,925,335,97,66,89,72,436,166,183,116,175,111,117,78,4,6,8,14
1400000US06037910605,3162,501,403,138,0,14,0,14,0,14,16,26,4,16,27,38,0,14,85,77,12,22,38,56,77,80,34,38,254,183,161,103,907,277,72,51,357,204,408,193,52,48,238,139,9,14,8,13,0,14
1400000US06037910606,1805,231,157,71,0,14,0,14,0,14,0,14,19,20,0,14,6,9,106,62,11,12,28,24,109,68,72,50,35,24,67,55,488,149,58,31,141,45,198,64,147,70,118,56,29,21,0,14,16,18
1400000US06037910607,2494,367,99,103,0,14,0,14,0,14,16,28,0,14,0,14,0,14,13,21,0,14,0,14,148,169,65,69,106,104,141,104,856,214,85,75,97,80,398,153,198,134,217,119,27,40,3,11,25,38
1400000US06037910608,2492,585,85,45,16,23,0,14,0,14,4,8,27,29,0,14,25,27,60,39,27,32,26,25,105,65,65,62,183,111,104,52,730,273,76,52,115,57,252,132,333,426,243,109,11,19,5,8,0,14
1400000US06037910706,4038,544,138,79,0,19,0,19,0,19,20,36,19,23,7,11,235,274,138,118,59,89,10,17,236,124,66,68,99,74,121,74,1212,311,119,80,63,39,772,206,278,146,394,126,52,38,0,19,0,19
1400000US06037910707,3360,326,166,114,0,19,0,19,35,55,12,21,0,19,68,76,22,35,121,92,51,58,13,21,0,19,96,76,79,68,196,96,875,238,263,112,234,128,492,196,306,144,263,132,68,48,0,19,0,19
1400000US06037910709,1213,204,26,24,0,14,0,14,0,14,0,14,22,29,0,14,25,35,31,32,0,14,0,14,30,27,7,12,20,21,28,24,239,172,92,59,165,78,241,80,89,42,107,55,76,36,0,14,15,18
1400000US06037910712,2292,462,118,80,0,14,0,14,16,24,0,14,0,14,0,14,5,7,61,43,23,28,94,88,138,140,7,12,60,32,68,42,784,248,105,57,69,38,300,109,166,72,207,110,71,56,0,14,0,14
1400000US06037910713,4089,710,330,191,0,19,0,19,10,15,8,12,27,32,0,19,0,19,103,104,7,14,42,49,77,59,76,70,111,82,177,111,1220,423,135,66,233,86,684,217,302,188,489,246,58,49,0,19,0,19
1400000US06037910714,2591,375,117,61,0,14,32,38,0,14,0,14,26,38,6,9,95,92,126,72,0,14,11,13,60,53,30,31,57,49,149,73,808,182,110,61,160,95,355,117,144,98,259,87,31,35,10,15,5,8
1400000US06037910715,4155,480,306,148,0,19,13,21,0,19,12,20,20,28,45,67,0,19,55,43,8,14,0,19,96,74,118,113,27,28,326,143,1310,318,144,94,324,141,621,222,161,63,333,170,171,97,27,41,38,59
1400000US06037910716,3805,468,259,154,0,19,0,19,17,28,0,19,0,19,0,19,0,19,89,75,34,36,48,72,180,195,23,23,168,100,128,72,1364,385,198,128,130,98,412,143,255,107,437,201,52,50,11,19,0,19
1400000US06037910717,1476,422,7,11,0,14,0,14,0,14,6,10,16,27,0,14,0,14,6,10,0,14,0,14,50,45,0,14,31,31,73,54,551,258,59,47,83,42,209,102,153,111,211,116,21,25,0,14,0,14
1400000US06037910718,3336,381,181,120,0,19,0,19,0,19,44,69,0,19,14,21,45,49,58,45,0,19,0,19,32,30,158,123,125,95,193,106,633,263,177,107,387,148,391,157,273,152,296,127,260,128,69,79,0,19
1400000US06037910719,2401,383,58,66,0,14,0,14,0,14,0,14,21,52,0,14,0,14,54,64,0,14,140,98,10,19,98,108,76,75,139,133,860,323,100,104,115,102,241,178,140,86,279,134,70,79,0,14,0,14
1400000US06037910720,3325,568,63,51,0,19,0,19,0,19,0,19,19,27,0,19,5,16,413,233,0,19,28,33,69,110,10,25,133,110,168,98,1060,297,48,75,299,181,720,235,114,73,150,93,26,31,0,19,0,19
1400000US06037910721,2210,441,5,8,30,45,0,14,0,14,0,14,19,26,121,88,8,13,32,51,54,66,15,17,23,36,132,134,74,59,72,66,508,192,28,33,406,421,291,122,237,103,126,100,29,32,0,14,0,14
1400000US06037910804,2244,230,65,57,0,14,0,14,0,14,0,14,0,14,44,78,0,14,0,14,14,21,0,14,0,14,0,14,9,15,39,31,554,157,63,41,171,102,273,111,177,97,580,149,140,75,6,9,109,76
1400000US06037910807,3923,474,97,76,0,19,0,19,0,19,0,19,10,14,0,19,0,19,53,58,11,18,0,19,13,19,40,45,42,53,116,69,761,222,32,29,278,134,603,191,435,164,936,255,364,89,102,70,30,29
1400000US06037910808,2647,513,79,53,0,14,0,14,0,14,0,14,10,17,0,14,0,14,62,104,0,14,0,14,10,16,0,14,0,14,25,29,477,206,126,83,116,81,595,263,409,146,628,336,82,60,5,9,23,28
1400000US06037910809,1636,284,0,14,0,14,0,14,0,14,0,14,0,14,0,14,0,14,0,14,0,14,0,14,7,12,0,14,0,14,0,14,403,178,31,25,162,69,220,87,150,46,480,131,135,63,36,21,12,16
1400000US06037910810,1889,237,43,45,0,14,0,14,0,14,0,14,16,23,0,14,0,14,33,47,0,14,0,14,6,9,0,14,6,9,34,34,319,114,25,27,176,69,372,135,153,77,557,120,109,52,14,13,26,29
1400000US06037910814,2812,448,99,95,0,14,0,14,0,14,0,14,43,29,38,58,0,14,0,14,0,14,26,42,24,38,25,42,14,17,50,49,864,286,184,121,225,98,365,110,272,115,228,115,234,130,44,36,77,109
1400000US06037910815,3787,420,28,29,0,19,10,21,0,19,0,19,0,19,0,19,10,20,0,19,0,19,0,19,0,19,70,78,113,97,93,48,1246,445,44,33,235,131,709,197,301,132,641,174,209,91,20,23,58,59
1400000US06037911001,2475,429,81,47,0,14,0,14,0,14,19,32,0,14,0,14,0,14,46,51,0,14,0,14,0,14,0,14,137,95,52,67,526,212,32,32,265,184,492,180,290,127,379,241,149,121,7,10,0,14
1400000US06037911100,4122,515,290,191,0,19,0,19,0,19,38,60,19,31,103,105,32,40,235,143,31,35,198,151,50,48,138,116,124,106,164,83,1214,335,125,77,193,132,445,170,352,141,309,148,62,55,0,19,0,19
1400000US06037920013,4739,346,27,34,17,30,0,19,0,19,0,19,0,19,0,19,0,19,14,25,0,19,0,19,0,19,41,49,39,45,172,167,1004,342,50,47,481,220,561,238,266,144,1477,315,471,151,80,62,39,41
1400000US06037920015,4232,695,24,26,0,19,0,19,0,19,0,19,0,19,0,19,0,19,23,35,0,19,0,19,2,5,0,19,17,28,50,38,658,358,139,84,184,110,607,210,308,133,1375,412,635,258,121,91,89,92
1400000US06037920016,3293,614,0,19,0,19,0,19,0,19,0,19,0,19,0,19,0,19,18,22,0,19,0,19,11,20,0,19,11,17,0,19,321,121,89,84,292,101,272,82,342,90,1338,491,379,115,24,21,196,213
1400000US06037920017,3064,442,59,68,0,14,0,14,0,14,0,14,0,14,0,14,0,14,0,14,0,14,60,89,15,21,8,15,1,11,107,73,743,351,19,23,392,151,491,197,343,108,553,158,195,67,68,60,10,16
1400000US06037920018,1413,157,40,34,0,14,0,14,0,14,0,14,0,14,0,14,24,26,0,14,4,5,9,15,4,8,31,27,0,14,32,28,265,88,94,48,95,44,220,80,152,58,296,100,112,48,31,33,4,6
1400000US06037920020,4317,337,50,57,0,19,0,19,0,19,0,19,0,19,0,19,0,19,0,19,12,21,0,19,9,20,22,33,56,71,140,97,640,208,234,141,257,131,864,262,461,190,1163,314,324,135,44,51,41,47
1400000US06037920028,5746,1373,65,55,0,19,0,19,0,19,0,19,49,53,0,19,0,19,10,20,0,19,0,19,0,19,0,19,91,84,218,276,990,464,73,66,280,152,1290,415,349,147,1590,396,675,389,31,36,35,43
1400000US06037920029,2358,341,107,70,0,14,0,14,0,14,0,14,0,14,0,14,0,14,60,86,0,14,57,82,17,23,10,15,14,19,60,63,316,112,81,61,358,128,309,126,388,162,402,164,170,94,9,16,0,14
1400000US06037920030,4213,391,143,106,0,19,0,19,0,19,0,19,0,19,15,27,0,19,13,21,0,19,11,17,17,27,77,56,9,16,123,101,457,190,134,76,221,141,859,255,428,224,1232,256,351,163,87,71,36,34
1400000US06037920031,4814,736,35,44,0,19,0,19,0,19,0,19,0,19,0,19,0,19,51,77,0,19,0,19,0,19,21,26,0,19,159,108,1223,381,123,118,333,166,696,270,423,177,1064,258,402,210,60,56,224,206
1400000US06037920034,3604,291,52,53,0,19,0,19,0,19,0,19,0,19,0,19,0,19,58,56,0,19,47,56,17,34,8,15,0,19,106,74,783,222,117,100,202,115,605,221,180,85,995,210,329,111,79,57,26,30
1400000US06037920035,5444,781,271,222,0,19,0,19,0,19,0,19,20,33,0,19,0,19,177,119,0,19,61,91,185,188,156,224,24,40,377,151,973,391,174,193,241,133,711,293,657,296,982,296,333,159,35,44,67,65
1400000US06037920038,3110,344,174,127,0,14,0,14,11,17,14,18,0,14,0,14,69,90,5,13,0,14,82,101,110,75,89,59,51,41,84,59,707,200,194,123,347,112,394,143,141,87,529,181,77,39,26,26,6,9
1400000US06037920039,1174,104,15,16,0,14,0,14,0,14,0,14,5,7,0,14,0,14,0,14,0,14,0,14,10,16,0,14,25,37,13,18,224,106,0,14,183,60,151,55,135,44,250,62,106,38,54,43,3,6
1400000US06037920040,1897,314,19,27,22,29,0,14,0,14,0,14,0,14,0,14,0,14,9,14,0,14,33,38,0,14,11,17,12,15,28,44,426,272,34,43,193,101,265,106,269,135,354,122,182,80,6,12,34,37
1400000US06037920041,2423,287,50,56,0,14,0,14,0,14,0,14,0,14,0,14,19,26,10,16,0,14,6,12,52,69,0,14,4,8,67,44,391,132,63,45,222,93,433,140,226,97,668,198,162,71,7,11,43,47
1400000US06037920042,5434,609,131,130,0,19,0,19,0,19,0,19,0,19,51,60,0,19,26,29,0,19,0,19,17,27,0,19,7,17,249,189,992,416,226,209,476,242,781,301,680,374,1113,247,531,192,73,58,81,66
1400000US06037920043,5678,501,190,155,0,19,4,8,0,19,0,19,2,3,0,19,0,19,40,53,0,19,0,19,107,91,16,26,40,57,4,8,1002,255,155,88,291,132,1117,338,509,243,1485,310,391,190,220,162,105,56
1400000US06037920044,1783,248,25,25,0,14,0,14,0,14,0,14,0,14,0,14,0,14,6,14,7,14,7,11,0,14,9,17,7,11,81,48,369,133,36,26,195,73,212,63,269,107,395,99,149,52,16,14,0,14
1400000US06037920045,3080,364,39,48,0,14,0,14,0,14,0,14,0,14,0,14,0,14,0,14,0,14,5,10,0,14,42,65,51,68,65,51,381,115,26,27,285,100,648,176,316,118,976,366,174,56,35,33,37,54
1400000US06037920046,1165,671,174,230,0,14,0,14,0,14,0,14,0,14,71,109,0,14,7,13,0,14,0,14,0,14,0,14,26,33,22,21,329,324,71,60,12,15,110,40,96,35,217,101,30,24,0,14,0,14
1400000US06037920047,3402,605,317,244,0,19,0,19,0,19,0,19,69,87,27,47,0,19,193,111,86,127,93,139,38,65,8,24,222,218,212,166,627,270,165,113,200,146,471,192,194,159,402,238,78,57,0,19,0,19
1400000US06037920048,3706,332,216,115,0,19,0,19,8,13,55,58,36,44,0,19,0,19,40,40,20,33,47,35,87,71,58,51,98,70,172,143,913,244,90,50,188,88,673,259,390,149,529,179,54,35,22,24,10,16
1400000US06037920049,4510,673,9,14,0,19,0,19,0,19,0,19,10,14,10,18,23,35,0,19,9,16,15,28,13,15,18,22,45,34,43,58,711,269,52,32,460,323,684,303,338,144,1292,367,531,165,156,98,91,70
1400000US06037920050,992,129,0,14,0,14,6,12,0,14,0,14,0,14,0,14,4,25,0,14,0,14,0,14,16,15,62,54,19,19,13,14,235,93,59,49,56,24,159,64,86,41,213,70,52,32,6,10,6,10
1400000US06037920102,3045,377,43,52,0,14,0,14,0,14,0,14,0,14,0,14,0,14,21,36,0,14,67,103,0,14,38,61,0,14,95,66,532,153,118,91,311,158,401,165,395,131,746,174,190,93,20,44,68,64
1400000US06037920104,1854,182,21,17,0,14,0,14,0,14,0,14,0,14,0,14,0,14,76,70,0,14,0,14,4,7,48,72,4,6,59,40,252,88,21,16,118,59,340,97,215,79,488,168,177,70,26,20,5,7
1400000US06037920106,2301,455,91,72,8,12,0,14,0,14,0,14,32,44,51,46,152,154,24,30,0,14,59,33,44,38,21,26,6,9,21,18,578,187,48,27,255,130,345,138,98,44,348,167,110,46,10,10,0,14
1400000US06037920109,3430,372,26,46,0,14,0,14,0,14,0,14,56,78,9,17,0,14,26,29,0,14,0,14,0,14,0,14,0,14,50,39,462,192,121,90,107,61,551,235,336,137,1014,285,643,148,29,32,0,14
1400000US06037920110,2093,346,11,16,0,14,0,14,0,14,0,14,0,14,0,14,0,14,0,14,0,14,0,14,39,37,8,17,9,14,22,34,398,153,96,88,97,44,243,91,237,169,664,161,228,128,18,22,23,22
1400000US06037920111,2380,309,74,81,0,14,0,14,0,14,0,14,0,14,0,14,0,14,0,14,0,14,0,14,0,14,0,14,10,17,82,69,295,119,7,10,142,70,362,132,421,255,717,193,236,112,9,15,25,36
1400000US06037920112,3077,408,42,62,0,14,0,14,0,14,0,14,8,14,0,14,21,34,19,25,0,14,0,14,0,14,1,9,14,17,67,56,517,155,49,40,251,102,536,189,264,120,808,232,316,111,124,82,40,37
1400000US06037920114,3909,595,0,19,0,19,0,19,0,19,0,19,0,19,0,19,0,19,0,19,0,19,0,19,0,19,0,19,0,19,0,19,219,126,12,21,172,85,626,255,380,164,1586,403,693,225,81,78,140,105
1400000US06037920115,3092,505,106,109,0,14,0,14,0,14,0,14,0,14,0,14,0,14,0,14,0,14,0,14,0,14,0,14,0,14,32,30,634,361,19,30,266,198,451,163,305,130,911,194,272,106,23,20,73,54
1400000US06037920116,3307,270,24,26,0,14,0,14,0,14,0,14,0,14,0,14,0,14,48,55,13,19,0,14,13,19,11,17,12,21,12,14,495,142,86,56,178,66,548,126,486,210,1085,239,227,89,16,18,53,37
1400000US06037920118,4050,417,106,83,0,19,0,19,0,19,0,19,9,14,0,19,0,19,8,13,0,19,7,12,0,19,33,31,49,45,78,71,551,167,103,65,345,218,593,160,430,129,1163,252,431,159,55,33,89,75
1400000US06037920119,1207,159,70,62,0,14,0,14,0,14,0,14,0,14,0,14,0,14,16,23,0,14,9,9,0,14,0,14,0,14,40,35,184,79,0,14,60,37,102,54,138,48,354,85,161,78,54,38,19,17
1400000US06037920120,2200,346,26,40,0,14,0,14,0,14,0,14,0,14,0,14,0,14,3,6,0,14,14,21,0,14,0,14,0,14,0,14,228,115,39,52,68,54,274,124,199,93,899,173,319,163,97,81,34,31
1400000US06037920121,6684,616,20,30,0,21,0,21,0,21,0,21,0,21,0,21,0,21,0,21,0,21,0,21,0,21,41,55,0,21,20,31,635,261,36,35,197,109,707,228,767,284,2536,416,1407,329,137,86,181,94
1400000US06037920200,2812,225,11,12,0,14,0,14,26,32,8,12,33,35,0,14,16,23,109,54,3,5,78,49,103,51,331,80,268,129,486,154,389,94,310,102,87,42,420,103,89,63,41,33,0,14,4,8,0,14
1400000US06037920303,1365,174,40,45,0,14,0,14,0,14,0,14,6,12,0,14,0,14,0,14,0,14,0,14,30,45,0,14,0,14,6,10,35,30,11,16,47,33,237,88,145,52,421,88,246,101,93,47,48,46
1400000US06037920312,3626,490,56,64,0,19,0,19,0,19,0,19,0,19,0,19,0,19,0,19,23,30,4,22,167,158,6,7,50,46,41,40,421,174,125,108,267,154,544,239,395,201,994,403,292,134,76,104,165,148
1400000US06037920313,3801,557,124,91,0,19,0,19,0,19,0,19,0,19,0,19,0,19,70,63,0,19,18,29,12,27,0,19,7,10,17,22,844,214,73,59,316,109,489,140,413,217,1050,261,247,79,80,71,41,24
1400000US06037920314,2074,317,19,21,0,14,0,14,0,14,0,14,0,14,0,14,24,38,0,14,0,14,0,14,10,13,14,17,0,14,18,28,299,110,27,24,180,120,262,102,264,103,656,226,223,103,78,46,0,14
1400000US06037920322,1885,194,23,25,0,14,0,14,0,14,0,14,0,14,6,12,0,14,0,14,0,14,8,15,0,14,0,14,0,14,45,43,184,118,11,16,103,65,354,99,305,174,524,130,263,72,37,31,22,25
1400000US06037920326,5030,499,82,77,0,19,0,19,0,19,15,24,0,19,0,19,0,19,0,19,8,13,0,19,14,21,60,85,0,19,84,91,450,204,29,35,350,222,1011,244,564,242,1748,467,419,155,139,89,57,55
1400000US06037920328,1444,163,17,14,0,14,0,14,0,14,0,14,0,14,0,14,0,14,6,9,0,14,0,14,0,14,0,14,0,14,12,16,102,74,0,14,74,45,167,75,158,66,507,104,224,93,123,42,54,32
1400000US06037920329,3909,876,10,19,0,19,0,19,0,19,0,19,0,19,17,27,0,19,0,19,0,19,0,19,11,18,0,19,10,16,62,78,755,360,0,19,518,321,469,194,423,186,1166,348,341,175,31,38,96,60
1400000US06037920330,3677,345,59,84,0,14,0,14,0,14,0,14,0,14,0,14,24,55,6,9,0,14,0,14,25,28,7,10,7,13,44,52,746,294,12,21,159,64,480,156,442,251,1126,226,317,127,111,52,112,67
1400000US06037920331,2667,260,67,47,0,14,0,14,0,14,0,14,0,14,0,14,6,9,10,15,10,16,0,14,0,14,7,12,19,24,41,34,336,134,51,56,126,62,226,86,408,180,859,186,428,174,65,40,8,12
1400000US06037920332,1131,123,40,30,0,14,0,14,0,14,0,14,0,14,0,14,0,14,0,14,0,14,0,14,0,14,0,14,19,25,34,28,243,61,11,15,61,38,174,60,80,45,238,77,182,77,29,21,20,18
1400000US06037920334,4230,464,1,2,0,19,0,19,0,19,0,19,0,19,0,19,0,19,17,26,0,19,0,19,0,19,67,103,21,32,1,3,407,194,37,41,527,238,684,230,321,147,1190,301,519,186,158,134,280,216
1400000US06037920338,3618,347,32,29,10,16,0,19,0,19,0,19,0,19,0,19,0,19,0,19,28,37,0,19,0,19,0,19,19,28,62,53,295,128,23,25,196,78,493,131,262,91,1338,266,453,141,301,107,106,66
1400000US06037920339,6132,720,49,45,0,21,0,21,0,21,0,21,0,21,0,21,8,19,0,21,0,21,0,21,0,21,0,21,0,21,0,21,410,174,120,174,158,87,663,185,396,200,2328,457,1279,284,428,219,293,244
1400000US06037920340,1566,161,124,79,0,14,0,14,0,14,17,25,0,14,0,14,0,14,63,48,0,14,31,31,8,12,36,38,33,38,71,54,412,116,50,36,37,26,208,96,113,58,260,77,57,39,15,17,31,35
1400000US06037920341,1561,189,58,38,0,14,0,14,0,14,0,14,30,31,37,41,31,49,60,61,3,8,27,34,103,64,42,44,48,61,174,103,306,110,0,14,106,69,140,74,54,32,270,107,72,51,0,14,0,14
1400000US06037920342,1854,405,116,75,0,14,0,14,0,14,21,24,17,20,0,14,10,17,18,13,24,31,21,29,75,53,89,65,106,114,37,37,556,201,5,9,104,93,147,69,235,234,210,111,54,69,9,13,0,14
1400000US06037920343,2507,342,123,74,0,14,0,14,0,14,44,55,0,14,34,50,0,14,33,47,30,44,8,13,105,92,0,14,26,30,53,50,596,230,43,38,198,125,445,191,71,60,426,150,140,79,64,75,68,61
1400000US06037930400,987,168,48,69,0,14,0,14,0,14,5,7,5,8,4,7,0,14,40,32,8,17,0,14,0,14,12,20,52,41,66,65,123,71,40,30,55,34,154,78,52,55,173,78,99,50,34,37,17,14
1400000US06037980001,0,14,0,14,0,14,0,14,0,14,0,14,0,14,0,14,0,14,0,14,0,14,0,14,0,14,0,14,0,14,0,14,0,14,0,14,0,14,0,14,0,14,0,14,0,14,0,14,0,14
1400000US06037980002,0,14,0,14,0,14,0,14,0,14,0,14,0,14,0,14,0,14,0,14,0,14,0,14,0,14,0,14,0,14,0,14,0,14,0,14,0,14,0,14,0,14,0,14,0,14,0,14,0,14
1400000US06037980003,0,14,0,14,0,14,0,14,0,14,0,14,0,14,0,14,0,14,0,14,0,14,0,14,0,14,0,14,0,14,0,14,0,14,0,14,0,14,0,14,0,14,0,14,0,14,0,14,0,14
1400000US06037980004,0,14,0,14,0,14,0,14,0,14,0,14,0,14,0,14,0,14,0,14,0,14,0,14,0,14,0,14,0,14,0,14,0,14,0,14,0,14,0,14,0,14,0,14,0,14,0,14,0,14
1400000US06037980005,0,14,0,14,0,14,0,14,0,14,0,14,0,14,0,14,0,14,0,14,0,14,0,14,0,14,0,14,0,14,0,14,0,14,0,14,0,14,0,14,0,14,0,14,0,14,0,14,0,14
1400000US06037980006,0,14,0,14,0,14,0,14,0,14,0,14,0,14,0,14,0,14,0,14,0,14,0,14,0,14,0,14,0,14,0,14,0,14,0,14,0,14,0,14,0,14,0,14,0,14,0,14,0,14
1400000US06037980007,0,14,0,14,0,14,0,14,0,14,0,14,0,14,0,14,0,14,0,14,0,14,0,14,0,14,0,14,0,14,0,14,0,14,0,14,0,14,0,14,0,14,0,14,0,14,0,14,0,14
1400000US06037980008,48,58,0,14,0,14,0,14,0,14,0,14,0,14,0,14,0,14,0,14,0,14,0,14,0,14,0,14,0,14,0,14,42,61,0,14,0,14,0,14,0,14,0,14,6,8,0,14,0,14
1400000US06037980009,0,14,0,14,0,14,0,14,0,14,0,14,0,14,0,14,0,14,0,14,0,14,0,14,0,14,0,14,0,14,0,14,0,14,0,14,0,14,0,14,0,14,0,14,0,14,0,14,0,14
1400000US06037980010,140,50,56,74,0,14,0,14,0,14,0,14,0,14,0,14,0,14,11,18,0,14,15,17,0,14,0,14,0,14,0,14,21,18,0,14,5,7,12,12,0,14,11,16,9,7,0,14,0,14
1400000US06037980011,121,64,4,63,0,14,0,14,0,14,0,14,0,14,0,14,0,14,0,14,0,14,0,14,0,14,7,11,7,11,0,14,43,19,0,14,0,14,28,33,0,14,32,44,0,14,0,14,0,14
1400000US06037980012,13,3,0,14,0,14,0,14,0,14,0,14,0,14,0,14,0,14,0,14,0,14,0,14,0,14,0,14,0,14,0,14,13,3,0,14,0,14,0,14,0,14,0,14,0,14,0,14,0,14
1400000US06037980013,0,14,0,14,0,14,0,14,0,14,0,14,0,14,0,14,0,14,0,14,0,14,0,14,0,14,0,14,0,14,0,14,0,14,0,14,0,14,0,14,0,14,0,14,0,14,0,14,0,14
1400000US06037980014,38,58,0,14,0,14,0,14,0,14,0,14,0,14,0,14,0,14,0,14,0,14,0,14,0,14,0,14,0,14,0,14,7,13,0,14,0,14,27,44,0,14,4,6,0,14,0,14,0,14
1400000US06037980015,1016,126,17,22,0,14,0,14,0,14,0,14,0,14,0,14,0,14,64,51,0,14,0,14,0,14,0,14,18,41,0,14,193,85,19,31,0,14,181,139,58,72,219,84,139,89,92,37,16,22
1400000US06037980016,204,83,0,14,0,14,0,14,0,14,9,13,0,14,0,14,3,3,8,11,0,14,0,14,11,9,1,3,10,10,7,7,49,42,2,2,6,6,27,14,34,28,22,11,11,11,4,5,0,14
1400000US06037980017,1318,106,194,187,1,3,0,14,0,14,0,14,0,14,0,14,0,14,21,52,15,18,0,14,0,14,35,66,8,34,60,39,371,202,93,94,60,91,171,163,85,90,120,99,46,83,26,51,12,32
1400000US06037980018,0,14,0,14,0,14,0,14,0,14,0,14,0,14,0,14,0,14,0,14,0,14,0,14,0,14,0,14,0,14,0,14,0,14,0,14,0,14,0,14,0,14,0,14,0,14,0,14,0,14
1400000US06037980019,111,61,0,14,0,14,0,14,0,14,0,14,0,14,0,14,0,14,0,14,0,14,0,14,0,14,0,14,0,14,0,14,0,14,0,14,0,14,19,18,26,30,49,34,12,13,0,14,5,9
1400000US06037980020,0,14,0,14,0,14,0,14,0,14,0,14,0,14,0,14,0,14,0,14,0,14,0,14,0,14,0,14,0,14,0,14,0,14,0,14,0,14,0,14,0,14,0,14,0,14,0,14,0,14
1400000US06037980021,2,3,0,14,0,14,0,14,0,14,0,14,0,14,0,14,0,14,0,14,0,14,0,14,0,14,0,14,0,14,0,14,1,2,0,14,0,14,1,2,0,14,0,14,0,14,0,14,0,14
1400000US06037980022,0,14,0,14,0,14,0,14,0,14,0,14,0,14,0,14,0,14,0,14,0,14,0,14,0,14,0,14,0,14,0,14,0,14,0,14,0,14,0,14,0,14,0,14,0,14,0,14,0,14
1400000US06037980023,41,58,0,14,0,14,0,14,0,14,0,14,0,14,0,14,0,14,0,14,0,14,0,14,0,14,0,14,0,14,0,14,0,14,0,14,0,14,0,14,0,14,21,29,0,14,20,29,0,14
1400000US06037980024,125,76,0,14,0,14,0,14,0,14,0,14,0,14,0,14,0,14,0,14,0,14,0,14,0,14,0,14,0,14,4,5,45,72,0,14,0,14,6,10,0,14,46,31,24,22,0,14,0,14
1400000US06037980025,418,176,0,14,0,14,0,14,0,14,0,14,0,14,9,13,0,14,0,14,0,14,0,14,0,14,0,14,0,14,0,14,92,85,9,13,33,35,80,61,31,23,90,76,61,78,0,14,13,14
1400000US06037980026,23,18,0,14,0,14,0,14,0,14,0,14,0,14,0,14,0,14,0,14,0,14,0,14,0,14,0,14,0,14,0,14,0,14,0,14,0,14,8,9,5,7,10,12,0,14,0,14,0,14
1400000US06037980028,0,14,0,14,0,14,0,14,0,14,0,14,0,14,0,14,0,14,0,14,0,14,0,14,0,14,0,14,0,14,0,14,0,14,0,14,0,14,0,14,0,14,0,14,0,14,0,14,0,14
1400000US06037980030,0,14,0,14,0,14,0,14,0,14,0,14,0,14,0,14,0,14,0,14,0,14,0,14,0,14,0,14,0,14,0,14,0,14,0,14,0,14,0,14,0,14,0,14,0,14,0,14,0,14
1400000US06037980031,917,52,24,24,0,14,0,14,0,14,0,14,16,20,0,14,8,15,21,21,0,14,32,30,36,34,108,52,101,42,126,66,94,42,101,47,69,63,92,51,35,35,34,22,5,7,0,14,15,21
1400000US06037980033,15,6,0,14,0,14,0,14,0,14,0,14,0,14,0,14,0,14,3,7,0,14,0,14,0,14,3,7,3,8,0,14,3,8,0,14,3,7,0,14,0,14,0,14,0,14,0,14,0,14
1400000US06037980034,0,14,0,14,0,14,0,14,0,14,0,14,0,14,0,14,0,14,0,14,0,14,0,14,0,14,0,14,0,14,0,14,0,14,0,14,0,14,0,14,0,14,0,14,0,14,0,14,0,14
1400000US06037980035,502,140,4,4,0,14,0,14,0,14,11,16,24,26,11,17,0,14,39,49,11,17,0,14,17,21,12,18,6,8,18,21,143,76,11,15,23,19,107,54,5,6,28,16,22,18,0,14,10,20
1400000US06037980036,366,237,55,62,0,14,0,14,0,14,0,14,0,14,0,14,0,14,0,14,0,14,0,14,0,14,0,14,0,14,0,14,101,57,0,14,0,14,11,11,57,78,136,110,6,9,0,14,0,14
1400000US06037980037,0,14,0,14,0,14,0,14,0,14,0,14,0,14,0,14,0,14,0,14,0,14,0,14,0,14,0,14,0,14,0,14,0,14,0,14,0,14,0,14,0,14,0,14,0,14,0,14,0,14
1400000US06037980038,0,14,0,14,0,14,0,14,0,14,0,14,0,14,0,14,0,14,0,14,0,14,0,14,0,14,0,14,0,14,0,14,0,14,0,14,0,14,0,14,0,14,0,14,0,14,0,14,0,14
1400000US06037980039,0,14,0,14,0,14,0,14,0,14,0,14,0,14,0,14,0,14,0,14,0,14,0,14,0,14,0,14,0,14,0,14,0,14,0,14,0,14,0,14,0,14,0,14,0,14,0,14,0,14
1400000US06037990100,0,14,0,14,0,14,0,14,0,14,0,14,0,14,0,14,0,14,0,14,0,14,0,14,0,14,0,14,0,14,0,14,0,14,0,14,0,14,0,14,0,14,0,14,0,14,0,14,0,14
1400000US06037990200,0,14,0,14,0,14,0,14,0,14,0,14,0,14,0,14,0,14,0,14,0,14,0,14,0,14,0,14,0,14,0,14,0,14,0,14,0,14,0,14,0,14,0,14,0,14,0,14,0,14
1400000US06037990300,0,14,0,14,0,14,0,14,0,14,0,14,0,14,0,14,0,14,0,14,0,14,0,14,0,14,0,14,0,14,0,14,0,14,0,14,0,14,0,14,0,14,0,14,0,14,0,14,0,14
