GEO_ID,B17001_E001,B17001_M001,B17001_E002,B17001_M002,B17001_E003,B17001_M003,B17001_E004,B17001_M004,B17001_E005,B17001_M005,B17001_E006,B17001_M006,B17001_E007,B17001_M007,B17001_E008,B17001_M008,B17001_E009,B17001_M009,B17001_E010,B17001_M010,B17001_E011,B17001_M011,B17001_E012,B17001_M012,B17001_E013,B17001_M013,B17001_E014,B17001_M014,B17001_E015,B17001_M015,B17001_E016,B17001_M016,B17001_E017,B17001_M017,B17001_E018,B17001_M018,B17001_E019,B17001_M019,B17001_E020,B17001_M020,B17001_E021,B17001_M021,B17001_E022,B17001_M022,B17001_E023,B17001_M023,B17001_E024,B17001_M024,B17001_E025,B17001_M025,B17001_E026,B17001_M026,B17001_E027,B17001_M027,B17001_E028,B17001_M028,B17001_E029,B17001_M029,B17001_E030,B17001_M030,B17001_E031,B17001_M031,B17001_E032,B17001_M032,B17001_E033,B17001_M033,B17001_E034,B17001_M034,B17001_E035,B17001_M035,B17001_E036,B17001_M036,B17001_E037,B17001_M037,B17001_E038,B17001_M038,B17001_E039,B17001_M039,B17001_E040,B17001_M040,B17001_E041,B17001_M041,B17001_E042,B17001_M042,B17001_E043,B17001_M043,B17001_E044,B17001_M044,B17001_E045,B17001_M045,B17001_E046,B17001_M046,B17001_E047,B17001_M047,B17001_E048,B17001_M048,B17001_E049,B17001_M049,B17001_E050,B17001_M050,B17001_E051,B17001_M051,B17001_E052,B17001_M052,B17001_E053,B17001_M053,B17001_E054,B17001_M054,B17001_E055,B17001_M055,B17001_E056,B17001_M056,B17001_E057,B17001_M057,B17001_E058,B17001_M058,B17001_E059,B17001_M059
1400000US06037101110,4218,435,551,213,231,115,0,14,0,14,68,61,0,14,0,14,17,21,60,60,18,27,0,14,15,20,12,19,16,25,25,30,320,133,19,31,19,31,19,31,0,14,0,14,0,14,70,70,47,43,52,42,26,41,33,54,26,40,9,14,3667,496,1858,288,35,45,0,14,103,66,83,66,32,37,99,81,102,61,165,92,299,109,221,108,384,110,242,102,93,68,1809,360,67,59,21,34,155,99,67,72,0,14,11,19,187,109,127,72,290,107,352,99,252,83,247,84,33,28
1400000US06037101122,4123,876,286,190,89,56,0,14,0,14,6,11,0,14,0,14,0,14,0,14,0,14,6,10,47,42,0,14,0,14,30,44,197,138,0,14,9,14,70,56,35,49,0,14,0,14,0,14,0,14,47,39,36,53,0,14,0,14,0,14,3837,882,1957,468,87,63,0,14,122,60,61,56,0,14,80,65,89,43,178,136,233,119,389,181,272,94,217,82,229,169,1880,460,69,50,0,14,84,85,18,28,18,30,51,52,146,132,133,110,202,96,301,147,356,98,275,90,227,150
1400000US06037101220,3467,423,653,344,337,209,23,37,14,22,14,22,77,54,49,57,0,14,24,29,0,14,78,64,46,54,0,14,0,14,12,20,316,158,0,14,0,14,77,54,41,65,0,14,0,14,0,14,89,71,24,28,32,33,10,15,25,25,18,22,2814,454,1297,266,47,59,0,14,76,57,19,28,0,14,0,14,103,61,344,148,162,98,180,137,237,96,103,51,26,26,1517,257,22,38,0,14,71,86,16,27,30,30,0,14,89,59,154,75,143,73,374,202,281,113,201,84,136,63
1400000US06037101221,3548,599,628,257,379,221,0,14,0,14,37,54,0,14,0,14,0,14,0,14,47,51,40,55,15,24,178,250,62,49,0,14,249,131,0,14,0,14,0,14,12,20,0,14,0,14,43,66,0,14,32,47,7,13,31,39,101,99,23,32,2920,583,1443,320,60,59,0,14,187,111,23,29,21,35,0,14,99,79,211,125,306,152,100,77,59,44,224,117,153,203,1477,329,93,96,0,14,124,101,67,61,14,26,46,62,125,93,150,75,242,101,202,91,259,114,47,40,108,173
1400000US06037101222,2274,438,340,174,96,66,9,16,0,14,0,14,0,14,0,14,0,14,0,14,0,14,54,46,0,14,7,16,26,37,0,14,244,150,0,14,0,14,0,14,0,14,0,14,0,14,8,15,43,49,0,14,7,15,48,46,99,132,39,44,1934,477,936,273,63,88,0,14,35,47,0,14,15,25,17,25,176,86,152,83,45,51,189,95,120,80,89,63,35,49,998,248,23,38,16,25,47,53,17,26,0,14,0,14,113,106,181,82,69,57,237,108,145,76,61,44,89,57
1400000US06037101300,4213,416,329,207,113,87,0,14,0,14,0,14,0,14,21,35,0,14,0,14,0,14,27,40,19,29,19,21,27,25,0,14,216,149,0,14,0,14,0,14,22,32,0,14,0,14,23,41,9,14,18,28,0,14,25,29,9,16,110,108,3884,382,1756,241,14,21,51,45,93,77,32,31,0,14,57,58,106,86,181,91,248,98,286,107,260,108,273,122,155,65,2128,255,79,70,63,54,224,112,39,54,7,12,96,88,62,60,130,71,315,97,287,127,169,74,442,183,215,81
1400000US06037101400,4003,504,208,95,114,70,0,14,0,14,0,14,0,14,0,14,0,14,10,17,0,14,0,14,23,25,62,59,19,22,0,14,94,51,0,14,0,14,0,14,0,14,0,14,0,14,4,10,0,14,0,14,20,22,28,28,39,36,3,7,3795,492,2049,352,161,111,16,26,131,43,76,75,35,42,67,66,275,199,172,94,115,70,280,149,411,121,173,63,137,78,1746,330,196,152,0,14,11,19,33,39,14,23,0,14,225,143,261,140,166,92,151,90,321,102,257,109,111,62
1400000US06037102103,2066,490,235,117,76,49,0,14,0,14,10,15,9,15,0,14,0,14,0,14,23,20,11,16,0,14,9,13,10,12,4,8,159,82,9,14,12,18,23,36,0,14,0,14,0,14,0,14,27,23,4,7,9,14,9,12,43,33,23,28,1831,513,873,238,92,78,0,14,124,101,12,20,4,6,48,37,35,38,127,80,158,89,99,40,84,40,46,28,44,26,958,320,58,51,6,11,136,170,15,19,12,13,0,14,37,37,142,68,144,97,139,48,107,51,50,32,112,58
1400000US06037102104,4009,615,384,356,144,137,0,14,0,14,0,14,0,14,0,14,0,14,0,14,0,14,0,14,0,14,0,14,0,14,144,137,240,226,0,14,0,14,0,14,0,14,0,14,0,14,0,14,0,14,0,14,0,14,0,14,52,84,188,208,3625,489,1534,255,58,90,0,14,102,66,100,79,0,14,6,22,130,69,168,79,174,96,305,118,199,90,209,99,83,80,2091,297,94,83,35,42,158,101,114,97,89,64,143,110,88,61,166,89,229,92,455,133,186,79,239,97,95,59
1400000US06037102105,1519,328,146,113,69,54,22,44,0,14,7,13,6,9,0,14,0,14,0,14,3,5,14,15,0,14,12,11,0,14,5,8,77,63,0,14,0,14,6,10,0,14,7,13,0,14,16,22,13,19,13,14,9,19,9,11,4,8,0,14,1373,351,651,137,37,44,0,14,24,25,25,25,12,13,5,14,48,35,131,51,121,87,40,29,83,35,91,33,34,32,722,246,107,133,25,24,50,32,11,18,14,17,14,22,4,8,133,56,79,70,49,31,109,41,110,41,17,19
1400000US06037102107,3591,743,495,271,224,157,35,53,16,29,18,30,0,14,0,14,0,14,0,14,42,47,55,62,29,46,0,14,9,15,20,23,271,131,35,53,8,15,17,30,0,14,0,14,0,14,0,14,35,86,11,58,0,14,46,44,36,41,83,118,3096,700,1413,370,25,30,13,22,126,55,56,43,0,14,0,14,92,60,297,224,151,60,141,87,198,63,217,146,97,45,1683,389,43,50,0,14,148,70,33,38,24,28,60,66,94,75,253,165,216,102,182,99,317,167,169,67,144,91
1400000US06037103101,2876,354,149,97,80,56,11,16,0,14,0,14,9,15,0,14,0,14,9,11,0,14,31,29,14,16,6,9,0,14,0,14,69,49,0,14,0,14,11,15,0,14,0,14,0,14,9,14,4,9,10,14,15,18,0,14,4,6,16,17,2727,363,1429,237,100,61,14,19,173,94,0,14,10,15,17,20,102,75,172,105,295,110,175,55,107,50,175,53,89,51,1298,173,79,42,28,24,73,36,23,27,10,15,0,14,59,36,133,64,208,84,151,51,265,80,208,68,61,40
1400000US06037103102,4429,493,595,271,297,166,0,14,0,14,8,16,9,16,12,23,0,14,93,125,16,26,41,40,0,14,56,53,30,30,32,39,298,160,0,14,0,14,0,14,20,31,0,14,0,14,9,16,21,35,18,25,17,26,21,33,42,32,150,117,3834,507,1786,301,127,62,9,13,107,81,25,35,0,14,23,34,46,35,200,110,399,130,227,99,300,120,184,75,139,77,2048,282,159,81,35,52,50,39,55,71,0,14,56,49,46,41,254,146,299,84,265,150,327,113,376,118,126,67
1400000US06037103201,4162,541,393,269,256,210,0,14,0,14,24,66,0,14,24,63,23,36,0,14,16,28,24,26,8,14,121,100,16,54,0,14,137,89,0,14,0,14,0,14,0,14,0,14,0,14,0,14,0,14,21,26,61,66,14,21,41,62,0,14,3769,621,1865,394,97,66,0,14,157,82,0,14,46,71,12,20,132,98,154,99,389,160,253,124,211,101,222,129,192,169,1904,342,50,56,0,14,0,14,67,56,18,30,74,56,230,101,352,114,219,101,233,104,314,145,145,84,202,138
1400000US06037103202,2141,626,74,81,47,50,0,14,0,14,13,17,0,14,0,14,0,14,14,16,0,14,0,14,0,14,13,15,0,14,7,11,27,32,0,14,0,14,0,14,13,16,0,14,0,14,0,14,0,14,0,14,13,15,0,14,1,2,0,14,2067,623,932,257,72,78,0,14,10,16,12,21,46,31,12,17,8,14,188,86,118,35,98,45,91,49,199,230,78,35,1135,416,112,65,17,20,35,31,44,33,0,14,13,20,42,34,250,250,131,59,102,33,170,155,126,56,93,32
1400000US06037103300,3770,568,279,160,109,74,0,14,0,14,9,18,0,14,0,14,0,14,0,14,6,10,13,19,37,45,33,38,11,18,0,14,170,111,10,18,0,14,0,14,0,14,0,14,0,14,32,45,6,10,39,40,53,70,11,17,19,20,0,14,3491,522,1736,355,33,37,0,14,161,120,111,83,0,14,60,65,117,78,163,107,203,95,396,157,167,59,198,85,127,46,1755,234,54,43,58,59,172,92,93,55,31,34,19,21,36,26,157,86,219,85,276,93,214,75,214,89,212,58
1400000US06037103401,2522,410,248,137,100,65,0,14,0,14,0,14,0,14,0,14,0,14,15,23,0,14,38,37,0,14,33,41,14,23,0,14,148,88,0,14,0,14,15,25,0,14,14,23,0,14,0,14,0,14,13,22,0,14,51,42,55,55,0,14,2274,422,1401,305,147,69,0,14,91,45,34,30,0,14,34,41,43,24,226,122,258,143,120,71,109,73,213,114,126,102,873,188,44,42,4,6,53,45,35,46,20,35,20,35,43,31,52,43,173,40,86,52,158,73,85,34,100,86
1400000US06037103402,3571,598,361,145,146,86,0,14,0,14,0,14,0,14,0,14,0,14,0,14,21,27,21,28,20,32,67,64,0,14,17,27,215,84,0,14,0,14,15,25,0,14,0,14,0,14,53,70,15,26,21,32,20,29,28,33,5,9,58,73,3210,600,1626,350,94,66,0,14,151,86,48,47,0,14,0,14,45,54,338,140,239,169,71,56,230,98,285,82,125,64,1584,310,67,55,22,41,21,25,97,86,39,52,41,44,26,32,207,82,164,92,135,78,398,157,269,144,98,61
1400000US06037104103,3903,897,488,220,210,140,0,14,0,14,19,28,34,48,0,14,8,14,37,47,13,24,51,50,13,15,6,10,16,18,13,15,278,146,17,27,0,14,20,29,0,14,0,14,48,39,48,65,39,36,45,44,10,15,24,29,13,14,14,15,3415,893,1795,499,131,127,15,15,68,41,41,52,60,51,52,36,188,77,306,222,199,126,297,88,183,97,196,125,59,39,1620,459,22,21,15,24,112,82,43,31,17,20,15,19,226,71,297,285,184,80,205,77,174,84,130,67,180,102
1400000US06037104105,5761,704,1235,477,501,212,73,80,0,19,27,32,84,92,31,43,12,19,31,45,19,49,61,47,100,82,50,54,13,15,0,19,734,332,51,54,0,19,47,54,89,88,33,46,64,63,84,54,44,97,155,85,67,57,37,53,25,41,38,47,4526,794,2444,503,104,83,21,34,269,117,105,82,72,56,84,69,264,152,346,164,214,107,405,127,196,93,269,216,95,75,2082,409,193,134,12,26,68,50,68,71,0,19,52,60,183,97,319,163,196,78,429,140,168,86,165,92,229,169
1400000US06037104108,4939,531,700,330,353,177,18,34,0,14,23,54,2,20,0,14,6,9,97,87,19,24,15,25,91,81,28,30,34,41,20,25,347,182,32,53,0,14,21,28,23,33,2,19,0,14,13,22,20,38,48,55,55,48,14,24,48,46,71,47,4239,478,2237,298,139,80,36,42,197,107,133,82,0,14,20,31,266,115,414,161,213,90,290,133,367,134,153,85,9,16,2002,311,65,63,26,30,65,69,84,61,35,51,22,26,189,106,318,148,174,90,349,124,458,187,143,94,74,74
1400000US06037104124,3901,515,354,186,140,108,0,14,9,23,0,14,0,14,0,14,0,14,85,87,14,23,15,100,1,17,0,14,9,90,7,11,214,187,71,76,0,14,12,31,0,14,1,15,0,14,42,67,81,85,6,20,0,14,0,14,0,14,1,16,3547,613,1504,271,29,31,8,16,22,33,74,63,10,15,64,51,112,68,229,121,251,67,103,83,318,97,152,73,132,96,2043,447,118,137,0,14,70,75,12,18,33,32,10,16,148,94,326,150,184,97,270,138,418,169,231,119,223,87
1400000US06037104201,4327,614,348,219,161,118,0,14,0,14,21,33,21,33,3,6,0,14,20,26,27,29,44,47,0,14,8,12,3,6,14,16,187,137,7,11,0,14,27,35,0,14,0,14,21,33,24,31,18,20,40,43,24,24,24,28,2,5,0,14,3979,630,2274,410,41,48,0,14,151,70,144,82,40,45,91,56,207,78,406,153,398,141,259,131,278,73,210,101,49,37,1705,299,126,46,0,14,52,33,37,36,29,23,0,14,276,151,381,139,109,56,228,96,248,89,177,104,42,26
1400000US06037104203,4920,831,933,382,360,192,0,14,0,14,28,45,39,44,0,14,51,55,47,44,46,54,54,68,30,40,31,47,34,44,0,14,573,240,68,74,0,14,0,14,24,39,30,37,71,75,83,54,104,105,60,53,81,75,38,51,0,14,14,18,3987,761,1978,410,53,52,8,19,215,217,107,84,15,22,30,36,149,91,291,239,307,110,300,161,244,120,86,59,173,85,2009,402,159,146,0,14,103,88,93,66,52,49,35,44,107,72,282,111,391,163,199,99,293,122,126,80,169,66
1400000US06037104204,3246,560,428,152,283,98,37,30,0,14,0,14,35,49,0,14,12,19,0,14,51,21,47,26,41,29,37,18,12,2,11,16,145,69,9,14,0,14,8,13,16,25,11,17,7,9,0,14,0,14,63,39,4,7,11,17,0,14,16,17,2818,565,1263,257,75,47,9,14,65,39,59,51,52,76,42,45,115,61,193,81,171,89,235,71,127,48,81,48,39,26,1555,363,130,103,21,27,134,80,73,43,17,18,5,9,248,167,251,98,126,63,265,50,170,66,67,42,48,35
1400000US06037104310,4497,611,558,364,301,183,0,14,0,14,18,26,25,37,28,23,6,9,0,14,24,31,41,45,66,48,11,16,63,72,19,15,257,185,0,14,25,38,0,14,21,24,0,14,45,43,0,14,5,10,40,38,21,25,6,11,87,77,7,11,3939,612,1980,353,66,44,10,15,109,63,103,80,43,40,62,47,182,84,391,106,281,117,288,97,268,91,150,89,27,25,1959,328,30,30,21,32,127,66,41,34,26,36,35,33,168,52,381,115,192,59,281,88,262,85,313,171,82,44
1400000US06037104321,2749,583,478,342,262,198,38,48,0,14,66,86,0,14,0,14,38,59,12,19,43,48,0,14,46,54,19,22,0,14,0,14,216,162,0,14,0,14,0,14,34,52,0,14,16,26,30,46,48,49,33,51,24,36,17,15,0,14,14,16,2271,559,1110,223,0,14,8,13,18,29,55,50,6,9,0,14,85,51,257,106,80,59,202,75,198,124,86,58,115,68,1161,433,30,31,0,14,46,51,87,55,0,14,15,23,138,66,140,62,166,96,145,60,106,59,234,262,54,49
1400000US06037104322,1767,264,81,69,60,52,0,14,0,14,0,14,0,14,0,14,0,14,13,21,10,16,0,14,26,31,0,14,11,16,0,14,21,23,0,14,0,14,0,14,0,14,0,14,0,14,0,14,8,15,0,14,0,14,0,14,13,16,0,14,1686,221,915,164,33,39,0,14,82,44,14,21,0,14,37,34,99,44,202,68,109,58,116,58,108,62,80,66,35,35,771,117,66,41,7,12,37,26,0,14,19,25,16,17,59,27,105,63,78,48,140,60,87,48,96,47,61,45
1400000US06037104401,2855,492,497,327,234,164,0,14,0,14,32,38,34,37,26,35,19,27,2,3,49,39,0,14,31,31,15,19,10,13,16,20,263,174,45,66,8,12,36,42,0,14,0,14,0,14,27,32,13,15,51,38,20,18,11,12,27,32,25,19,2358,344,1169,192,38,47,36,31,76,59,25,29,17,18,93,55,195,75,228,100,146,69,87,42,133,57,74,45,21,17,1189,220,24,25,0,14,101,48,35,31,19,21,49,36,186,105,222,95,148,53,153,61,83,38,152,57,17,15
1400000US06037104403,2380,359,444,268,275,220,64,65,6,12,56,89,0,14,18,29,12,16,5,7,19,30,5,8,42,43,15,21,26,31,7,7,169,76,0,14,19,31,0,14,0,14,0,14,28,29,5,7,39,36,18,22,0,14,44,36,11,14,5,8,1936,338,947,181,37,36,13,16,89,51,7,10,0,14,45,45,113,58,204,73,108,53,105,52,67,48,125,58,34,28,989,219,15,17,5,7,31,32,90,69,12,19,4,6,134,68,164,83,95,44,174,71,103,45,99,54,63,41
1400000US06037104404,3460,609,406,209,165,107,30,50,0,14,11,19,13,22,0,14,10,15,16,26,0,14,85,43,0,14,0,14,0,14,0,14,241,137,14,25,0,14,28,32,39,30,24,27,25,29,30,24,10,17,60,38,11,18,0,14,0,14,0,14,3054,639,1520,338,114,62,0,14,133,63,69,50,6,10,49,74,135,85,210,80,236,82,259,96,162,57,147,61,0,14,1534,347,61,47,5,11,158,70,64,74,14,21,114,88,111,53,296,87,139,67,203,83,105,51,142,56,122,81
1400000US06037104500,3446,793,1162,623,487,284,85,103,55,90,38,45,6,14,15,17,55,48,35,38,23,24,64,77,64,49,19,29,28,24,0,14,675,359,67,95,0,14,94,75,56,61,35,35,17,26,54,48,201,128,41,42,54,41,17,27,39,32,0,14,2284,465,1245,261,116,78,59,51,49,42,83,69,27,34,36,33,77,52,202,88,236,94,132,69,122,65,34,33,72,46,1039,243,35,30,6,9,133,90,9,23,0,14,25,29,77,51,190,82,139,74,169,67,58,40,89,53,109,57
1400000US06037104610,3050,553,303,102,128,79,0,14,0,14,0,14,0,14,0,14,0,14,23,25,6,9,0,14,23,25,32,33,44,54,0,14,175,90,0,14,0,14,0,14,0,14,23,29,7,10,18,26,19,21,17,27,35,30,37,64,8,11,11,18,2747,573,1364,267,88,53,22,20,68,42,39,33,8,12,70,51,148,61,263,92,187,84,257,81,68,41,135,84,11,15,1383,356,85,55,40,35,121,84,102,63,53,43,41,38,103,52,196,60,144,77,166,60,134,59,139,72,59,53
1400000US06037104620,3157,482,600,314,304,186,68,109,10,16,21,30,0,14,22,29,0,14,46,36,0,14,43,54,38,30,15,17,7,12,34,42,296,166,24,39,0,14,23,26,12,20,0,14,62,80,0,14,40,45,39,34,44,31,15,19,37,41,0,14,2557,462,1252,245,25,30,52,39,39,36,78,47,4,6,36,32,170,73,251,109,207,69,135,69,141,58,79,42,35,27,1305,250,98,52,10,14,78,39,140,92,7,9,90,51,86,37,184,79,145,67,162,52,129,43,77,37,99,52
1400000US06037104701,4161,457,1395,469,717,291,58,78,8,15,120,83,74,65,54,49,51,50,126,86,38,40,89,64,65,53,10,15,15,23,9,14,678,215,61,53,0,14,17,26,63,56,15,23,24,35,124,92,33,45,140,80,104,65,65,58,11,16,21,25,2766,528,1545,364,78,87,0,14,136,103,195,103,46,43,90,68,150,74,216,129,124,64,79,69,208,120,151,78,72,62,1221,243,0,14,0,14,59,40,32,31,17,23,57,40,220,111,193,87,223,90,139,88,156,65,115,65,10,12
1400000US06037104703,2466,540,457,198,236,93,8,13,8,12,61,60,0,14,11,14,0,14,10,13,81,46,15,24,22,33,20,22,0,14,0,14,221,120,0,14,0,14,48,59,0,14,0,14,20,28,27,32,41,35,0,14,35,36,15,16,20,25,15,25,2009,558,1029,284,16,21,22,36,39,32,24,29,22,25,19,26,127,87,208,127,84,52,281,183,78,45,62,48,47,36,980,311,61,46,0,14,55,48,61,61,33,34,9,14,172,138,146,69,180,118,100,71,70,50,69,54,24,24
1400000US06037104704,4570,718,1083,593,341,180,0,14,0,14,23,39,9,16,31,46,0,14,0,14,17,26,6,7,62,46,96,90,12,18,85,58,742,515,0,14,69,109,65,102,87,101,22,37,42,51,61,59,30,37,110,113,76,58,104,98,0,14,76,46,3487,563,1930,422,125,114,42,52,170,111,47,49,55,57,38,38,176,117,380,144,302,165,262,116,195,82,94,73,44,34,1557,313,60,62,19,22,86,60,27,29,104,80,18,28,213,98,258,100,216,85,223,101,197,106,117,54,19,23
1400000US06037104821,3148,464,521,300,269,167,18,27,0,14,77,60,0,14,15,24,0,14,29,32,13,18,31,31,18,18,46,60,22,29,0,14,252,154,20,31,0,14,29,34,0,14,14,23,0,14,30,28,25,29,16,25,59,53,8,11,51,39,0,14,2627,358,1279,203,76,56,0,14,75,48,57,34,30,27,49,44,150,61,93,53,242,93,243,68,117,49,48,47,99,64,1348,216,54,40,0,14,80,41,25,21,11,17,60,37,148,76,143,60,251,72,165,49,181,76,71,46,159,58
1400000US06037104822,2171,365,490,208,169,82,0,14,0,14,59,39,0,14,6,9,0,14,16,23,9,13,26,27,30,30,13,16,10,11,0,14,321,146,24,31,0,14,39,42,29,29,19,28,4,10,40,31,31,25,24,24,10,13,24,25,8,9,69,42,1681,400,913,232,27,23,2,6,63,47,26,22,18,31,28,29,112,95,191,71,115,68,130,69,116,60,21,20,64,35,768,222,58,49,0,14,93,95,33,28,6,9,41,38,6,7,93,52,84,60,132,52,72,39,87,46,63,33
1400000US06037104823,3235,704,795,578,330,259,118,118,26,36,0,14,0,14,0,14,49,58,14,20,38,62,26,36,21,24,17,20,21,24,0,14,465,342,0,14,0,14,153,171,0,14,0,14,41,46,38,40,25,34,116,120,53,34,24,23,0,14,15,20,2440,475,1380,266,82,79,38,32,143,66,68,83,0,14,20,26,172,113,115,67,257,82,253,98,115,58,18,22,99,44,1060,391,84,68,67,71,55,54,81,47,23,24,11,14,45,35,132,74,115,70,137,61,140,60,91,43,79,44
1400000US06037104824,2529,1088,345,198,181,148,28,38,0,14,0,14,0,14,13,22,14,22,46,62,13,21,10,17,57,48,0,14,0,14,0,14,164,104,0,14,0,14,0,14,0,14,0,14,0,14,11,15,81,98,11,15,50,41,0,14,11,18,0,14,2184,1001,1279,542,88,108,0,14,83,50,138,113,22,26,28,29,91,54,166,61,188,119,180,79,112,52,167,219,16,17,905,468,43,37,0,14,98,125,15,24,16,25,0,14,107,61,147,125,182,134,81,47,161,105,36,26,19,16
1400000US06037106010,3651,736,187,130,62,52,0,14,0,14,12,13,0,14,2,5,18,26,0,14,0,14,7,10,0,14,0,14,6,9,17,25,125,83,0,14,0,14,0,14,12,14,0,14,8,10,19,28,22,31,23,26,19,15,6,9,16,24,0,14,3464,670,1815,477,211,139,9,13,111,101,48,42,41,26,41,42,194,94,324,165,173,80,243,104,227,85,141,55,52,29,1649,287,172,136,31,38,63,45,89,58,39,38,13,13,60,41,269,114,237,87,192,68,257,64,119,45,108,47
1400000US06037106020,5174,970,737,789,472,432,16,26,0,19,32,44,58,83,0,19,0,19,122,162,70,108,90,83,22,32,52,73,0,19,10,17,265,364,0,19,0,19,0,19,0,19,0,19,0,19,68,119,15,23,34,34,43,75,8,14,0,19,97,168,4437,688,2324,434,59,50,14,22,177,139,159,108,40,59,155,95,172,94,296,134,440,175,327,124,164,84,167,100,154,84,2113,348,172,93,8,12,135,82,83,67,7,11,6,11,188,102,302,116,340,121,296,112,238,92,232,95,106,61
1400000US06037106111,4907,661,283,145,144,104,0,14,0,14,15,24,0,14,0,14,7,11,8,12,8,13,0,14,93,94,0,14,5,9,8,11,139,91,0,14,0,14,0,14,0,14,30,49,0,14,0,14,7,12,32,27,53,53,0,14,17,17,0,14,4624,637,2392,352,112,68,9,15,201,104,50,34,48,47,95,58,153,122,209,91,266,103,370,138,389,148,411,136,79,53,2232,408,139,95,68,58,68,60,37,31,36,31,75,51,191,115,326,175,270,73,267,116,458,172,181,81,116,76
1400000US06037106112,5199,528,410,451,151,132,0,19,0,19,0,19,0,19,0,19,0,19,3,6,43,65,46,72,7,13,11,15,26,39,15,17,259,332,0,19,0,19,42,66,0,19,0,19,0,19,53,85,0,19,41,64,7,12,4,10,96,121,16,17,4789,311,2420,232,169,86,25,24,139,72,95,80,0,19,89,88,207,95,405,161,337,90,302,97,363,119,235,61,54,34,2369,257,50,50,0,19,153,95,128,93,104,83,60,56,175,82,288,103,367,96,342,99,418,94,202,85,82,50
1400000US06037106113,3970,456,112,81,30,27,0,14,0,14,0,14,0,14,0,14,0,14,18,20,0,14,0,14,4,9,6,9,2,6,0,14,82,70,0,14,0,14,24,39,0,14,0,14,0,14,0,14,39,42,0,14,5,9,5,9,9,14,0,14,3858,464,2016,253,114,96,0,14,47,46,140,98,92,74,102,78,139,74,218,120,281,125,244,101,322,161,229,95,88,43,1842,290,81,61,14,21,191,142,7,10,39,39,51,71,157,110,155,88,275,109,255,108,266,110,233,102,118,73
1400000US06037106114,6808,892,1257,610,685,379,127,93,0,19,92,89,67,66,24,35,84,107,52,56,84,80,62,57,30,33,43,50,20,22,0,19,572,273,149,113,0,19,12,20,35,53,0,19,11,19,102,83,77,58,55,50,114,75,0,19,17,20,0,19,5551,892,2378,471,107,71,39,38,309,209,73,87,29,45,41,41,199,85,279,115,421,181,260,123,325,170,224,150,72,48,3173,581,69,56,41,50,306,177,165,140,131,107,112,91,287,132,552,215,509,169,324,101,380,205,210,164,87,57
1400000US06037106403,3643,330,315,146,119,77,20,32,0,14,11,17,0,14,0,14,0,14,11,17,11,17,8,13,2,7,53,45,3,10,0,14,196,92,12,19,0,14,17,19,0,14,11,15,0,14,0,14,18,22,45,43,0,14,74,56,4,5,15,24,3328,364,1642,224,91,54,27,40,96,54,126,69,9,13,98,56,145,64,112,50,248,101,257,95,274,108,93,46,66,42,1686,295,86,86,0,14,152,117,85,54,48,45,36,53,142,70,317,82,203,64,231,86,211,103,139,59,36,25
1400000US06037106405,4062,666,1007,580,523,290,49,87,0,14,21,31,116,109,0,14,0,14,46,70,13,22,0,14,193,113,48,74,20,30,17,27,484,318,0,14,0,14,0,14,0,14,0,14,19,30,130,109,6,12,74,81,165,121,63,96,27,40,0,14,3055,626,1562,420,108,86,0,14,33,36,96,99,0,14,14,23,116,91,382,140,225,119,168,115,280,137,104,47,36,37,1493,349,66,51,13,24,127,120,22,29,29,42,11,21,164,141,181,104,340,107,127,83,255,83,121,74,37,38
1400000US06037106406,6486,1021,329,155,150,110,0,19,0,19,0,19,0,19,0,19,0,19,16,28,0,19,12,23,57,66,14,20,0,19,51,66,179,104,0,19,0,19,0,19,0,19,0,19,0,19,16,29,70,75,39,45,16,27,2,11,12,16,24,27,6157,1044,3149,648,143,99,13,21,264,170,173,99,0,19,38,59,408,276,664,304,407,131,494,210,287,130,162,79,96,58,3008,535,118,82,28,43,226,107,204,120,65,75,75,72,210,135,304,146,362,120,405,145,429,239,375,153,207,96
1400000US06037106407,2105,312,667,296,293,170,21,26,0,14,11,20,0,14,11,19,26,40,42,48,40,45,20,27,0,14,72,52,11,21,39,43,374,144,30,46,30,29,0,14,0,14,0,14,18,29,46,39,22,23,65,37,17,27,23,24,62,38,61,38,1438,398,699,203,29,34,0,14,54,51,64,46,7,12,53,56,45,47,32,27,122,72,179,87,13,15,90,50,11,12,739,241,28,39,0,14,52,41,70,72,0,14,51,52,122,66,29,28,98,62,154,73,78,60,27,22,30,26
1400000US06037106408,3760,443,1081,345,523,180,69,65,16,24,79,60,40,33,66,78,31,34,48,38,36,28,46,43,43,30,49,39,0,14,0,14,558,200,67,61,23,34,51,51,91,67,0,14,8,12,25,23,83,55,89,52,31,30,31,22,44,30,15,24,2679,429,1318,222,99,56,0,14,187,107,52,42,7,11,78,45,142,71,258,103,197,81,172,49,91,47,31,23,4,6,1361,285,174,138,0,14,123,71,79,55,24,26,33,33,224,78,163,98,219,71,136,59,111,56,58,37,17,19
1400000US06037106510,5527,1026,481,286,113,86,0,19,0,19,27,43,1,10,0,19,0,19,2,18,10,17,45,51,15,23,3,7,10,16,0,19,368,262,0,19,0,19,83,121,13,22,0,19,37,61,9,17,61,62,62,61,8,14,66,80,29,28,0,19,5046,985,2644,454,228,136,10,17,320,102,113,57,28,41,82,54,180,82,369,181,525,205,370,108,268,161,114,74,37,33,2402,616,25,29,99,71,202,154,50,38,20,22,26,31,66,51,450,213,518,227,322,97,353,202,203,68,68,46
1400000US06037106520,5270,699,680,325,299,177,38,61,0,19,56,55,54,62,19,31,7,12,19,22,6,16,0,19,61,62,39,56,0,19,0,19,381,184,0,19,0,19,0,19,0,19,0,19,61,63,33,38,79,99,120,78,30,27,44,37,0,19,14,25,4590,732,2559,447,61,46,68,57,289,174,77,56,21,22,135,100,233,152,349,167,453,134,223,101,254,113,285,133,111,66,2031,359,184,148,98,55,66,57,31,44,8,13,0,19,182,113,370,172,284,126,228,127,259,89,263,95,58,36
1400000US06037106603,3782,673,152,131,106,105,0,14,0,14,43,67,0,14,0,14,0,14,0,14,5,12,0,14,17,22,18,28,23,32,0,14,46,38,0,14,0,14,0,14,0,14,0,14,0,14,0,14,0,14,19,28,12,18,0,14,0,14,15,15,3630,674,1788,388,24,26,0,14,178,102,64,44,19,24,59,53,132,61,245,208,204,80,174,62,272,86,284,137,133,47,1842,340,115,75,57,60,171,121,84,67,22,24,73,64,158,77,116,52,205,86,131,52,438,198,184,49,88,40
1400000US06037106604,4490,490,670,362,264,163,28,42,55,77,0,14,25,38,0,14,0,14,31,44,23,28,22,34,46,63,25,29,9,13,0,14,406,242,0,14,0,14,112,157,0,14,23,37,0,14,9,13,53,49,100,83,58,79,37,36,14,23,0,14,3820,519,2114,397,81,56,0,14,94,82,41,48,62,62,32,51,211,110,422,131,266,148,359,145,296,147,189,90,61,60,1706,259,68,51,52,50,23,26,51,45,55,42,43,70,405,130,101,67,252,116,222,123,195,109,148,86,91,71
1400000US06037106641,2258,289,181,151,145,148,13,19,0,14,0,14,0,14,0,14,0,14,28,39,0,14,51,82,0,14,46,62,7,10,0,14,36,31,0,14,0,14,0,14,0,14,0,14,0,14,0,14,36,31,0,14,0,14,0,14,0,14,0,14,2077,226,1120,149,103,49,26,22,108,70,16,17,10,13,18,21,88,54,157,59,113,46,138,45,120,49,141,35,82,36,957,139,35,30,0,14,49,50,43,45,9,11,7,10,23,20,71,38,131,44,118,63,172,44,209,53,90,38
1400000US06037106642,3592,630,382,258,218,133,0,14,28,42,0,14,0,14,0,14,0,14,78,81,0,14,26,39,34,56,8,12,44,66,0,14,164,169,0,14,0,14,0,14,0,14,0,14,0,14,39,62,92,88,4,22,29,44,0,14,0,14,0,14,3210,573,1510,289,88,50,14,25,118,64,10,15,31,36,30,35,65,64,264,156,169,75,152,63,333,159,133,62,103,60,1700,326,57,57,0,14,120,94,91,61,14,23,99,86,84,52,244,136,150,62,145,70,349,151,161,79,186,83
1400000US06037106643,4082,856,185,109,107,87,15,29,0,14,14,28,0,14,0,14,0,14,13,23,15,27,6,5,2,4,23,34,13,21,6,10,78,62,10,16,0,14,0,14,0,14,0,14,0,14,24,28,0,14,0,14,0,14,13,21,14,17,17,19,3897,858,1920,302,91,64,14,24,292,127,0,14,0,14,33,36,120,59,243,78,137,58,218,77,376,184,263,119,133,61,1977,683,76,93,0,14,93,90,18,27,0,14,0,14,88,68,225,172,231,77,376,155,376,221,362,311,132,55
1400000US06037106645,3143,585,231,159,78,60,0,14,0,14,0,14,22,28,0,14,0,14,18,29,0,14,0,14,2,7,25,28,8,13,3,6,153,116,0,14,0,14,0,14,0,14,0,14,0,14,0,14,13,21,0,14,26,28,24,24,74,91,16,23,2912,609,1315,326,81,78,73,93,82,50,84,70,0,14,0,14,48,44,32,31,240,126,159,96,221,96,160,73,135,60,1597,346,77,43,46,38,123,112,38,59,18,29,78,71,21,27,125,76,247,106,144,75,317,163,122,64,241,91
1400000US06037106646,3104,346,168,113,134,98,0,14,0,14,0,14,0,14,0,14,14,21,0,14,0,14,28,37,6,10,45,84,25,31,16,24,34,34,0,14,0,14,0,14,0,14,0,14,0,14,0,14,0,14,4,6,0,14,10,14,20,30,0,14,2936,372,1410,214,88,47,0,14,144,75,23,23,7,11,38,42,43,31,175,79,152,52,175,88,318,109,145,46,102,49,1526,218,107,89,60,51,63,41,17,19,9,13,60,39,83,50,180,89,209,66,147,53,335,100,81,34,175,68
1400000US06037106648,4500,546,510,245,212,118,0,14,0,14,61,67,0,14,0,14,6,14,24,38,38,33,0,14,25,30,29,45,0,14,29,45,298,164,7,17,0,14,56,56,0,14,0,14,0,14,47,53,37,40,15,19,68,73,5,11,56,69,7,13,3990,671,2135,397,158,95,60,63,173,82,111,81,20,23,93,82,206,85,250,136,308,124,349,141,197,86,173,99,37,44,1855,368,123,87,92,81,174,109,80,84,0,14,9,14,102,72,358,133,261,109,207,91,217,83,122,85,110,73
1400000US06037106649,2471,618,114,93,57,68,0,14,0,14,0,14,0,14,0,14,7,11,25,43,0,14,9,14,14,22,0,14,2,4,0,14,57,37,0,14,0,14,0,14,0,14,0,14,2,4,3,5,12,12,6,11,20,24,6,7,2,4,6,10,2357,636,1037,262,50,50,3,7,58,50,49,51,11,12,57,41,108,48,189,86,86,52,130,50,178,82,99,41,19,17,1320,394,52,45,0,14,115,67,22,21,18,29,30,27,167,113,124,49,170,76,191,59,145,62,93,41,193,147
1400000US06037107010,2863,313,101,58,9,10,0,14,0,14,2,4,0,14,0,14,0,14,0,14,0,14,0,14,7,9,0,14,0,14,0,14,92,54,0,14,0,14,0,14,0,14,0,14,16,22,21,24,15,22,0,14,27,24,0,14,3,5,10,16,2762,315,1540,224,27,36,0,14,53,54,119,45,70,35,24,20,124,85,344,142,235,94,186,79,187,72,131,63,40,26,1222,226,74,64,0,14,43,35,79,48,0,14,63,53,62,44,238,113,135,75,167,51,179,76,115,41,67,42
1400000US06037107020,4953,1097,1034,1075,479,540,147,239,0,14,0,14,5,10,95,153,0,14,7,15,7,13,12,20,60,65,89,143,57,61,0,14,555,541,16,20,7,12,121,179,12,21,5,9,0,14,126,184,6,11,111,155,53,60,81,75,0,14,17,21,3919,518,1943,286,130,88,24,35,216,94,67,48,13,17,79,63,100,96,280,121,175,81,411,114,251,96,131,52,66,58,1976,333,169,152,29,39,107,71,80,59,16,27,68,62,219,104,235,79,212,89,385,77,237,92,160,69,59,40
1400000US06037108101,2272,310,60,40,27,22,0,14,0,14,0,14,0,14,0,14,0,14,0,14,0,14,0,14,0,14,8,13,13,14,6,7,33,29,0,14,0,14,0,14,0,14,0,14,0,14,0,14,0,14,1,3,0,14,10,13,19,26,3,7,2212,312,1180,242,111,50,20,28,97,45,16,16,0,14,22,16,30,28,203,142,113,47,137,49,191,75,115,47,125,45,1032,126,44,36,12,15,47,29,56,35,8,12,4,6,59,44,134,59,110,37,138,48,168,64,126,67,126,53
1400000US06037108102,3500,527,417,310,218,192,0,14,0,14,0,14,35,54,0,14,25,36,0,14,0,14,0,14,64,62,22,38,0,14,72,77,199,127,0,14,0,14,0,14,0,14,0,14,0,14,52,50,2,6,25,36,0,14,10,17,0,14,110,87,3083,491,1530,249,119,49,0,14,57,46,107,48,36,43,10,18,118,89,169,94,322,128,203,69,94,47,131,78,164,61,1553,329,73,50,5,9,204,151,40,32,0,14,82,69,61,40,207,102,165,79,223,79,148,60,178,89,167,68
1400000US06037108103,3199,375,137,96,79,62,0,14,0,14,0,14,0,14,0,14,0,14,0,14,28,37,0,14,0,14,37,42,0,14,14,17,58,44,0,14,0,14,0,14,0,14,0,14,0,14,27,37,0,14,0,14,0,14,0,14,0,14,31,32,3062,386,1435,298,51,43,28,28,44,33,56,64,0,14,27,28,170,138,182,113,130,68,248,104,160,82,177,75,162,58,1627,208,91,71,0,14,79,63,18,26,0,14,83,54,163,105,162,74,173,57,260,97,238,91,203,61,157,54
1400000US06037108104,1723,407,101,83,49,42,0,14,0,14,21,23,0,14,0,14,0,14,0,14,7,10,2,6,0,14,0,14,19,20,0,14,52,45,0,14,0,14,16,21,0,14,0,14,0,14,0,14,0,14,17,20,0,14,0,14,19,22,0,14,1622,422,808,138,101,43,0,14,112,50,64,29,4,8,10,12,5,9,57,38,76,35,124,59,84,32,86,32,85,27,814,302,102,130,0,14,11,15,13,16,0,14,8,10,90,56,75,67,98,27,122,70,101,38,89,27,105,34
1400000US06037108202,11105,1491,398,258,155,139,0,21,0,21,0,21,0,21,14,22,9,16,20,35,0,21,0,21,101,105,11,17,0,21,0,21,243,148,0,21,0,21,0,21,15,24,48,66,20,33,0,21,18,31,0,21,20,34,20,31,83,100,19,31,10707,1447,5881,923,275,136,189,125,716,375,388,166,31,51,0,21,223,134,850,401,1020,272,1072,314,552,232,438,148,127,80,4826,720,131,72,118,105,214,128,271,171,19,32,242,162,357,341,344,183,1212,245,971,279,237,105,562,173,148,95
1400000US06037108203,3074,329,161,114,83,71,0,14,0,14,13,22,0,14,10,17,0,14,8,13,15,22,0,14,11,17,0,14,15,24,11,18,78,50,0,14,0,14,0,14,0,14,0,14,0,14,0,14,14,21,0,14,10,16,0,14,40,33,14,21,2913,314,1527,205,75,54,0,14,64,45,79,53,8,16,82,50,79,49,59,47,171,56,274,90,187,98,262,143,187,75,1386,187,16,25,38,47,65,78,20,24,13,22,0,14,47,39,110,60,227,62,211,83,206,87,308,75,125,68
1400000US06037108204,1849,324,53,94,27,47,0,14,0,14,18,31,0,14,0,14,0,14,0,14,0,14,9,16,0,14,0,14,0,14,0,14,26,47,9,17,0,14,0,14,0,14,0,14,0,14,0,14,8,15,0,14,0,14,0,14,9,15,0,14,1796,326,880,235,43,33,20,22,154,182,53,57,10,14,17,16,45,32,48,38,96,40,41,27,194,54,126,53,33,22,916,168,15,18,0,14,30,25,28,34,13,16,44,43,62,47,109,40,66,31,217,102,200,66,60,33,72,29
1400000US06037109100,2498,265,226,125,109,79,0,14,0,14,0,14,8,13,0,14,0,14,18,26,17,27,12,13,3,9,32,36,4,8,15,24,117,87,0,14,0,14,0,14,5,8,0,14,0,14,0,14,9,13,0,14,16,16,8,12,4,7,75,80,2272,275,1248,190,54,42,44,47,87,56,13,17,0,14,16,18,52,61,220,101,165,47,130,53,216,84,159,82,92,50,1024,161,32,30,4,7,53,59,8,14,22,24,7,10,17,13,171,95,122,45,106,56,114,47,191,65,177,54
1400000US06037109200,3094,597,148,100,104,84,0,14,0,14,0,14,0,14,0,14,0,14,6,11,24,30,0,14,0,14,34,49,0,14,40,64,44,50,0,14,0,14,0,14,0,14,0,14,0,14,0,14,0,14,25,40,0,14,19,33,0,14,0,14,2946,580,1445,459,83,85,7,12,165,138,24,34,60,92,5,10,87,62,166,94,160,73,203,140,269,100,163,69,53,50,1501,251,69,58,0,14,34,39,118,63,0,14,52,54,131,97,141,76,241,85,146,45,302,105,104,50,163,75
1400000US06037109300,3151,341,130,59,43,33,0,14,0,14,0,14,0,14,0,14,0,14,0,14,12,17,0,14,4,10,19,21,1,7,7,11,87,50,0,14,4,6,0,14,0,14,0,14,0,14,8,11,29,26,2,5,7,9,17,17,13,15,7,9,3021,343,1545,208,77,55,7,10,150,72,28,25,20,21,63,51,113,57,222,74,168,63,307,89,183,69,138,54,69,42,1476,171,83,49,0,14,54,36,145,59,16,22,39,26,137,65,97,58,222,39,181,70,241,57,138,48,123,76
1400000US06037109400,3665,777,209,144,126,92,0,14,0,14,0,14,0,14,0,14,13,20,0,14,29,28,0,14,0,14,25,29,19,24,40,61,83,64,0,14,0,14,0,14,0,14,0,14,0,14,0,14,0,14,0,14,0,14,41,63,11,19,31,29,3456,800,1830,463,118,91,98,43,61,45,52,40,0,14,0,14,134,79,484,231,154,78,371,177,147,87,98,49,113,102,1626,389,7,15,0,14,181,79,38,41,91,145,20,22,81,71,278,179,187,72,237,137,181,85,187,86,138,131
1400000US06037109500,3761,655,457,366,135,123,0,14,0,14,30,48,0,14,0,14,0,14,0,14,0,14,4,8,59,64,42,51,0,14,0,14,322,276,0,14,0,14,0,14,35,57,0,14,0,14,0,14,10,15,29,45,61,98,64,49,14,21,109,98,3304,462,1554,269,113,70,8,13,52,39,90,66,22,24,44,38,95,62,210,95,354,141,306,123,107,73,128,70,25,42,1750,281,97,76,0,14,99,70,26,27,55,55,34,53,178,120,294,128,196,77,282,110,267,117,196,84,26,29
1400000US06037109601,5141,767,270,177,217,178,0,19,0,19,0,19,0,19,0,19,0,19,0,19,7,17,128,158,55,84,11,21,11,12,5,7,53,40,0,19,0,19,0,19,0,19,0,19,0,19,7,16,0,19,11,19,11,20,18,23,0,19,6,10,4871,702,2260,305,24,32,10,19,125,78,155,106,0,19,67,59,255,97,404,177,219,90,513,143,151,73,202,88,135,76,2611,614,210,101,0,19,140,146,135,77,50,62,17,25,184,84,437,215,366,95,314,106,336,169,221,68,201,82
1400000US06037109603,4068,998,500,227,153,78,0,14,0,14,0,14,0,14,0,14,0,14,35,38,13,27,0,14,18,22,27,34,44,41,16,19,347,178,29,40,0,14,14,29,0,14,0,14,10,16,25,40,83,64,12,26,83,56,20,24,62,52,9,11,3568,1003,1584,411,36,38,0,14,193,133,59,64,72,67,5,10,107,69,401,291,133,77,127,74,307,68,75,54,69,50,1984,631,246,207,36,50,80,72,55,55,26,40,9,14,253,163,313,168,232,97,155,68,306,144,170,87,103,58
1400000US06037109604,2990,420,378,193,178,105,8,12,0,14,8,12,6,11,0,14,6,9,8,12,43,48,7,10,49,45,17,20,17,15,9,10,200,111,43,44,0,14,7,11,0,14,0,14,0,14,23,27,49,49,19,16,13,14,23,28,5,8,18,19,2612,357,1304,162,72,43,0,14,74,44,42,33,15,18,15,17,45,37,237,96,241,63,233,92,208,71,82,38,40,27,1308,230,18,19,24,34,118,55,28,26,12,13,6,8,104,57,141,56,221,65,161,67,186,66,131,90,158,114
1400000US06037109700,3953,646,408,207,182,112,11,17,0,14,21,29,21,29,0,14,0,14,0,14,20,32,15,19,20,27,7,10,24,25,43,63,226,151,0,14,0,14,73,100,0,14,0,14,21,28,0,14,10,16,57,44,9,14,7,13,0,14,49,51,3545,642,1671,383,126,107,15,26,84,68,10,17,16,26,10,16,126,63,239,146,299,177,196,103,149,72,290,140,111,76,1874,338,70,60,29,31,48,42,98,55,6,9,29,33,144,81,243,112,237,72,176,114,282,118,352,131,160,65
1400000US06037109800,4431,543,418,153,213,117,63,90,0,14,0,14,0,14,0,14,7,15,32,52,36,44,8,18,7,15,16,25,0,14,44,54,205,74,0,14,0,14,0,14,8,15,0,14,0,14,18,28,70,64,0,14,36,37,22,42,6,11,45,45,4013,537,2033,363,26,35,7,16,144,76,78,72,28,33,26,37,151,58,235,78,259,89,266,126,313,172,237,88,263,177,1980,321,72,71,41,38,156,95,51,49,0,14,37,50,71,66,253,124,312,84,274,66,172,69,367,144,174,101
1400000US06037111100,2986,328,187,103,69,46,0,14,0,14,0,14,0,14,0,14,0,14,2,7,3,6,18,28,0,14,5,11,23,19,18,21,118,77,0,14,21,32,0,14,0,14,0,14,0,14,14,22,21,30,4,6,7,21,26,35,4,8,21,29,2799,350,1414,187,36,29,14,21,146,62,28,24,24,24,42,31,144,62,149,67,203,78,211,56,184,69,166,49,67,36,1385,220,69,44,0,14,138,57,9,12,4,9,25,23,78,37,139,64,220,82,234,66,203,81,142,61,124,82
1400000US06037111201,3000,667,258,177,158,113,17,35,0,14,0,14,0,14,0,14,0,14,0,14,0,14,0,14,0,14,14,31,103,71,24,35,100,95,0,14,0,14,0,14,0,14,0,14,33,46,0,14,0,14,14,28,0,14,0,14,40,45,13,19,2742,643,1457,529,139,161,8,12,21,26,79,32,19,22,70,103,161,124,120,56,234,115,133,81,179,70,151,65,143,82,1285,207,8,12,0,14,0,14,95,47,15,27,27,30,84,52,187,78,185,120,165,79,246,79,136,67,137,57
1400000US06037111202,5852,1204,536,201,252,131,0,19,0,19,3,9,0,19,0,19,0,19,0,19,21,27,56,54,95,86,15,17,53,53,9,14,284,141,7,11,3,9,0,19,0,19,0,19,0,19,0,19,5,9,103,93,15,22,103,84,13,17,35,34,5316,1224,2624,719,114,86,0,19,146,71,159,193,19,27,11,17,213,103,257,140,400,170,632,317,346,122,230,139,97,62,2692,582,50,48,59,65,179,100,179,80,39,38,116,182,134,109,270,101,380,162,513,202,300,130,113,61,360,146
1400000US06037111204,6274,582,107,63,45,43,0,19,0,19,0,19,0,19,0,19,8,13,7,11,0,19,3,8,18,21,0,19,9,14,0,19,62,40,0,19,0,19,0,19,0,19,0,19,9,15,0,19,0,19,9,14,5,8,26,30,0,19,13,17,6167,583,3327,350,180,149,10,16,216,119,38,61,66,72,173,120,310,132,221,95,326,175,508,141,572,159,343,103,364,121,2840,333,88,68,10,15,113,79,69,48,94,92,145,107,114,71,244,163,221,92,557,165,362,133,506,124,317,116
1400000US06037111205,3975,779,210,146,85,96,0,14,0,14,0,14,28,38,0,14,24,32,0,14,0,14,0,14,24,32,0,14,9,15,0,14,125,71,0,14,0,14,0,14,0,14,0,14,15,17,28,35,27,37,29,32,0,14,26,39,0,14,0,14,3765,737,1699,267,98,90,39,34,82,53,176,258,13,22,0,14,94,60,225,115,173,54,299,129,119,57,287,88,94,40,2066,515,116,86,29,28,73,62,112,74,0,14,70,50,175,89,553,541,242,90,223,86,215,85,183,73,75,47
1400000US06037111206,4174,507,219,117,121,81,0,14,0,14,0,14,0,14,0,14,0,14,0,14,19,40,0,14,53,63,18,23,0,14,31,36,98,70,0,14,0,14,0,14,0,14,0,14,0,14,40,50,0,14,0,14,0,14,27,34,21,32,10,15,3955,528,1979,283,77,61,32,51,141,87,128,75,0,14,65,51,111,60,153,76,221,115,331,107,240,85,341,85,139,73,1976,323,140,120,0,14,187,142,85,54,32,40,81,59,52,37,71,53,197,94,300,88,262,95,347,111,222,82
1400000US06037111302,4854,663,361,192,216,143,32,47,0,14,0,14,0,14,0,14,0,14,22,29,124,102,0,14,18,28,0,14,0,14,20,25,145,77,0,14,0,14,0,14,0,14,0,14,0,14,44,37,39,43,9,15,12,17,10,16,11,17,20,24,4493,682,2211,358,60,51,27,23,111,54,35,24,34,32,41,33,238,85,341,153,425,250,261,132,343,139,204,72,91,42,2282,386,181,108,0,14,148,82,87,62,0,14,10,14,308,118,275,161,361,215,295,103,295,104,180,85,142,49
1400000US06037111303,4348,562,252,95,151,86,0,14,0,14,0,14,15,27,0,14,0,14,0,14,0,14,41,44,35,58,0,14,49,41,11,18,101,69,0,14,0,14,0,14,0,14,0,14,13,22,0,14,0,14,13,22,24,43,35,43,16,21,0,14,4096,563,1929,335,108,89,0,14,109,85,68,58,18,28,110,103,114,76,247,81,205,85,520,251,226,101,102,50,102,48,2167,327,225,140,0,14,153,94,63,57,33,33,51,62,183,96,293,107,321,175,223,87,227,118,221,80,174,85
1400000US06037111304,2948,520,947,421,358,186,0,14,19,30,0,14,0,14,27,42,53,80,57,72,135,100,28,42,39,63,0,14,0,14,0,14,589,284,40,56,0,14,48,72,19,31,0,14,26,41,18,29,166,106,43,48,51,79,48,53,130,154,0,14,2001,555,1066,432,50,71,0,14,26,51,0,14,10,15,2,7,108,62,427,346,140,65,106,88,88,88,75,61,34,33,935,195,26,29,0,14,80,89,0,14,0,14,10,27,37,45,283,123,165,77,103,84,145,97,86,66,0,14
1400000US06037111401,2287,344,78,56,20,28,8,14,0,14,0,14,0,14,0,14,0,14,0,14,0,14,8,13,0,14,4,9,0,14,0,14,58,40,7,14,0,14,0,14,0,14,0,14,0,14,0,14,40,36,0,14,0,14,8,10,0,14,3,7,2209,354,1088,184,119,97,6,11,96,31,34,27,0,14,0,14,71,54,166,107,114,50,203,88,93,57,126,62,60,39,1121,200,101,75,0,14,58,33,14,18,7,13,24,38,56,43,201,91,156,79,186,70,99,48,138,98,81,43
1400000US06037111402,5759,961,680,272,238,140,0,19,0,19,24,43,0,19,0,19,3,10,45,51,0,19,45,65,0,19,72,61,0,19,49,46,442,194,0,19,0,19,18,29,0,19,0,19,0,19,0,19,42,53,31,44,40,52,78,54,111,102,122,158,5079,957,2375,368,81,86,10,20,98,82,120,96,8,17,66,69,118,78,602,327,408,194,205,105,309,94,162,83,188,98,2704,698,12,80,0,19,424,460,97,75,0,19,51,60,191,128,256,139,429,211,216,91,489,272,197,98,342,282
1400000US06037113101,3661,427,481,183,173,111,10,18,0,14,0,14,1,10,0,14,0,14,0,14,10,16,22,33,0,14,38,49,23,24,69,71,308,96,0,14,0,14,14,28,1,10,14,27,0,14,0,14,19,21,0,14,0,14,99,72,9,65,152,65,3180,500,1451,283,120,121,0,14,58,42,18,34,28,28,15,28,141,92,91,63,187,59,216,102,278,102,151,55,148,117,1729,299,13,25,36,39,100,57,37,40,11,17,160,147,77,79,104,75,247,52,172,92,200,87,275,114,297,161
1400000US06037113102,2715,270,72,59,24,23,0,14,0,14,8,13,0,14,0,14,0,14,0,14,0,14,2,5,2,5,12,18,0,14,0,14,48,45,12,18,0,14,0,14,0,14,0,14,0,14,13,19,0,14,10,14,0,14,0,14,0,14,13,20,2643,271,1385,220,20,26,9,15,120,88,22,26,0,14,15,27,100,80,58,44,130,65,143,88,349,167,243,102,176,73,1258,176,37,50,0,14,57,45,19,24,0,14,29,30,70,58,104,55,96,45,129,70,285,111,261,100,171,79
1400000US06037113211,4148,588,270,130,121,74,21,33,0,14,8,15,0,14,0,14,8,15,0,14,0,14,20,26,0,14,58,49,6,10,0,14,149,90,0,14,0,14,0,14,0,14,0,14,22,39,33,53,0,14,29,32,16,15,36,43,7,11,6,10,3878,590,1838,303,48,43,23,25,139,80,141,66,0,14,145,128,61,43,140,94,272,140,349,133,176,75,113,60,231,69,2040,330,29,30,11,18,37,27,37,45,140,146,75,40,146,70,288,156,222,103,231,138,265,97,276,91,283,112
1400000US06037113212,2661,322,348,235,156,116,9,15,0,14,61,70,0,14,19,29,0,14,2,3,8,14,7,12,0,14,24,35,7,12,19,23,192,130,0,14,0,14,76,72,0,14,0,14,0,14,0,14,14,24,43,59,22,34,23,27,14,17,0,14,2313,352,1221,178,65,74,0,14,98,59,28,30,25,31,53,41,95,55,101,60,183,84,215,65,135,78,131,58,92,55,1092,277,77,64,0,14,0,14,51,46,0,14,20,31,87,71,134,67,170,75,186,95,156,81,130,58,81,48
1400000US06037113213,4858,723,318,239,179,131,0,19,10,16,21,33,10,17,0,19,31,47,34,53,11,17,21,34,9,13,32,32,0,19,0,19,139,120,11,18,0,19,11,17,0,19,0,19,0,19,33,49,0,19,31,30,37,56,8,11,0,19,8,11,4540,708,2235,402,50,54,21,32,165,113,105,76,37,34,48,34,108,50,578,229,184,99,244,78,430,127,152,63,113,59,2305,400,80,45,90,112,104,73,19,16,23,23,46,49,205,122,297,101,289,153,332,112,335,115,369,126,116,51
1400000US06037113231,2300,234,88,50,47,41,0,14,0,14,0,14,0,14,0,14,0,14,0,14,0,14,13,14,29,36,0,14,5,10,0,14,41,29,0,14,5,7,0,14,0,14,0,14,0,14,0,14,4,6,0,14,0,14,15,21,6,8,11,16,2212,240,1144,137,73,47,34,32,35,27,18,20,35,33,27,30,73,44,100,45,191,69,179,77,181,81,50,30,148,54,1068,126,27,21,0,14,40,32,77,44,8,13,12,15,57,35,84,52,102,31,216,82,184,67,173,64,88,35
1400000US06037113232,4945,622,335,192,187,91,46,66,0,19,0,19,0,19,14,23,22,47,15,39,18,44,0,19,35,33,9,16,28,50,0,19,148,112,0,19,0,19,15,24,16,24,0,19,0,19,0,19,44,48,20,29,15,23,11,16,9,15,18,22,4610,628,2465,377,41,40,26,30,152,72,61,46,13,18,130,89,215,120,377,192,332,105,262,113,445,166,224,80,187,83,2145,321,31,46,42,45,95,73,18,27,0,19,45,59,183,151,258,108,263,74,355,139,479,193,226,92,150,65
1400000US06037113234,5411,1228,836,375,406,200,95,111,0,19,30,47,0,19,10,17,0,19,0,19,39,58,30,47,43,67,64,56,87,94,8,13,430,235,47,76,0,19,50,56,0,19,0,19,0,19,62,82,46,51,50,56,12,19,25,29,89,78,49,50,4575,1221,2274,679,106,91,52,67,234,203,197,186,23,35,17,17,191,105,482,223,226,207,151,61,332,136,161,99,102,52,2301,584,150,138,26,38,143,177,10,16,33,32,45,44,106,55,487,245,170,104,210,96,472,160,278,91,171,94
1400000US06037113235,1811,343,326,172,128,63,0,14,0,14,60,51,0,14,0,14,0,14,0,14,28,23,33,30,0,14,0,14,7,10,0,14,198,114,24,23,0,14,31,46,22,21,0,14,0,14,0,14,44,45,31,27,0,14,18,27,28,23,0,14,1485,373,776,154,18,21,32,41,22,35,0,14,0,14,35,28,53,35,117,78,82,39,183,75,115,45,66,32,53,39,709,248,31,28,0,14,35,24,0,14,4,9,20,22,85,95,69,59,81,48,127,60,97,41,94,75,66,50
1400000US06037113237,4734,825,323,207,158,136,31,48,0,14,0,14,0,14,0,14,0,14,68,88,0,14,0,14,59,68,0,14,0,14,0,14,165,125,0,14,0,14,0,14,0,14,0,14,0,14,25,39,0,14,0,14,21,31,82,117,28,27,9,14,4411,863,2028,375,105,75,65,58,57,51,57,46,13,19,139,143,114,62,329,239,291,179,283,99,239,88,159,76,177,79,2383,582,290,239,14,27,135,67,0,14,20,22,65,57,126,63,190,85,393,186,255,87,349,178,263,143,283,203
1400000US06037113238,4171,561,424,262,166,123,20,29,0,14,39,38,0,14,0,14,54,73,10,17,0,14,0,14,24,35,19,30,0,14,0,14,258,162,0,14,0,14,72,55,40,39,0,14,28,48,0,14,28,33,36,35,0,14,54,60,0,14,0,14,3747,679,1936,391,136,77,51,55,193,99,79,70,0,14,0,14,131,93,340,126,238,107,317,187,204,98,162,79,85,68,1811,364,79,81,0,14,137,123,91,57,21,26,13,21,112,87,288,127,286,162,184,106,348,157,174,78,78,71
1400000US06037113239,1993,220,289,193,108,76,5,9,0,14,16,31,0,14,0,14,0,14,21,36,15,24,5,8,0,14,11,17,6,11,29,46,181,123,15,30,0,14,7,19,0,14,0,14,0,14,0,14,40,42,14,26,9,14,21,35,16,27,59,57,1704,209,839,156,0,14,0,14,45,57,0,14,31,44,22,36,68,56,246,134,100,73,30,25,205,96,57,44,35,32,865,176,74,104,0,14,70,59,43,49,0,14,0,14,46,49,173,107,29,30,165,76,151,89,82,49,32,37
1400000US06037113301,4298,621,381,183,172,107,11,16,0,14,31,36,0,14,0,14,0,14,24,32,36,40,29,54,7,12,2,6,22,34,10,16,209,152,0,14,0,14,0,14,0,14,0,14,0,14,152,143,57,68,0,14,0,14,0,14,0,14,0,14,3917,653,1980,467,4,13,0,14,86,52,26,33,0,14,10,16,297,266,359,132,205,89,134,72,312,163,297,132,250,97,1937,287,45,48,4,14,107,70,116,48,0,14,63,46,95,57,315,125,281,93,308,141,138,85,202,103,263,89
1400000US06037113303,3961,269,299,128,135,87,0,14,0,14,0,14,0,14,0,14,0,14,0,14,64,69,0,14,10,18,11,19,50,38,0,14,164,97,0,14,0,14,0,14,0,14,0,14,0,14,0,14,0,14,0,14,0,14,47,57,51,44,66,59,3662,291,1725,204,121,79,46,55,42,44,88,52,21,25,19,23,169,122,251,86,143,79,264,95,297,99,179,90,85,58,1937,176,214,74,6,9,102,72,40,38,16,20,98,55,97,61,215,93,224,110,367,68,197,79,210,87,151,96
1400000US06037113322,4905,768,586,326,303,210,0,14,0,14,36,58,0,14,32,48,0,14,31,46,75,108,43,55,0,14,77,96,0,14,9,14,283,147,0,14,0,14,0,14,0,14,0,14,0,14,32,48,0,14,31,50,39,46,53,68,0,14,128,117,4319,773,2142,442,101,88,0,14,135,91,143,107,75,73,145,181,228,209,178,96,249,99,317,137,245,88,199,107,127,77,2177,402,116,107,12,21,177,155,72,63,34,52,56,57,92,76,201,110,258,143,395,212,355,109,256,101,153,101
1400000US06037113323,3416,354,394,234,167,104,0,14,0,14,32,37,0,14,0,14,0,14,11,17,52,80,0,14,34,40,2,4,23,32,13,21,227,143,0,14,7,12,42,45,27,38,0,14,0,14,0,14,13,21,29,34,29,30,17,22,55,76,8,20,3022,346,1357,204,59,44,9,14,49,41,4,8,12,15,0,14,82,52,265,120,424,166,197,85,56,43,145,75,55,44,1665,331,68,63,36,38,26,32,33,47,78,86,30,28,121,72,360,238,317,114,175,72,156,88,239,109,26,31
1400000US06037113324,3010,1599,130,61,17,27,0,14,0,14,0,14,0,14,0,14,0,14,0,14,0,14,10,23,0,14,0,14,3,6,4,7,113,61,0,14,0,14,0,14,0,14,0,14,0,14,0,14,50,45,23,37,0,14,8,16,5,7,27,33,2880,1604,1661,937,195,92,29,39,307,321,218,309,0,14,15,27,77,64,195,85,473,357,65,50,78,60,0,14,9,22,1219,692,118,104,0,14,354,368,0,14,0,14,0,14,17,27,188,103,398,316,76,66,43,33,15,14,10,26
1400000US06037113423,2739,706,354,193,154,123,13,18,0,14,16,24,0,14,0,14,0,14,11,19,11,16,11,16,10,16,46,54,36,52,0,14,200,90,10,16,0,14,11,17,0,14,0,14,0,14,9,14,24,28,26,28,14,20,76,58,30,29,0,14,2385,726,1142,318,56,50,8,13,114,96,0,14,0,14,13,21,89,62,156,89,316,176,128,65,114,72,94,48,54,34,1243,499,217,187,7,11,131,169,40,45,26,39,10,15,84,56,108,56,199,127,169,67,99,50,74,40,79,38
1400000US06037113424,3069,535,209,148,88,101,0,14,0,14,19,31,19,31,0,14,0,14,12,46,5,13,16,27,10,23,7,12,0,14,0,14,121,79,0,14,0,14,0,14,0,14,0,14,0,14,0,14,0,14,18,26,0,14,10,18,4,8,89,71,2860,509,1692,377,108,45,31,33,290,249,11,20,18,26,0,14,125,74,240,112,324,153,269,81,54,40,142,59,80,74,1168,205,51,38,0,14,0,14,53,45,0,14,59,58,71,48,94,64,169,117,259,81,227,101,106,62,79,47
1400000US06037113425,3723,653,211,125,78,61,0,14,0,14,0,14,0,14,0,14,13,20,25,28,29,33,0,14,11,21,0,14,0,14,0,14,133,97,0,14,13,28,13,28,0,14,0,14,0,14,28,32,46,47,15,23,0,14,9,13,3,4,6,16,3512,622,1542,292,97,104,0,14,33,50,66,59,43,38,97,71,191,103,264,142,217,142,289,166,142,61,92,60,11,15,1970,442,72,78,0,14,114,112,74,78,40,48,162,91,373,153,365,130,106,89,399,118,243,110,13,22,9,20
1400000US06037113426,2169,312,390,207,123,68,0,14,0,14,0,14,8,12,0,14,8,12,34,41,14,16,0,14,34,39,0,14,25,25,0,14,267,166,9,15,0,14,26,38,14,20,0,14,25,35,37,37,35,35,0,14,54,44,28,36,19,27,20,21,1779,358,912,164,25,23,0,14,17,19,28,22,0,14,24,25,120,52,103,59,131,52,137,60,231,119,34,21,62,45,867,221,5,9,0,14,8,13,9,15,0,14,0,14,52,32,189,125,148,63,95,37,209,118,90,41,62,34
1400000US06037113427,2368,290,350,209,172,112,0,14,0,14,22,36,0,14,0,14,0,14,30,45,20,24,48,53,21,36,31,48,0,14,0,14,178,123,19,33,0,14,0,14,22,38,0,14,0,14,8,14,1,4,95,68,20,33,13,19,0,14,0,14,2018,294,906,147,0,14,23,29,52,56,50,64,10,16,56,50,46,39,201,96,199,114,141,67,54,38,67,56,7,10,1112,207,164,77,0,14,132,68,12,19,0,14,0,14,131,71,172,89,122,71,195,58,99,70,47,36,38,29
1400000US06037113428,4137,1491,246,217,106,107,6,24,6,23,0,14,22,35,21,33,0,14,17,33,11,21,5,22,0,14,0,14,12,19,6,14,140,130,0,14,0,14,50,73,0,14,0,14,0,14,0,14,15,24,25,35,22,35,9,16,5,9,14,32,3891,1495,1668,491,54,56,0,14,173,235,84,70,0,14,17,29,152,94,113,54,208,105,352,148,289,205,132,57,94,49,2223,1039,111,150,23,31,60,66,20,19,74,51,27,23,251,92,743,784,82,48,224,78,362,258,116,51,130,54
1400000US06037115101,4970,527,434,267,304,225,0,19,0,19,14,22,0,19,0,19,0,19,0,19,21,41,18,32,23,39,175,205,23,25,30,189,130,117,0,19,0,19,0,19,0,19,0,19,0,19,0,19,3,17,23,25,0,19,17,37,11,19,76,96,4536,493,2236,284,47,56,0,19,184,122,90,49,33,31,51,31,184,80,277,90,179,88,317,73,326,121,384,110,164,53,2300,302,58,56,63,102,65,41,89,56,48,46,85,52,179,73,141,75,239,80,299,100,262,82,575,110,197,72
1400000US06037115103,144,146,26,30,5,8,0,14,0,14,5,8,0,14,0,14,0,14,0,14,0,14,0,14,0,14,0,14,0,14,0,14,21,28,0,14,0,14,0,14,0,14,0,14,0,14,0,14,0,14,4,7,0,14,0,14,17,27,0,14,118,142,43,55,0,14,0,14,21,29,0,14,0,14,0,14,0,14,0,14,0,14,22,26,0,14,0,14,0,14,75,88,0,14,0,14,21,29,0,14,0,14,0,14,29,41,0,14,0,14,25,23,0,14,0,14,0,14
1400000US06037115104,4295,709,1065,475,406,312,0,14,0,14,0,14,0,14,0,14,0,14,104,91,120,114,147,196,10,18,0,14,25,38,0,14,659,274,0,14,0,14,0,14,10,16,0,14,0,14,381,253,212,136,0,14,13,18,18,23,0,14,25,24,3230,450,1531,360,93,89,13,25,16,27,36,43,0,14,55,69,212,175,392,152,208,98,89,71,199,160,160,79,58,43,1699,255,0,14,66,97,75,70,20,33,0,14,44,53,216,149,472,195,206,83,135,106,184,92,159,63,122,55
1400000US06037115202,6089,1161,1270,547,700,356,0,19,0,19,0,19,26,36,25,35,0,19,225,206,80,67,17,29,153,154,7,13,152,134,15,24,570,257,0,19,0,19,26,36,43,45,0,19,0,19,215,143,88,129,25,31,103,94,20,25,50,72,0,19,4819,1104,2396,642,52,51,0,19,89,72,109,122,0,19,47,55,279,270,815,392,303,142,173,121,275,116,175,67,79,52,2423,517,88,103,58,51,13,19,59,59,0,19,0,19,342,216,264,112,516,221,444,279,349,150,198,65,92,69
1400000US06037115203,2232,374,427,172,196,104,0,14,0,14,0,14,0,14,0,14,38,59,47,56,22,24,10,18,0,14,48,54,31,48,0,14,231,111,0,14,0,14,0,14,0,14,0,14,0,14,120,98,68,49,0,14,0,14,11,17,14,22,18,28,1805,353,837,191,27,35,0,14,48,33,44,40,0,14,0,14,104,138,116,85,232,118,51,43,122,78,83,56,10,16,968,291,137,157,0,14,0,14,47,59,0,14,19,22,89,84,136,77,204,110,31,31,77,51,185,123,43,53
1400000US06037115204,4628,865,805,652,334,308,140,210,43,65,43,65,0,14,0,14,35,55,0,14,10,17,0,14,48,58,13,18,0,14,2,6,471,383,42,64,0,14,42,64,42,64,35,54,0,14,138,221,0,14,127,148,36,52,9,14,0,14,0,14,3823,654,2033,450,170,112,36,56,261,140,12,19,0,14,0,14,111,88,462,299,347,173,214,107,202,117,183,95,35,30,1790,351,118,97,0,14,160,110,46,41,15,23,41,64,104,94,182,100,424,126,161,85,295,115,118,49,126,90
1400000US06037115301,4376,673,235,184,87,56,0,14,0,14,0,14,0,14,0,14,0,14,0,14,0,14,25,39,20,24,17,26,4,8,21,21,148,138,58,91,0,14,0,14,0,14,0,14,0,14,0,14,30,41,2,4,13,21,17,26,0,14,28,26,4141,677,1975,401,150,106,22,23,146,88,59,63,27,28,85,75,89,63,314,161,241,101,209,65,328,159,225,80,80,46,2166,356,47,37,7,12,126,81,80,67,0,14,0,14,102,51,318,183,335,82,293,140,380,114,309,81,169,78
1400000US06037115302,3729,435,682,289,363,200,36,37,50,57,13,22,17,23,36,53,8,13,44,47,40,44,38,38,51,61,0,14,18,30,12,16,319,129,0,14,0,14,10,16,56,62,30,34,2,7,47,37,3,5,40,37,36,29,69,60,19,23,7,11,3047,459,1524,267,75,64,12,18,83,45,76,43,0,14,58,52,168,67,202,79,241,105,255,111,192,82,118,46,44,27,1523,259,107,70,3,6,144,103,69,62,39,28,56,41,124,65,278,91,206,94,152,65,139,68,108,46,98,66
1400000US06037115401,5722,789,908,407,379,211,56,68,37,55,46,62,0,19,58,62,0,19,23,37,0,19,62,63,0,19,80,87,17,31,0,19,529,266,0,19,0,19,39,56,47,63,0,19,0,19,72,103,135,118,22,38,121,108,39,39,17,31,37,46,4814,826,2382,441,134,111,7,15,135,127,177,165,13,25,50,54,133,51,260,159,355,162,333,175,419,165,288,107,78,89,2432,516,23,30,81,89,125,104,213,223,50,76,60,57,213,132,293,144,284,124,477,212,211,97,301,117,101,94
1400000US06037115403,3405,784,826,732,480,447,100,150,0,14,111,169,0,14,0,14,0,14,12,20,14,21,118,128,76,62,5,8,4,7,40,41,346,298,104,158,0,14,0,14,0,14,5,8,0,14,15,20,136,157,36,45,5,8,6,23,39,41,0,14,2579,301,1277,153,19,27,12,23,28,42,25,37,39,43,124,82,231,80,279,144,203,110,120,90,132,77,49,67,16,23,1302,213,61,69,59,57,111,61,42,53,16,28,40,53,55,38,94,81,214,80,315,80,94,87,98,62,103,75
1400000US06037115404,2613,453,389,228,160,67,0,14,0,14,0,14,0,14,0,14,0,14,8,11,36,47,18,30,58,64,34,48,0,14,6,11,229,225,0,14,0,14,32,45,32,45,0,14,0,14,69,86,0,14,32,34,51,50,0,14,7,11,6,10,2224,458,1188,283,46,37,0,14,57,61,58,51,8,13,82,44,66,54,350,187,160,78,171,69,135,64,25,24,30,20,1036,233,101,52,0,14,109,55,60,49,0,14,16,21,45,43,249,91,125,54,128,54,90,50,63,39,50,31
1400000US06037117101,5179,674,644,380,269,184,0,19,0,19,44,68,9,16,0,19,38,60,35,41,39,38,23,38,38,46,16,24,0,19,27,33,375,255,0,19,0,19,82,86,48,73,0,19,9,17,0,19,37,55,110,99,36,37,0,19,41,41,12,19,4535,630,2283,316,48,50,56,54,111,57,91,70,31,38,45,45,340,154,192,104,264,125,550,176,423,161,82,41,50,38,2252,382,112,93,62,74,97,75,83,58,21,31,84,94,304,112,227,101,306,104,444,171,293,138,161,97,58,42
1400000US06037117102,2233,321,229,103,45,31,1,8,0,14,0,14,0,14,0,14,0,14,27,28,13,18,1,7,3,7,0,14,0,14,0,14,184,95,0,14,1,7,14,20,1,7,0,14,0,14,64,53,59,65,18,20,16,20,5,8,0,14,6,9,2004,292,1081,181,22,25,4,6,22,32,57,47,23,30,28,25,75,47,186,85,152,51,48,42,272,79,135,41,57,42,923,168,11,13,19,22,11,14,31,31,35,32,41,42,80,54,74,37,121,58,91,54,141,54,188,76,80,42
1400000US06037117201,3890,646,801,385,273,149,10,20,0,14,12,21,15,22,0,14,0,14,73,49,0,14,47,36,53,88,6,9,35,80,22,35,528,315,10,20,0,14,27,31,8,19,0,14,15,23,72,101,103,130,53,111,114,110,67,57,16,22,43,41,3089,531,1532,300,41,60,0,14,94,64,40,52,11,17,53,59,285,122,328,116,91,59,239,101,204,123,55,42,91,67,1557,364,55,71,0,14,65,74,40,39,36,47,38,54,167,96,422,152,119,56,253,101,161,85,103,47,98,48
1400000US06037117202,2736,440,334,132,196,95,0,14,0,14,20,28,21,28,0,14,0,14,0,14,22,28,3,6,10,15,97,55,8,9,15,17,138,56,0,14,0,14,3,5,0,14,0,14,0,14,7,10,4,13,13,17,22,25,18,19,36,36,35,30,2402,459,1260,269,66,34,8,12,72,40,93,81,7,10,32,27,151,96,94,43,126,43,169,80,151,53,195,100,96,39,1142,222,55,41,10,14,47,31,12,17,0,14,20,19,61,38,192,114,82,28,179,85,177,61,154,46,153,67
1400000US06037117301,3783,323,328,238,132,127,32,48,0,14,0,14,0,14,0,14,0,14,0,14,63,86,4,15,0,14,26,39,0,14,7,11,196,143,33,49,0,14,0,14,0,14,16,26,0,14,9,15,45,51,18,35,9,15,25,36,3,11,38,36,3455,405,1758,272,159,118,0,14,167,116,52,42,26,27,51,43,86,57,203,91,258,97,207,84,278,71,166,63,105,61,1697,250,82,75,65,71,156,87,21,26,0,14,29,34,155,104,217,99,250,86,168,65,318,90,158,78,78,60
1400000US06037117302,4694,621,485,213,209,101,0,14,0,14,15,26,69,61,0,14,14,24,0,14,23,34,37,49,0,14,30,31,21,27,0,14,276,143,0,14,0,14,0,14,34,37,0,14,16,23,31,36,59,66,29,32,15,22,38,35,21,25,33,35,4209,649,2068,352,48,42,28,26,190,90,163,152,26,33,17,14,114,66,301,121,238,100,306,121,281,103,180,102,176,64,2141,395,74,47,83,115,90,57,43,39,117,66,52,41,84,49,204,80,330,119,212,93,341,128,332,136,179,69
1400000US06037117303,4213,1072,184,106,86,64,0,14,0,14,0,14,0,14,0,14,0,14,6,13,36,52,10,15,7,21,0,14,19,21,8,13,98,77,0,14,0,14,0,14,0,14,4,9,0,14,4,10,0,14,16,33,0,14,28,32,8,13,38,44,4029,1047,2087,541,72,67,0,14,158,103,66,103,45,71,91,82,185,159,356,247,279,99,172,98,295,116,282,165,86,57,1942,538,263,191,0,14,93,79,56,48,12,19,26,31,65,46,204,134,318,120,156,74,310,137,323,215,116,76
1400000US06037117404,4916,1303,688,731,368,605,38,49,37,46,34,49,0,14,0,14,9,15,17,24,8,27,57,188,31,126,50,130,77,253,10,14,320,244,9,15,0,14,37,47,18,25,9,15,0,14,0,14,72,62,17,21,29,132,84,194,16,18,29,34,4228,1039,1962,498,102,93,0,14,147,129,75,74,32,41,4,9,53,54,225,92,372,194,219,91,422,414,213,171,98,51,2266,713,217,264,11,17,206,161,79,64,8,13,125,130,155,134,359,133,268,119,268,117,219,80,211,114,140,109
1400000US06037117405,3358,586,1008,280,475,174,31,38,8,15,62,46,69,50,11,19,47,40,96,65,50,42,75,42,16,22,0,14,10,17,0,14,533,158,47,40,14,20,76,60,32,30,24,26,15,19,53,37,82,50,84,43,73,57,17,21,16,17,0,14,2350,598,1199,344,22,23,41,41,33,30,68,42,0,14,89,52,226,106,204,87,136,71,124,54,224,173,22,29,10,16,1151,304,58,46,26,31,114,78,87,69,19,26,22,24,124,83,214,140,131,49,131,65,168,91,55,33,2,4
1400000US06037117407,3403,451,914,390,423,200,60,55,0,14,67,54,11,18,0,14,54,42,45,42,53,46,32,33,41,39,19,28,41,30,0,14,491,217,48,36,28,33,73,58,34,39,22,26,0,14,48,47,44,35,83,56,56,49,25,24,30,26,0,14,2489,401,1279,228,132,65,25,29,74,59,29,48,53,47,23,27,217,93,181,70,222,87,126,87,125,56,72,53,0,14,1210,221,31,34,4,7,111,63,107,66,0,14,51,44,100,68,321,100,144,81,179,74,113,58,49,39,0,14
1400000US06037117408,2588,321,1000,303,444,133,12,14,17,17,77,39,23,25,40,31,5,8,45,43,30,22,61,38,55,45,42,31,37,27,0,14,556,216,71,44,13,21,17,22,52,37,9,15,59,41,38,27,75,40,70,42,53,39,36,29,52,69,11,17,1588,274,938,196,33,27,12,17,122,56,4,5,7,10,18,21,86,47,176,83,159,62,90,42,113,52,63,32,55,43,650,123,28,27,0,14,36,28,69,41,0,14,15,17,59,35,135,49,118,48,64,34,50,24,37,28,39,32
1400000US06037117510,3767,628,949,540,486,312,125,101,0,14,93,127,0,14,0,14,0,14,30,34,32,50,82,82,89,69,0,14,35,34,0,14,463,253,40,66,0,14,40,64,55,73,19,22,0,14,40,42,141,120,58,48,23,37,12,19,35,32,0,14,2818,584,1558,382,43,40,0,14,64,49,164,83,60,67,86,67,87,61,327,183,221,105,212,90,227,150,50,40,17,26,1260,315,123,92,0,14,139,107,37,49,0,14,70,59,115,69,206,104,215,94,184,127,134,69,21,26,16,26
1400000US06037117520,3953,689,1518,519,774,314,176,109,29,28,118,83,49,45,0,14,41,39,67,62,87,81,90,67,4,8,53,46,60,66,0,14,744,293,51,63,0,14,163,87,46,43,0,14,34,53,133,103,77,52,139,73,32,33,0,14,56,53,13,34,2435,657,1265,343,58,54,90,78,83,57,92,61,0,14,13,21,175,99,245,121,199,95,158,73,129,87,17,15,6,9,1170,372,55,53,50,54,21,23,41,46,27,40,0,14,216,136,213,110,133,89,180,98,91,74,81,69,62,66
1400000US06037117530,5586,721,1558,548,658,273,0,19,39,60,124,108,30,34,42,65,37,44,55,47,48,39,120,91,55,50,58,52,25,33,25,19,900,332,121,77,0,19,151,108,29,39,22,35,16,24,36,33,83,58,180,119,83,59,55,50,56,53,68,52,4028,616,2109,398,136,100,37,44,92,60,150,82,25,40,66,62,305,129,370,130,288,126,326,127,193,83,77,56,44,30,1919,319,80,63,24,39,118,89,49,37,44,58,27,26,206,70,353,128,220,94,293,124,263,83,140,73,102,58
1400000US06037119001,4341,587,439,194,240,121,0,14,0,14,25,35,25,35,0,14,0,14,5,8,1,12,30,28,27,22,64,83,47,52,16,18,199,110,48,43,0,14,20,22,0,14,0,14,0,14,0,14,62,39,24,23,0,14,0,14,27,33,18,17,3902,536,2033,266,117,77,22,24,101,53,37,34,39,29,78,53,255,80,286,79,270,94,334,120,189,70,182,57,123,56,1869,337,51,38,0,14,46,37,91,58,0,14,33,32,184,110,288,89,233,68,294,74,358,159,160,68,131,42
1400000US06037119003,3417,678,520,217,305,142,48,34,15,21,9,27,40,31,0,14,8,13,14,20,26,26,54,53,9,15,64,69,0,14,18,21,215,100,0,14,0,14,8,15,7,11,18,24,0,14,30,33,40,42,33,27,15,18,22,27,42,32,0,14,2897,699,1389,267,10,16,19,29,53,36,20,28,35,28,35,29,145,48,254,97,211,112,211,65,197,114,144,47,55,45,1508,457,21,32,0,14,129,105,104,77,55,74,16,19,158,68,206,120,165,58,256,60,171,101,118,51,109,56
1400000US06037119004,2708,1098,276,204,157,141,17,28,16,25,15,25,15,25,0,14,0,14,0,14,19,27,15,25,0,14,24,37,6,9,30,46,119,73,0,14,0,14,0,14,0,14,0,14,0,14,0,14,42,53,0,14,0,14,0,14,41,36,36,44,2432,1098,1105,371,14,25,10,16,74,63,1,8,23,38,11,18,205,141,135,75,169,103,113,68,191,137,95,69,64,48,1327,770,208,204,0,14,165,150,44,49,0,14,36,32,60,36,267,283,86,67,166,139,141,68,106,51,48,32
1400000US06037119201,3655,780,352,226,111,65,0,14,6,10,0,14,0,14,0,14,0,14,24,27,36,32,17,18,2,4,7,12,11,14,8,12,241,207,0,14,0,14,14,20,0,14,0,14,0,14,63,101,0,14,85,103,0,14,14,17,30,27,35,37,3303,621,1743,320,50,35,30,30,117,45,113,57,7,10,41,38,159,106,336,126,158,53,276,116,292,80,95,41,69,32,1560,334,153,139,0,14,68,34,18,23,0,14,32,25,155,104,267,94,244,67,202,96,181,51,130,49,110,54
1400000US06037119202,4240,606,424,329,151,125,36,43,0,14,14,29,0,14,0,14,19,31,0,14,13,27,17,23,21,35,9,14,5,9,17,23,273,218,17,32,0,14,0,14,19,31,0,14,0,14,31,43,27,33,0,14,46,51,65,54,57,66,11,17,3816,475,2093,309,77,82,0,14,110,69,175,106,76,37,11,29,237,84,377,125,203,100,356,94,160,64,225,108,86,69,1723,267,76,76,0,14,148,104,14,23,0,14,42,41,161,108,350,135,163,68,231,74,247,100,159,67,132,83
1400000US06037119310,3674,580,601,385,310,216,0,14,55,88,9,15,0,14,0,14,0,14,12,18,127,130,38,46,8,14,0,14,37,57,24,36,291,195,60,97,0,14,0,14,0,14,0,14,0,14,13,20,64,80,21,26,0,14,6,13,12,20,115,99,3073,569,1645,326,37,36,9,15,106,75,49,33,48,42,76,57,239,106,281,131,211,111,159,68,233,87,101,77,96,62,1428,314,60,59,7,12,147,83,46,48,0,14,0,14,150,72,204,103,163,83,275,114,147,69,172,123,57,36
1400000US06037119320,4160,483,786,442,323,200,95,97,0,14,0,14,0,14,0,14,0,14,33,51,72,76,0,14,74,71,39,36,0,14,10,16,463,257,19,31,0,14,59,70,0,14,0,14,0,14,120,88,86,72,41,63,95,81,11,17,22,24,10,15,3374,512,1748,304,134,93,7,15,130,83,45,40,8,13,28,34,147,81,361,138,250,116,187,101,339,187,82,52,30,29,1626,318,17,23,81,88,128,91,106,92,22,36,46,53,132,74,398,145,117,69,150,59,208,89,153,69,68,90
1400000US06037119340,3603,476,1099,374,517,197,65,63,41,33,58,30,39,37,0,14,0,14,22,27,191,129,65,46,14,18,17,25,5,8,0,14,582,267,27,29,0,14,169,142,21,33,26,25,0,14,102,77,72,45,77,55,16,20,60,40,0,14,12,17,2504,429,1368,272,81,48,0,14,70,56,110,66,21,25,52,39,248,142,222,90,210,68,265,98,53,35,7,9,29,30,1136,228,121,53,14,22,92,53,71,47,15,24,33,29,106,52,196,90,133,61,212,81,113,55,28,23,2,3
1400000US06037119341,2625,395,485,170,191,94,0,14,0,14,23,25,0,14,21,33,0,14,0,14,29,25,6,10,32,38,19,24,34,27,27,33,294,105,25,21,0,14,24,23,25,19,7,11,16,15,29,20,27,25,39,25,17,18,7,10,69,43,9,14,2140,412,1110,242,39,60,0,14,97,63,47,31,13,18,14,18,142,65,123,51,138,85,184,86,141,45,58,34,114,87,1030,198,47,45,0,14,6,10,27,23,7,10,25,37,105,64,122,75,128,46,171,55,149,57,166,78,77,40
1400000US06037119342,3010,472,294,194,96,95,0,14,0,14,0,14,25,30,17,28,0,14,12,22,6,12,24,29,6,10,6,12,0,14,0,14,198,113,0,14,0,14,0,14,18,27,0,14,27,33,40,39,15,16,65,57,12,14,0,14,14,19,7,11,2716,483,1320,289,80,77,0,14,107,68,35,27,42,38,90,60,82,50,225,94,253,88,139,60,129,68,92,62,46,61,1396,286,37,49,27,30,132,75,98,54,49,45,9,14,161,78,219,97,164,72,213,74,194,64,19,19,74,38
1400000US06037119400,4712,786,242,125,135,80,0,14,0,14,0,14,0,14,0,14,0,14,3,8,39,46,30,29,22,26,9,18,29,26,3,4,107,75,0,14,0,14,0,14,0,14,0,14,0,14,38,59,0,14,0,14,0,14,22,36,23,22,24,39,4470,792,2342,440,180,105,30,40,181,83,125,99,0,14,124,100,332,128,440,235,218,93,350,149,176,92,121,60,65,64,2128,396,100,80,34,52,163,89,114,82,0,14,44,44,227,149,395,125,175,73,363,153,196,85,114,57,203,162
1400000US06037119700,4427,674,140,85,36,42,0,14,5,9,5,9,0,14,0,14,0,14,0,14,10,16,0,14,7,11,0,14,9,15,0,14,104,79,0,14,0,14,0,14,0,14,0,14,0,14,6,11,44,67,32,42,6,10,6,15,0,14,10,15,4287,678,2002,377,53,55,0,14,191,128,17,27,40,53,50,48,268,117,234,112,225,169,390,161,293,90,144,78,97,51,2285,426,0,14,22,35,57,73,70,52,28,45,36,35,246,142,429,158,305,202,290,151,324,166,299,110,179,106
1400000US06037119801,2596,279,417,290,136,99,36,41,0,14,0,14,0,14,0,14,0,14,21,19,42,41,8,13,9,21,7,12,13,16,0,14,281,200,0,14,0,14,0,14,33,37,1,9,31,35,23,21,41,40,0,14,46,41,41,42,44,39,21,31,2179,406,1330,257,145,79,9,16,74,46,32,35,51,67,78,44,133,61,266,70,67,39,174,83,158,47,61,35,82,58,849,225,76,59,0,14,19,38,21,27,0,14,29,27,45,30,144,57,99,35,174,51,77,44,90,43,75,39
1400000US06037119802,3018,753,468,274,202,119,12,19,0,14,18,22,44,43,0,14,14,18,6,9,10,13,27,30,30,26,35,37,6,10,0,14,266,175,19,30,0,14,0,14,17,20,0,14,0,14,21,27,65,75,28,27,44,38,32,29,15,18,25,26,2550,736,1198,375,18,21,0,14,62,101,55,52,0,14,46,51,85,75,180,69,177,76,211,94,188,76,89,50,87,88,1352,386,107,67,0,14,43,41,48,44,31,46,26,34,225,83,84,48,302,135,139,65,161,44,98,42,88,90
1400000US06037119900,4068,637,48,45,19,21,0,14,0,14,0,14,0,14,0,14,0,14,0,14,6,9,0,14,0,14,5,8,8,12,0,14,29,33,0,14,0,14,0,14,0,14,0,14,0,14,18,29,7,12,0,14,0,14,4,7,0,14,0,14,4020,633,1980,341,91,68,0,14,177,85,5,9,135,114,33,32,194,133,227,98,289,132,378,133,210,112,206,100,35,37,2040,368,49,48,0,14,228,145,77,53,0,14,9,12,118,82,344,144,240,76,364,148,220,101,223,98,168,93
1400000US06037120010,2551,328,378,177,187,90,24,35,13,20,16,22,0,14,0,14,0,14,11,15,22,32,22,25,19,24,32,28,15,17,13,15,191,107,25,36,0,14,16,25,19,25,0,14,3,5,8,13,41,38,22,25,35,29,0,14,13,18,9,14,2173,385,1086,247,57,36,21,17,110,69,19,25,0,14,29,33,91,40,226,102,109,39,194,122,105,46,107,38,18,17,1087,194,77,53,37,32,56,37,48,37,7,11,22,24,126,58,171,59,125,43,154,57,157,53,80,38,27,21
1400000US06037120020,4071,562,966,349,423,178,0,14,55,55,55,57,0,14,19,30,23,29,69,85,42,52,96,74,14,22,9,15,41,43,0,14,543,192,0,14,0,14,84,82,41,43,42,37,43,48,0,14,55,58,203,117,24,30,30,32,0,14,21,34,3105,509,1560,299,94,74,0,14,142,99,45,53,0,14,20,30,165,82,381,130,175,82,155,87,139,67,231,181,13,21,1545,276,106,91,0,14,69,60,65,65,9,15,27,28,196,72,305,122,119,70,209,97,332,144,99,72,9,15
1400000US06037120030,2511,295,713,232,291,109,26,29,0,14,34,25,5,8,0,14,26,24,25,27,16,18,53,35,34,37,51,59,17,21,4,7,422,152,26,29,0,14,60,42,31,32,0,14,19,27,7,12,92,56,38,32,21,28,88,63,21,24,19,29,1798,353,1042,216,50,42,6,8,26,30,104,61,31,29,39,21,148,79,141,63,188,88,105,46,115,46,58,36,31,24,756,163,0,14,7,11,75,47,41,34,12,18,14,17,56,34,85,46,127,67,141,69,141,63,33,33,24,24
1400000US06037120103,2793,343,976,315,459,181,60,61,0,14,63,44,73,49,32,35,32,30,38,32,40,40,92,53,21,23,8,13,0,14,0,14,517,169,56,62,8,14,79,52,24,25,8,14,32,31,22,27,42,35,104,53,82,44,33,32,22,22,5,9,1817,362,1056,259,21,21,15,24,36,38,22,20,48,44,31,29,163,66,283,113,155,78,148,81,83,54,51,42,0,14,761,203,65,48,4,7,88,55,31,29,19,30,18,23,86,47,83,49,155,80,105,51,86,50,21,24,0,14
1400000US06037120104,2367,390,583,294,239,100,52,54,28,35,0,14,7,13,0,14,0,14,35,40,27,27,7,12,19,21,45,55,19,16,0,14,344,212,11,17,14,23,28,36,0,14,0,14,5,8,62,52,84,54,35,37,21,22,9,15,19,20,56,76,1784,308,912,184,65,53,19,30,37,35,13,18,21,31,7,14,111,46,217,70,99,52,101,47,135,50,68,41,19,18,872,179,76,54,18,27,26,32,6,9,24,30,11,17,58,56,135,39,148,76,104,46,123,44,136,73,7,11
1400000US06037120105,2684,391,505,195,196,74,19,30,0,14,16,26,0,14,0,14,10,18,16,17,17,26,29,29,35,28,22,22,12,17,20,18,309,139,18,28,0,14,77,58,11,17,5,11,0,14,26,30,43,38,0,14,45,31,13,17,51,38,20,17,2179,441,1194,232,32,27,0,14,35,41,78,47,50,39,1,8,107,53,204,75,287,130,108,58,181,71,64,36,47,35,985,256,41,49,11,18,60,50,22,23,0,14,37,33,105,66,148,59,143,60,127,66,106,47,116,74,69,57
1400000US06037120106,3880,558,1624,608,990,424,37,42,20,31,48,45,121,88,19,30,53,46,77,67,74,55,162,99,43,50,41,70,222,274,73,60,634,293,57,73,0,14,121,84,55,46,55,74,33,38,14,22,40,34,137,98,77,68,0,14,29,26,16,25,2256,498,1325,355,118,83,23,28,53,49,26,32,69,48,24,38,223,113,266,109,153,76,234,148,30,38,92,89,14,22,931,229,58,69,0,14,49,54,49,43,0,14,0,14,113,75,154,86,151,71,248,110,78,44,0,14,31,49
1400000US06037120107,4018,757,1521,477,788,288,149,100,42,48,96,65,48,78,23,37,31,36,87,63,62,51,88,66,80,60,0,14,54,42,28,34,733,240,69,66,0,14,61,52,37,32,10,18,14,22,87,66,73,63,200,80,34,37,40,43,108,67,0,14,2497,756,1219,415,93,115,12,20,132,73,79,63,12,19,7,13,95,65,286,151,85,68,242,143,96,66,60,46,20,20,1278,406,34,37,17,26,92,92,123,69,22,33,101,71,222,181,188,97,208,99,69,38,120,118,74,51,8,14
1400000US06037120108,4624,586,1180,588,552,305,66,96,0,14,130,146,22,39,0,14,0,14,68,62,0,14,136,98,32,51,27,38,52,49,19,27,628,324,69,62,23,39,23,36,127,144,22,37,0,14,30,46,45,54,91,79,116,132,31,33,10,15,41,39,3444,542,1717,312,14,24,34,38,118,73,104,78,0,14,134,93,207,99,199,83,277,118,328,107,204,98,71,59,27,32,1727,357,49,62,0,14,58,48,133,80,0,14,9,13,254,111,246,105,314,125,319,154,192,98,120,58,33,38
1400000US06037120300,5411,758,777,392,341,254,0,19,0,19,0,19,23,29,79,130,8,14,27,32,0,19,12,22,35,38,122,129,35,42,0,19,436,200,0,19,0,19,13,22,0,19,0,19,0,19,31,51,109,109,17,22,38,31,176,131,13,22,39,60,4634,706,2264,446,51,78,33,37,197,133,144,84,74,80,36,37,63,47,388,135,430,162,315,153,239,96,275,105,19,22,2370,403,106,83,22,35,223,146,156,160,13,20,6,12,162,108,318,153,466,136,293,117,334,112,162,79,109,77
1400000US06037120400,6035,824,1051,642,548,339,0,19,0,19,98,113,49,85,0,19,0,19,141,123,60,72,56,94,0,19,82,90,62,113,0,19,503,356,0,19,0,19,71,91,0,19,0,19,50,85,0,19,16,24,133,114,49,74,41,67,32,59,111,122,4984,886,2509,530,101,98,0,19,159,133,148,138,15,25,32,62,262,166,618,266,130,81,346,212,310,167,188,150,200,153,2475,519,168,146,38,47,292,176,137,121,0,19,0,19,148,102,358,177,470,193,258,144,401,179,162,102,43,44
1400000US06037121010,4915,631,405,303,76,61,0,14,0,14,0,14,0,14,0,14,0,14,0,14,31,40,12,19,0,14,28,32,2,7,3,6,329,247,34,43,32,41,64,81,0,14,0,14,11,18,0,14,29,38,23,26,35,38,52,62,28,43,21,20,4510,732,2455,462,27,27,64,62,125,62,114,101,5,7,45,68,171,108,287,141,466,141,320,167,312,102,348,124,171,95,2055,387,97,80,0,14,210,109,4,7,11,19,29,44,107,63,320,137,313,141,269,133,388,90,255,85,52,38
1400000US06037121020,3654,575,470,292,177,120,4,8,0,14,17,28,0,14,0,14,0,14,0,14,30,40,19,29,26,43,33,37,0,14,48,49,293,191,0,14,0,14,0,14,17,29,41,51,0,14,51,52,29,36,0,14,54,51,27,34,27,29,47,48,3184,611,1719,388,96,97,0,14,158,104,123,65,0,14,52,46,163,95,308,149,212,80,188,86,187,121,162,85,70,58,1465,297,61,58,0,14,76,59,79,69,36,39,26,34,86,50,239,121,263,80,193,158,242,114,112,54,52,43
1400000US06037121101,3108,501,477,251,227,122,0,14,0,14,23,39,26,42,0,14,0,14,16,25,6,9,32,35,13,21,37,36,33,22,41,33,250,143,0,14,0,14,31,43,18,28,0,14,0,14,13,19,24,28,21,25,10,18,71,53,39,30,23,27,2631,500,1459,337,34,34,0,14,128,93,35,32,26,31,25,30,173,92,266,107,144,72,307,102,171,67,119,82,31,24,1172,253,52,46,5,9,68,57,65,55,7,10,0,14,127,69,174,68,209,95,201,94,163,64,69,34,32,26
1400000US06037121102,2429,240,102,50,46,37,0,14,0,14,0,14,0,14,0,14,0,14,5,8,6,11,0,14,2,3,27,34,6,8,0,14,56,35,0,14,0,14,0,14,0,14,0,14,0,14,5,7,0,14,0,14,8,9,36,31,7,10,0,14,2327,258,1116,126,41,38,18,22,147,65,0,14,46,32,56,44,107,52,138,65,149,71,123,53,118,39,87,51,86,40,1211,167,33,35,34,45,74,41,44,33,42,37,24,22,52,38,196,71,207,47,183,70,120,52,116,70,86,42
1400000US06037121210,3072,533,380,160,187,96,0,14,0,14,29,28,0,14,34,32,5,7,9,12,33,37,0,14,19,22,20,18,28,24,10,16,193,102,0,14,0,14,25,25,7,10,17,23,0,14,6,10,10,15,37,29,6,9,10,11,39,38,36,25,2692,551,1387,296,45,38,20,24,59,65,77,46,9,10,37,35,210,93,218,95,214,68,158,64,118,69,109,52,113,53,1305,280,93,91,0,14,81,33,148,74,95,47,0,14,78,45,145,83,148,51,150,68,91,39,157,79,119,38
1400000US06037121221,2135,323,306,234,174,155,51,79,0,14,39,42,38,42,0,14,0,14,0,14,0,14,7,12,0,14,34,34,0,14,5,9,132,88,0,14,16,26,23,36,0,14,0,14,0,14,6,10,0,14,61,43,0,14,20,23,0,14,6,8,1829,274,960,153,14,16,7,10,64,51,37,37,0,14,16,15,141,57,107,58,239,68,75,47,117,52,111,59,32,27,869,174,51,42,0,14,62,41,0,14,0,14,6,8,43,46,167,70,170,81,115,54,132,50,97,40,26,24
1400000US06037121222,5186,722,871,348,355,176,37,56,0,19,99,97,0,19,9,14,0,19,0,19,46,53,71,73,39,51,54,53,0,19,0,19,516,221,0,19,62,66,57,56,0,19,0,19,22,35,67,96,84,87,97,77,73,69,46,42,8,14,0,19,4315,790,2190,410,90,72,38,46,131,116,86,64,40,58,76,58,238,123,521,166,231,102,283,138,188,99,218,109,50,42,2125,478,163,115,0,19,70,58,148,114,0,19,66,61,325,166,317,157,238,116,391,123,178,85,156,80,73,48
1400000US06037121600,2572,357,327,235,60,47,0,14,0,14,0,14,0,14,0,14,0,14,6,10,19,18,28,34,0,14,0,14,7,13,0,14,267,218,48,68,0,14,0,14,0,14,28,42,0,14,11,14,7,12,51,56,61,59,36,45,7,14,18,19,2245,383,1116,218,60,51,0,14,117,66,35,30,42,41,8,13,80,47,114,52,194,71,110,46,180,63,146,54,30,20,1129,192,25,25,21,27,61,51,28,40,21,31,5,8,73,41,173,64,121,59,197,80,155,62,199,77,50,33
1400000US06037121801,4096,656,468,211,187,99,23,38,0,14,15,22,8,14,0,14,9,15,38,37,0,14,35,54,24,24,25,24,10,16,0,14,281,157,0,14,14,22,0,14,0,14,0,14,13,18,34,39,21,24,107,105,32,33,17,26,21,22,22,24,3628,641,2134,491,82,62,48,54,189,131,86,50,0,14,100,82,281,145,430,211,397,151,243,123,139,71,119,65,20,24,1494,341,29,34,19,29,172,122,91,89,46,47,0,14,79,61,241,141,276,122,125,98,258,99,88,58,70,50
1400000US06037121802,3395,391,806,206,570,170,12,18,6,10,38,56,6,10,0,14,0,14,20,45,111,150,49,47,156,69,110,62,29,48,33,49,236,127,20,30,0,14,0,14,0,14,0,14,0,14,0,14,37,32,59,47,70,96,16,40,15,16,19,43,2589,399,1289,260,92,43,0,14,82,69,5,9,0,14,26,20,159,111,223,59,156,58,187,89,145,74,212,139,2,3,1300,262,103,83,0,14,93,58,49,23,0,14,26,23,84,43,198,101,126,51,233,127,248,109,115,54,25,23
1400000US06037121900,2792,548,237,157,100,74,0,14,0,14,8,13,0,14,0,14,0,14,0,14,34,43,2,4,4,7,52,49,0,14,0,14,137,101,0,14,14,41,9,14,0,14,0,14,0,14,8,14,56,55,0,14,0,14,41,45,9,15,0,14,2555,602,1080,248,42,51,0,14,68,58,9,14,28,29,14,22,141,104,181,81,151,90,164,82,129,75,79,65,74,44,1475,471,101,89,0,14,75,71,12,23,0,14,0,14,208,199,244,104,110,71,332,212,211,92,75,61,107,65
1400000US06037122000,5131,793,436,150,191,91,0,19,0,19,0,19,0,19,0,19,0,19,16,27,88,58,0,19,0,19,59,49,7,11,21,34,245,125,0,19,0,19,0,19,0,19,0,19,0,19,31,48,18,29,0,19,32,52,80,63,74,65,10,16,4695,801,2134,419,43,36,0,19,83,95,107,74,46,53,49,62,228,128,511,219,174,107,344,153,245,93,271,155,33,23,2561,533,117,92,63,65,193,136,29,40,55,68,61,82,253,155,320,163,357,155,338,167,394,156,186,104,195,99
1400000US06037122120,4361,587,932,360,276,157,31,48,0,14,35,35,53,58,13,22,0,14,39,38,9,15,29,32,22,27,32,38,8,14,5,7,656,266,60,88,0,14,135,119,47,40,0,14,33,52,10,17,53,47,65,56,96,71,35,35,53,43,69,83,3429,641,1751,373,32,52,22,32,132,110,51,48,11,18,10,16,231,125,240,103,232,139,244,104,278,100,232,95,36,35,1678,395,35,42,0,14,74,60,81,76,0,14,83,71,206,121,272,130,193,128,282,106,169,83,220,73,63,53
1400000US06037122121,2507,409,792,392,254,158,0,14,0,14,29,31,34,39,49,67,0,14,19,25,9,14,42,68,0,14,27,33,45,43,0,14,538,243,0,14,26,37,116,154,9,14,15,22,0,14,18,22,57,42,58,65,81,50,104,69,46,41,8,11,1715,248,946,177,96,86,3,8,38,31,12,16,0,14,20,24,113,59,158,81,109,50,205,99,115,40,35,24,42,33,769,117,60,37,8,15,43,30,15,19,4,8,0,14,139,62,146,66,100,53,82,32,86,42,15,13,71,37
1400000US06037122122,2446,584,752,378,407,233,11,17,64,91,15,19,54,39,0,14,25,27,55,78,21,26,54,54,50,36,0,14,41,36,17,23,345,163,0,14,0,14,16,19,28,34,0,14,63,80,27,24,27,43,69,54,3,8,53,33,28,26,31,27,1694,534,997,288,23,21,16,20,183,213,25,28,3,6,32,27,86,54,188,91,152,63,128,65,63,39,75,38,23,28,697,267,68,97,0,14,8,13,17,27,5,9,16,22,87,84,125,57,109,52,109,53,105,63,44,27,4,7
1400000US06037122200,3725,450,669,299,297,139,20,33,0,14,46,40,14,19,11,16,16,20,5,9,52,41,33,35,42,29,39,53,7,11,12,13,372,192,70,80,0,14,14,21,7,12,14,19,14,19,82,60,17,28,33,30,69,45,28,29,13,15,11,11,3056,522,1601,291,144,77,11,12,113,61,32,28,41,32,51,38,168,75,304,104,183,93,221,84,162,68,144,63,27,21,1455,272,127,81,0,14,99,55,102,64,0,14,19,22,111,62,317,88,199,74,139,60,172,65,137,63,33,28
1400000US06037122410,3849,552,617,221,324,145,0,14,0,14,14,22,25,31,17,25,0,14,0,14,91,100,78,61,21,33,41,38,17,23,20,32,293,130,7,13,9,14,27,34,0,14,0,14,10,20,16,24,59,50,46,47,75,45,38,33,0,14,6,10,3232,523,1845,368,175,138,15,24,107,142,64,75,17,27,59,57,299,159,305,136,284,142,296,103,157,96,39,42,28,29,1387,232,62,64,0,14,60,63,44,42,21,30,18,28,110,71,420,137,120,74,261,94,187,91,67,40,17,20
1400000US06037122420,4697,741,1136,443,430,222,0,14,0,14,0,14,30,50,0,14,0,14,28,47,79,73,84,63,162,93,40,51,7,13,0,14,706,338,0,14,0,14,127,116,0,14,49,51,0,14,173,163,15,18,87,74,143,102,19,29,30,48,63,64,3561,878,1673,451,53,56,45,61,134,113,0,14,55,55,0,14,151,106,414,184,263,102,275,111,150,126,91,58,42,36,1888,465,89,74,0,14,54,57,129,105,47,55,75,63,203,135,557,255,166,77,185,121,143,95,123,73,117,57
1400000US06037123010,4060,632,1008,420,394,200,0,14,18,28,136,119,0,14,0,14,0,14,0,14,40,39,44,49,23,37,92,65,29,40,12,20,614,253,56,48,0,14,43,43,22,37,0,14,16,25,56,57,157,97,101,67,27,30,78,62,38,40,20,33,3052,711,1245,311,37,59,25,29,88,96,21,25,43,49,42,33,58,46,257,89,246,117,227,121,88,61,54,53,59,49,1807,424,65,54,27,30,101,68,163,92,39,62,47,45,229,83,316,123,179,79,275,125,177,102,99,62,90,56
1400000US06037123020,2820,435,389,212,122,81,0,14,0,14,20,26,32,31,0,14,0,14,17,19,0,14,0,14,39,37,14,22,0,14,0,14,267,150,21,33,0,14,40,41,37,29,19,29,0,14,14,22,0,14,35,37,26,28,39,37,23,26,13,20,2431,463,1381,307,43,50,9,11,99,57,33,27,26,25,27,26,127,54,233,86,133,52,295,195,223,82,68,27,65,36,1050,201,10,14,0,14,48,36,7,12,33,32,12,16,71,34,183,94,130,52,304,107,96,41,82,42,74,42
1400000US06037123103,4105,607,574,250,209,130,29,42,0,14,0,14,29,44,14,21,0,14,21,23,0,14,0,14,40,43,67,74,9,15,0,14,365,166,15,25,0,14,0,14,0,14,0,14,0,14,32,38,85,70,22,32,28,32,77,68,51,53,55,43,3531,651,1759,335,66,62,0,14,145,93,49,41,31,26,0,14,149,76,426,185,453,162,208,80,123,75,53,38,56,64,1772,421,70,64,29,34,139,71,59,65,0,14,125,102,251,160,206,96,240,85,220,125,224,132,100,57,109,47
1400000US06037123104,4654,627,806,526,455,441,0,14,0,14,121,154,129,151,0,14,7,48,0,14,0,14,43,42,102,133,16,19,0,14,37,92,351,156,0,14,0,14,10,16,0,14,0,14,0,14,53,58,24,31,145,110,56,56,50,77,9,15,4,10,3848,591,2025,416,84,83,49,64,82,66,69,71,30,35,0,14,171,102,352,142,485,251,246,115,237,103,128,89,92,70,1823,281,107,67,0,14,144,96,125,101,3,11,14,21,139,91,465,165,229,97,244,119,143,54,92,49,118,72
1400000US06037123203,2643,280,631,279,265,139,0,14,0,14,33,49,0,14,0,14,0,14,54,76,38,34,35,37,38,50,40,35,15,25,12,19,366,180,24,30,0,14,84,64,34,50,0,14,0,14,0,14,68,51,23,32,48,46,39,40,46,40,0,14,2012,296,1020,183,48,56,17,32,65,92,38,49,0,14,36,48,160,80,180,85,177,110,97,71,137,91,38,38,27,24,992,207,71,75,0,14,75,78,18,32,0,14,31,35,141,63,243,105,66,47,29,39,114,71,141,91,63,70
1400000US06037123204,3183,713,880,374,302,151,0,14,55,60,0,14,26,40,0,14,0,14,87,105,22,24,33,44,31,29,8,13,40,49,0,14,578,284,40,58,0,14,126,107,96,65,15,18,24,36,11,16,32,41,119,67,15,17,69,53,31,48,0,14,2303,642,1291,413,8,14,0,14,0,14,0,14,0,14,15,16,185,122,395,142,242,131,255,157,62,39,83,57,46,43,1012,272,32,45,0,14,30,42,63,49,0,14,46,49,87,39,187,133,159,59,138,127,155,74,57,40,58,48
1400000US06037123205,2717,681,832,516,390,291,25,28,0,14,12,19,18,21,0,14,72,83,21,24,84,106,18,18,103,110,31,30,6,9,0,14,442,233,9,13,0,14,67,82,0,14,0,14,27,25,43,38,129,102,47,33,18,19,52,58,16,19,34,27,1885,384,884,191,34,36,13,21,28,38,50,41,11,17,18,19,68,42,156,59,192,100,105,50,126,55,67,44,16,19,1001,260,183,141,0,14,27,27,4,7,0,14,25,24,133,134,251,82,71,40,128,50,118,44,35,29,26,22
1400000US06037123206,2469,229,318,137,173,101,6,10,0,14,32,42,0,14,16,21,23,25,19,22,16,17,33,28,0,14,5,9,23,24,0,14,145,67,10,15,0,14,6,9,0,14,0,14,0,14,0,14,22,27,35,28,40,35,0,14,17,21,15,17,2151,277,1037,164,22,17,0,14,111,46,24,27,24,35,41,31,108,55,238,86,84,39,145,51,120,42,74,44,46,36,1114,171,10,16,7,10,66,48,28,24,8,12,43,39,107,64,200,75,119,44,201,71,174,56,68,35,83,41
1400000US06037123301,3832,486,261,111,107,65,0,14,10,16,0,14,0,14,0,14,0,14,19,22,0,14,18,25,30,27,0,14,30,45,0,14,154,82,0,14,0,14,11,17,10,15,0,14,0,14,46,52,8,12,16,26,7,11,30,47,10,15,16,24,3571,483,1448,217,19,22,19,28,70,53,0,14,0,14,10,17,92,58,278,109,220,77,147,94,428,173,56,38,109,66,2123,341,37,40,57,48,204,91,0,14,0,14,33,52,192,135,319,119,316,112,168,90,372,161,289,107,136,67
1400000US06037123303,2932,361,419,172,195,102,13,20,0,14,6,10,0,14,0,14,6,15,36,28,23,26,38,38,18,21,44,41,11,17,0,14,224,93,0,14,0,14,5,10,9,14,12,19,11,16,47,42,25,28,37,30,15,23,37,33,26,23,0,14,2513,372,1216,261,72,88,43,27,42,35,51,34,0,14,64,44,91,51,106,63,290,92,95,53,178,67,153,64,31,22,1297,198,46,40,0,14,35,40,49,44,22,22,24,29,81,44,345,132,151,63,140,58,159,65,142,67,103,53
1400000US06037123304,4269,642,701,305,340,242,55,75,0,14,0,14,17,26,0,14,0,14,93,114,22,34,0,14,13,21,122,113,18,20,0,14,361,172,0,14,0,14,26,36,16,26,0,14,0,14,9,14,0,14,22,31,19,31,42,45,24,36,203,143,3568,702,1579,333,95,110,0,14,84,84,66,45,6,15,6,13,72,66,225,93,193,95,157,74,315,171,188,76,172,103,1989,445,120,82,0,14,118,74,27,34,37,58,6,15,275,189,244,108,111,76,186,106,225,109,405,144,235,119
1400000US06037123410,3162,499,885,333,441,200,52,57,0,14,110,83,72,62,4,8,0,14,0,14,64,59,67,72,0,14,72,56,0,14,0,14,444,184,0,14,0,14,29,46,0,14,0,14,41,40,59,62,42,46,128,89,18,29,54,43,73,53,0,14,2277,528,1139,337,16,25,112,144,70,73,24,37,0,14,105,70,65,59,133,87,274,157,97,55,125,83,62,45,56,56,1138,262,8,19,0,14,52,66,40,70,16,26,0,14,170,133,218,166,110,64,179,91,146,50,146,59,53,46
1400000US06037123420,4136,768,618,246,267,111,61,73,0,14,25,38,0,14,0,14,0,14,37,43,53,52,10,16,18,19,9,15,22,29,32,35,351,192,21,28,0,14,23,35,24,39,0,14,29,38,30,36,86,63,0,14,22,35,8,14,86,91,22,36,3518,743,1638,428,74,70,0,14,61,58,82,69,0,14,22,27,154,155,269,125,201,86,357,190,281,179,119,66,18,19,1880,436,35,38,0,14,219,107,169,70,0,14,48,70,119,66,406,211,162,71,364,184,171,100,152,65,35,40
1400000US06037123510,4644,591,929,374,494,214,24,32,0,14,12,20,37,42,22,26,23,36,22,36,26,38,111,67,124,101,61,49,32,54,0,14,435,231,19,29,32,52,35,42,11,18,3,9,13,21,30,30,106,114,38,35,10,16,45,41,21,33,72,80,3715,569,1612,299,76,81,0,14,103,76,27,32,44,44,85,71,154,109,295,120,275,125,278,155,103,72,112,77,60,47,2103,360,107,66,60,49,168,108,70,70,75,86,56,52,177,107,357,146,279,113,269,121,257,113,159,87,69,43
1400000US06037123520,2484,390,297,160,159,95,0,14,0,14,23,30,0,14,0,14,0,14,13,15,76,61,0,14,29,30,0,14,18,22,0,14,138,103,0,14,6,10,0,14,5,10,0,14,14,23,45,64,15,14,19,24,9,11,0,14,15,25,10,16,2187,398,1100,206,6,8,0,14,27,31,4,6,28,34,38,30,99,44,276,117,169,64,68,36,246,87,112,73,27,27,1087,258,99,69,41,28,96,67,0,14,0,14,25,30,87,41,184,72,121,57,182,61,76,48,102,42,74,57
1400000US06037123601,5448,699,985,352,297,119,0,19,0,19,32,46,13,22,0,19,21,33,15,49,83,70,26,31,68,83,0,19,39,37,0,19,688,276,43,52,11,17,48,60,32,45,26,37,0,19,25,28,77,61,42,44,124,92,92,70,106,78,62,61,4463,714,2472,514,291,220,0,19,276,144,79,80,41,66,14,25,170,106,421,185,406,158,416,152,188,96,77,52,93,79,1991,377,62,64,24,39,67,76,167,188,0,19,48,52,196,143,225,106,340,149,383,147,217,91,121,70,141,92
1400000US06037123602,3159,468,828,488,271,143,0,14,0,14,0,14,0,14,0,14,0,14,14,17,48,51,54,71,11,20,41,36,103,123,0,14,557,357,48,57,11,18,31,49,50,77,0,14,0,14,128,145,34,44,17,21,47,73,42,33,98,138,51,48,2331,390,1062,236,77,53,1,12,98,68,0,14,11,18,36,57,59,61,116,59,123,57,257,95,85,47,136,55,63,55,1269,236,55,35,0,14,44,36,126,77,35,32,58,54,43,42,78,54,220,67,221,87,111,69,224,107,54,32
1400000US06037123700,4012,565,519,227,335,186,0,14,0,14,72,81,36,40,0,14,0,14,47,58,8,12,11,18,93,113,46,51,13,20,9,15,184,93,0,14,0,14,0,14,0,14,0,14,0,14,8,15,78,79,35,36,0,14,51,52,3,7,9,15,3493,609,1761,398,61,48,18,24,72,71,58,60,8,12,40,51,88,76,203,76,475,317,209,135,247,87,202,98,80,57,1732,325,70,78,0,14,34,37,41,48,32,50,36,58,89,69,302,160,354,115,257,114,158,90,213,91,146,84
1400000US06037123800,5814,781,767,406,288,208,0,19,0,19,63,79,0,19,0,19,0,19,30,53,74,73,63,74,0,19,50,53,0,19,8,16,479,246,0,19,53,76,0,19,0,19,0,19,57,88,32,51,84,92,46,67,149,110,26,44,0,19,32,52,5047,846,2489,400,177,121,0,19,76,85,88,90,0,19,0,19,253,189,246,125,322,163,464,259,505,248,275,121,83,79,2558,570,36,43,0,19,136,118,205,288,0,19,68,78,120,110,270,110,468,175,366,210,447,185,282,135,160,87
1400000US06037123901,4285,750,1100,569,540,335,94,90,0,14,115,113,95,89,0,14,0,14,4,6,48,69,3,7,125,126,21,36,30,49,5,8,560,298,0,14,0,14,0,14,95,104,12,21,0,14,5,7,65,79,135,99,104,101,38,63,50,60,56,63,3185,731,1803,482,66,63,14,23,66,77,83,108,0,14,160,120,181,142,387,221,329,157,123,73,207,102,139,95,48,49,1382,365,70,81,14,23,110,112,0,14,0,14,26,42,34,55,210,117,226,117,295,144,143,76,112,78,142,95
1400000US06037123902,2664,394,258,164,88,88,0,14,0,14,27,38,0,14,0,14,0,14,0,14,33,47,28,38,0,14,0,14,0,14,0,14,170,96,30,41,12,21,12,21,0,14,0,14,0,14,0,14,42,40,42,42,32,37,0,14,0,14,0,14,2406,447,1173,273,38,41,23,29,158,147,85,63,19,25,61,45,63,52,163,79,173,83,184,53,128,59,44,36,34,26,1233,313,0,14,23,25,20,23,7,14,0,14,19,28,123,112,354,261,205,78,231,110,90,45,63,36,98,41
1400000US06037124000,4291,602,828,485,338,226,0,14,0,14,0,14,46,58,0,14,45,56,0,14,122,147,0,14,66,60,24,40,17,27,18,29,490,297,99,104,0,14,94,117,26,44,0,14,0,14,0,14,81,87,40,50,132,98,0,14,0,14,18,30,3463,556,1744,369,122,116,0,14,28,50,21,34,29,50,19,31,37,47,284,177,305,127,226,122,80,65,427,247,166,144,1719,343,35,58,0,14,48,45,35,41,0,14,54,63,121,89,419,202,199,130,107,79,279,138,204,103,218,138
1400000US06037124102,3715,736,979,474,490,271,53,44,0,14,53,42,25,28,0,14,17,29,58,91,117,76,16,19,0,14,31,45,120,142,0,14,489,232,44,50,0,14,0,14,0,14,17,29,0,14,147,110,106,65,77,81,70,88,0,14,28,45,0,14,2736,670,1507,499,35,35,33,42,150,141,63,105,0,14,19,24,102,96,358,125,246,141,277,128,71,43,63,33,90,57,1229,261,22,30,0,14,51,51,50,50,36,49,48,32,52,54,222,89,247,133,173,95,94,49,163,75,71,56
1400000US06037124103,1727,280,292,154,118,72,0,14,0,14,21,18,14,22,0,14,0,14,26,27,7,11,35,29,15,24,0,14,0,14,0,14,174,89,0,14,0,14,23,20,22,19,21,18,0,14,16,20,10,16,45,30,14,22,0,14,23,18,0,14,1435,279,718,166,25,24,0,14,40,37,40,45,13,13,30,23,79,62,92,44,78,45,98,52,134,64,40,22,49,23,717,159,19,25,5,8,22,25,30,31,21,25,21,30,83,51,95,61,143,51,89,45,87,48,40,23,62,22
1400000US06037124104,2763,488,464,317,242,167,17,28,0,14,50,56,0,14,0,14,3,5,8,12,67,66,26,40,25,38,15,15,24,39,7,11,222,167,0,14,0,14,14,17,25,40,2,6,0,14,32,33,68,59,0,14,22,35,10,10,37,40,12,14,2299,417,1167,284,43,33,16,24,70,75,44,39,35,35,25,28,88,58,275,120,129,74,167,82,173,94,48,39,54,69,1132,237,50,58,18,26,29,26,27,37,6,13,28,27,115,71,182,89,206,92,192,86,125,61,73,67,81,73
1400000US06037124105,2199,247,567,231,227,112,32,41,0,14,0,14,0,14,0,14,17,26,26,34,70,50,57,47,13,23,5,8,0,14,7,10,340,151,64,50,0,14,50,46,0,14,24,38,0,14,0,14,54,42,56,36,20,32,60,44,0,14,12,14,1632,292,842,181,41,42,0,14,59,36,8,11,0,14,23,25,51,46,218,90,201,73,62,36,108,43,27,22,44,34,790,148,69,68,0,14,46,36,17,20,0,14,0,14,87,50,162,59,115,49,72,46,85,42,83,42,54,31
1400000US06037124201,3554,859,306,269,120,106,0,14,0,14,37,58,0,14,0,14,0,14,0,14,42,43,25,38,6,10,10,17,0,14,0,14,186,175,0,14,0,14,0,14,34,53,0,14,0,14,80,85,0,14,25,38,5,10,36,32,2,4,4,6,3248,805,1932,506,74,61,38,50,254,194,0,14,9,16,46,67,152,91,397,262,356,153,215,99,322,153,20,28,49,59,1316,350,113,140,0,14,0,14,25,41,0,14,0,14,7,13,204,151,378,119,111,82,291,141,39,41,148,94
1400000US06037124203,2109,254,139,80,81,54,0,14,0,14,0,14,0,14,0,14,0,14,22,32,4,6,23,35,21,33,5,7,6,9,0,14,58,41,0,14,0,14,0,14,0,14,0,14,0,14,0,14,0,14,29,36,5,7,17,16,7,10,0,14,1970,268,916,185,54,44,0,14,42,41,6,10,10,15,36,42,167,93,114,60,120,60,118,74,157,62,71,37,21,21,1054,226,8,13,14,19,51,48,0,14,16,26,20,22,123,74,274,109,186,99,149,55,104,60,67,37,42,28
1400000US06037124204,2255,417,704,284,328,117,174,156,0,14,0,14,0,14,0,14,0,14,26,42,9,14,45,48,0,14,0,14,56,86,18,32,376,195,0,14,0,14,0,14,79,71,0,14,0,14,0,14,74,71,115,82,35,74,39,48,34,41,0,14,1551,468,838,271,54,62,0,14,45,51,0,14,0,14,0,14,110,106,204,141,148,84,46,50,106,82,110,81,15,35,713,251,58,68,0,14,14,34,15,17,0,14,12,19,63,65,178,96,85,66,66,61,83,89,139,87,0,14
1400000US06037124300,3005,405,295,166,108,75,11,16,0,14,0,14,0,14,8,13,0,14,0,14,8,14,27,30,10,15,44,67,0,14,0,14,187,102,0,14,0,14,20,30,10,15,0,14,0,14,13,21,30,31,16,19,11,16,10,14,40,61,37,51,2710,385,1331,199,62,55,16,25,25,32,21,30,0,14,17,28,100,59,332,116,291,100,146,56,184,67,120,59,17,28,1379,258,53,48,18,30,28,34,40,59,0,14,12,21,118,65,273,101,314,123,245,103,166,67,81,40,31,28
1400000US06037124400,4366,895,732,471,453,383,164,200,73,90,8,15,0,14,8,14,0,14,14,23,31,46,12,20,133,107,0,14,2,6,8,13,279,120,17,27,0,14,4,10,13,18,0,14,0,14,24,28,74,86,7,13,55,51,0,14,74,61,11,17,3634,864,1838,376,139,102,10,20,68,65,107,79,34,42,62,63,113,69,353,111,177,91,213,95,268,157,100,45,194,102,1796,616,33,38,34,39,76,54,18,28,0,14,20,27,191,145,523,332,203,100,213,101,198,140,129,75,158,78
1400000US06037124500,2791,377,415,212,227,169,0,14,0,14,0,14,0,14,0,14,0,14,26,45,136,154,12,18,45,57,8,14,0,14,0,14,188,127,0,14,0,14,0,14,8,13,0,14,21,33,23,34,23,26,54,59,50,57,9,15,0,14,0,14,2376,459,1305,277,127,143,0,14,77,53,77,75,8,13,0,14,16,15,236,106,126,76,211,81,146,60,196,153,85,54,1071,241,48,53,10,15,25,24,14,17,6,13,26,38,16,20,188,81,169,79,160,75,104,77,232,152,73,55
1400000US06037124600,2993,441,78,45,25,25,0,14,0,14,0,14,0,14,0,14,0,14,0,14,0,14,0,14,18,22,0,14,0,14,7,12,53,36,0,14,0,14,0,14,0,14,0,14,0,14,16,21,0,14,9,13,0,14,0,14,0,14,28,26,2915,440,1313,235,27,27,14,19,69,51,31,36,56,59,0,14,101,84,180,82,142,73,225,93,194,70,206,85,68,39,1602,277,68,72,0,14,89,82,106,79,11,17,20,26,50,30,333,145,219,83,212,84,234,85,215,145,45,34
1400000US06037124700,4942,860,382,233,196,128,0,19,0,19,0,19,0,19,0,19,0,19,63,63,18,30,39,49,0,19,9,15,67,88,0,19,186,137,0,19,0,19,0,19,0,19,0,19,0,19,0,19,28,32,42,66,0,19,0,19,83,88,33,39,4560,869,2252,752,116,110,0,19,69,84,0,19,12,20,22,49,247,111,445,224,590,302,321,300,193,102,180,68,57,54,2308,353,63,92,0,19,156,139,0,19,0,19,80,100,201,117,347,157,511,174,403,187,191,112,204,78,152,98
1400000US06037124902,3068,647,364,153,193,97,0,14,0,14,32,51,0,14,0,14,0,14,0,14,27,31,28,33,11,17,59,78,13,20,23,27,171,117,0,14,0,14,14,22,0,14,0,14,14,20,40,64,0,14,59,64,8,21,1,3,13,19,22,24,2704,639,1283,351,17,29,0,14,87,82,30,35,9,14,42,64,120,83,184,92,209,87,168,104,238,124,87,61,92,75,1421,364,127,148,17,27,50,65,28,39,0,14,11,22,134,91,169,90,288,159,231,129,130,80,166,102,70,94
1400000US06037124903,3664,404,493,288,262,153,55,70,12,21,0,14,30,49,0,14,0,14,63,68,47,51,9,14,7,15,22,25,17,21,0,14,231,149,0,14,0,14,37,61,12,20,0,14,0,14,65,59,22,26,39,54,21,26,24,28,11,17,0,14,3171,331,1587,232,62,59,47,53,128,85,5,10,17,29,14,22,61,71,400,174,348,138,109,70,215,113,169,70,12,19,1584,286,80,61,0,14,100,80,49,55,12,21,0,14,59,53,393,153,330,109,238,126,163,76,78,54,82,50
1400000US06037125101,4478,734,621,326,323,198,0,14,0,14,55,59,0,14,0,14,0,14,17,32,148,142,11,22,66,67,26,35,0,14,0,14,298,190,0,14,0,14,0,14,56,60,10,19,17,30,88,68,46,59,70,67,0,14,11,18,0,14,0,14,3857,724,1884,445,49,56,44,77,35,58,36,47,22,36,18,33,136,99,542,355,431,189,238,115,197,136,97,62,39,43,1973,439,0,14,0,14,124,161,0,14,0,14,0,14,34,43,548,251,641,317,180,100,202,87,55,60,189,87
1400000US06037125102,2155,264,245,218,133,98,0,14,0,14,0,14,0,14,0,14,0,14,3,6,51,62,67,84,12,20,0,14,0,14,0,14,112,142,0,14,0,14,0,14,0,14,0,14,0,14,45,70,5,7,0,14,0,14,61,75,1,5,0,14,1910,251,1093,240,116,67,0,14,62,77,11,17,0,14,21,24,169,190,98,101,196,85,148,96,83,63,136,71,53,42,817,142,7,12,30,30,25,28,10,18,0,14,0,14,41,41,107,76,151,97,70,47,215,116,117,64,44,36
1400000US06037125200,4151,541,381,220,215,213,0,14,0,14,93,139,0,14,0,14,0,14,13,20,7,29,70,75,0,14,25,28,7,28,0,14,166,86,12,19,0,14,0,14,0,14,0,14,0,14,46,36,55,69,11,17,12,17,20,22,10,17,0,14,3770,571,1669,278,61,75,102,150,109,77,46,46,0,14,28,26,92,56,445,153,305,122,251,99,179,95,32,25,19,23,2101,390,84,50,6,11,99,66,12,18,0,14,26,26,102,82,627,293,427,171,235,91,256,112,148,64,79,51
1400000US06037125310,4335,651,506,277,289,213,18,37,0,14,16,33,0,14,0,14,0,14,24,31,85,113,19,37,81,104,45,49,1,4,0,14,217,131,0,14,0,14,0,14,0,14,0,14,15,32,17,27,43,50,34,43,8,18,37,53,63,67,0,14,3829,655,1374,334,46,56,0,14,0,14,18,31,0,14,17,30,77,102,485,210,357,199,182,85,130,128,62,69,0,14,2455,536,133,130,21,35,235,167,0,14,0,14,0,14,119,106,953,461,401,210,387,188,133,85,41,48,32,37
1400000US06037125321,2776,547,365,147,201,100,0,14,0,14,0,14,0,14,0,14,13,23,14,23,87,66,35,56,7,18,31,36,14,21,0,14,164,92,0,14,0,14,8,19,0,14,7,18,0,14,34,38,28,44,4,7,31,32,19,20,23,28,10,16,2411,551,1071,322,0,14,0,14,58,62,47,36,0,14,84,119,128,89,306,114,155,77,176,151,37,31,39,43,41,34,1340,302,102,72,0,14,129,137,24,35,0,14,0,14,99,76,603,194,62,62,116,74,95,74,68,52,42,40
1400000US06037125322,2542,461,627,277,264,160,35,54,0,14,0,14,0,14,0,14,0,14,33,40,7,12,73,81,10,15,20,31,54,62,32,52,363,212,0,14,0,14,0,14,0,14,0,14,0,14,42,53,31,35,44,52,0,14,32,51,41,48,173,201,1915,384,872,260,37,60,0,14,0,14,0,14,0,14,31,47,86,64,464,158,67,61,131,87,24,38,32,42,0,14,1043,244,0,14,0,14,0,14,0,14,0,14,0,14,207,95,352,161,219,137,111,84,11,16,51,46,92,76
1400000US06037125402,4077,582,386,262,188,141,81,113,0,14,0,14,0,14,0,14,0,14,0,14,62,60,26,30,0,14,0,14,19,24,0,14,198,131,0,14,0,14,0,14,0,14,0,14,0,14,9,15,61,43,73,103,0,14,5,17,19,30,31,38,3691,710,1842,562,31,49,0,14,45,81,0,14,117,142,0,14,273,292,430,185,435,187,233,140,161,123,101,92,16,25,1849,446,0,14,0,14,0,14,45,84,0,14,0,14,295,291,475,195,383,199,356,131,142,111,70,80,83,71
1400000US06037125403,2726,480,366,152,194,95,0,14,0,14,0,14,0,14,0,14,15,17,23,20,0,14,25,23,55,57,47,50,0,14,29,37,172,89,16,19,0,14,0,14,15,18,0,14,0,14,61,57,38,42,22,20,13,19,7,13,0,14,0,14,2360,502,1014,217,8,13,0,14,50,43,0,14,0,14,0,14,38,35,316,115,344,153,176,83,45,32,7,11,30,32,1346,450,0,14,0,14,10,18,9,14,0,14,30,42,131,192,765,269,213,102,108,65,7,12,35,34,38,35
1400000US06037125404,2973,504,713,349,281,252,0,14,0,14,0,14,0,14,0,14,0,14,114,157,122,117,14,24,26,41,5,9,0,14,0,14,432,241,104,96,0,14,0,14,0,14,0,14,0,14,141,155,137,102,9,22,41,34,0,14,0,14,0,14,2260,464,1221,359,0,14,0,14,0,14,0,14,0,14,0,14,36,43,666,334,459,145,18,25,31,34,0,14,11,18,1039,268,0,14,0,14,50,81,0,14,0,14,0,14,14,25,741,210,145,81,29,38,30,34,29,33,1,2
1400000US06037125501,2911,396,352,169,276,151,0,14,0,14,0,14,0,14,0,14,0,14,15,24,44,39,24,27,0,14,52,70,55,84,86,140,76,50,0,14,0,14,0,14,0,14,0,14,10,20,0,14,39,35,13,20,0,14,0,14,14,21,0,14,2559,413,1509,259,108,97,0,14,53,65,10,40,0,14,0,14,67,59,511,194,366,142,195,107,79,41,81,53,39,28,1050,221,109,75,0,14,34,38,5,8,0,14,0,14,33,39,346,137,261,131,99,59,26,26,113,69,24,32
1400000US06037125502,3751,543,541,208,192,96,0,14,0,14,0,14,23,26,0,14,0,14,0,14,62,62,24,29,62,59,21,22,0,14,0,14,349,181,0,14,0,14,23,26,0,14,0,14,0,14,84,69,0,14,16,26,81,76,0,14,44,49,101,116,3210,533,1385,303,50,42,0,14,24,21,14,19,45,36,0,14,120,81,427,195,255,75,122,66,108,58,205,182,15,25,1825,347,62,36,0,14,17,24,15,23,14,22,0,14,190,128,570,219,241,83,239,111,318,207,116,69,43,39
1400000US06037125600,3043,465,346,209,107,80,0,14,0,14,0,14,19,26,0,14,0,14,30,44,0,14,0,14,29,26,29,31,0,14,0,14,239,177,0,14,0,14,0,14,28,28,0,14,0,14,38,48,16,27,20,22,18,24,119,163,0,14,0,14,2697,474,1473,271,90,54,16,21,8,14,114,93,14,22,53,48,69,52,226,119,216,96,311,125,156,91,154,67,46,43,1224,252,150,138,0,14,66,64,23,27,0,14,54,58,51,68,120,82,153,67,248,109,110,42,134,56,115,62
1400000US06037127102,5312,645,1093,392,489,228,46,49,0,19,0,19,5,9,0,19,0,19,49,51,125,88,66,77,118,176,53,57,2,6,25,39,604,240,60,61,0,19,50,48,7,12,40,45,47,48,72,51,40,60,49,50,68,70,82,75,0,19,89,127,4219,669,1940,327,91,74,61,65,91,67,73,72,9,17,49,59,144,71,420,157,309,112,253,90,348,145,69,31,23,24,2279,494,111,89,0,19,97,89,89,67,73,76,48,41,130,108,357,176,429,140,244,99,311,99,294,118,96,57
1400000US06037127103,3468,551,378,218,215,154,13,19,0,14,50,66,11,17,0,14,0,14,21,32,38,46,21,23,52,67,0,14,9,17,0,14,163,93,18,25,0,14,0,14,0,14,0,14,0,14,39,37,27,32,47,63,8,14,24,33,0,14,0,14,3090,562,1709,361,64,56,12,18,41,29,103,131,20,24,73,48,267,183,504,138,123,65,172,101,236,82,75,52,19,22,1381,275,79,49,30,24,97,56,8,12,43,59,0,14,80,59,282,88,178,105,255,181,121,75,157,70,51,37
1400000US06037127104,4381,1008,659,371,350,229,77,84,0,14,0,14,17,25,0,14,21,33,48,49,40,64,0,14,46,43,43,42,48,62,10,15,309,165,0,14,42,67,0,14,0,14,0,14,11,18,53,45,59,89,37,45,46,40,39,62,9,14,13,19,3722,1023,1615,305,44,40,0,14,78,72,141,215,60,76,10,15,177,99,303,182,128,83,151,71,244,110,211,108,68,57,2107,823,69,106,0,14,49,50,137,207,0,14,76,74,152,117,356,177,408,401,217,105,390,253,181,102,72,61
1400000US06037127210,5548,625,403,204,174,123,0,19,0,19,11,25,0,19,0,19,28,46,12,19,12,22,19,24,0,19,18,20,54,84,20,22,229,124,0,19,0,19,12,24,0,19,0,19,0,19,28,45,23,36,13,22,50,59,0,19,24,26,79,67,5145,652,2760,378,174,100,14,25,157,71,11,19,0,19,14,24,212,122,745,236,564,173,373,157,202,100,217,131,77,51,2385,407,50,50,44,56,106,71,79,58,0,19,104,97,202,117,512,189,391,134,198,89,372,99,160,93,167,81
1400000US06037127220,4792,733,918,308,400,206,12,18,0,14,17,28,33,50,0,14,30,40,87,86,103,114,41,50,0,14,11,20,66,75,0,14,518,189,0,14,28,43,0,14,12,19,0,14,11,18,31,33,92,59,56,44,9,16,12,19,242,153,25,29,3874,739,1991,371,233,150,34,34,50,54,118,81,4,7,0,14,245,131,255,123,244,122,329,142,262,130,102,60,115,73,1883,438,41,66,63,71,155,104,22,34,49,74,68,69,172,160,348,163,228,112,208,109,274,128,157,90,98,57
1400000US06037127300,3639,677,286,138,225,120,0,14,0,14,0,14,0,14,0,14,0,14,13,22,59,82,12,21,45,54,15,22,81,66,0,14,61,45,0,14,0,14,0,14,0,14,0,14,0,14,9,15,19,22,0,14,0,14,33,39,0,14,0,14,3353,674,1853,423,70,95,0,14,135,112,170,181,14,23,55,52,112,66,364,194,361,159,219,113,181,108,103,51,69,57,1500,363,36,30,16,15,28,32,16,24,0,14,144,161,72,55,348,116,330,192,179,73,141,69,133,74,57,38
1400000US06037127400,5601,680,1013,430,387,196,35,43,0,19,27,31,49,43,16,25,41,41,36,41,30,39,38,40,31,30,63,63,21,34,0,19,626,331,9,15,0,19,43,46,95,130,0,19,69,106,65,64,49,42,18,21,60,69,93,70,125,98,0,19,4588,808,2330,480,78,78,0,19,113,76,90,76,44,50,15,25,262,126,509,194,451,208,353,141,238,129,113,60,64,52,2258,415,70,47,8,12,134,93,70,67,28,43,53,60,290,120,278,114,565,224,263,113,314,117,119,68,66,48
1400000US06037127520,4443,776,1003,399,334,174,0,14,19,31,67,68,0,14,0,14,0,14,34,39,5,29,29,47,45,44,126,115,9,15,0,14,669,267,24,37,25,40,58,52,60,58,38,43,22,36,91,74,28,33,110,87,67,57,64,60,62,82,20,32,3440,804,1918,591,110,90,69,112,161,167,74,67,31,52,92,89,199,105,302,115,400,156,128,66,153,106,138,106,61,45,1522,362,86,51,0,14,114,89,129,86,0,14,54,50,169,100,202,88,209,101,203,104,85,65,201,112,70,54
1400000US06037127603,2664,290,540,227,184,92,41,33,0,14,0,14,0,14,7,10,0,14,20,25,47,37,30,26,28,29,0,14,0,14,11,17,356,149,40,35,19,23,70,55,20,27,4,7,0,14,5,8,63,38,23,19,34,35,51,36,15,16,12,13,2124,290,1125,164,48,44,18,17,42,36,13,19,16,19,35,36,108,49,218,81,268,90,240,91,65,37,48,26,6,11,999,208,3,7,0,14,50,40,48,40,53,50,60,45,60,44,223,92,233,101,64,35,117,56,54,31,34,36
1400000US06037127604,3002,400,767,316,147,125,0,14,0,14,74,109,0,14,0,14,0,14,0,14,14,23,13,20,22,33,24,30,0,14,0,14,620,247,0,14,26,37,19,31,14,23,0,14,0,14,54,62,101,130,90,79,66,56,65,75,109,118,76,52,2235,386,1045,244,24,36,26,34,20,35,56,56,0,14,0,14,68,56,375,203,190,98,61,48,109,57,77,59,39,43,1190,247,24,39,0,14,37,36,51,52,0,14,26,40,42,35,345,209,223,86,125,45,128,68,90,47,99,69
1400000US06037127605,3561,697,1010,289,329,144,0,14,0,14,89,106,0,14,0,14,0,14,18,28,30,50,51,57,86,54,0,14,55,56,0,14,681,249,89,72,0,14,105,91,0,14,0,14,87,63,59,58,12,20,90,61,111,78,61,83,20,28,47,78,2551,730,1436,511,74,55,46,52,143,166,197,166,0,14,9,20,93,56,153,96,185,92,375,182,107,111,27,30,27,32,1115,329,28,38,18,25,138,89,35,38,0,14,0,14,173,130,265,137,158,95,139,131,127,74,15,20,19,30
1400000US06037127606,3436,498,811,314,316,107,0,14,0,14,10,16,42,55,0,14,0,14,95,72,11,17,73,46,47,37,38,58,0,14,0,14,495,231,19,30,0,14,57,57,46,65,0,14,14,21,90,117,39,40,136,73,60,64,34,34,0,14,0,14,2625,541,1252,265,34,45,0,14,74,53,50,52,0,14,0,14,105,51,305,124,207,97,136,86,255,95,22,25,64,38,1373,310,112,67,0,14,114,61,14,25,12,21,83,67,49,44,182,91,145,92,259,94,168,94,142,91,93,40
1400000US06037127711,2958,362,492,295,263,184,0,14,0,14,30,48,78,76,0,14,0,14,17,27,8,17,48,58,51,55,11,18,10,15,10,14,229,133,53,63,0,14,0,14,0,14,0,14,0,14,0,14,0,14,111,78,19,22,8,15,27,39,11,15,2466,415,1230,249,72,42,0,14,95,51,63,46,0,14,14,20,112,62,174,111,155,117,293,106,153,67,53,35,46,44,1236,230,41,35,16,24,46,46,20,24,17,23,31,33,162,97,177,84,171,82,248,99,145,72,102,59,60,37
1400000US06037127712,4508,894,1139,677,518,342,52,52,0,14,109,134,78,99,64,102,0,14,0,14,19,29,152,101,0,14,11,19,33,74,0,14,621,371,0,14,0,14,152,135,81,68,45,45,0,14,55,89,106,113,70,59,63,95,22,32,10,16,17,32,3369,486,1811,312,176,89,0,14,159,109,44,49,0,14,16,24,123,64,313,107,255,165,296,116,309,133,85,61,35,42,1558,286,8,18,7,17,106,87,0,14,0,14,11,20,116,80,401,169,228,98,161,73,368,133,140,77,12,15
1400000US06037127803,4959,781,1359,575,672,326,38,43,0,19,190,137,90,81,0,19,0,19,30,37,129,109,126,108,0,19,27,41,0,19,42,31,687,296,37,57,6,10,103,113,31,52,0,19,66,70,7,11,51,53,127,104,38,50,60,85,18,20,143,106,3600,734,1947,403,121,92,0,19,98,66,59,51,4,7,9,18,131,74,550,221,269,92,171,83,327,183,106,65,102,64,1653,390,45,48,0,19,65,66,0,19,0,19,34,43,227,155,290,119,196,83,206,78,330,187,107,80,153,79
1400000US06037127804,4497,1123,628,270,262,139,7,13,0,14,39,66,10,16,0,14,39,63,0,14,76,81,15,19,52,69,12,19,12,18,0,14,366,189,0,14,0,14,15,25,15,24,0,14,13,23,11,12,95,59,83,91,46,49,35,35,32,37,21,32,3869,1060,2250,800,319,286,29,49,116,177,65,69,0,14,86,81,243,133,267,96,402,149,330,159,171,68,151,79,71,96,1619,344,44,43,10,16,61,65,117,84,6,9,74,45,138,90,260,109,180,78,333,109,131,57,127,71,138,72
1400000US06037127805,3052,545,738,361,321,184,47,56,0,14,52,57,0,14,0,14,0,14,0,14,22,35,13,19,98,82,25,44,64,85,0,14,417,205,14,21,0,14,73,98,0,14,0,14,0,14,12,21,76,65,76,62,22,38,54,48,71,69,19,47,2314,606,1179,330,58,93,29,45,73,82,15,24,20,22,15,23,32,46,276,142,188,133,168,85,58,37,149,81,98,109,1135,330,14,23,0,14,58,72,13,19,11,19,46,53,104,73,156,60,253,191,135,71,160,93,152,83,33,51
1400000US06037127806,3697,525,442,269,271,197,34,52,0,14,30,47,5,8,0,14,0,14,0,14,78,64,32,50,0,14,27,41,52,48,13,21,171,131,32,51,0,14,0,14,0,14,0,14,6,9,54,85,56,61,5,8,0,14,0,14,0,14,18,27,3255,509,1616,411,71,104,0,14,143,99,59,55,0,14,51,40,118,84,344,125,249,162,276,150,187,92,78,44,40,44,1639,226,144,125,0,14,81,55,23,26,7,12,0,14,126,70,566,191,140,65,295,98,154,99,88,71,15,23
1400000US06037127910,5049,571,1004,405,266,122,28,41,0,19,24,37,0,19,0,19,20,33,0,19,38,58,36,44,70,79,21,33,29,45,0,19,738,335,87,71,52,46,163,135,28,41,29,40,0,19,89,73,129,76,74,95,24,40,43,55,20,23,0,19,4045,708,1998,485,71,74,0,19,174,117,58,64,6,11,41,49,158,77,544,280,365,146,296,111,145,124,136,76,4,6,2047,343,134,94,13,21,139,78,67,71,46,50,84,78,79,59,298,106,303,118,314,131,208,144,234,124,128,65
1400000US06037127920,4179,767,678,393,298,182,15,29,0,14,13,26,13,26,0,14,31,48,0,14,82,59,71,70,61,54,12,19,0,14,0,14,380,299,0,14,0,14,46,54,0,14,0,14,0,14,0,14,206,284,40,47,9,16,12,19,56,76,11,18,3501,556,1874,428,10,18,0,14,58,39,42,36,37,38,6,11,420,298,266,192,313,117,276,133,302,116,116,51,28,28,1627,303,31,51,10,16,84,71,58,72,19,28,27,33,81,48,260,145,275,110,267,118,248,91,137,45,130,64
1400000US06037128101,3054,397,387,162,225,117,0,14,0,14,0,14,0,14,0,14,0,14,29,31,68,79,0,14,29,32,44,51,38,46,17,28,162,116,0,14,0,14,19,33,16,25,0,14,0,14,32,39,51,38,0,14,16,29,14,21,14,22,0,14,2667,416,1275,228,12,20,0,14,119,63,34,51,12,19,40,42,110,74,237,87,175,70,149,90,230,84,121,48,36,46,1392,296,75,66,0,14,65,61,30,37,0,14,51,39,46,47,271,102,223,97,216,103,225,62,140,69,50,35
1400000US06037128102,4840,665,704,286,320,128,0,14,0,14,21,33,0,14,14,22,0,14,44,46,59,61,21,35,71,68,48,49,33,39,9,15,384,197,0,14,0,14,31,50,0,14,0,14,27,29,28,29,121,103,39,60,20,23,45,45,28,35,45,57,4136,675,2184,467,62,59,20,32,312,192,124,109,9,13,17,19,200,144,339,179,210,120,333,221,374,137,91,64,93,70,1952,380,102,150,0,14,83,69,34,53,60,55,16,24,223,125,437,169,62,45,470,187,222,117,149,109,94,75
1400000US06037128210,4683,827,1109,338,529,170,49,58,0,14,85,78,0,14,0,14,51,28,61,55,0,14,66,73,79,56,54,60,41,40,43,48,580,205,0,14,0,14,83,84,64,56,18,26,0,14,33,39,62,53,99,63,94,58,57,68,24,27,46,47,3574,835,1989,459,81,84,32,39,48,54,48,49,23,36,125,114,237,123,404,145,285,168,302,149,231,162,110,59,63,56,1585,423,227,316,0,14,39,44,50,49,9,14,52,56,171,109,262,132,166,81,155,97,200,82,226,87,28,32
1400000US06037128220,3224,402,577,300,265,220,94,147,0,14,33,32,0,14,0,14,0,14,29,26,0,14,40,63,10,15,30,29,19,26,10,14,312,124,0,14,0,14,0,14,0,14,0,14,12,18,51,50,80,75,21,23,44,33,55,56,34,41,15,17,2647,502,1477,304,71,64,24,37,40,41,143,88,0,14,23,27,158,105,250,138,136,82,345,120,173,84,99,57,15,19,1170,258,83,83,17,27,15,20,21,29,42,44,40,39,57,46,120,72,307,119,191,94,160,92,70,50,47,38
1400000US06037128302,4129,671,1267,383,705,268,104,93,26,40,59,49,58,84,10,18,9,18,82,59,68,59,76,80,67,66,72,105,74,58,0,14,562,188,76,62,14,21,54,56,0,14,0,14,8,13,78,56,49,44,53,46,91,67,23,26,116,100,0,14,2862,728,1702,511,163,177,12,20,27,31,72,70,94,118,19,23,153,105,480,201,238,111,226,94,91,71,39,33,88,51,1160,283,37,50,0,14,73,83,35,45,11,20,7,11,138,62,237,153,214,88,170,77,168,83,38,29,32,31
1400000US06037128303,3426,636,1227,568,685,423,67,54,17,27,99,76,62,45,8,13,0,14,28,39,226,270,17,27,118,149,26,42,17,26,0,14,542,191,23,41,0,14,56,58,0,14,60,58,6,11,12,20,53,58,81,55,125,121,126,81,0,14,0,14,2199,465,1223,289,87,72,5,9,63,50,31,34,0,14,25,38,70,62,318,151,140,82,175,99,189,135,120,76,0,14,976,275,95,68,6,11,117,79,33,36,0,14,37,40,81,75,223,103,85,67,215,89,53,35,31,48,0,14
1400000US06037128400,4285,511,317,166,134,99,0,14,0,14,0,14,63,97,0,14,0,14,39,49,18,29,0,14,14,22,0,14,0,14,0,14,183,100,0,14,0,14,10,14,0,14,0,14,8,14,0,14,22,27,39,45,34,50,59,72,0,14,11,17,3968,527,2122,294,50,55,0,14,108,61,80,66,35,37,48,43,161,55,462,208,392,144,386,164,199,77,121,64,80,61,1846,345,160,82,12,18,19,24,61,61,0,14,65,65,57,36,445,178,290,122,273,118,244,94,117,57,103,58
1400000US06037128500,4341,476,428,194,210,109,0,14,0,14,0,14,0,14,12,19,0,14,53,65,44,38,57,63,0,14,1,3,29,45,14,22,218,153,53,78,0,14,0,14,0,14,0,14,0,14,52,52,0,14,67,73,0,14,12,19,34,32,0,14,3913,515,1695,279,56,66,0,14,108,70,6,10,0,14,10,16,42,43,458,172,341,163,199,103,226,114,82,49,167,121,2218,382,0,14,19,28,118,76,17,29,0,14,1,12,152,135,726,213,293,184,238,106,299,169,224,157,131,105
1400000US06037128601,5037,894,600,261,271,106,34,55,9,17,23,37,9,17,0,19,0,19,0,19,61,49,10,14,8,14,100,78,17,19,0,19,329,197,0,19,0,19,60,90,0,19,0,19,0,19,78,76,46,45,55,56,29,45,27,34,25,38,9,13,4437,968,2579,567,118,96,0,19,165,133,136,65,10,18,64,70,328,166,598,236,569,317,239,128,265,107,76,45,11,17,1858,456,237,180,9,16,0,19,81,69,82,112,25,37,124,88,382,109,281,135,274,217,205,91,135,79,23,30
1400000US06037128602,2720,425,286,177,143,104,33,43,0,14,30,38,0,14,0,14,0,14,11,17,3,7,5,8,3,8,12,20,46,51,0,14,143,89,0,14,0,14,0,14,0,14,29,37,0,14,16,25,25,28,26,34,11,19,36,34,0,14,0,14,2434,396,1239,285,101,97,47,60,59,45,89,72,0,14,36,51,8,14,111,58,217,117,262,97,142,65,108,63,59,38,1195,213,65,58,55,84,2,10,48,51,0,14,0,14,50,61,131,75,271,117,143,76,139,63,186,72,105,54
1400000US06037128703,3335,781,482,251,209,144,0,14,0,14,74,91,0,14,0,14,0,14,33,51,35,55,0,14,47,51,0,14,11,17,9,14,273,154,0,14,0,14,0,14,0,14,0,14,0,14,0,14,173,140,0,14,72,79,0,14,11,20,17,19,2853,732,1431,574,90,126,0,14,0,14,26,44,0,14,0,14,62,65,616,499,210,125,107,79,80,60,184,198,56,39,1422,234,45,63,0,14,63,62,8,15,0,14,7,15,64,78,459,213,225,111,163,57,72,52,89,55,227,88
1400000US06037128704,2540,243,139,120,18,21,0,14,0,14,0,14,0,14,0,14,0,14,0,14,6,11,0,14,0,14,0,14,0,14,12,18,121,114,0,14,0,14,0,14,0,14,0,14,44,57,5,10,12,26,39,51,21,25,0,14,0,14,0,14,2401,257,1216,226,56,70,0,14,84,42,25,27,27,32,31,35,85,63,80,53,299,213,193,88,209,70,90,51,37,31,1185,211,0,14,23,35,19,24,20,25,0,14,87,79,88,71,120,86,152,67,216,79,186,85,186,65,88,48
1400000US06037128801,3827,581,515,196,187,159,0,14,0,14,0,14,0,14,0,14,0,14,45,70,82,116,24,27,10,16,9,14,13,15,4,8,328,122,0,14,13,21,0,14,0,14,0,14,0,14,29,45,67,64,35,33,109,89,22,24,44,40,9,13,3312,574,1655,382,58,40,0,14,17,25,17,22,0,14,0,14,138,95,461,184,336,253,187,114,194,134,173,107,74,45,1657,360,61,57,9,16,57,56,46,41,0,14,0,14,106,110,352,167,432,169,145,112,140,69,249,102,60,42
1400000US06037128802,4457,696,377,315,170,112,0,14,0,14,0,14,0,14,0,14,0,14,32,47,66,73,57,71,0,14,0,14,15,24,0,14,207,239,120,162,0,14,0,14,0,14,0,14,0,14,73,75,0,14,14,24,0,14,0,14,0,14,0,14,4080,654,1962,378,80,71,41,50,35,60,76,91,8,23,14,26,23,28,392,195,482,184,217,92,266,179,227,145,101,84,2118,407,69,59,41,57,200,142,56,31,0,14,32,27,198,117,330,152,248,147,236,109,148,86,207,188,353,182
1400000US06037128910,4495,642,468,267,240,170,0,14,0,14,12,19,31,34,0,14,30,33,0,14,11,17,0,14,32,35,34,31,61,73,29,32,228,120,0,14,0,14,33,36,0,14,0,14,0,14,0,14,27,30,57,73,48,41,0,14,53,70,10,16,4027,694,2356,544,110,83,24,29,181,125,157,107,6,13,101,74,115,76,441,267,364,138,363,120,211,99,186,105,97,61,1671,235,43,39,9,15,93,54,22,26,6,13,76,47,165,121,213,94,316,88,356,129,132,62,165,95,75,40
1400000US06037131021,3202,673,289,114,163,95,0,14,0,14,0,14,0,14,0,14,20,24,58,63,20,30,44,48,12,12,0,14,8,12,1,1,126,72,0,14,0,14,0,14,0,14,0,14,0,14,25,26,0,14,28,25,35,40,15,25,0,14,23,37,2913,666,1434,282,38,35,0,14,192,184,124,77,28,35,9,11,184,105,224,72,158,64,179,65,130,64,84,42,84,57,1479,484,74,56,15,24,225,150,55,32,13,17,31,32,82,67,396,225,84,58,183,136,163,59,124,60,34,27
1400000US06037131022,2871,437,610,308,259,151,0,14,0,14,106,79,9,16,14,20,0,14,14,21,0,14,62,53,0,14,21,34,33,54,0,14,351,185,0,14,40,36,0,14,40,36,0,14,0,14,29,34,70,60,25,29,64,47,20,27,14,21,49,45,2261,392,1285,245,100,58,0,14,72,75,0,14,0,14,0,14,107,70,200,84,238,98,174,115,302,140,83,53,9,15,976,215,119,67,0,14,57,44,0,14,0,14,21,31,139,70,131,66,159,82,121,70,159,78,45,64,25,24
1400000US06037131023,2615,317,242,159,111,84,0,14,0,14,29,34,0,14,0,14,0,14,15,16,11,16,7,11,5,10,39,60,0,14,5,7,131,87,7,12,0,14,0,14,0,14,0,14,0,14,26,37,0,14,9,15,28,29,0,14,19,23,42,38,2373,289,1199,182,68,62,0,14,71,55,17,19,10,15,75,43,98,68,196,59,197,98,198,78,181,64,55,31,33,28,1174,170,12,18,0,14,83,52,26,21,7,10,41,53,63,41,210,73,176,70,258,85,163,52,111,53,24,25
1400000US06037131024,3667,1014,661,302,317,149,17,27,16,25,61,53,0,14,0,14,10,17,62,66,17,24,97,71,6,10,6,10,25,25,0,14,344,170,68,63,0,14,21,34,41,54,0,14,0,14,14,23,9,16,81,51,10,16,9,14,69,45,22,23,3006,1004,1467,519,10,15,0,14,21,22,48,79,14,22,13,22,123,74,234,158,201,88,199,103,219,124,276,254,109,70,1539,553,34,29,0,14,110,103,105,94,19,21,82,66,247,171,133,71,145,82,256,137,243,156,128,75,37,36
1400000US06037131100,3037,426,235,176,120,106,0,14,0,14,0,14,0,14,0,14,30,42,22,32,12,18,31,45,13,20,6,10,0,14,6,13,115,83,0,14,0,14,0,14,0,14,0,14,23,33,0,14,0,14,30,42,0,14,0,14,51,56,11,16,2802,457,1465,308,38,34,0,14,106,118,76,58,25,26,0,14,118,88,269,167,145,57,350,96,216,78,64,42,58,32,1337,228,48,48,0,14,64,62,30,33,36,44,61,49,131,95,180,100,230,93,194,76,147,88,157,54,59,42
1400000US06037131200,3503,631,285,163,126,106,0,14,5,8,5,8,0,14,41,63,0,14,0,14,3,7,0,14,20,30,28,43,24,34,0,14,159,88,0,14,0,14,21,34,0,14,0,14,0,14,7,13,3,7,18,22,7,13,43,61,15,19,45,46,3218,607,1499,256,99,65,4,8,80,64,36,35,18,22,13,21,39,36,289,144,268,157,282,107,136,74,138,65,97,63,1719,471,144,112,0,14,231,214,111,101,50,57,0,14,43,37,169,87,185,74,302,119,221,82,152,59,111,61
1400000US06037131300,4650,736,377,246,167,132,0,14,40,58,10,17,0,14,0,14,25,36,17,24,10,21,10,17,5,11,27,33,20,28,3,8,210,147,0,14,0,14,28,32,0,14,0,14,18,31,20,38,4,24,38,39,23,22,41,48,4,7,34,48,4273,827,2182,346,96,79,0,14,102,110,147,89,43,48,65,62,287,165,414,168,153,82,275,94,320,117,201,85,79,48,2091,581,88,68,69,110,166,143,92,87,97,76,0,14,214,106,240,103,254,106,316,107,324,102,114,57,117,53
1400000US06037131400,5771,923,967,452,510,216,0,19,0,19,0,19,79,60,57,56,0,19,48,47,58,74,42,32,54,50,82,64,45,57,45,70,457,278,149,180,54,83,38,44,0,19,0,19,9,15,37,41,44,45,54,53,11,18,30,27,19,20,12,17,4804,1044,2519,554,152,163,31,24,175,94,107,79,12,16,23,36,187,101,556,227,343,185,285,87,399,149,117,46,132,63,2285,585,97,66,0,19,133,110,74,56,51,51,30,27,164,107,400,158,307,124,331,163,318,119,284,127,96,51
1400000US06037131600,5272,829,815,654,527,413,0,19,0,19,69,87,15,23,0,19,0,19,108,164,95,94,60,93,14,19,143,133,12,16,11,17,288,249,0,19,0,19,6,14,52,72,0,19,0,19,0,19,54,83,52,80,55,55,50,73,15,18,4,8,4457,622,2462,372,146,84,78,81,137,101,65,54,58,63,39,36,172,100,434,128,344,170,369,137,265,121,190,94,165,97,1995,338,74,70,14,21,122,101,66,59,0,19,4,6,188,124,300,102,285,72,263,127,227,88,358,141,94,53
1400000US06037131701,4896,685,1007,337,446,181,89,74,27,41,0,14,27,41,0,14,41,47,0,14,51,58,67,57,52,65,0,14,87,64,5,10,561,238,128,112,0,14,44,50,84,43,0,14,8,13,0,14,121,80,31,38,27,27,52,52,42,37,24,30,3889,669,1785,454,91,69,0,14,42,37,105,82,14,21,73,72,105,76,326,169,388,238,229,102,156,70,220,176,36,33,2104,412,209,136,6,13,157,110,107,101,0,14,51,55,121,70,152,123,436,147,278,116,217,76,248,111,122,85
1400000US06037131702,3277,564,233,219,121,111,0,14,0,14,0,14,0,14,0,14,36,50,9,19,0,14,36,52,10,17,0,14,21,26,9,16,112,110,38,52,0,14,10,18,0,14,0,14,0,14,0,14,0,14,0,14,45,52,0,14,19,25,0,14,3044,567,1352,311,75,79,0,14,12,19,79,82,7,12,0,14,141,83,149,74,184,131,145,87,304,148,140,54,116,140,1692,342,46,52,20,33,96,82,51,43,0,14,15,23,163,80,240,106,190,107,313,101,335,146,132,74,91,49
1400000US06037131801,3058,531,622,411,280,187,6,9,0,14,94,85,0,14,0,14,0,14,0,14,26,26,0,14,76,80,23,29,0,14,55,65,342,238,21,26,0,14,45,67,0,14,23,34,0,14,51,79,52,48,49,54,0,14,33,38,48,41,20,32,2436,535,1280,306,60,49,33,36,129,74,109,78,24,30,0,14,92,62,155,66,221,96,224,112,147,85,81,42,5,7,1156,284,97,69,0,14,60,61,46,48,29,47,14,21,70,44,171,90,189,103,170,80,116,66,88,44,106,92
1400000US06037131802,2264,516,226,197,159,151,0,14,6,9,7,12,0,14,0,14,0,14,71,107,23,36,52,48,0,14,0,14,0,14,0,14,67,53,27,42,8,12,6,10,0,14,0,14,0,14,6,9,6,9,6,11,0,14,0,14,8,13,0,14,2038,495,1009,326,7,11,0,14,19,27,0,14,0,14,12,14,175,127,224,137,97,59,285,141,105,81,58,36,27,33,1029,205,83,70,5,9,49,45,22,22,10,23,7,17,95,58,214,71,108,45,125,96,129,99,90,56,92,40
1400000US06037131900,4038,740,310,245,209,179,0,14,0,14,0,14,0,14,0,14,22,33,43,63,43,55,2,10,24,36,63,65,0,14,12,20,101,91,0,14,0,14,0,14,0,14,0,14,0,14,0,14,0,14,0,14,43,63,49,65,0,14,9,14,3728,815,1819,374,127,77,0,14,24,36,81,102,24,38,127,111,122,67,90,70,367,141,396,136,176,88,173,60,112,67,1909,470,18,29,7,11,109,80,11,12,64,99,53,85,219,140,249,139,268,121,402,155,208,89,202,88,99,55
1400000US06037132001,2716,307,245,156,134,102,0,14,0,14,0,14,0,14,0,14,0,14,0,14,10,15,0,14,13,20,45,63,0,14,66,79,111,77,0,14,0,14,0,14,0,14,0,14,2,23,0,14,10,16,0,14,46,61,16,22,14,15,23,25,2471,311,1148,176,46,44,44,54,96,61,9,15,0,14,36,29,32,29,127,68,222,76,223,90,102,49,157,62,54,37,1323,201,121,80,0,14,36,35,29,37,43,36,10,17,43,32,214,102,192,51,275,126,105,51,161,59,94,48
1400000US06037132002,3449,749,258,160,137,109,10,16,0,14,17,28,22,26,0,14,32,54,13,21,0,14,9,15,14,23,20,22,0,14,0,14,121,70,0,14,0,14,0,14,0,14,0,14,9,15,18,29,12,21,31,32,27,31,13,19,0,14,11,18,3191,751,1610,319,35,35,0,14,106,126,156,141,0,14,23,36,145,101,269,117,196,101,298,131,212,121,147,52,23,31,1581,498,74,109,0,14,28,34,67,91,228,305,41,55,69,55,157,112,161,52,291,132,248,135,180,62,37,38
1400000US06037132101,4290,1220,1367,1195,525,328,173,280,0,14,19,30,22,26,0,14,0,14,49,54,12,15,103,95,60,66,53,52,16,26,18,21,842,907,228,324,0,14,128,172,105,171,0,14,0,14,47,65,272,258,8,14,28,36,26,30,0,14,0,14,2923,337,1386,269,61,52,32,37,101,73,24,28,6,11,58,56,103,79,284,138,194,91,205,73,211,117,47,32,60,31,1537,238,95,74,25,25,148,92,77,72,0,14,22,33,152,83,113,80,296,131,168,82,333,141,62,33,46,29
1400000US06037132102,5143,796,1009,521,286,186,99,126,0,19,0,19,0,19,0,19,0,19,16,25,19,31,64,84,0,19,0,19,57,72,31,35,723,387,83,105,20,32,40,64,54,84,0,19,50,79,0,19,35,39,73,84,92,105,144,127,92,133,40,41,4134,856,2125,477,79,113,16,27,162,125,86,117,0,19,54,50,102,79,255,141,302,177,224,145,508,201,215,134,122,85,2009,485,73,72,114,133,161,133,19,30,30,49,50,80,94,63,230,158,287,179,244,122,329,172,257,135,121,99
1400000US06037132301,3573,635,918,333,408,200,152,156,27,38,73,55,2,10,27,38,0,14,27,47,0,14,19,28,23,35,50,57,8,13,0,14,510,182,37,47,0,14,29,40,0,14,0,14,0,14,36,43,73,70,48,41,36,38,68,62,90,100,93,67,2655,684,1453,416,194,120,11,20,107,102,0,14,6,13,0,14,71,66,473,177,143,93,165,129,140,88,39,32,104,58,1202,309,60,59,0,14,0,14,7,13,0,14,87,104,87,98,256,136,137,87,198,128,151,110,170,88,49,37
1400000US06037132302,2904,753,406,248,186,121,13,18,21,31,33,34,18,28,0,14,0,14,49,62,0,14,33,34,12,21,0,14,0,14,7,11,220,130,13,18,0,14,40,44,23,27,0,14,39,62,20,29,11,16,35,39,0,14,33,40,6,9,0,14,2498,710,1211,433,22,26,7,12,54,43,38,35,0,14,49,53,97,72,311,329,133,59,115,64,220,165,128,78,37,26,1287,426,83,58,0,14,78,84,80,76,18,22,42,67,91,74,103,87,139,67,183,130,285,175,130,113,55,29
1400000US06037132501,4587,890,434,259,256,153,0,19,0,19,41,46,0,19,8,16,0,19,38,39,0,19,71,121,23,35,50,63,14,22,11,17,178,140,12,20,0,19,0,19,0,19,0,19,0,19,0,19,13,22,0,19,42,47,49,60,13,21,49,66,4153,882,2314,529,118,80,0,19,117,78,124,109,0,19,7,14,286,177,353,160,439,207,228,120,275,88,311,195,56,41,1839,421,43,47,0,19,240,131,31,40,0,19,0,19,140,105,319,151,301,179,137,58,335,95,156,104,137,59
1400000US06037132502,3419,451,358,180,193,108,26,40,0,14,13,23,14,22,7,13,0,14,32,39,0,14,14,18,22,27,25,30,31,46,9,15,165,93,23,37,0,14,0,14,0,14,0,14,6,13,23,23,0,14,29,29,29,29,28,29,16,15,11,18,3061,465,1371,235,129,108,12,21,108,68,35,42,23,33,0,14,95,67,127,94,272,115,222,90,81,45,80,47,187,132,1690,306,52,42,42,56,136,57,52,41,17,26,31,41,78,60,280,121,209,79,165,108,97,48,290,106,241,102
1400000US06037132700,5088,637,1031,448,469,227,28,37,32,39,116,89,33,39,0,19,0,19,10,18,23,30,85,92,80,60,23,27,39,40,0,19,562,238,88,92,0,19,33,40,33,39,31,37,0,19,23,35,103,96,32,34,70,47,88,92,53,43,8,12,4057,675,1855,332,77,69,39,53,95,88,0,19,19,35,39,36,197,105,127,85,283,117,249,111,371,147,311,172,48,39,2202,402,24,30,0,19,74,48,68,64,117,151,105,86,288,93,198,127,286,99,307,124,226,105,447,239,62,49
1400000US06037132900,4026,723,467,395,123,95,11,19,0,14,0,14,0,14,0,14,0,14,3,25,53,78,0,14,0,14,24,38,24,35,8,13,344,316,57,85,0,14,53,80,0,14,0,14,0,14,50,74,29,44,57,74,22,26,0,14,41,40,35,44,3559,726,1796,309,224,129,8,13,90,100,89,76,23,27,32,40,148,121,138,72,315,118,396,164,168,91,114,61,51,40,1763,448,103,79,8,13,160,145,42,37,9,14,148,187,83,89,292,144,359,150,204,89,132,85,80,50,143,82
1400000US06037133000,3888,543,586,372,163,139,27,42,0,14,25,34,0,14,0,14,0,14,0,14,18,28,51,75,42,45,0,14,0,14,0,14,423,315,87,124,0,14,0,14,0,14,0,14,34,55,54,62,82,89,21,29,53,61,83,92,9,13,0,14,3302,540,1643,281,28,50,0,14,30,35,11,18,0,14,40,49,205,81,264,146,205,113,190,167,332,114,246,158,92,105,1659,400,49,48,0,14,51,45,124,111,14,24,0,14,139,107,283,107,180,102,352,147,300,105,87,63,80,66
1400000US06037133101,1718,161,90,56,63,41,0,14,0,14,0,14,0,14,0,14,0,14,22,38,0,14,7,7,0,14,15,22,19,20,0,14,27,24,0,14,0,14,0,14,6,10,0,14,0,14,2,6,0,14,0,14,16,20,0,14,3,7,0,14,1628,161,879,148,55,46,17,25,54,40,11,18,0,14,2,15,96,70,143,70,176,101,100,35,93,46,71,43,61,34,749,93,119,74,0,14,33,35,19,28,3,14,0,14,26,32,171,64,88,40,68,35,109,32,70,38,43,23
1400000US06037133102,3505,639,724,350,296,162,0,14,0,14,63,67,0,14,11,19,0,14,66,60,19,31,44,55,5,13,18,23,62,58,8,12,428,209,25,30,0,14,51,44,47,65,0,14,32,51,0,14,58,49,79,67,19,22,38,33,32,31,47,32,2781,602,1262,377,41,55,41,50,86,79,67,71,0,14,32,38,144,98,68,59,211,122,195,93,213,103,145,65,19,19,1519,332,0,14,34,39,76,66,12,21,0,14,68,77,131,84,200,119,236,113,149,88,274,118,79,54,260,184
1400000US06037134001,3690,340,394,190,170,98,15,23,0,14,14,21,8,12,0,14,46,39,32,32,12,13,26,25,10,13,0,14,7,11,0,14,224,120,30,32,6,9,47,39,0,14,22,24,4,6,14,14,5,8,34,28,21,20,36,29,5,8,0,14,3296,379,1705,242,50,45,33,30,100,59,69,49,28,36,31,45,193,88,376,101,204,118,278,93,219,76,90,44,34,36,1591,228,84,58,0,14,105,52,44,36,45,43,47,49,223,86,291,94,212,81,281,99,196,75,54,32,9,13
1400000US06037134002,4017,712,963,413,487,275,117,102,0,14,75,114,33,50,0,14,0,14,24,45,69,58,34,46,53,61,0,14,82,70,0,14,476,204,104,63,0,14,38,60,0,14,55,59,0,14,48,64,70,75,52,55,15,27,45,56,0,14,49,53,3054,677,1514,369,84,101,0,14,78,56,26,35,0,14,46,50,188,96,260,125,146,91,326,131,181,76,121,57,58,58,1540,365,89,110,15,28,85,64,56,73,0,14,11,19,112,94,312,175,148,76,353,115,141,84,168,72,50,34
1400000US06037134101,4505,590,1069,542,637,358,0,14,0,14,112,104,0,14,60,71,0,14,0,14,37,37,92,96,180,184,9,12,130,77,17,22,432,212,18,23,0,14,49,62,0,14,0,14,13,23,29,33,54,54,47,72,61,63,54,45,78,71,29,35,3436,582,1828,377,142,120,58,53,56,47,105,87,0,14,15,19,212,113,265,162,346,124,217,85,230,74,59,43,123,63,1608,250,27,42,10,16,131,101,39,40,0,14,82,56,113,53,252,81,223,94,257,84,172,95,148,51,154,65
1400000US06037134103,4047,942,1272,852,577,488,0,14,0,14,122,147,50,44,0,14,135,115,0,14,0,14,106,125,15,34,8,14,36,52,105,129,695,426,0,14,0,14,30,38,37,48,44,53,20,25,82,114,0,14,168,148,47,38,5,8,69,63,193,185,2775,410,1402,261,135,106,0,14,33,31,40,47,47,48,44,43,59,48,241,123,151,82,235,78,135,75,199,74,83,43,1373,294,53,60,11,18,10,16,0,14,0,14,19,25,106,58,216,86,201,106,215,69,193,87,229,109,120,66
1400000US06037134104,4141,529,604,385,277,186,0,14,0,14,22,30,0,14,0,14,83,95,38,49,6,15,15,25,70,76,5,12,15,22,23,18,327,203,0,14,15,25,0,14,0,14,0,14,0,14,107,100,21,34,89,94,17,19,34,29,29,32,15,16,3537,460,1963,287,110,80,50,50,176,96,48,72,0,14,16,18,187,143,282,112,231,90,231,94,296,121,159,73,177,90,1574,298,78,77,40,58,196,115,6,12,0,14,20,30,18,20,313,132,265,107,160,94,223,82,211,111,44,38
1400000US06037134201,4149,675,342,213,220,199,0,14,0,14,0,14,0,14,0,14,0,14,0,14,18,22,15,26,0,14,158,191,0,14,29,45,122,93,0,14,0,14,0,14,0,14,0,14,0,14,29,46,53,75,15,26,13,21,12,19,0,14,0,14,3807,635,2024,398,34,38,0,14,61,51,9,13,0,14,40,45,404,249,245,138,196,117,489,205,279,137,119,72,148,106,1783,355,14,23,25,43,115,117,40,42,0,14,70,78,225,153,65,58,269,122,426,184,168,83,208,118,158,113
1400000US06037134302,4163,636,485,503,151,102,0,14,0,14,0,14,0,14,0,14,0,14,100,105,11,21,10,21,14,25,16,23,0,14,0,14,334,409,0,14,0,14,68,110,60,96,0,14,66,109,0,14,0,14,82,98,38,35,0,14,0,14,20,25,3678,463,1689,289,78,47,26,28,86,77,47,38,12,19,49,41,94,51,279,149,228,86,265,81,258,80,159,96,108,54,1989,311,68,58,46,37,111,87,94,75,12,18,81,42,57,40,237,97,209,74,268,78,378,167,192,52,236,181
1400000US06037134303,5294,587,310,165,144,88,0,19,0,19,8,14,3,9,0,19,0,19,17,24,29,32,7,13,3,8,38,36,39,49,0,19,166,98,5,13,0,19,5,12,0,19,0,19,0,19,0,19,0,19,34,47,3,8,13,23,4,15,102,77,4984,599,2266,331,71,63,27,32,85,70,29,40,21,35,37,40,95,64,450,210,339,131,293,115,451,189,263,95,105,60,2718,401,127,72,29,42,231,108,142,75,12,20,16,23,114,76,502,205,258,105,275,145,463,163,310,96,239,91
1400000US06037134304,2687,233,345,132,188,89,7,11,0,14,11,15,27,41,0,14,0,14,6,10,45,45,16,17,50,55,21,50,0,14,5,9,157,76,15,24,0,14,11,15,0,14,0,14,0,14,0,14,36,39,15,17,61,65,5,8,14,14,0,14,2342,251,1135,184,70,50,0,14,44,33,22,20,39,31,11,15,37,29,176,66,154,67,144,70,167,57,196,117,75,35,1207,152,88,53,15,18,87,55,7,11,27,31,7,10,52,34,298,73,108,68,160,55,152,45,162,49,44,25
1400000US06037134305,3659,691,399,199,214,129,29,45,0,14,0,14,0,14,0,14,0,14,24,38,23,36,78,67,26,31,13,21,9,14,12,21,185,109,0,14,0,14,0,14,0,14,0,14,11,18,0,14,34,40,0,14,27,32,13,20,0,14,100,79,3260,734,1597,401,98,89,0,14,121,83,57,50,30,49,65,61,430,178,250,114,143,107,182,109,100,82,89,78,32,36,1663,424,66,68,0,14,170,130,97,55,61,55,32,39,184,117,243,120,170,83,243,197,173,105,148,92,76,54
1400000US06037134306,3427,662,448,362,204,192,0,14,0,14,10,18,0,14,0,14,0,14,7,12,0,14,0,14,0,14,48,45,7,10,132,180,244,185,0,14,0,14,10,18,0,14,0,14,0,14,0,14,64,64,8,15,8,15,47,55,0,14,107,155,2979,630,1526,416,19,22,0,14,176,115,155,129,66,85,21,31,90,63,342,105,199,125,155,105,163,51,106,51,34,34,1453,297,189,126,0,14,122,80,52,50,0,14,2,14,49,38,360,170,206,80,100,98,209,119,118,51,46,50
1400000US06037134421,4238,601,184,131,47,42,0,14,0,14,0,14,0,14,0,14,0,14,6,13,0,14,0,14,0,14,14,23,12,19,15,24,137,118,0,14,0,14,0,14,0,14,29,47,14,24,0,14,36,38,0,14,14,22,28,34,0,14,16,18,4054,609,1941,251,39,33,42,64,173,105,91,65,54,42,24,25,123,91,133,138,248,66,284,90,280,117,295,156,155,57,2113,463,169,146,78,73,66,55,29,30,0,14,0,14,252,203,128,119,206,69,301,85,453,188,217,69,214,69
1400000US06037134422,4943,620,253,168,152,94,0,14,0,14,18,27,0,14,0,14,0,14,66,67,11,19,0,14,24,24,8,22,14,20,11,18,101,121,0,14,0,14,0,14,0,14,0,14,0,14,8,14,16,26,0,14,0,14,0,14,0,14,77,116,4690,608,2331,389,61,58,45,71,183,105,69,60,37,46,23,28,237,77,346,210,198,94,335,84,390,176,256,101,151,63,2359,290,180,102,50,49,131,96,46,72,25,33,67,49,129,74,144,86,317,94,448,149,257,86,403,109,162,55
1400000US06037134423,3560,443,472,310,314,229,126,160,0,14,59,76,0,14,0,14,0,14,35,35,59,72,7,17,10,17,0,14,0,14,18,22,158,92,0,14,0,14,0,14,0,14,0,14,0,14,0,14,53,69,0,14,23,31,15,20,13,13,54,66,3088,331,1588,254,39,44,54,69,85,35,18,24,14,21,29,32,136,73,138,66,215,92,213,108,250,92,263,78,134,67,1500,247,96,40,0,14,54,37,61,50,7,13,62,57,46,40,72,49,141,70,210,66,238,67,213,74,300,208
1400000US06037134424,2720,313,151,106,65,46,0,14,0,14,0,14,0,14,0,14,16,21,0,14,15,18,0,14,0,14,7,12,27,24,0,14,86,68,0,14,0,14,0,14,0,14,0,14,15,21,0,14,0,14,0,14,36,41,35,26,0,14,0,14,2569,344,1272,192,91,53,52,40,96,83,40,36,0,14,32,35,43,34,140,57,99,48,65,36,287,70,186,54,141,71,1297,186,54,39,47,41,23,28,17,26,19,21,23,31,27,26,93,49,118,53,208,114,245,76,342,81,81,36
1400000US06037134520,5092,682,1387,561,585,287,0,19,0,19,50,52,169,123,0,19,15,29,66,101,76,73,83,75,23,36,51,50,37,50,15,17,802,369,8,18,0,19,77,102,0,19,22,36,35,39,82,78,132,125,65,57,196,149,38,52,88,98,59,77,3705,740,1981,417,72,69,42,48,142,96,54,53,9,14,94,77,138,93,372,156,400,210,347,176,180,106,79,49,52,44,1724,422,66,81,17,30,68,73,118,85,0,19,0,19,320,171,276,151,237,114,180,104,226,150,157,97,59,46
1400000US06037134521,2561,277,842,337,300,123,19,27,0,14,61,42,23,26,0,14,25,24,46,37,12,17,84,66,12,14,18,27,0,14,0,14,542,256,109,79,0,14,57,58,85,66,0,14,53,54,9,12,94,59,82,51,22,25,31,27,0,14,0,14,1719,351,992,272,115,73,0,14,75,50,65,52,15,23,3,6,67,41,168,66,172,75,154,87,82,41,67,29,9,13,727,165,0,14,0,14,102,75,28,30,10,13,15,19,65,47,126,59,125,73,94,58,85,33,70,36,7,12
1400000US06037134522,4146,808,614,567,273,263,49,72,0,14,0,14,0,14,0,14,0,14,0,14,86,127,3,7,110,169,4,4,7,11,14,22,341,350,0,14,0,14,0,14,0,14,0,14,10,18,134,188,0,14,0,14,93,116,104,138,0,14,0,14,3532,610,1899,351,131,103,0,14,174,150,35,44,13,30,66,59,211,100,472,210,251,122,385,167,111,75,46,42,4,11,1633,362,37,56,0,14,161,77,78,72,0,14,44,47,203,133,242,121,145,82,401,159,130,67,80,58,112,139
1400000US06037134710,5180,652,1281,439,645,232,16,29,0,19,86,75,98,64,18,22,45,54,62,62,98,60,122,73,43,41,27,31,10,16,20,31,636,255,107,97,0,19,61,56,24,28,0,19,64,61,77,62,71,60,88,62,70,57,22,32,3,5,49,45,3899,720,1952,407,76,86,0,19,187,95,63,65,8,12,10,17,222,164,302,145,417,144,255,124,276,82,127,80,9,14,1947,434,179,88,26,31,223,129,38,38,0,19,11,17,263,142,213,81,384,152,241,119,266,112,74,48,29,27
1400000US06037134720,5498,584,405,163,168,106,0,19,0,19,0,19,0,19,0,19,0,19,14,19,82,60,10,17,40,50,3,8,11,17,8,12,237,123,0,19,0,19,11,17,42,60,0,19,0,19,11,17,61,49,21,27,27,29,22,37,11,15,31,35,5093,580,2519,404,145,92,21,33,148,85,277,142,32,34,58,52,200,113,456,164,358,139,299,108,343,130,109,70,73,49,2574,388,170,128,86,92,182,115,34,45,0,19,51,64,268,130,369,115,526,162,340,98,381,146,90,48,77,37
1400000US06037134801,2889,569,412,303,122,81,0,14,0,14,0,14,0,14,0,14,0,14,56,62,0,14,0,14,0,14,46,38,10,15,10,14,290,250,0,14,0,14,0,14,34,51,0,14,0,14,21,32,48,67,8,12,34,52,129,167,7,12,9,14,2477,491,1189,238,62,47,5,11,32,25,105,73,5,9,0,14,100,64,193,84,117,58,237,72,189,68,126,64,18,21,1288,382,36,38,0,14,93,81,0,14,23,37,20,24,31,26,105,49,214,78,374,277,110,54,128,45,154,137
1400000US06037134802,3025,468,522,220,285,125,117,103,0,14,68,114,0,14,0,14,0,14,0,14,75,55,0,14,10,15,0,14,0,14,15,27,237,101,47,43,0,14,0,14,0,14,0,14,21,32,7,12,62,53,42,49,0,14,0,14,50,50,8,13,2503,521,1300,298,46,48,16,24,65,68,77,78,47,70,12,16,71,49,147,90,229,97,195,105,217,68,151,59,27,20,1203,266,16,24,13,21,95,77,17,26,35,37,6,10,80,57,115,73,171,58,221,100,214,72,95,51,125,63
1400000US06037134901,2291,479,229,173,88,91,41,82,0,14,0,14,0,14,0,14,0,14,0,14,29,36,2,7,0,14,0,14,0,14,16,25,141,95,0,14,0,14,19,38,0,14,0,14,0,14,0,14,37,46,12,19,8,13,27,41,38,27,0,14,2062,441,1050,226,32,37,0,14,48,48,12,19,9,16,14,21,79,49,217,68,132,97,140,72,186,121,120,67,61,44,1012,235,108,89,0,14,23,30,54,66,0,14,0,14,34,35,104,76,129,95,193,64,98,63,194,85,75,42
1400000US06037134904,4580,1059,443,209,259,148,14,24,0,14,0,14,0,14,19,31,0,14,7,14,88,86,34,32,5,8,13,22,28,35,51,59,184,86,0,14,0,14,0,14,0,14,0,14,0,14,7,13,51,49,18,29,20,26,24,30,7,11,57,65,4137,1057,2286,632,115,69,15,28,163,82,87,102,49,41,28,44,223,124,407,151,182,79,500,263,293,201,161,152,63,62,1851,476,105,80,0,14,59,54,119,103,19,30,79,76,77,54,175,103,300,106,326,112,324,153,158,69,110,90
1400000US06037134905,6371,1001,1009,743,500,377,54,86,0,19,0,19,0,19,0,19,0,19,11,17,304,394,51,81,37,56,43,50,0,19,0,19,509,381,31,48,0,19,0,19,0,19,0,19,0,19,48,45,325,351,74,83,11,17,20,31,0,19,0,19,5362,787,2941,443,148,146,0,19,91,116,49,79,0,19,125,111,131,128,1168,324,422,211,220,129,357,133,187,127,43,43,2421,504,207,186,0,19,0,19,17,30,0,19,110,140,65,76,748,241,438,223,396,224,273,129,26,31,141,60
1400000US06037134906,2888,422,365,208,174,108,0,14,0,14,48,77,0,14,0,14,0,14,34,55,38,40,42,45,12,25,0,14,0,14,0,14,191,138,26,33,0,14,24,31,54,53,8,13,0,14,0,14,51,54,21,24,0,14,7,12,0,14,0,14,2523,397,1233,225,95,99,35,59,63,88,0,14,0,14,18,31,134,72,187,111,201,104,183,117,174,96,93,73,50,51,1290,307,100,97,0,14,29,35,12,21,18,31,0,14,79,65,454,172,53,61,122,91,280,93,73,56,70,68
1400000US06037134907,4154,1015,1247,847,786,743,112,101,0,14,0,14,0,14,0,14,0,14,44,71,564,700,0,14,44,70,22,31,0,14,0,14,461,251,110,99,0,14,0,14,0,14,0,14,0,14,0,14,181,129,76,85,43,44,51,77,0,14,0,14,2907,528,1485,317,61,84,0,14,28,42,0,14,0,14,0,14,74,76,760,254,310,259,150,127,102,112,0,14,0,14,1422,383,44,62,0,14,0,14,0,14,23,38,0,14,50,48,981,381,185,108,121,107,18,31,0,14,0,14
1400000US06037135102,4115,559,415,211,173,113,21,29,0,14,19,27,0,14,0,14,12,20,0,14,10,21,20,27,0,14,11,18,0,14,80,70,242,131,21,29,0,14,0,14,0,14,13,20,0,14,5,11,40,50,6,11,31,31,62,50,31,46,33,59,3700,530,1680,261,77,43,22,27,69,47,44,44,0,14,22,26,119,106,159,67,186,84,320,137,255,75,257,162,150,84,2020,366,79,62,0,14,114,63,119,61,14,24,35,36,218,128,165,91,250,91,432,153,285,117,215,82,94,63
1400000US06037135111,3963,1174,324,122,133,81,0,14,0,14,11,18,0,14,0,14,0,14,7,12,1,5,0,14,100,76,2,12,0,14,12,15,191,99,0,14,0,14,10,18,0,14,0,14,0,14,36,55,9,15,19,24,12,22,35,34,37,39,33,29,3639,1178,1808,622,0,14,0,14,150,113,207,146,0,14,83,89,224,176,344,166,217,92,309,179,132,88,93,46,49,31,1831,717,138,76,0,14,110,118,0,14,0,14,22,25,335,316,303,141,144,72,264,144,244,143,85,44,186,144
1400000US06037135113,3014,631,415,167,125,81,0,14,0,14,54,56,0,14,0,14,0,14,0,14,0,14,11,17,43,52,17,20,0,14,0,14,290,124,21,23,0,14,13,19,23,26,8,13,21,24,17,19,58,60,17,18,56,47,30,42,7,12,19,21,2599,611,1090,229,34,36,0,14,19,28,0,14,35,56,0,14,83,76,260,119,324,114,145,90,59,83,79,44,52,54,1509,476,134,91,0,14,63,56,43,56,31,49,75,69,179,133,201,97,212,109,195,91,266,179,43,34,67,54
1400000US06037135115,4309,528,277,142,101,66,0,14,0,14,0,14,0,14,0,14,0,14,20,32,0,14,17,27,0,14,28,39,0,14,36,27,176,95,0,14,0,14,0,14,0,14,0,14,0,14,17,26,44,47,58,65,0,14,20,13,0,14,37,42,4032,544,2105,322,226,182,0,14,176,114,54,67,0,14,10,31,166,116,348,167,577,209,266,105,180,128,81,62,21,32,1927,427,164,173,84,108,159,131,19,30,0,14,24,31,162,96,525,212,245,119,378,147,23,37,44,50,100,84
1400000US06037135116,1536,318,312,115,79,59,9,16,0,14,0,14,8,14,0,14,0,14,0,14,0,14,5,8,0,14,0,14,6,9,51,49,233,96,8,15,0,14,0,14,0,14,0,14,0,14,0,14,0,14,6,12,22,27,37,33,44,47,116,63,1224,329,743,310,12,15,0,14,49,55,6,9,0,14,0,14,47,35,360,317,75,47,22,18,52,45,78,69,42,35,481,116,5,8,0,14,10,14,0,14,5,9,0,14,25,21,85,63,51,36,56,49,66,44,108,76,70,50
1400000US06037135201,2793,498,463,384,241,214,21,26,0,14,107,131,0,14,18,23,0,14,0,14,0,14,41,60,21,25,20,22,8,12,5,9,222,174,38,58,31,45,20,24,0,14,0,14,8,13,0,14,35,25,63,64,0,14,27,23,0,14,0,14,2330,348,1158,190,59,66,12,15,93,57,69,60,8,12,23,21,66,34,91,39,224,55,162,74,147,83,112,36,92,32,1172,202,94,48,19,21,95,45,46,38,7,10,69,47,85,62,81,49,168,44,202,91,104,36,126,37,76,32
1400000US06037135202,4578,725,471,294,173,149,46,67,0,14,1,14,1,14,0,14,0,14,52,63,3,8,39,56,0,14,22,29,0,14,9,14,298,195,0,14,17,29,18,29,0,14,0,14,0,14,0,14,109,125,66,61,0,14,50,59,1,6,37,35,4107,725,1834,358,57,41,23,25,198,83,48,50,8,13,99,77,166,125,151,83,252,121,201,56,267,118,213,92,151,67,2273,433,51,38,119,119,196,147,138,127,57,50,69,54,208,147,188,96,296,152,354,110,311,134,147,83,139,57
1400000US06037135204,4915,764,345,238,90,80,0,14,0,14,13,22,0,14,7,13,7,13,0,14,0,14,52,75,0,14,11,18,0,14,0,14,255,165,114,162,0,14,0,14,10,18,0,14,0,14,0,14,0,14,0,14,26,33,16,23,77,73,12,21,4570,848,2449,491,310,173,0,14,165,130,82,64,0,14,44,70,312,320,287,137,277,94,263,104,427,169,107,79,175,72,2121,413,51,57,57,73,98,76,0,14,13,21,123,73,204,141,236,102,299,146,270,100,430,199,148,60,192,101
1400000US06037135205,2067,283,65,54,34,44,0,14,0,14,0,14,0,14,0,14,0,14,0,14,0,14,5,8,0,14,0,14,29,44,0,14,31,25,0,14,0,14,0,14,0,14,0,14,0,14,0,14,0,14,0,14,0,14,0,14,20,25,11,13,2002,279,1045,180,43,39,0,14,105,70,62,51,11,19,20,30,37,41,120,75,155,91,175,56,95,43,122,51,100,54,957,195,62,46,20,21,108,89,0,14,31,35,0,14,32,36,53,36,128,49,133,54,129,58,163,46,98,80
1400000US06037137000,4551,593,384,213,195,120,29,29,0,14,0,14,38,59,3,7,0,14,22,31,18,34,13,21,0,14,47,64,25,25,0,14,189,103,0,14,0,14,0,14,16,24,0,14,0,14,22,24,0,14,28,26,16,26,49,57,19,23,39,55,4167,603,2188,473,118,74,65,50,155,78,11,18,3,10,33,36,175,82,183,102,216,95,266,211,194,105,431,155,338,209,1979,295,71,45,63,65,117,100,38,40,0,14,3,7,189,119,115,63,243,73,210,105,292,117,401,165,237,89
1400000US06037137103,4860,669,879,458,365,224,87,74,0,14,0,14,0,14,0,14,0,14,0,14,53,51,36,43,12,18,105,161,59,94,13,22,514,302,71,114,19,34,0,14,0,14,0,14,0,14,90,118,118,76,29,34,56,58,106,162,0,14,25,28,3981,526,1904,352,105,78,0,14,55,55,0,14,0,14,0,14,34,39,351,172,671,196,144,107,213,144,160,107,171,91,2077,302,104,70,30,52,0,14,22,31,0,14,27,43,37,43,279,127,437,173,394,212,243,124,355,189,149,90
1400000US06037137104,2350,328,210,118,93,73,12,18,11,17,0,14,0,14,0,14,0,14,0,14,12,21,0,14,49,46,9,14,0,14,0,14,117,89,0,14,0,14,0,14,0,14,0,14,0,14,0,14,24,29,8,15,18,30,0,14,58,71,9,13,2140,318,1178,211,62,54,56,39,32,40,32,46,0,14,41,47,72,73,68,60,224,90,168,58,82,60,225,91,116,64,962,188,29,36,12,19,75,85,0,14,0,14,0,14,114,76,135,81,147,71,94,55,117,57,180,70,59,46
1400000US06037137202,3263,550,430,221,168,103,12,25,0,14,44,63,0,14,0,14,0,14,8,13,26,32,71,60,0,14,0,14,7,12,0,14,262,151,0,14,0,14,0,14,0,14,0,14,0,14,57,88,119,120,10,21,14,22,29,37,33,50,0,14,2833,579,1554,328,78,80,60,63,66,65,36,36,12,20,0,14,175,151,226,115,407,140,128,76,94,57,197,111,75,47,1279,316,98,131,7,14,44,56,40,52,27,29,0,14,68,78,328,138,242,89,155,86,112,67,130,92,28,26
1400000US06037137203,2525,626,259,147,138,93,0,14,0,14,0,14,8,12,0,14,5,9,0,14,24,36,8,13,0,14,43,42,23,22,27,35,121,77,0,14,0,14,6,10,9,14,5,10,9,14,23,35,23,35,22,21,15,17,1,3,3,8,5,16,2266,640,1305,573,6,13,0,14,60,49,8,12,64,60,293,363,57,56,108,83,96,62,311,215,158,61,72,33,72,34,961,129,21,24,16,20,45,23,33,23,20,26,30,24,93,54,49,36,87,53,218,100,127,44,139,61,83,41
1400000US06037137301,2238,433,34,19,8,11,0,14,0,14,0,14,0,14,0,14,0,14,0,14,0,14,0,14,0,14,0,14,4,7,4,8,26,16,0,14,0,14,0,14,0,14,0,14,0,14,4,6,0,14,0,14,11,10,0,14,0,14,11,11,2204,433,1118,256,40,36,32,26,110,98,62,44,9,13,110,105,65,41,29,26,128,52,172,111,216,78,73,33,72,44,1086,222,51,43,8,13,44,29,114,101,42,37,24,22,37,31,60,40,148,52,194,101,217,57,46,25,101,49
1400000US06037137302,4669,431,394,262,163,110,0,14,0,14,34,39,10,17,0,14,28,40,0,14,0,14,21,33,60,50,6,20,0,14,4,7,231,158,21,34,0,14,54,58,24,37,0,14,0,14,9,17,9,16,33,35,55,57,9,17,0,14,17,26,4275,426,2156,321,76,55,87,73,181,79,75,65,8,16,12,20,104,79,290,137,241,82,309,96,250,105,255,132,268,82,2119,242,95,78,7,11,142,87,90,71,12,20,77,55,90,53,125,76,339,88,247,87,310,100,234,102,351,93
1400000US06037137401,4749,532,488,196,284,137,0,14,11,18,0,14,42,68,0,14,23,32,0,14,68,75,67,85,40,31,23,24,10,14,0,14,204,101,0,14,0,14,0,14,16,22,0,14,0,14,12,20,69,69,14,22,33,33,46,60,11,20,3,10,4261,534,1944,279,126,110,23,36,201,98,85,72,44,30,51,40,67,45,233,138,256,103,356,108,245,90,134,54,123,53,2317,318,277,178,50,39,131,53,38,40,61,72,36,32,79,62,271,131,445,129,373,115,210,80,195,75,151,54
1400000US06037137402,5632,991,441,334,250,224,0,19,0,19,84,90,0,19,0,19,4,10,55,60,7,21,0,19,70,76,0,19,15,24,15,26,191,128,0,19,0,19,0,19,0,19,0,19,0,19,14,28,0,19,34,54,87,83,34,42,0,19,22,23,5191,1036,2343,565,142,186,11,26,287,186,85,63,19,31,99,84,53,56,189,135,338,225,403,197,292,155,271,140,154,86,2848,606,348,243,9,15,421,258,118,83,0,19,60,48,50,62,221,110,503,249,361,147,250,92,198,128,309,151
1400000US06037137501,5233,786,903,660,391,264,0,19,0,19,28,46,167,251,0,19,0,19,33,38,0,19,0,19,30,33,109,68,0,19,24,37,512,419,0,19,0,19,0,19,0,19,0,19,0,19,37,48,179,259,80,89,144,165,11,16,0,19,61,77,4330,583,1963,354,93,80,8,17,152,102,55,47,39,37,11,19,68,71,480,138,318,121,188,90,257,85,194,88,100,80,2367,329,252,185,55,61,66,50,0,19,26,37,77,65,175,86,497,179,307,113,353,154,196,70,174,85,189,101
1400000US06037137502,4430,574,214,132,165,103,0,14,0,14,0,14,0,14,0,14,0,14,0,14,83,82,0,14,21,23,0,14,0,14,61,67,49,51,0,14,0,14,0,14,0,14,0,14,0,14,0,14,0,14,12,19,0,14,8,12,0,14,29,46,4216,621,2137,376,161,94,0,14,281,159,120,98,0,14,37,38,12,20,150,92,322,157,349,132,318,116,262,121,125,76,2079,387,54,51,10,16,85,53,171,123,0,14,58,60,157,90,258,110,210,116,330,137,309,146,280,119,157,118
1400000US06037137504,1858,306,64,38,35,31,0,14,0,14,0,14,0,14,0,14,0,14,0,14,0,14,7,11,0,14,6,9,0,14,22,29,29,25,0,14,0,14,0,14,0,14,0,14,0,14,0,14,4,6,0,14,0,14,5,8,15,21,5,9,1794,308,885,176,31,25,43,41,32,23,77,61,16,15,11,12,5,7,48,40,129,43,170,84,99,51,104,40,120,35,909,171,47,26,6,11,122,71,30,26,0,14,24,24,40,26,82,45,171,91,107,47,92,41,112,33,76,36
1400000US06037138000,4499,519,201,117,60,49,0,14,0,14,39,45,0,14,0,14,0,14,10,15,11,16,0,14,0,14,0,14,0,14,0,14,141,78,0,14,7,11,32,44,0,14,0,14,18,27,0,14,0,14,20,24,46,36,0,14,0,14,18,21,4298,534,2163,320,88,64,19,33,184,112,48,39,8,12,47,38,39,49,165,82,305,74,501,182,267,116,317,89,175,61,2135,324,202,129,0,14,131,66,84,58,16,25,73,53,49,53,106,80,367,118,306,98,238,119,355,100,208,80
1400000US06037139001,5592,674,534,279,214,219,61,94,0,19,0,19,0,19,0,19,0,19,0,19,2,6,80,89,33,49,0,19,38,52,0,19,320,186,0,19,0,19,59,91,0,19,0,19,0,19,0,19,54,83,77,105,3,9,22,29,16,26,89,117,5058,667,2534,394,268,171,0,19,331,183,37,56,0,19,10,26,79,76,278,146,409,173,437,137,323,155,144,87,218,138,2524,396,244,164,25,42,23,39,106,91,0,19,86,81,98,92,370,184,535,151,192,105,414,193,233,91,198,106
1400000US06037139200,5616,693,433,248,35,49,0,19,0,19,0,19,0,19,0,19,0,19,0,19,0,19,0,19,35,49,0,19,0,19,0,19,398,243,0,19,0,19,0,19,0,19,0,19,23,40,62,99,31,48,24,35,63,74,30,7,104,127,61,79,5183,729,2750,460,130,143,0,19,230,145,83,60,21,36,51,76,177,162,300,166,508,244,262,150,428,202,329,207,231,160,2433,365,129,120,12,30,14,25,57,64,29,34,0,19,334,215,244,154,291,175,283,146,499,226,439,204,102,78
1400000US06037139301,3967,638,211,169,148,164,0,14,0,14,0,14,0,14,0,14,101,156,23,47,6,9,0,14,10,17,8,12,0,14,0,14,63,58,0,14,0,14,9,14,9,16,0,14,0,14,0,14,0,14,0,14,6,11,11,12,13,35,15,22,3756,524,1954,389,114,77,0,14,198,66,77,46,17,27,68,54,112,70,97,70,308,85,216,79,477,323,181,83,89,52,1802,286,149,110,77,70,96,90,24,30,15,24,40,40,75,89,130,79,246,67,291,95,237,82,272,98,150,63
1400000US06037139302,5394,804,868,218,448,162,0,19,0,19,0,19,0,19,7,16,0,19,65,67,68,120,137,117,57,66,104,99,0,19,10,51,420,211,0,19,0,19,0,19,31,45,0,19,0,19,82,97,80,88,30,74,52,72,29,49,72,80,44,82,4526,845,2486,529,164,154,0,19,383,203,136,125,0,19,32,56,205,201,408,165,554,210,236,131,200,117,118,65,50,43,2040,465,138,133,8,16,126,138,142,151,0,19,16,31,80,84,399,198,432,144,284,127,202,116,160,121,53,47
1400000US06037139303,4566,500,267,151,74,74,0,14,0,14,0,14,20,32,0,14,0,14,27,42,8,13,19,29,0,14,0,14,0,14,0,14,193,99,0,14,0,14,0,14,21,32,0,14,0,14,45,48,38,53,10,16,0,14,40,37,0,14,39,38,4299,521,2091,336,46,49,32,41,108,58,46,48,7,12,106,75,72,63,558,207,291,124,396,174,120,77,124,64,185,208,2208,360,46,44,7,12,187,102,37,33,0,14,52,35,129,109,500,154,224,96,355,108,113,60,338,123,220,168
1400000US06037139401,2606,320,203,90,59,66,0,14,0,14,0,14,0,14,0,14,0,14,0,14,14,29,0,14,9,15,0,14,36,59,0,14,144,59,0,14,0,14,0,14,0,14,0,14,0,14,0,14,18,23,21,36,12,27,0,14,9,14,84,54,2403,292,1117,242,88,81,0,14,13,28,53,54,17,26,10,17,38,38,249,117,173,103,113,75,130,68,111,77,122,105,1286,200,44,45,16,20,131,78,25,37,25,36,13,28,45,44,256,98,210,99,73,48,178,94,215,145,55,38
1400000US06037139402,2744,400,282,264,111,132,0,14,0,14,0,14,0,14,0,14,0,14,32,51,29,42,0,14,40,55,10,15,0,14,0,14,171,143,0,14,0,14,0,14,33,52,0,14,0,14,31,47,0,14,9,13,0,14,51,52,8,12,39,41,2462,394,1219,213,22,19,21,20,116,71,40,30,21,31,24,16,140,78,20,23,88,47,248,95,182,80,166,53,131,51,1243,231,26,23,22,25,154,84,49,32,10,13,48,41,55,28,10,13,147,69,154,65,192,77,261,65,115,62
1400000US06037139502,3336,450,217,110,108,73,0,14,0,14,0,14,0,14,0,14,0,14,0,14,57,61,0,14,16,23,35,33,0,14,0,14,109,79,0,14,0,14,0,14,0,14,0,14,0,14,0,14,0,14,33,50,17,24,0,14,34,54,25,29,3119,485,1528,234,108,108,10,17,66,46,103,115,86,48,45,51,97,93,195,94,172,105,236,95,219,96,98,50,93,45,1591,343,46,45,0,14,180,166,43,48,3,15,74,41,146,89,237,110,179,99,282,102,181,89,113,50,107,68
1400000US06037139504,3541,469,484,248,43,44,0,14,0,14,0,14,0,14,0,14,0,14,0,14,0,14,0,14,0,14,25,39,8,13,10,15,441,250,98,151,0,14,0,14,0,14,0,14,0,14,31,39,70,78,9,14,41,55,39,46,41,37,112,57,3057,476,1461,253,116,100,0,14,7,12,20,22,0,14,38,49,53,38,275,94,238,104,278,145,189,115,66,56,181,85,1596,315,43,42,9,15,62,71,19,22,8,12,19,21,28,25,295,114,215,92,335,148,191,117,124,55,248,148
1400000US06037139505,2656,465,632,437,184,94,0,14,0,14,20,38,0,14,0,14,0,14,13,21,11,17,0,14,28,47,0,14,17,21,95,71,448,409,0,14,0,14,0,14,0,14,0,14,0,14,0,14,27,33,40,61,34,41,258,403,35,53,54,58,2024,398,1099,346,55,71,0,14,8,14,8,15,0,14,0,14,76,55,356,251,197,90,72,48,182,168,89,51,56,34,925,157,89,63,0,14,80,54,10,17,0,14,0,14,32,32,277,114,128,57,66,46,37,37,145,65,61,38
1400000US06037139506,3196,712,141,86,44,48,0,14,0,14,0,14,0,14,0,14,0,14,0,14,0,14,17,22,0,14,0,14,27,44,0,14,97,77,0,14,0,14,0,14,0,14,0,14,0,14,6,12,0,14,0,14,0,14,0,14,0,14,91,76,3055,702,1448,436,74,60,0,14,114,191,0,14,15,28,0,14,160,160,128,86,179,61,478,208,8,14,175,100,117,70,1607,397,208,93,0,14,105,162,0,14,0,14,0,14,55,48,262,96,253,189,291,173,139,81,174,152,120,82
1400000US06037139600,5047,608,458,242,134,109,0,19,0,19,0,19,0,19,0,19,0,19,0,19,0,19,33,47,15,27,26,41,46,74,14,24,324,183,0,19,0,19,0,19,0,19,28,44,0,19,45,53,0,19,0,19,52,55,104,75,0,19,95,86,4589,639,2168,353,41,62,28,46,197,96,81,92,0,19,0,19,226,154,149,104,463,198,245,108,246,158,263,178,229,107,2421,389,73,79,0,19,231,135,53,52,32,42,66,76,156,146,307,173,340,163,290,99,398,231,114,84,361,152
1400000US06037139701,5149,711,676,468,298,225,0,19,0,19,0,19,0,19,0,19,0,19,0,19,0,19,69,106,64,93,60,81,51,80,54,86,378,366,0,19,0,19,0,19,0,19,0,19,0,19,0,19,6,12,0,19,32,44,138,217,183,293,19,31,4473,592,2062,279,23,35,0,19,111,84,102,80,15,25,47,46,52,56,78,59,258,76,329,158,438,199,383,179,226,101,2411,462,10,15,29,43,224,117,22,39,109,143,64,61,85,75,237,164,379,191,186,88,470,190,304,137,292,114
1400000US06037139703,2662,381,76,49,10,21,0,14,0,14,0,14,0,14,0,14,0,14,0,14,0,14,0,14,2,11,0,14,0,14,8,14,66,40,0,14,0,14,0,14,0,14,0,14,0,14,0,14,0,14,14,22,0,14,27,25,14,16,11,11,2586,391,1192,205,7,12,56,43,133,82,56,61,0,14,13,16,13,16,69,35,147,68,235,95,125,44,210,56,128,57,1394,217,37,40,6,12,48,44,137,73,5,8,10,16,82,61,101,65,113,43,212,93,296,72,166,45,181,44
1400000US06037139704,2752,624,175,144,95,76,0,14,0,14,0,14,0,14,0,14,0,14,0,14,28,34,48,44,0,14,14,27,0,14,5,9,80,75,0,14,0,14,22,33,0,14,0,14,0,14,0,14,0,14,31,37,22,31,0,14,0,14,5,8,2577,627,1203,277,75,55,21,22,134,79,50,64,15,18,32,31,40,31,35,29,131,74,186,54,160,56,140,48,184,166,1374,525,81,48,0,14,235,312,64,53,15,22,0,14,76,46,85,53,128,30,323,199,127,64,157,50,83,41
1400000US06037139705,3777,642,57,65,29,32,0,14,0,14,0,14,0,14,0,14,0,14,0,14,0,14,0,14,0,14,0,14,29,32,0,14,28,33,0,14,0,14,0,14,0,14,0,14,0,14,0,14,0,14,0,14,0,14,0,14,28,33,0,14,3720,659,2109,387,42,44,22,25,341,140,58,49,34,35,157,119,61,52,174,179,89,56,301,104,244,90,236,120,350,108,1611,314,179,161,0,14,75,58,51,46,22,33,0,14,59,56,141,138,146,60,282,92,227,66,149,55,280,88
1400000US06037139801,3631,581,316,205,168,134,0,14,0,14,0,14,0,14,0,14,35,53,0,14,72,88,0,14,36,54,13,20,0,14,12,18,148,92,0,14,0,14,0,14,0,14,0,14,0,14,16,26,31,47,0,14,63,67,27,26,11,17,0,14,3315,561,1729,339,147,134,42,51,218,104,108,100,22,24,7,10,11,17,102,66,254,130,318,102,110,49,211,99,179,81,1586,264,80,74,12,18,138,87,86,56,21,23,21,23,49,52,92,50,302,120,135,74,244,107,180,65,226,76
1400000US06037139802,3528,528,161,115,97,71,0,14,0,14,0,14,0,14,0,14,0,14,0,14,4,8,8,14,12,18,6,10,0,14,67,65,64,54,0,14,0,14,0,14,0,14,0,14,0,14,0,14,0,14,0,14,0,14,0,14,38,44,26,29,3367,481,1794,327,101,75,34,40,114,59,109,95,53,72,24,26,56,43,161,78,266,114,330,134,196,75,136,75,214,58,1573,209,21,25,27,28,74,42,46,35,70,74,94,66,40,47,132,74,225,105,278,113,207,71,161,80,198,70
1400000US06037141101,4947,631,378,179,126,97,0,14,0,14,0,14,0,14,0,14,0,14,1,2,1,2,0,14,49,57,55,57,7,38,13,25,252,152,0,14,0,14,0,14,0,14,0,14,0,14,0,14,43,65,27,34,68,111,102,75,0,14,12,21,4569,632,2064,341,140,104,54,66,113,94,89,70,85,135,0,14,69,89,494,184,349,152,331,173,216,117,87,57,37,40,2505,467,282,182,0,14,132,111,78,68,0,14,61,87,15,26,584,315,429,116,387,205,197,142,167,84,173,119
1400000US06037141102,2649,414,280,162,201,147,0,14,0,14,0,14,9,13,0,14,0,14,20,30,57,71,0,14,26,25,43,62,44,59,2,4,79,59,0,14,0,14,10,16,11,17,0,14,0,14,36,54,13,20,0,14,7,11,2,4,0,14,0,14,2369,412,1333,310,85,86,16,25,114,55,18,22,0,14,63,47,44,41,219,195,415,181,154,71,85,56,84,42,36,31,1036,205,25,29,0,14,36,54,12,20,0,14,0,14,105,81,169,90,229,102,166,65,57,33,169,101,68,45
1400000US06037141201,3969,312,350,178,108,63,0,14,0,14,0,14,0,14,0,14,0,14,0,14,0,14,30,32,47,57,0,14,31,37,0,14,242,158,22,38,0,14,21,36,6,9,0,14,26,41,8,14,92,95,0,14,60,58,0,14,0,14,7,11,3619,345,2091,307,85,69,0,14,38,41,53,41,0,14,9,27,10,18,532,166,564,209,524,187,83,86,139,120,54,40,1528,243,70,57,27,44,52,48,0,14,0,14,27,36,43,46,362,133,316,142,216,73,202,109,137,85,76,50
1400000US06037141202,3132,539,211,108,129,83,0,14,0,14,0,14,0,14,0,14,0,14,8,12,0,14,18,20,52,67,8,13,33,48,10,15,82,58,0,14,0,14,12,19,12,18,0,14,0,14,0,14,13,17,0,14,25,29,4,8,0,14,16,19,2921,537,1340,258,26,35,0,14,90,84,36,48,10,17,57,60,69,51,203,79,234,90,190,87,154,79,225,126,46,31,1581,346,9,20,20,31,58,41,0,14,17,19,10,18,20,21,304,99,288,192,351,81,292,164,79,35,133,50
1400000US06037141303,3236,354,482,315,234,158,8,14,0,14,8,14,0,14,0,14,0,14,0,14,26,31,74,84,13,19,105,126,0,14,0,14,248,181,0,14,0,14,0,14,12,19,0,14,0,14,12,19,0,14,9,14,22,25,131,162,32,48,30,34,2754,359,1461,240,83,61,6,11,39,42,20,26,10,16,0,14,34,24,440,188,334,109,285,138,115,67,54,29,41,36,1293,229,84,57,0,14,25,40,20,22,12,18,16,20,35,29,316,112,363,117,169,68,82,53,122,64,49,31
1400000US06037141304,3028,618,267,147,76,84,0,14,0,14,0,14,0,14,0,14,22,34,0,14,9,15,0,14,0,14,0,14,45,73,0,14,191,96,0,14,0,14,0,14,0,14,8,13,0,14,0,14,25,31,51,58,22,34,22,26,16,19,47,60,2761,618,1173,372,21,24,34,45,111,158,10,17,21,30,32,35,36,59,162,89,157,87,228,170,194,105,135,58,32,29,1588,327,67,47,0,14,67,40,148,141,0,14,3,20,109,73,235,105,282,82,206,151,123,51,121,50,227,123
1400000US06037141305,3127,435,350,124,101,67,0,14,0,14,0,14,0,14,0,14,0,14,0,14,57,53,18,28,17,25,0,14,0,14,9,16,249,103,19,30,0,14,0,14,0,14,0,14,0,14,0,14,144,68,16,25,22,38,0,14,4,7,44,39,2777,435,1418,291,268,181,0,14,0,14,20,30,0,14,12,21,87,80,369,145,334,118,105,69,39,40,155,83,29,30,1359,268,78,104,31,40,68,81,16,26,0,14,25,32,94,103,342,105,290,165,213,71,110,74,73,45,19,24
1400000US06037141306,3291,575,123,84,14,17,0,14,0,14,0,14,0,14,0,14,0,14,0,14,0,14,9,15,0,14,0,14,5,9,0,14,109,83,0,14,0,14,0,14,0,14,0,14,0,14,8,12,18,22,11,16,0,14,35,40,4,9,33,39,3168,583,1455,308,84,77,0,14,165,109,47,51,15,20,44,68,30,24,285,102,306,136,269,140,95,60,44,33,71,42,1713,389,110,62,14,23,53,64,10,18,0,14,0,14,147,95,478,289,295,104,244,112,148,103,43,34,171,100
1400000US06037141400,5184,626,545,257,255,123,6,10,15,24,0,19,56,71,0,19,0,19,10,17,21,22,39,30,30,44,32,31,11,20,35,54,290,167,0,19,0,19,40,46,0,19,17,27,55,69,0,19,28,26,54,52,51,64,0,19,8,13,37,53,4639,714,2423,466,233,182,8,12,203,148,32,37,80,74,38,35,113,70,402,233,329,181,340,131,276,151,234,108,135,60,2216,390,119,111,7,11,76,73,63,57,15,23,122,113,61,50,380,125,289,161,232,90,352,136,133,52,367,119
1400000US06037141500,2807,663,48,31,15,17,0,14,0,14,0,14,0,14,0,14,0,14,0,14,0,14,0,14,0,14,0,14,15,17,0,14,33,24,0,14,0,14,0,14,0,14,0,14,0,14,0,14,0,14,0,14,0,14,10,15,0,14,23,22,2759,667,1456,460,37,53,36,50,58,57,134,89,12,19,45,54,292,456,40,41,129,78,183,74,163,75,190,78,137,58,1303,253,60,90,0,14,0,14,69,61,0,14,42,46,41,44,37,32,68,52,255,80,320,215,242,85,169,61
1400000US06037141600,3854,493,152,170,92,117,41,60,0,14,0,14,38,56,0,14,0,14,0,14,0,14,0,14,0,14,13,19,0,14,0,14,60,65,0,14,0,14,0,14,0,14,0,14,0,14,0,14,0,14,33,49,0,14,0,14,0,14,27,44,3702,512,1909,323,71,64,8,15,117,75,55,47,16,21,37,31,51,44,108,70,268,161,312,100,441,228,302,136,123,51,1793,297,13,21,18,22,133,92,73,43,46,45,93,66,25,25,82,55,178,76,472,182,214,100,285,85,161,64
1400000US06037141700,3234,495,40,36,18,24,0,14,0,14,0,14,0,14,0,14,0,14,0,14,5,10,0,14,0,14,1,9,12,18,0,14,22,22,0,14,0,14,0,14,0,14,0,14,0,14,0,14,5,10,0,14,0,14,0,14,17,19,0,14,3194,493,1682,372,93,74,0,14,104,70,0,14,44,55,23,26,147,123,297,209,129,62,263,123,214,89,255,69,113,40,1512,186,51,37,17,27,78,43,55,43,13,20,0,14,129,67,221,114,123,48,214,94,317,98,166,50,128,52
1400000US06037143101,1972,470,20,22,11,17,0,14,0,14,0,14,0,14,0,14,0,14,0,14,0,14,0,14,0,14,0,14,11,17,0,14,9,14,0,14,0,14,0,14,0,14,0,14,0,14,0,14,9,14,0,14,0,14,0,14,0,14,0,14,1952,470,969,326,0,14,129,178,44,57,11,18,0,14,0,14,0,14,180,94,102,52,116,55,150,68,218,135,19,24,983,227,0,14,0,14,77,54,32,48,10,18,0,14,20,27,114,48,154,73,179,85,137,138,120,70,140,147
1400000US06037143102,2449,399,177,115,115,76,0,14,0,14,0,14,0,14,0,14,0,14,6,15,31,41,17,29,31,41,15,25,15,23,0,14,62,50,0,14,0,14,0,14,0,14,0,14,0,14,0,14,17,28,14,22,16,21,0,14,15,23,0,14,2272,416,1126,257,130,79,0,14,32,49,76,68,0,14,74,89,13,18,130,77,198,104,295,126,134,43,16,23,28,29,1146,205,61,63,32,49,0,14,32,49,0,14,38,49,118,71,190,91,336,125,130,56,103,56,65,66,41,37
1400000US06037143200,4367,655,419,366,210,237,0,14,0,14,0,14,73,113,0,14,0,14,0,14,9,15,74,115,21,36,20,34,0,14,13,23,209,196,0,14,0,14,0,14,0,14,0,14,0,14,0,14,181,191,15,33,13,28,0,14,0,14,0,14,3948,623,1997,365,22,41,0,14,81,49,0,14,37,56,0,14,121,66,484,167,575,279,327,121,213,150,65,53,72,54,1951,419,98,134,21,34,117,45,0,14,11,21,43,68,212,190,331,152,710,291,216,119,120,86,24,35,48,75
1400000US06037143301,4122,1213,917,1148,187,255,0,14,85,130,0,14,0,14,0,14,0,14,0,14,0,14,0,14,83,127,0,14,0,14,19,29,730,895,14,22,15,23,170,262,85,131,0,14,83,126,170,260,0,14,36,57,105,124,0,14,15,23,37,41,3205,804,1608,461,0,14,133,147,88,92,50,83,17,28,0,14,45,73,341,215,374,199,214,121,157,99,64,47,125,105,1597,422,125,103,0,14,104,163,106,110,12,19,0,14,15,22,381,162,247,172,250,132,101,88,190,130,66,74
1400000US06037143302,3629,505,201,91,114,79,0,14,0,14,0,14,0,14,0,14,0,14,11,18,25,30,0,14,0,14,67,70,11,19,0,14,87,48,0,14,0,14,0,14,0,14,0,14,0,14,0,14,8,15,0,14,32,38,0,14,36,26,11,17,3428,522,1770,350,125,81,79,77,105,60,39,38,0,14,0,14,98,75,175,128,354,164,260,110,258,115,180,85,97,76,1658,235,128,98,34,33,75,49,61,38,27,34,5,10,82,49,108,52,298,91,234,82,303,139,191,93,112,60
1400000US06037143401,5216,646,491,287,228,211,50,78,0,19,90,140,0,19,0,19,0,19,0,19,46,71,0,19,0,19,42,55,0,19,0,19,263,134,0,19,0,19,0,19,0,19,0,19,0,19,37,56,109,100,40,63,0,19,17,36,60,51,0,19,4725,649,2452,449,133,98,22,45,209,104,57,73,20,33,0,19,148,104,468,227,291,134,345,157,251,110,282,139,226,216,2273,430,32,37,27,36,160,106,65,54,131,130,23,33,186,131,318,186,372,137,341,154,339,130,201,130,78,63
1400000US06037143402,1965,492,106,90,68,64,0,14,0,14,0,14,0,14,0,14,0,14,0,14,0,14,25,30,0,14,0,14,6,9,37,57,38,32,0,14,0,14,0,14,0,14,19,28,0,14,0,14,7,11,0,14,0,14,6,9,6,9,0,14,1859,490,1014,373,180,235,15,26,62,37,5,10,29,17,0,14,54,36,99,55,140,63,187,121,154,78,38,25,51,45,845,173,6,12,0,14,63,31,7,11,0,14,0,14,40,41,184,88,151,106,144,55,87,52,97,50,66,46
1400000US06037143500,5377,686,232,131,116,66,0,19,0,19,0,19,0,19,0,19,0,19,34,42,0,19,29,43,0,19,1,4,28,39,24,29,116,89,0,19,0,19,21,35,0,19,0,19,0,19,0,19,0,19,18,30,15,22,2,4,41,48,19,22,5145,697,2503,442,135,95,0,19,205,59,62,61,8,15,0,19,185,93,225,128,535,141,242,173,452,209,393,220,61,47,2642,443,264,183,0,19,90,86,0,19,0,19,43,38,126,84,442,214,538,177,376,198,371,122,185,68,207,135
1400000US06037143602,4628,933,571,412,369,395,0,14,0,14,0,14,0,14,0,14,0,14,0,14,51,58,34,52,0,14,268,383,16,25,0,14,202,129,14,22,0,14,13,21,0,14,0,14,0,14,17,29,58,62,11,18,0,14,34,39,12,22,43,43,4057,658,2042,544,140,103,18,30,111,124,50,48,0,14,63,70,0,14,305,187,232,125,415,131,539,410,105,67,64,48,2015,376,74,57,34,37,109,94,90,69,23,39,40,63,0,14,217,129,478,266,307,107,196,107,340,200,107,60
1400000US06037143603,2522,291,294,129,138,83,29,46,0,14,0,14,0,14,0,14,40,60,0,14,20,23,0,14,0,14,20,25,12,18,17,26,156,82,0,14,0,14,0,14,0,14,0,14,0,14,20,24,13,20,72,53,0,14,21,23,30,36,0,14,2228,309,1190,206,62,69,28,45,70,69,0,14,0,14,20,30,0,14,376,120,190,82,265,119,107,66,49,47,23,24,1038,210,68,72,8,16,20,23,7,13,0,14,14,28,69,72,179,82,174,97,215,114,141,54,103,34,40,40
1400000US06037143605,1825,290,274,133,114,86,0,14,0,14,0,14,0,14,0,14,0,14,11,17,81,84,12,20,0,14,10,16,0,14,0,14,160,109,0,14,0,14,0,14,0,14,0,14,0,14,72,90,73,54,0,14,15,23,0,14,0,14,0,14,1551,322,717,197,0,14,0,14,79,76,0,14,0,14,0,14,24,26,290,145,289,149,28,33,7,11,0,14,0,14,834,235,15,21,3,9,14,23,0,14,0,14,0,14,85,75,376,144,179,109,82,68,65,85,0,14,15,19
1400000US06037143606,1719,258,199,79,63,37,0,14,0,14,0,14,0,14,0,14,0,14,36,26,6,9,6,9,15,24,0,14,0,14,0,14,136,77,0,14,0,14,9,14,0,14,0,14,0,14,44,36,62,58,8,12,0,14,5,9,8,12,0,14,1520,258,787,201,0,14,0,14,0,14,20,27,0,14,5,12,71,60,396,153,65,37,47,36,134,96,19,31,30,37,733,118,41,35,0,14,12,23,0,14,0,14,0,14,101,108,238,85,196,71,27,21,32,25,46,41,40,21
1400000US06037143700,3633,411,316,150,152,111,0,14,0,14,0,14,0,14,11,16,0,14,9,14,29,36,52,82,0,14,0,14,51,66,0,14,164,102,0,14,0,14,0,14,0,14,0,14,22,34,19,29,0,14,10,15,31,45,42,53,0,14,40,54,3317,409,1707,232,234,165,0,14,48,59,27,26,0,14,0,14,21,38,214,92,312,72,276,133,283,106,151,91,141,61,1610,357,57,48,0,14,43,39,19,19,29,33,0,14,43,43,376,221,411,117,124,72,270,90,151,147,87,54
1400000US06037143801,3276,637,282,163,137,86,0,14,0,14,21,28,0,14,0,14,0,14,0,14,50,56,34,41,0,14,0,14,32,55,0,14,145,124,21,32,0,14,0,14,24,39,0,14,0,14,0,14,0,14,61,48,20,33,0,14,10,18,9,14,2994,650,1256,313,70,71,0,14,97,90,0,14,0,14,0,14,83,86,145,77,324,200,271,101,91,67,132,61,43,28,1738,371,107,98,0,14,197,122,26,32,0,14,25,31,116,71,341,264,278,143,291,111,102,67,124,57,131,118
1400000US06037143802,2235,402,168,105,34,32,0,14,0,14,0,14,0,14,0,14,0,14,0,14,11,18,0,14,0,14,23,27,0,14,0,14,134,94,0,14,0,14,0,14,0,14,0,14,0,14,45,67,8,13,0,14,0,14,30,36,0,14,51,64,2067,399,1171,258,0,14,0,14,88,79,42,54,9,14,32,40,0,14,180,124,204,85,219,104,59,38,216,147,122,81,896,208,82,55,0,14,46,48,12,20,0,14,28,45,33,39,52,45,218,67,110,47,73,51,169,145,73,50
1400000US06037143901,4183,589,128,106,94,82,0,14,0,14,0,14,0,14,0,14,0,14,52,65,0,14,0,14,2,6,40,57,0,14,0,14,34,36,0,14,0,14,0,14,0,14,0,14,0,14,18,29,4,9,0,14,0,14,0,14,12,19,0,14,4055,567,1991,276,51,53,0,14,143,77,90,59,42,67,31,37,140,82,217,131,234,117,349,126,264,94,324,170,106,45,2064,398,172,139,0,14,224,176,48,50,27,28,41,37,143,83,26,30,346,128,330,89,379,266,205,73,123,66
1400000US06037143902,3083,419,210,221,102,90,0,14,0,14,33,51,0,14,0,14,0,14,0,14,60,54,9,15,0,14,0,14,0,14,0,14,108,142,0,14,0,14,32,50,31,48,0,14,0,14,0,14,10,16,27,42,0,14,0,14,0,14,8,13,2873,357,1493,226,38,36,10,15,83,53,36,44,105,63,27,25,69,50,127,64,281,102,239,105,229,117,164,88,85,44,1380,222,61,52,12,20,15,23,52,51,34,38,10,18,70,56,244,76,225,97,207,101,166,62,144,57,140,91
1400000US06037181000,5776,820,356,228,145,102,0,19,0,19,0,19,0,19,0,19,0,19,12,18,17,37,39,51,0,19,37,58,0,19,40,66,211,191,0,19,0,19,52,84,0,19,0,19,0,19,0,19,19,30,47,74,0,19,50,83,42,69,1,2,5420,800,2561,400,129,90,30,38,259,185,45,43,33,31,13,22,72,65,264,107,382,117,464,245,316,127,389,145,165,111,2859,518,163,153,184,232,76,47,60,49,37,42,43,42,152,92,398,146,324,97,465,207,420,125,184,90,353,151
1400000US06037181300,4154,530,271,220,103,84,0,14,0,14,0,14,51,66,0,14,0,14,0,14,10,16,21,24,7,9,3,5,11,17,0,14,168,147,70,79,0,14,0,14,0,14,0,14,0,14,0,14,10,15,45,59,0,14,15,24,16,18,12,18,3883,521,1876,291,152,180,16,24,105,66,74,55,15,23,18,26,104,56,267,107,244,123,240,60,326,140,205,69,110,69,2007,289,176,86,0,14,87,64,29,31,26,28,38,35,111,83,230,121,332,83,228,75,265,112,270,96,215,89
1400000US06037181400,4149,595,280,154,193,114,0,14,0,14,0,14,19,26,0,14,19,25,29,47,18,51,23,31,30,49,10,17,45,36,0,14,87,61,0,14,0,14,0,14,0,14,0,14,16,26,0,14,0,14,14,21,34,48,0,14,13,21,10,16,3869,603,2164,491,385,173,0,14,171,114,73,96,6,11,5,11,189,147,331,135,390,124,294,77,197,82,32,32,91,73,1705,212,26,28,30,36,93,54,75,55,5,10,34,35,54,45,178,108,459,105,209,77,231,93,124,67,187,90
1400000US06037181500,3846,524,353,210,185,120,0,14,0,14,0,14,0,14,0,14,0,14,37,38,60,78,21,26,9,16,27,27,21,32,10,14,168,121,0,14,0,14,17,30,0,14,0,14,8,12,22,33,0,14,21,32,62,66,12,19,20,30,6,10,3493,526,1840,375,21,32,0,14,202,148,20,26,21,24,37,36,166,106,111,63,271,68,303,91,254,111,289,126,145,77,1653,228,130,96,10,17,89,55,52,44,9,14,11,16,62,43,144,83,237,68,290,111,149,78,324,142,146,63
1400000US06037181600,2666,424,123,81,28,26,0,14,0,14,0,14,0,14,0,14,0,14,0,14,0,14,0,14,0,14,10,15,11,17,7,12,95,71,0,14,0,14,0,14,0,14,0,14,0,14,0,14,36,37,0,14,24,30,9,17,0,14,26,29,2543,426,1280,183,43,34,16,25,17,23,57,39,6,9,46,41,117,76,132,82,260,80,318,93,154,77,82,47,32,34,1263,312,60,52,0,14,97,81,0,14,28,32,87,87,59,68,180,81,186,74,230,96,181,176,68,38,87,52
1400000US06037183101,3227,355,598,291,237,130,0,14,0,14,0,14,45,54,0,14,0,14,0,14,7,12,67,60,105,74,0,14,13,24,0,14,361,189,50,54,0,14,61,53,0,14,0,14,0,14,43,50,9,17,126,78,0,14,0,14,63,45,9,14,2629,438,1355,267,31,38,0,14,50,42,24,27,13,22,42,48,97,85,208,92,285,89,194,81,135,76,196,92,80,53,1274,245,19,26,37,42,58,44,38,50,0,14,14,24,24,36,204,94,273,93,173,61,167,97,176,74,91,59
1400000US06037183103,4272,817,350,178,116,97,0,14,0,14,0,14,0,14,0,14,0,14,14,25,47,56,7,13,31,47,0,14,17,28,0,14,234,118,0,14,0,14,16,27,0,14,0,14,0,14,46,41,39,41,52,57,0,14,40,30,41,44,0,14,3922,838,1868,345,90,62,0,14,52,43,17,23,14,22,53,61,91,84,359,166,344,168,404,226,194,106,163,73,87,61,2054,578,170,132,0,14,317,394,18,20,0,14,25,23,57,50,509,132,196,91,317,208,272,112,118,63,55,48
1400000US06037183104,2069,191,231,124,117,99,0,14,0,14,0,14,0,14,0,14,0,14,3,7,46,51,32,38,0,14,0,14,36,43,0,14,114,60,0,14,0,14,0,14,0,14,0,14,0,14,4,7,12,12,10,12,31,38,50,49,0,14,7,10,1838,235,848,144,30,22,0,14,34,31,0,14,6,9,25,16,29,25,208,62,126,52,109,46,131,69,78,47,72,43,990,137,29,22,0,14,31,22,19,15,25,27,14,13,116,63,140,54,132,49,196,61,80,39,99,49,109,44
1400000US06037183220,2852,337,90,83,41,43,0,14,0,14,0,14,0,14,0,14,0,14,11,17,0,14,6,10,0,14,24,28,0,14,0,14,49,47,0,14,0,14,0,14,0,14,0,14,0,14,11,18,0,14,26,28,12,19,0,14,0,14,0,14,2762,335,1311,174,23,28,9,16,61,52,64,66,0,14,29,24,84,68,217,97,287,102,177,95,239,98,95,70,26,28,1451,268,72,56,0,14,155,159,63,41,48,59,10,15,98,66,166,95,377,180,165,70,145,92,78,54,74,49
1400000US06037183221,3083,595,267,183,126,104,0,14,11,16,61,82,0,14,0,14,0,14,0,14,23,37,15,19,0,14,11,18,0,14,5,7,141,99,0,14,0,14,0,14,11,17,0,14,24,39,28,35,13,21,33,39,0,14,0,14,32,38,0,14,2816,605,1472,392,12,15,0,14,57,39,99,140,38,58,59,52,39,42,327,203,244,139,174,183,199,137,175,64,49,31,1344,279,2,8,12,18,61,56,55,48,55,66,26,42,29,37,217,145,245,136,177,126,244,113,145,60,76,50
1400000US06037183222,3470,555,467,206,195,148,0,14,0,14,0,14,0,14,0,14,0,14,8,13,91,131,9,13,0,14,0,14,47,35,40,63,272,161,0,14,0,14,0,14,16,26,0,14,0,14,15,24,43,38,44,54,29,29,40,64,48,42,37,59,3003,506,1552,315,91,54,5,11,20,25,74,42,25,26,9,16,74,56,327,194,209,101,182,87,187,76,239,156,110,90,1451,271,121,79,5,11,100,58,33,42,0,14,13,15,35,50,246,152,275,89,171,70,150,113,201,81,101,56
1400000US06037183300,2797,411,240,138,116,72,10,18,0,14,36,56,7,11,0,14,0,14,0,14,14,22,15,20,26,39,0,14,0,14,8,13,124,69,6,11,0,14,16,20,0,14,0,14,0,14,0,14,19,23,48,46,13,20,0,14,22,34,0,14,2557,424,1198,231,81,56,17,20,137,108,0,14,0,14,0,14,39,41,245,80,230,91,123,77,195,97,58,42,73,60,1359,261,75,51,0,14,162,137,27,41,8,10,8,14,37,47,309,159,244,115,134,61,130,43,151,66,74,47
1400000US06037183401,2252,419,91,39,44,26,0,14,0,14,0,14,0,14,0,14,0,14,0,14,0,14,0,14,25,23,0,14,11,15,8,12,47,26,0,14,0,14,0,14,0,14,0,14,0,14,0,14,15,18,0,14,5,8,0,14,19,18,8,12,2161,418,1000,148,58,39,35,28,25,20,34,42,5,7,34,25,41,30,210,60,136,46,108,41,120,48,175,95,19,18,1161,292,53,42,5,8,47,49,23,27,0,14,9,13,50,54,288,110,224,64,102,45,150,83,80,41,130,106
1400000US06037183402,3077,382,381,179,145,100,0,14,0,14,0,14,0,14,7,12,30,45,23,34,0,14,0,14,9,14,24,21,43,47,9,15,236,107,9,14,0,14,0,14,11,19,0,14,9,16,62,79,42,34,34,30,18,21,7,10,4,8,40,50,2696,413,1228,247,78,64,0,14,35,42,35,36,0,14,0,14,100,63,170,103,398,124,136,56,151,75,102,54,23,25,1468,277,157,172,0,14,111,81,12,15,40,42,0,14,103,65,323,153,226,96,185,81,132,63,153,66,26,36
1400000US06037183510,2374,332,164,124,58,39,0,14,0,14,0,14,0,14,0,14,21,33,0,14,0,14,5,7,26,25,0,14,0,14,6,10,106,100,0,14,0,14,13,20,27,40,13,19,0,14,0,14,7,11,23,24,6,10,5,7,12,12,0,14,2210,315,1169,208,89,56,5,8,56,32,68,58,0,14,27,25,68,52,107,44,310,89,123,55,110,63,165,68,41,30,1041,157,38,24,3,5,63,38,14,14,9,15,15,15,31,20,180,84,186,69,113,53,162,58,95,53,132,50
1400000US06037183520,3592,644,693,317,262,139,0,14,16,25,18,21,17,27,0,14,0,14,39,55,69,59,52,49,51,45,0,14,0,14,0,14,431,213,20,31,0,14,63,50,65,57,0,14,29,34,31,34,37,33,99,63,18,20,39,44,30,41,0,14,2899,630,1603,401,80,59,0,14,46,28,21,24,10,16,74,59,210,166,360,133,206,107,187,90,186,79,172,156,51,49,1296,306,66,36,38,36,51,62,12,27,0,14,10,16,132,83,294,116,175,74,194,82,155,78,97,84,72,55
1400000US06037183610,2692,294,421,247,163,95,0,14,0,14,0,14,0,14,0,14,0,14,54,47,46,46,3,4,40,40,12,18,0,14,8,13,258,193,20,31,0,14,21,28,0,14,0,14,19,26,23,26,10,15,36,37,13,19,31,25,0,14,85,152,2271,297,1133,256,148,102,0,14,21,24,47,42,54,75,14,18,27,35,262,74,266,106,121,58,113,179,52,51,8,15,1138,207,35,28,14,24,76,58,35,37,0,14,17,26,77,40,290,110,185,55,84,41,72,43,124,67,129,157
1400000US06037183620,2959,390,287,137,98,76,0,14,0,14,16,38,18,21,0,14,8,12,3,6,4,14,29,28,17,21,0,14,3,9,0,14,189,101,0,14,0,14,0,14,0,14,5,8,4,12,28,25,56,82,29,27,45,51,4,12,0,14,18,22,2672,379,1280,234,14,16,0,14,40,37,38,25,3,7,0,14,132,104,339,140,209,99,220,97,94,52,134,75,57,39,1392,277,65,55,12,19,77,43,65,72,10,15,29,24,117,89,356,121,108,49,201,78,132,80,178,82,42,36
1400000US06037183701,3351,490,528,274,247,130,33,41,0,14,55,55,0,14,0,14,0,14,0,14,41,48,66,62,0,14,0,14,12,25,40,47,281,168,12,20,0,14,101,69,44,53,0,14,0,14,0,14,11,17,89,60,0,14,0,14,24,30,0,14,2823,505,1435,261,33,30,0,14,79,78,49,44,0,14,12,18,46,40,328,129,299,137,215,119,153,103,182,98,39,44,1388,308,9,14,0,14,94,59,42,46,4,10,15,23,86,64,414,152,162,82,245,128,223,99,62,60,32,31
1400000US06037183702,2893,457,160,103,87,51,0,14,0,14,0,14,0,14,0,14,0,14,12,17,0,14,32,33,0,14,38,45,0,14,5,8,73,72,18,31,0,14,0,14,0,14,0,14,0,14,16,24,15,15,15,26,0,14,0,14,0,14,9,13,2733,452,1541,351,245,141,49,74,73,59,14,24,0,14,20,37,63,50,257,100,341,140,126,52,155,95,148,82,50,35,1192,156,81,66,0,14,14,25,19,21,0,14,9,14,85,57,268,115,228,97,120,69,209,85,76,49,83,53
1400000US06037183810,4359,628,819,241,322,150,0,14,0,14,50,81,30,35,36,26,23,38,63,77,74,83,0,14,0,14,22,31,19,23,5,11,497,174,26,44,29,25,11,21,48,40,0,14,35,40,26,33,42,45,47,40,107,81,67,47,0,14,59,70,3540,630,1862,359,38,58,0,14,133,76,68,55,0,14,5,12,88,54,353,150,529,153,277,122,138,77,134,102,99,75,1678,367,70,50,0,14,181,112,20,32,15,21,25,28,113,89,529,155,161,61,190,145,155,82,158,99,61,43
1400000US06037183820,3696,551,384,252,253,198,50,55,0,14,62,67,0,14,0,14,0,14,0,14,10,15,56,62,41,67,25,29,0,14,9,14,131,69,0,14,0,14,0,14,0,14,0,14,0,14,11,19,9,13,32,46,45,44,26,30,0,14,8,13,3312,561,1863,455,86,90,0,14,56,51,35,41,0,14,108,79,233,180,304,182,380,211,313,130,183,118,165,97,0,14,1449,279,40,63,0,14,58,67,82,64,49,53,0,14,84,70,286,109,256,115,225,95,133,94,134,68,102,78
1400000US06037185101,2391,367,164,117,61,55,0,14,0,14,0,14,0,14,0,14,0,14,0,14,0,14,32,53,15,25,0,14,14,23,0,14,103,87,0,14,0,14,0,14,0,14,0,14,0,14,0,14,0,14,51,78,11,17,12,20,29,31,0,14,2227,424,1225,314,45,49,0,14,92,95,76,76,0,14,0,14,79,99,166,110,313,116,23,28,217,129,98,100,116,65,1002,189,20,31,0,14,31,34,22,35,13,21,0,14,39,36,62,43,237,103,129,111,222,124,72,54,155,88
1400000US06037185102,3515,832,353,138,200,77,14,23,0,14,0,14,0,14,0,14,0,14,9,15,9,67,14,22,57,72,40,30,51,101,6,10,153,131,0,14,0,14,0,14,0,14,0,14,0,14,0,14,12,20,0,14,30,48,37,49,15,24,59,61,3162,856,1755,542,195,195,16,24,108,69,22,28,18,30,0,14,61,52,470,364,309,78,226,71,118,113,179,83,33,27,1407,344,115,63,19,26,34,29,26,24,10,17,6,11,10,16,508,353,230,84,188,76,52,27,125,45,84,47
1400000US06037185202,4198,883,203,110,22,26,0,14,0,14,0,14,0,14,0,14,0,14,0,14,0,14,0,14,0,14,12,20,0,14,10,17,181,107,0,14,0,14,0,14,0,14,0,14,46,50,0,14,0,14,0,14,50,67,59,52,0,14,26,28,3995,885,2322,565,98,111,110,136,103,90,41,38,0,14,31,32,80,57,417,215,513,180,380,218,284,186,203,87,62,46,1673,424,189,162,9,14,117,121,38,43,16,27,10,15,97,115,337,153,331,165,176,84,190,102,107,53,56,39
1400000US06037185203,2365,288,326,237,118,106,41,56,0,14,0,14,0,14,0,14,0,14,38,47,5,8,21,28,7,12,5,9,1,2,0,14,208,146,0,14,0,14,0,14,0,14,5,8,2,7,94,87,0,14,23,27,4,7,13,18,20,20,47,43,2039,236,994,160,25,22,0,14,68,42,36,36,0,14,12,23,48,46,246,93,188,79,150,79,129,69,52,39,40,32,1045,135,95,53,0,14,88,48,15,26,3,8,20,27,152,70,167,61,151,48,167,77,96,58,51,38,40,28
1400000US06037185204,1800,216,375,217,179,110,0,14,0,14,33,26,4,11,0,14,0,14,4,8,30,28,0,14,6,11,92,84,5,8,5,8,196,127,0,14,0,14,0,14,30,29,0,14,28,27,0,14,5,8,30,23,0,14,43,40,44,33,16,13,1425,274,754,138,46,35,0,14,34,34,10,12,0,14,4,7,25,18,140,52,98,52,98,48,126,56,111,40,62,32,671,164,33,30,0,14,31,39,16,18,2,7,5,7,7,10,104,37,133,58,90,40,115,46,62,35,73,41
1400000US06037185310,2908,480,563,352,344,276,0,14,52,82,116,94,0,14,0,14,15,22,0,14,32,31,86,103,24,29,0,14,19,22,0,14,219,100,0,14,0,14,37,35,24,28,0,14,0,14,0,14,26,25,60,67,31,32,12,13,23,22,6,9,2345,316,1227,221,53,40,7,11,65,38,53,36,13,18,11,18,172,78,281,119,228,95,136,61,61,38,70,36,77,44,1118,173,44,32,0,14,81,57,44,30,0,14,14,20,132,55,184,82,222,77,134,58,74,38,105,43,84,44
1400000US06037185320,2683,446,499,196,256,130,0,14,8,12,15,17,18,29,0,14,0,14,0,14,8,11,45,69,57,87,38,37,58,51,9,14,243,109,9,13,0,14,15,17,0,14,0,14,0,14,7,11,20,16,24,28,11,13,79,56,61,50,17,17,2184,397,1181,256,47,41,0,14,14,16,5,8,12,18,34,32,128,94,156,132,200,86,154,65,260,140,63,32,108,60,1003,219,9,14,6,8,136,138,23,21,0,14,54,38,49,42,67,48,113,53,106,66,174,95,157,64,109,68
1400000US06037186100,4705,578,171,95,59,53,0,14,0,14,0,14,0,14,0,14,0,14,10,18,6,10,16,21,11,17,10,16,6,11,0,14,112,74,11,17,0,14,0,14,0,14,0,14,0,14,2,5,49,50,31,43,0,14,8,12,1,5,10,15,4534,580,2332,377,179,95,0,14,181,90,25,24,14,24,69,55,88,46,347,190,486,144,383,126,314,112,155,75,91,45,2202,317,95,66,37,28,69,60,75,87,55,52,25,37,77,55,149,66,491,129,358,108,282,99,324,152,165,61
1400000US06037186201,3187,900,309,121,150,86,0,14,0,14,0,14,0,14,0,14,0,14,9,15,0,14,35,42,0,14,77,75,25,32,4,8,159,119,0,14,0,14,0,14,0,14,0,14,0,14,0,14,0,14,9,15,17,30,63,74,38,54,32,43,2878,906,1604,717,298,399,28,43,39,46,9,27,0,14,0,14,70,47,226,106,189,66,245,229,211,149,70,46,219,183,1274,276,37,50,0,14,0,14,0,14,14,25,10,17,85,67,253,93,310,147,62,48,195,80,148,65,160,82
1400000US06037186202,1738,287,232,128,119,82,4,9,0,14,12,15,0,14,0,14,0,14,3,8,0,14,21,31,13,15,44,37,22,33,0,14,113,61,3,9,0,14,11,13,9,14,0,14,9,15,6,10,22,29,13,15,29,21,5,8,5,7,1,2,1506,279,840,251,8,12,4,7,12,14,16,17,0,14,0,14,27,22,220,53,113,64,145,95,191,150,59,31,45,28,666,120,47,64,0,14,14,19,21,20,5,7,2,6,16,15,130,55,142,62,99,49,26,19,106,48,58,27
1400000US06037186203,2509,271,255,252,64,63,0,14,0,14,0,14,0,14,0,14,0,14,0,14,0,14,55,63,0,14,9,15,0,14,0,14,191,192,0,14,43,65,43,65,0,14,0,14,0,14,0,14,11,18,82,75,0,14,0,14,12,18,0,14,2254,231,1151,167,16,26,11,17,117,68,15,26,38,61,0,14,13,21,189,94,188,67,198,86,168,77,156,115,42,31,1103,177,90,74,0,14,49,32,0,14,0,14,0,14,16,26,252,106,250,118,229,71,114,48,68,47,35,33
1400000US06037186301,2663,275,308,135,117,60,11,12,0,14,27,23,20,22,0,14,17,19,9,13,11,11,10,15,0,14,2,8,5,8,5,7,191,87,6,11,9,13,20,22,0,14,0,14,9,14,35,44,38,27,25,21,41,24,0,14,8,13,0,14,2355,284,1177,152,46,36,14,21,131,68,43,39,4,6,39,32,117,60,271,69,116,49,170,44,80,43,94,40,52,31,1178,187,13,16,0,14,70,54,90,61,0,14,67,35,73,46,278,77,141,52,184,56,131,52,91,31,40,23
1400000US06037186302,4958,687,586,342,395,280,0,14,0,14,0,14,0,14,0,14,0,14,56,79,8,14,28,36,169,200,70,56,13,19,51,61,191,84,0,14,0,14,0,14,0,14,27,42,0,14,2,5,15,18,0,14,70,45,4,19,0,14,73,61,4372,691,2425,545,60,46,8,12,74,59,70,62,10,17,41,31,161,88,504,340,438,158,353,108,308,123,299,134,99,62,1947,299,106,73,110,72,55,43,61,54,0,14,61,70,33,35,314,140,353,69,250,103,246,102,238,106,120,64
1400000US06037186401,2555,433,697,403,302,161,0,14,0,14,0,14,0,14,0,14,17,24,39,41,12,13,37,56,66,65,11,18,61,78,59,62,395,271,0,14,0,14,35,54,35,54,28,33,33,50,40,50,0,14,57,57,45,31,17,19,46,52,59,51,1858,280,1033,174,79,46,11,17,69,49,88,54,22,28,46,42,58,30,211,75,194,77,77,47,61,41,80,54,37,30,825,156,51,44,0,14,75,52,19,15,9,17,8,12,65,38,152,92,146,63,99,56,99,52,94,50,8,12
1400000US06037186403,2645,447,279,187,98,60,13,18,0,14,0,14,0,14,0,14,0,14,0,14,18,19,47,43,0,14,8,12,6,12,6,10,181,169,55,81,0,14,42,49,0,14,0,14,0,14,3,5,47,42,0,14,3,5,7,11,24,21,0,14,2366,407,1366,244,37,31,22,33,122,75,133,71,8,13,15,15,119,31,248,100,223,72,200,64,83,60,62,33,94,39,1000,205,33,39,34,52,46,38,19,22,0,14,21,23,58,41,73,65,263,74,136,53,108,42,89,47,120,34
1400000US06037186404,2441,466,686,399,305,250,44,50,0,14,45,66,0,14,0,14,14,22,89,120,35,30,50,51,4,6,20,23,4,8,0,14,381,201,55,43,9,14,18,20,0,14,7,11,47,53,43,44,110,139,44,43,18,24,24,23,6,9,0,14,1755,286,978,169,43,34,18,22,55,40,45,55,0,14,4,7,37,33,118,62,238,93,159,55,128,52,47,39,86,25,777,150,46,35,0,14,18,21,18,28,3,7,26,29,42,38,181,80,160,50,97,41,139,56,28,23,19,22
1400000US06037187101,3008,559,603,448,251,181,0,14,0,14,57,78,0,14,0,14,0,14,50,68,6,10,65,79,13,23,6,11,17,24,37,43,352,273,0,14,58,81,0,14,0,14,51,70,0,14,18,24,12,16,63,75,12,19,2,6,45,60,91,90,2405,431,1314,293,16,21,0,14,32,28,13,19,0,14,13,20,30,41,354,246,413,85,122,51,153,56,105,52,63,39,1091,280,6,11,22,32,117,73,10,19,0,14,0,14,31,39,92,73,368,168,137,67,90,75,92,55,126,67
1400000US06037187102,4615,875,838,364,288,171,0,14,0,14,0,14,0,14,0,14,0,14,37,55,48,59,46,51,40,60,0,14,89,93,28,35,550,280,102,112,0,14,88,64,0,14,45,49,0,14,0,14,52,78,149,82,0,14,5,10,109,105,0,14,3777,946,1762,513,87,50,29,48,134,122,40,50,52,75,38,62,126,100,191,81,400,162,294,119,229,134,95,44,47,35,2015,513,26,27,23,30,32,31,6,11,0,14,0,14,277,137,506,185,216,108,309,236,313,142,146,83,161,77
1400000US06037187200,2872,549,297,106,156,69,0,14,0,14,0,14,0,14,0,14,0,14,20,24,40,36,33,33,0,14,47,53,16,24,0,14,141,72,0,14,0,14,0,14,0,14,0,14,0,14,0,14,11,16,17,27,13,18,31,30,54,45,15,22,2575,533,1205,181,49,32,0,14,75,51,44,35,0,14,30,30,135,76,262,91,159,65,154,76,198,73,64,39,35,30,1370,471,31,40,13,21,47,44,0,14,51,55,0,14,276,249,374,261,156,56,101,35,92,44,115,51,114,82
1400000US06037187300,3681,477,315,259,253,250,13,22,0,14,0,14,6,12,0,14,5,11,10,18,161,252,5,11,21,24,13,21,0,14,19,21,62,50,0,14,0,14,0,14,5,12,0,14,0,14,0,14,29,33,5,11,13,21,0,14,0,14,10,18,3366,393,1656,255,86,68,12,20,67,49,66,51,19,22,38,59,49,45,211,121,483,171,230,113,195,72,140,67,60,54,1710,283,64,61,13,20,73,57,0,14,21,23,0,14,194,135,417,142,302,81,289,115,63,55,139,75,135,64
1400000US06037188100,3936,542,474,290,134,91,39,59,0,14,0,14,11,21,0,14,0,14,19,25,12,18,49,58,1,3,3,5,0,14,0,14,340,247,0,14,0,14,28,33,0,14,0,14,0,14,15,27,43,56,59,56,0,14,0,14,185,232,10,19,3462,518,1657,252,39,53,0,14,52,60,45,49,0,14,7,14,182,106,387,144,322,122,223,114,191,77,135,53,74,54,1805,353,27,26,20,32,22,26,11,26,0,14,8,13,166,162,384,131,516,229,168,60,227,99,140,51,116,72
1400000US06037188201,2985,308,464,169,222,100,0,14,31,33,0,14,0,14,0,14,0,14,0,14,45,27,108,94,21,23,8,19,0,14,9,15,242,109,0,14,0,14,0,14,31,33,0,14,0,14,0,14,49,48,62,43,65,75,0,14,35,37,0,14,2521,319,1377,231,74,84,2,6,33,38,17,18,0,14,6,10,67,64,372,144,365,133,165,72,110,62,86,63,80,45,1144,179,0,14,15,21,22,27,48,48,0,14,4,7,35,48,367,109,211,99,164,73,82,58,140,75,56,39
1400000US06037188202,3093,527,190,115,101,98,0,14,0,14,0,14,8,17,0,14,0,14,0,14,18,25,57,88,0,14,8,15,10,17,0,14,89,50,0,14,0,14,0,14,0,14,0,14,9,16,11,17,38,36,13,22,10,16,8,15,0,14,0,14,2903,523,1614,365,120,71,16,28,52,44,22,26,70,86,0,14,44,57,290,218,391,156,95,62,164,70,288,136,62,41,1289,326,167,205,42,42,0,14,16,24,0,14,23,27,140,108,117,70,301,140,105,60,166,90,110,103,102,68
1400000US06037188300,3283,451,169,98,99,67,12,21,0,14,0,14,0,14,0,14,0,14,15,25,0,14,10,17,11,20,23,28,28,25,0,14,70,47,0,14,0,14,0,14,0,14,0,14,0,14,0,14,21,27,11,17,12,18,17,20,0,14,9,14,3114,460,1566,289,119,61,0,14,60,38,12,31,19,20,21,22,33,30,350,183,222,89,219,75,177,82,251,153,83,47,1548,223,90,62,0,14,67,46,38,34,0,14,0,14,124,152,192,107,241,62,170,57,303,85,174,55,149,66
1400000US06037189101,2382,255,147,73,80,58,0,14,0,14,0,14,0,14,0,14,0,14,0,14,15,18,36,41,0,14,7,12,15,33,7,12,67,53,0,14,0,14,0,14,0,14,0,14,0,14,9,15,33,42,16,19,9,14,0,14,0,14,0,14,2235,248,1191,219,58,55,0,14,27,25,17,24,0,14,0,14,32,24,440,155,216,92,137,68,90,65,69,68,105,61,1044,161,7,14,9,17,104,60,9,15,0,14,0,14,28,49,308,135,230,77,109,58,82,60,49,63,109,50
1400000US06037189102,3704,412,230,105,99,66,0,14,0,14,0,14,0,14,0,14,0,14,0,14,28,29,22,35,13,19,34,30,2,4,0,14,131,77,0,14,0,14,0,14,0,14,0,14,0,14,0,14,17,23,4,8,9,13,34,35,10,15,57,59,3474,411,1638,303,148,139,23,27,38,40,0,14,0,14,20,29,0,14,623,265,363,153,203,81,86,55,60,51,74,39,1836,248,70,68,0,14,66,62,41,52,20,29,0,14,0,14,688,167,413,139,154,58,94,59,123,86,167,77
1400000US06037189201,3061,394,459,210,218,129,0,14,0,14,0,14,0,14,26,44,26,44,32,40,29,43,41,46,36,37,0,14,9,15,19,30,241,112,0,14,0,14,0,14,0,14,0,14,0,14,18,28,53,45,56,36,24,41,0,14,90,84,0,14,2602,398,1368,280,0,14,0,14,25,39,40,52,0,14,0,14,50,69,674,204,271,101,240,121,31,30,25,38,12,51,1234,261,68,66,25,39,0,14,0,14,0,14,0,14,204,212,287,104,217,96,101,55,127,91,156,94,49,47
1400000US06037189202,3119,472,199,131,146,126,0,14,0,14,0,14,0,14,0,14,0,14,28,31,16,25,78,119,12,20,0,14,12,15,0,14,53,36,0,14,0,14,0,14,0,14,0,14,0,14,0,14,8,13,17,23,0,14,0,14,0,14,28,32,2920,465,1585,307,190,154,0,14,125,82,25,27,0,14,8,13,50,44,224,125,360,163,257,108,176,60,97,43,73,45,1335,248,89,79,3,11,114,74,35,44,16,23,3,10,12,19,219,109,325,143,169,65,123,65,149,65,78,61
1400000US06037189300,2901,491,275,235,93,102,0,14,0,14,0,14,0,14,0,14,0,14,19,27,0,14,14,23,0,14,0,14,60,94,0,14,182,179,0,14,0,14,0,14,0,14,0,14,0,14,0,14,0,14,0,14,97,160,11,18,53,84,21,32,2626,442,1407,303,56,53,17,26,81,53,29,31,0,14,54,73,21,29,305,249,202,83,211,104,213,81,124,59,94,55,1219,233,98,76,13,21,72,48,66,78,28,33,9,16,7,12,162,82,160,73,246,115,113,50,142,72,103,52
1400000US06037189400,2975,484,519,257,169,102,16,25,0,14,0,14,0,14,0,14,0,14,0,14,22,25,77,81,13,23,11,17,30,26,0,14,350,173,0,14,0,14,0,14,14,24,0,14,76,87,0,14,118,86,95,82,0,14,13,19,0,14,34,42,2456,552,1273,333,19,33,0,14,24,41,27,38,66,97,76,95,119,80,134,100,194,90,246,180,222,102,62,37,84,40,1183,299,0,14,0,14,49,51,0,14,0,14,0,14,108,113,158,90,156,90,251,126,281,134,116,63,64,39
1400000US06037189501,2245,437,249,99,154,91,0,14,0,14,0,14,0,14,0,14,0,14,17,26,92,90,10,17,20,23,15,22,0,14,0,14,95,66,0,14,0,14,0,14,0,14,0,14,0,14,0,14,0,14,33,51,34,36,4,7,24,21,0,14,1996,447,1137,347,67,75,0,14,0,14,0,14,0,14,49,56,0,14,305,274,259,86,119,70,126,63,187,127,25,24,859,259,31,38,0,14,29,36,18,33,9,19,0,14,18,28,124,78,244,102,146,90,109,102,121,63,10,16
1400000US06037189502,2053,260,352,133,144,86,0,14,0,14,0,14,0,14,0,14,0,14,13,22,22,30,0,14,55,52,49,62,5,11,0,14,208,101,0,14,0,14,0,14,0,14,0,14,0,14,10,24,62,63,12,17,35,36,0,14,28,31,61,41,1701,295,728,171,20,47,0,14,0,14,59,4,0,14,34,33,7,12,185,99,160,85,44,40,86,74,107,73,26,43,973,237,39,60,0,14,0,14,0,14,0,14,0,14,22,26,491,213,196,117,117,86,47,50,30,33,31,35
1400000US06037189600,3296,590,298,161,110,86,0,14,0,14,0,14,0,14,0,14,7,17,15,26,62,71,0,14,26,41,0,14,0,14,0,14,188,143,0,14,0,14,0,14,0,14,0,14,0,14,0,14,68,91,22,37,14,23,73,98,11,20,0,14,2998,593,1728,451,47,47,28,35,98,126,0,14,0,14,0,14,39,53,284,177,229,142,466,220,307,183,158,68,72,62,1270,289,0,14,0,14,0,14,0,14,51,63,69,66,59,67,301,164,224,104,257,126,141,111,119,65,49,58
1400000US06037189702,2449,434,155,94,81,68,0,14,0,14,0,14,0,14,0,14,0,14,0,14,0,14,25,38,46,57,10,15,0,14,0,14,74,64,0,14,0,14,0,14,0,14,0,14,0,14,0,14,29,36,36,49,0,14,0,14,0,14,9,13,2294,430,780,217,15,31,0,14,34,31,5,24,39,56,0,14,0,14,101,72,138,88,55,53,173,85,131,63,89,59,1514,386,0,14,0,14,31,31,9,13,0,14,0,14,74,65,466,335,223,115,137,91,294,126,132,72,148,85
1400000US06037189703,1842,220,204,86,144,69,0,14,0,14,0,14,0,14,0,14,0,14,33,37,41,45,41,34,0,14,21,24,8,12,0,14,60,63,0,14,0,14,0,14,0,14,0,14,0,14,0,14,0,14,10,17,0,14,0,14,46,62,4,7,1638,222,916,199,12,22,0,14,0,14,55,56,0,14,36,45,78,70,158,87,174,63,109,59,143,112,105,48,46,33,722,142,11,21,0,14,12,20,29,31,0,14,0,14,50,34,149,68,118,58,219,92,61,43,31,28,42,31
1400000US06037189704,2169,575,350,294,186,166,50,75,44,67,0,14,0,14,0,14,0,14,42,57,41,50,9,14,0,14,0,14,0,14,0,14,164,139,0,14,0,14,0,14,0,14,0,14,0,14,72,74,29,28,40,60,23,29,0,14,0,14,0,14,1819,446,1004,261,10,16,0,14,0,14,56,88,0,14,55,81,37,38,187,111,256,116,246,125,55,50,68,61,34,34,815,256,0,14,0,14,0,14,0,14,0,14,0,14,55,59,74,62,259,89,125,92,119,99,13,18,170,212
1400000US06037189801,2429,325,78,54,28,45,0,14,0,14,0,14,0,14,0,14,0,14,28,45,0,14,0,14,0,14,0,14,0,14,0,14,50,44,0,14,0,14,0,14,0,14,0,14,0,14,0,14,13,22,28,33,9,15,0,14,0,14,0,14,2351,338,1255,242,0,14,0,14,32,37,0,14,0,14,29,29,32,52,181,116,457,174,243,100,235,92,12,21,34,37,1096,294,79,84,0,14,0,14,30,31,0,14,0,14,33,53,257,94,172,93,213,133,87,63,147,129,78,68
1400000US06037189802,1934,304,283,119,131,116,0,14,0,14,27,42,0,14,0,14,0,14,0,14,0,14,42,52,23,37,24,38,15,23,0,14,152,75,0,14,0,14,0,14,0,14,0,14,0,14,17,31,0,14,44,42,70,68,0,14,21,46,0,14,1651,317,903,200,0,14,0,14,18,41,0,14,0,14,37,21,0,14,141,97,263,127,66,52,194,48,114,151,70,58,748,174,0,14,0,14,0,14,53,32,0,14,0,14,23,34,209,121,165,78,57,50,34,19,133,58,74,100
1400000US06037189903,2212,275,115,65,52,48,0,14,0,14,0,14,0,14,0,14,0,14,0,14,7,11,0,14,38,46,0,14,7,12,0,14,63,42,0,14,0,14,0,14,0,14,0,14,0,14,0,14,25,28,18,19,20,23,0,14,0,14,0,14,2097,276,1090,249,34,18,19,22,0,14,0,14,0,14,0,14,6,10,253,122,378,151,114,65,226,155,11,17,49,49,1007,218,32,25,0,14,0,14,0,14,0,14,0,14,6,10,511,156,120,75,106,65,65,41,99,64,68,49
1400000US06037189904,2431,362,398,188,235,142,32,49,0,14,38,59,0,14,0,14,0,14,17,18,60,88,66,68,0,14,22,25,0,14,0,14,163,88,0,14,0,14,0,14,0,14,0,14,0,14,25,39,33,30,36,42,18,28,16,18,35,53,0,14,2033,386,1028,275,5,10,0,14,62,95,7,12,0,14,0,14,133,104,290,136,299,115,124,85,47,34,39,32,22,24,1005,243,8,12,3,9,33,49,0,14,0,14,0,14,37,45,471,197,175,82,131,126,44,35,96,77,7,10
1400000US06037189905,2435,597,416,170,173,88,0,14,25,35,0,14,0,14,0,14,2,3,0,14,37,32,47,40,18,24,0,14,18,22,26,37,243,103,27,37,0,14,0,14,0,14,0,14,15,27,0,14,66,41,37,43,26,28,0,14,67,54,5,8,2019,586,1261,459,129,80,0,14,284,352,0,14,0,14,0,14,0,14,330,100,189,123,228,135,30,29,67,40,4,8,758,170,0,14,0,14,0,14,0,14,0,14,0,14,0,14,235,106,214,141,43,46,133,78,79,42,54,36
1400000US06037189906,2324,239,298,125,172,93,7,17,0,14,0,14,0,14,7,17,0,14,47,57,20,23,41,52,10,16,25,29,8,13,7,13,126,73,0,14,0,14,11,19,0,14,0,14,0,14,0,14,10,16,19,25,0,14,14,23,7,13,65,57,2026,261,1036,158,0,14,0,14,12,18,12,17,0,14,0,14,88,88,309,108,293,111,154,81,93,64,58,52,17,20,990,231,0,14,0,14,0,14,4,12,0,14,0,14,15,23,468,212,179,91,136,69,80,60,85,56,23,27
1400000US06037189907,2681,883,189,100,150,98,0,14,0,14,0,14,0,14,0,14,0,14,9,16,95,86,0,14,14,22,9,14,4,8,19,31,39,49,0,14,0,14,0,14,0,14,0,14,0,14,0,14,32,44,0,14,0,14,7,19,0,14,0,14,2492,887,1149,326,42,52,16,29,10,16,0,14,0,14,0,14,31,37,414,176,190,91,241,200,108,59,50,34,47,41,1343,629,144,249,129,224,27,33,0,14,0,14,0,14,71,62,459,144,246,158,56,72,105,48,44,38,62,41
1400000US06037190101,1596,309,491,209,317,211,0,14,0,14,0,14,0,14,0,14,0,14,14,22,161,210,16,24,44,61,0,14,82,3,0,14,174,46,0,14,0,14,0,14,0,14,0,14,0,14,0,14,115,40,15,23,3,6,39,7,0,14,2,7,1105,225,770,227,0,14,0,14,0,14,0,14,0,14,0,14,22,24,282,174,295,184,119,75,27,31,25,26,0,14,335,161,0,14,0,14,0,14,0,14,0,14,0,14,29,30,210,131,68,82,15,19,3,7,10,15,0,14
1400000US06037190102,2587,536,269,181,167,142,0,14,0,14,0,14,0,14,0,14,0,14,12,20,56,68,0,14,0,14,99,128,0,14,0,14,102,79,0,14,0,14,0,14,0,14,0,14,0,14,0,14,49,59,0,14,17,27,11,17,0,14,25,40,2318,541,985,353,0,14,0,14,17,26,0,14,0,14,0,14,59,57,502,298,181,103,51,37,116,75,42,38,17,29,1333,365,11,18,0,14,0,14,0,14,0,14,0,14,71,82,519,291,77,62,237,163,278,147,129,140,11,18
1400000US06037190201,3225,776,467,174,180,118,0,14,0,14,0,14,0,14,0,14,0,14,52,65,41,49,10,17,53,79,15,23,9,14,0,14,287,139,0,14,0,14,0,14,0,14,0,14,0,14,96,91,58,73,12,20,14,22,25,28,82,55,0,14,2758,789,1491,469,0,14,0,14,109,135,91,102,0,14,138,119,174,121,444,199,219,139,200,105,109,126,0,14,7,12,1267,375,131,117,161,152,30,46,0,14,0,14,0,14,44,55,333,144,147,131,276,133,39,50,58,72,48,54
1400000US06037190202,3001,420,695,291,340,180,0,14,0,14,0,14,0,14,0,14,0,14,44,36,49,60,126,109,19,32,39,62,0,14,63,79,355,205,0,14,0,14,0,14,0,14,0,14,0,14,81,89,26,42,146,150,14,23,0,14,0,14,88,105,2306,461,1250,291,0,14,0,14,0,14,0,14,0,14,0,14,183,152,311,142,387,211,121,117,51,48,88,58,109,129,1056,328,0,14,0,14,0,14,0,14,0,14,0,14,160,125,286,128,324,257,106,93,0,14,46,52,134,128
1400000US06037190302,2487,536,294,120,104,70,0,14,0,14,0,14,0,14,0,14,0,14,0,14,41,33,0,14,0,14,47,54,16,26,0,14,190,90,0,14,0,14,0,14,0,14,0,14,0,14,45,43,41,59,13,30,0,14,32,73,43,50,16,31,2193,554,1017,231,22,34,0,14,14,17,0,14,0,14,0,14,68,78,286,186,280,101,90,69,177,104,36,25,44,51,1176,453,4,21,21,32,101,165,14,17,0,14,66,108,24,27,351,175,269,154,141,93,74,67,55,50,56,59
1400000US06037190303,2748,463,635,426,442,409,13,21,0,14,0,14,0,14,0,14,0,14,20,21,55,55,288,380,19,30,39,43,8,14,0,14,193,87,9,16,0,14,0,14,0,14,0,14,0,14,0,14,22,30,54,48,22,25,23,36,63,45,0,14,2113,344,1192,271,13,23,0,14,43,40,0,14,0,14,0,14,30,38,313,154,309,118,300,113,117,116,60,63,7,12,921,213,0,14,0,14,26,41,0,14,98,6,0,14,49,46,187,120,195,94,140,40,164,104,24,31,38,39
1400000US06037190401,2793,482,182,112,57,43,0,14,0,14,0,14,0,14,0,14,0,14,0,14,32,33,0,14,11,18,0,14,14,21,0,14,125,85,0,14,0,14,0,14,0,14,23,30,0,14,0,14,30,45,22,28,11,18,0,14,0,14,39,33,2611,484,1128,201,37,54,0,14,0,14,11,19,0,14,0,14,30,42,299,102,256,95,177,92,181,138,49,51,88,87,1483,359,0,14,0,14,48,52,0,14,0,14,0,14,115,119,433,107,168,75,253,72,57,49,218,120,191,143
1400000US06037190402,2227,310,510,150,275,118,0,14,0,14,0,14,0,14,0,14,0,14,11,24,85,62,16,17,0,14,62,67,101,74,0,14,235,129,19,33,0,14,18,31,0,14,0,14,0,14,12,19,41,31,53,56,15,25,77,71,0,14,0,14,1717,353,890,256,0,14,0,14,0,14,23,41,0,14,0,14,11,16,278,150,394,194,32,34,62,52,51,44,39,35,827,206,35,43,0,14,0,14,0,14,0,14,0,14,58,72,313,123,153,84,58,55,82,69,62,46,66,53
1400000US06037190510,3928,589,1081,498,687,290,141,127,0,14,43,41,0,14,31,43,57,89,15,23,96,84,43,61,118,87,81,83,24,41,38,39,394,266,0,14,0,14,62,95,54,83,0,14,0,14,14,16,49,41,105,98,43,66,12,21,0,14,55,53,2847,469,1604,292,0,14,17,27,88,80,29,41,0,14,27,34,135,54,543,230,232,85,224,96,167,78,110,72,32,34,1243,290,17,26,63,48,23,38,0,14,0,14,0,14,34,38,538,204,117,83,215,78,61,55,148,92,27,38
1400000US06037190520,3434,503,564,182,254,100,0,14,0,14,42,34,0,14,14,36,0,14,8,18,75,49,20,32,0,14,39,46,27,26,29,37,310,115,0,14,86,70,0,14,0,14,0,14,0,14,22,34,13,20,38,60,15,35,10,26,95,49,31,30,2870,492,1285,342,157,171,0,14,98,99,0,14,14,24,0,14,128,80,217,106,295,145,44,44,207,112,69,39,56,43,1585,239,128,81,0,14,18,20,12,18,0,14,9,14,181,84,431,152,159,111,110,61,238,104,244,89,55,67
1400000US06037190701,1665,354,569,174,312,144,0,14,0,14,0,14,0,14,0,14,0,14,93,82,0,14,27,46,17,24,74,46,74,78,27,40,257,94,0,14,0,14,0,14,0,14,0,14,0,14,36,48,39,47,24,45,5,8,42,65,52,37,59,63,1096,386,518,197,2,16,0,14,6,11,0,14,0,14,9,12,92,77,159,90,96,68,48,64,32,30,62,41,12,19,578,293,0,14,0,14,102,137,1,15,10,13,0,14,106,78,138,103,62,48,105,110,18,18,20,23,16,14
1400000US06037190702,1322,239,147,63,68,48,0,14,0,14,0,14,0,14,0,14,0,14,17,31,7,11,22,28,6,9,9,14,7,11,0,14,79,42,0,14,0,14,0,14,0,14,0,14,0,14,14,16,5,8,30,29,0,14,5,10,7,10,18,21,1175,239,691,192,0,14,0,14,15,19,0,14,0,14,0,14,0,14,247,178,209,80,168,97,8,12,32,25,12,16,484,112,15,20,0,14,0,14,17,26,0,14,0,14,0,14,133,65,151,100,71,48,59,41,33,23,5,8
1400000US06037190801,2721,350,737,212,329,111,0,14,0,14,20,25,0,14,0,14,0,14,83,72,54,85,58,65,63,121,30,49,12,19,9,19,408,172,0,14,0,14,0,14,21,26,0,14,0,14,51,58,46,58,48,40,0,14,12,19,136,106,94,76,1984,383,1119,225,0,14,0,14,35,26,8,13,0,14,0,14,9,22,430,181,154,75,77,55,164,91,164,99,78,104,865,242,0,14,0,14,48,28,15,23,10,22,9,15,24,30,212,102,189,92,152,102,75,57,8,18,123,116
1400000US06037190802,2793,442,620,256,274,116,16,24,0,14,0,14,13,22,0,14,0,14,0,14,65,52,41,57,14,21,78,51,47,37,0,14,346,197,15,24,0,14,0,14,0,14,0,14,0,14,24,25,50,41,27,30,124,163,23,28,26,40,57,65,2173,360,1311,346,0,14,0,14,29,43,0,14,0,14,0,14,60,89,604,258,204,104,309,204,60,40,22,29,23,26,862,231,0,14,0,14,16,26,0,14,0,14,0,14,52,54,392,177,97,75,138,85,107,61,38,34,22,26
1400000US06037190901,3639,443,1163,261,706,189,75,94,0,14,26,33,46,31,0,14,13,25,88,86,84,68,112,99,84,77,121,112,15,25,42,50,457,160,70,87,0,14,42,52,0,14,0,14,0,14,54,77,78,56,96,69,29,46,0,14,45,47,43,67,2476,560,1337,353,0,14,0,14,77,68,67,72,14,23,20,32,130,65,282,126,220,142,238,154,198,104,59,57,32,51,1139,333,14,21,0,14,197,119,18,29,10,17,0,14,181,116,76,61,143,104,26,41,276,111,94,101,104,81
1400000US06037190902,3865,572,716,311,234,190,4,20,0,14,0,14,0,14,0,14,0,14,65,85,96,109,0,14,4,17,0,14,45,53,20,22,482,190,51,76,0,14,19,32,0,14,0,14,0,14,82,70,73,68,36,38,104,77,16,18,71,55,30,35,3149,589,1791,353,8,13,0,14,0,14,8,12,0,14,115,102,291,161,751,202,170,85,85,53,215,150,139,100,9,17,1358,350,71,66,0,14,18,22,121,110,13,23,34,40,128,101,326,129,126,72,135,79,291,152,80,70,15,21
1400000US06037191000,5426,698,955,381,330,196,29,44,30,46,0,19,0,19,0,19,0,19,61,67,52,86,117,102,0,19,23,38,18,47,0,19,625,256,0,19,0,19,30,46,0,19,0,19,0,19,199,124,103,111,17,34,26,41,95,103,25,31,130,107,4471,771,2360,520,113,117,0,19,4,24,0,19,0,19,84,108,81,105,881,381,539,201,310,270,150,139,157,111,41,69,2111,528,169,240,0,19,22,34,22,34,13,34,14,34,98,82,1062,380,286,189,223,140,103,87,57,66,42,55
1400000US06037191110,3617,519,1486,472,666,225,0,14,0,14,0,14,0,14,0,14,0,14,0,14,121,110,115,110,116,135,93,87,181,69,40,35,820,419,19,28,0,14,36,53,0,14,0,14,0,14,0,14,115,119,77,70,59,38,40,60,280,204,194,146,2131,653,1004,359,0,14,0,14,27,27,30,29,0,14,31,38,74,57,395,259,95,58,61,34,35,31,193,223,63,58,1127,348,53,59,0,14,18,24,0,14,0,14,0,14,60,58,306,138,116,75,28,69,248,206,204,126,94,68
1400000US06037191120,3625,580,518,163,209,117,0,14,0,14,0,14,0,14,12,21,0,14,34,39,25,30,41,49,11,20,0,14,65,73,21,35,309,108,0,14,24,29,0,14,0,14,0,14,0,14,13,25,40,30,58,73,15,18,27,25,54,55,78,73,3107,534,1752,379,14,23,0,14,37,41,123,96,13,25,0,14,179,113,623,229,202,102,150,71,220,95,161,73,30,28,1355,253,0,14,42,51,64,47,0,14,34,50,57,55,100,80,325,118,156,90,157,90,240,113,109,59,71,47
1400000US06037191201,5768,665,1582,500,807,290,0,19,26,42,0,19,0,19,0,19,0,19,82,138,152,200,148,140,104,166,47,77,178,211,70,88,775,355,0,19,0,19,0,19,26,43,0,19,0,19,108,85,156,136,37,37,34,75,180,203,146,133,88,168,4186,713,1984,515,0,19,0,19,46,44,33,37,0,19,49,59,190,147,671,230,350,179,188,139,233,204,182,117,42,39,2202,481,40,44,0,19,10,18,8,13,0,19,36,46,244,183,527,226,416,217,208,139,421,236,188,123,104,97
1400000US06037191203,1945,337,668,209,311,122,33,26,0,14,63,44,0,14,10,16,0,14,12,17,0,14,16,24,91,69,9,17,0,14,77,61,357,137,0,14,0,14,0,14,30,24,0,14,28,23,42,43,0,14,89,50,9,14,29,46,76,89,54,56,1277,290,579,127,0,14,0,14,12,28,0,14,0,14,0,14,39,40,90,60,157,107,60,54,97,55,80,46,44,32,698,201,0,14,0,14,0,14,38,40,31,37,23,31,12,20,157,89,113,85,87,45,66,45,144,93,27,33
1400000US06037191204,1548,217,360,143,176,79,8,13,0,14,0,14,38,24,0,14,0,14,14,17,0,14,76,52,1,3,28,23,11,16,0,14,184,77,8,13,24,22,0,14,0,14,7,11,0,14,0,14,0,14,45,30,28,29,17,19,36,31,19,24,1188,237,691,161,0,14,0,14,26,31,12,20,0,14,14,22,23,24,155,82,109,60,66,49,129,73,112,94,45,29,497,134,3,7,0,14,0,14,8,17,0,14,14,24,40,40,157,67,48,39,30,30,93,65,50,31,54,37
1400000US06037191301,1993,376,356,132,170,93,0,14,0,14,0,14,7,12,0,14,7,12,29,31,25,28,18,18,27,35,10,12,31,40,16,18,186,85,0,14,0,14,0,14,4,8,0,14,0,14,21,20,10,15,7,10,4,7,5,9,42,43,93,59,1637,372,716,141,19,21,0,14,0,14,17,17,0,14,9,12,37,27,200,85,183,62,87,38,57,26,73,50,34,27,921,283,10,14,0,14,12,13,39,46,5,9,31,27,75,44,238,91,210,131,114,42,69,41,56,44,62,35
1400000US06037191302,1712,283,178,104,118,78,0,14,0,14,0,14,0,14,0,14,0,14,0,14,31,30,0,14,0,14,38,41,43,43,6,11,60,57,0,14,0,14,0,14,0,14,0,14,0,14,0,14,10,16,39,51,0,14,11,19,0,14,0,14,1534,286,878,217,0,14,44,65,15,22,0,14,8,14,29,36,26,28,345,134,160,113,56,35,121,100,60,37,14,27,656,121,0,14,0,14,0,14,13,19,14,28,0,14,43,38,275,104,97,53,55,33,97,40,55,42,7,15
1400000US06037191410,3189,322,979,323,467,193,19,30,0,14,57,64,63,56,0,14,28,31,37,43,41,52,56,52,80,75,54,47,0,14,32,29,512,189,55,60,0,14,45,49,47,44,0,14,13,25,5,9,57,64,109,68,50,47,12,20,12,20,107,68,2210,371,1084,218,0,14,0,14,27,35,8,12,0,14,36,41,165,100,352,128,141,90,22,36,220,99,70,50,43,34,1126,234,19,31,0,14,7,11,0,14,0,14,19,33,92,78,294,99,191,94,176,85,147,88,99,69,82,69
1400000US06037191420,2853,1058,412,234,270,127,0,14,45,76,0,14,0,14,0,14,0,14,0,14,135,114,46,38,8,13,22,31,4,7,10,17,142,161,49,83,0,14,0,14,0,14,0,14,0,14,0,14,75,81,0,14,15,25,3,7,0,14,0,14,2441,1035,1325,679,63,71,0,14,0,14,0,14,48,57,48,74,108,103,435,377,202,90,214,119,141,118,42,50,24,26,1116,428,0,14,0,14,30,51,11,17,89,121,0,14,92,94,362,126,215,115,67,52,176,201,48,46,26,27
1400000US06037191500,5171,776,1060,392,493,192,36,53,10,17,89,94,12,20,45,58,10,17,12,22,54,48,0,19,10,17,115,92,83,73,17,19,567,254,0,19,0,19,33,48,34,48,0,19,36,60,11,17,121,75,58,56,92,68,33,34,87,73,62,43,4111,769,1885,408,31,35,0,19,119,99,101,73,76,74,0,19,116,89,453,200,348,127,291,168,217,117,104,59,29,31,2226,454,60,50,0,19,136,85,56,60,25,38,134,122,210,140,387,169,492,179,158,93,210,132,215,94,143,79
1400000US06037191610,3663,508,767,391,391,229,0,14,0,14,13,25,0,14,0,14,0,14,155,133,59,63,90,80,11,21,0,14,33,53,30,46,376,181,14,20,36,57,0,14,0,14,0,14,5,9,0,14,27,42,55,43,93,75,20,29,116,95,10,15,2896,530,1511,327,82,77,19,32,43,60,24,35,46,43,6,12,169,103,390,148,401,173,115,61,101,77,101,46,14,18,1385,312,25,32,0,14,120,85,68,75,0,14,48,73,42,42,414,134,193,96,191,104,115,85,105,64,64,54
1400000US06037191620,2704,537,711,514,256,270,0,14,23,37,97,147,0,14,0,14,13,24,0,14,88,118,14,25,0,14,7,12,0,14,14,23,455,275,128,162,15,26,88,84,14,26,0,14,0,14,18,30,37,50,67,56,17,26,0,14,27,25,44,46,1993,290,1087,220,118,103,28,44,47,81,12,19,0,14,12,19,133,80,143,77,316,135,57,58,115,59,57,55,49,37,906,137,13,22,0,14,61,46,17,27,0,14,56,56,90,60,179,69,173,96,133,86,86,51,78,41,20,20
1400000US06037191710,2519,531,691,310,374,166,71,94,0,14,49,51,36,58,0,14,0,14,12,18,38,62,27,28,18,22,55,42,68,66,0,14,317,190,27,41,0,14,0,14,13,19,0,14,25,40,24,39,0,14,34,41,46,44,29,30,86,142,33,52,1828,482,958,179,0,14,0,14,10,17,50,44,0,14,13,21,148,91,131,89,221,140,107,76,62,43,161,81,55,65,870,351,12,19,25,40,33,31,28,42,0,14,139,134,27,30,104,77,113,71,71,49,146,142,151,98,21,22
1400000US06037191720,3462,495,969,425,594,298,63,100,0,14,99,97,31,44,0,14,0,14,0,14,175,146,0,14,50,53,117,107,59,54,0,14,375,188,0,14,0,14,27,49,0,14,29,43,0,14,78,82,135,112,50,59,0,14,0,14,37,42,19,29,2493,499,1436,340,0,14,0,14,78,82,0,14,0,14,0,14,162,112,228,148,357,192,119,97,327,157,151,94,14,25,1057,276,36,53,0,14,69,68,0,14,0,14,0,14,100,65,228,118,149,99,65,64,302,132,65,53,43,36
1400000US06037191810,2781,497,279,159,148,88,0,14,0,14,0,14,0,14,0,14,0,14,41,52,35,44,21,23,11,18,9,15,31,39,0,14,131,90,0,14,0,14,0,14,0,14,0,14,12,21,44,40,54,62,10,18,11,20,0,14,0,14,0,14,2502,524,1299,360,69,65,0,14,75,56,55,60,35,47,42,51,86,77,290,165,247,113,203,130,107,69,74,44,16,19,1203,289,53,57,0,14,0,14,0,14,26,30,26,43,139,90,408,159,106,61,208,106,79,67,130,83,28,32
1400000US06037191820,3776,447,751,268,320,121,0,14,0,14,0,14,39,76,0,14,0,14,3,7,211,147,36,35,11,17,10,17,0,14,10,16,431,162,0,14,0,14,0,14,0,14,0,14,13,21,15,20,225,99,0,14,15,20,144,71,10,15,9,14,3025,508,1270,285,0,14,0,14,0,14,0,14,0,14,0,14,111,70,439,132,208,107,104,64,288,169,63,45,57,80,1755,411,108,123,0,14,0,14,0,14,0,14,0,14,134,80,996,353,117,71,127,62,129,76,95,63,49,45
1400000US06037191901,4312,749,590,322,277,176,0,14,0,14,0,14,0,14,0,14,0,14,143,117,56,78,25,41,0,14,53,62,0,14,0,14,313,173,0,14,0,14,0,14,0,14,0,14,0,14,193,173,33,48,62,52,0,14,0,14,0,14,25,42,3722,704,2385,544,110,171,0,14,0,14,0,14,21,35,0,14,106,106,1018,292,544,262,377,250,140,113,28,34,41,48,1337,351,0,14,0,14,0,14,0,14,0,14,0,14,350,264,526,217,192,131,54,57,82,92,91,79,42,50
1400000US06037191902,2845,405,552,380,161,112,0,14,0,14,28,39,0,14,0,14,0,14,0,14,13,20,65,74,27,39,8,14,20,22,0,14,391,290,57,83,82,90,0,14,0,14,0,14,0,14,6,9,11,18,72,78,81,116,12,18,9,14,61,88,2293,357,1228,232,110,89,0,14,77,52,0,14,0,14,0,14,12,19,298,125,246,114,229,120,48,34,156,92,52,33,1065,207,28,33,0,14,78,78,29,28,0,14,5,9,35,54,320,120,167,81,123,87,99,68,141,72,40,28
1400000US06037192001,2210,276,364,180,128,107,0,14,0,14,0,14,0,14,0,14,0,14,22,26,23,26,12,18,0,14,36,121,21,26,14,21,236,166,0,14,0,14,0,14,0,14,0,14,0,14,8,13,33,35,47,50,44,103,40,46,11,19,53,46,1846,329,934,189,24,33,0,14,34,29,0,14,0,14,0,14,7,11,200,88,265,107,169,107,52,37,102,74,81,76,912,193,36,36,16,28,0,14,46,45,0,14,22,22,59,65,192,74,217,88,78,89,91,58,86,64,69,65
1400000US06037192002,2674,307,198,112,72,52,0,14,0,14,0,14,0,14,0,14,0,14,0,14,37,42,19,33,0,14,0,14,9,19,7,12,126,101,0,14,0,14,0,14,0,14,0,14,0,14,0,14,51,54,41,57,0,14,0,14,28,39,6,14,2476,299,1298,215,43,51,0,14,35,26,35,41,0,14,0,14,51,43,359,132,180,98,242,124,165,100,82,48,106,121,1178,219,51,47,0,14,45,38,0,14,47,60,0,14,0,14,332,127,229,88,154,88,106,67,86,49,128,125
1400000US06037192300,2601,437,294,150,137,101,6,10,0,14,41,50,0,14,0,14,0,14,11,16,0,14,18,17,16,18,45,47,0,14,0,14,157,87,0,14,0,14,11,17,11,17,0,14,7,12,61,57,16,19,0,14,25,23,26,22,0,14,0,14,2307,444,886,248,22,25,24,41,14,15,6,9,11,16,0,14,11,19,126,92,106,51,111,66,295,163,120,64,40,25,1421,307,31,34,9,13,72,65,17,19,33,37,45,44,60,45,444,229,163,83,172,57,151,108,153,74,71,49
1400000US06037192410,4334,748,235,135,138,104,0,14,0,14,0,14,0,14,0,14,0,14,0,14,20,35,36,41,0,14,62,91,11,18,9,15,97,76,0,14,0,14,20,35,0,14,0,14,0,14,18,20,9,14,18,30,20,23,7,12,5,7,0,14,4099,770,1882,346,53,52,0,14,94,61,28,40,27,38,0,14,69,47,262,133,416,168,478,224,235,113,89,55,131,68,2217,510,200,256,0,14,66,52,0,14,41,41,19,31,207,224,307,140,411,129,415,136,242,146,120,51,189,133
1400000US06037192420,3114,350,254,123,49,46,0,14,0,14,0,14,0,14,12,21,0,14,0,14,17,23,6,10,2,12,12,16,0,14,0,14,205,102,0,14,0,14,0,14,13,23,0,14,0,14,86,89,19,23,38,35,0,14,21,23,0,14,28,32,2860,394,1635,234,99,81,13,23,22,36,46,36,0,14,44,46,60,50,542,180,282,147,212,115,122,89,165,87,28,44,1225,219,79,56,0,14,0,14,0,14,0,14,10,18,56,59,320,128,155,86,221,107,189,106,130,54,65,53
1400000US06037192510,3929,658,979,307,529,197,0,14,0,14,67,50,14,23,7,12,16,24,73,64,47,55,136,113,72,70,85,79,12,19,0,14,450,215,55,88,0,14,28,40,0,14,0,14,62,44,0,14,123,96,33,30,43,42,100,77,5,11,1,3,2950,694,1473,473,226,220,0,14,30,47,30,38,10,17,31,42,123,119,126,66,344,189,184,103,246,192,103,67,20,26,1477,318,58,91,0,14,33,45,51,52,12,20,45,39,111,117,301,134,208,116,159,77,214,123,117,66,168,127
1400000US06037192520,4836,538,1150,444,463,189,74,83,0,14,65,62,26,39,0,14,0,14,24,37,85,96,46,50,77,78,38,44,6,10,22,31,687,312,31,47,19,31,38,46,38,46,0,14,27,28,120,142,150,121,101,77,47,68,79,81,29,32,8,13,3686,493,1852,299,45,48,0,14,86,72,21,24,0,14,44,57,172,89,533,186,260,121,285,119,242,102,89,64,75,58,1834,329,146,110,0,14,121,80,31,31,24,39,0,14,255,121,468,135,157,81,159,66,240,93,153,87,80,58
1400000US06037192610,4068,550,762,364,325,165,21,34,0,14,31,38,0,14,10,19,10,19,55,58,85,61,18,27,32,48,7,19,18,26,38,44,437,248,0,14,0,14,90,95,0,14,0,14,9,19,74,72,115,102,25,40,8,17,93,80,0,14,23,27,3306,507,1898,389,35,33,0,14,218,97,72,53,20,34,20,34,249,150,552,269,358,246,24,28,127,69,201,111,22,34,1408,248,35,45,0,14,55,36,73,69,0,14,32,37,273,168,242,102,175,82,159,96,237,98,107,72,20,32
1400000US06037192620,3661,593,927,306,460,178,51,49,0,14,72,46,64,85,0,14,0,14,12,19,41,47,53,73,22,25,20,42,69,53,56,54,467,180,0,14,0,14,74,63,0,14,0,14,26,41,27,44,70,62,35,45,25,39,83,71,72,67,55,52,2734,544,1266,282,31,36,0,14,54,64,103,101,42,68,58,70,98,82,264,111,244,126,185,106,87,65,52,46,48,60,1468,344,77,69,43,61,107,107,106,82,13,20,74,88,87,80,313,123,88,49,265,124,116,69,89,74,90,72
1400000US06037192700,3011,554,488,195,204,132,0,14,0,14,0,14,0,14,0,14,0,14,10,17,54,58,0,14,19,34,39,55,73,108,9,23,284,213,0,14,0,14,20,30,17,26,0,14,0,14,85,122,19,22,16,25,59,45,46,100,0,14,22,30,2523,561,1443,366,79,95,0,14,65,64,44,35,0,14,0,14,113,94,362,131,272,161,178,99,166,110,120,114,44,45,1080,264,0,14,0,14,64,67,0,14,27,41,17,33,102,63,277,130,53,48,143,96,244,138,73,61,80,59
1400000US06037194101,3153,498,261,120,109,67,0,14,0,14,0,14,0,14,0,14,0,14,23,35,25,39,52,40,0,14,9,14,0,14,0,14,152,94,0,14,0,14,0,14,0,14,0,14,0,14,11,17,33,38,21,25,15,25,10,15,53,54,9,14,2892,510,1609,326,16,19,0,14,104,85,0,14,0,14,0,14,84,98,351,155,269,122,272,133,155,84,145,70,213,167,1283,287,31,32,0,14,19,31,0,14,0,14,17,29,36,35,165,99,280,105,227,133,282,179,144,99,82,58
1400000US06037194102,2733,314,233,134,95,90,0,14,0,14,0,14,0,14,0,14,0,14,0,14,0,14,24,36,52,82,0,14,9,16,10,18,138,98,0,14,0,14,0,14,0,14,0,14,14,24,0,14,30,52,48,57,14,24,13,21,10,16,9,16,2500,302,1270,175,21,33,8,16,31,40,35,47,0,14,14,24,134,94,155,68,280,113,324,115,131,92,95,60,42,30,1230,209,142,91,0,14,28,33,27,31,0,14,17,26,67,59,220,114,240,120,157,65,167,79,54,36,111,61
1400000US06037194200,3389,565,135,88,110,85,0,14,0,14,0,14,0,14,0,14,0,14,0,14,50,76,0,14,38,56,12,21,0,14,10,16,25,27,0,14,0,14,0,14,0,14,0,14,0,14,0,14,0,14,0,14,0,14,25,27,0,14,0,14,3254,572,1739,320,138,85,9,15,69,43,13,20,41,38,0,14,27,30,131,80,271,131,317,153,417,123,219,139,87,63,1515,369,37,34,0,14,30,30,0,14,0,14,11,18,40,36,240,84,255,145,309,134,395,277,76,50,122,101
1400000US06037194300,2918,616,313,167,165,101,0,14,0,14,0,14,0,14,0,14,0,14,0,14,0,14,90,89,16,24,44,53,15,23,0,14,148,108,0,14,0,14,0,14,0,14,0,14,0,14,0,14,95,97,30,39,0,14,8,12,15,23,0,14,2605,575,1548,374,0,14,0,14,101,79,142,155,0,14,0,14,80,62,32,30,235,114,321,182,258,100,170,66,209,116,1057,277,115,100,0,14,27,42,26,40,6,9,21,32,29,38,79,70,148,92,219,156,89,58,156,58,142,88
1400000US06037194401,2430,331,301,171,149,100,0,14,0,14,0,14,0,14,0,14,0,14,2,5,133,100,12,18,0,14,0,14,2,4,0,14,152,78,0,14,0,14,0,14,0,14,0,14,0,14,10,15,56,51,14,22,7,12,48,69,0,14,17,19,2129,338,1169,277,5,15,0,14,40,24,43,23,7,12,0,14,31,32,388,147,236,179,198,97,141,78,80,36,0,14,960,223,7,13,0,14,0,14,0,14,0,14,19,24,72,46,426,172,67,37,154,60,46,40,139,112,30,30
1400000US06037194402,3397,458,200,119,87,65,0,14,0,14,0,14,0,14,0,14,0,14,26,46,0,14,0,14,16,27,28,26,0,14,17,27,113,80,0,14,0,14,0,14,0,14,0,14,0,14,0,14,40,63,16,27,33,52,2,6,8,13,14,28,3197,470,1599,398,178,135,0,14,0,14,0,14,0,14,0,14,0,14,486,248,240,150,307,156,238,159,137,73,13,16,1598,285,47,52,0,14,0,14,0,14,0,14,0,14,150,203,409,183,367,135,216,125,79,75,185,69,145,119
1400000US06037194500,2068,232,158,76,98,61,0,14,0,14,12,18,0,14,0,14,0,14,0,14,11,42,0,14,0,14,61,56,14,23,0,14,60,44,0,14,0,14,0,14,0,14,0,14,0,14,0,14,20,32,0,14,16,14,14,26,0,14,10,15,1910,228,936,144,18,27,0,14,55,36,21,16,0,14,18,32,30,30,143,99,179,79,241,75,63,38,104,88,64,47,974,185,60,64,0,14,60,54,22,17,30,44,0,14,125,85,238,98,151,64,150,58,88,58,26,22,24,21
1400000US06037195100,4682,565,220,121,89,65,0,14,0,14,0,14,0,14,0,14,0,14,0,14,18,29,19,34,15,34,26,43,0,14,11,18,131,113,0,14,0,14,0,14,0,14,0,14,0,14,0,14,15,25,48,48,68,106,0,14,0,14,0,14,4462,567,2577,443,80,66,18,29,181,96,14,22,41,45,19,35,52,51,278,105,241,112,700,302,608,253,185,85,160,75,1885,276,156,119,31,51,154,107,75,53,17,29,20,33,49,52,249,141,235,98,403,124,213,109,140,82,143,91
1400000US06037195201,2980,333,230,88,91,60,0,14,0,14,0,14,0,14,0,14,0,14,10,16,13,21,37,46,0,14,21,23,10,17,0,14,139,64,0,14,0,14,0,14,0,14,0,14,0,14,0,14,10,16,20,24,9,14,29,28,18,27,53,44,2750,343,1487,198,15,25,43,51,13,21,59,45,10,17,15,21,0,14,250,135,544,184,146,71,172,68,76,43,144,94,1263,210,35,38,16,25,53,41,0,14,12,18,25,30,22,24,327,106,340,127,190,75,51,34,60,48,132,81
1400000US06037195202,3280,409,201,114,101,76,0,14,0,14,0,14,15,26,0,14,0,14,0,14,50,57,23,25,0,14,0,14,13,20,0,14,100,76,0,14,0,14,0,14,10,17,0,14,11,18,10,15,0,14,5,8,25,29,0,14,18,19,21,25,3079,406,1599,270,150,113,0,14,78,49,5,12,9,13,10,16,57,32,219,105,369,119,264,95,298,99,100,45,40,26,1480,234,31,32,0,14,149,70,63,62,0,14,9,13,12,21,340,148,309,87,208,88,153,61,123,74,83,63
1400000US06037195300,2990,409,570,221,284,177,0,14,47,61,27,41,24,31,0,14,0,14,34,39,0,14,63,46,28,44,21,34,14,18,26,39,286,114,38,59,23,31,0,14,0,14,0,14,0,14,15,25,53,49,39,41,60,47,47,36,2,4,9,15,2420,400,1318,274,48,40,0,14,13,21,26,43,7,11,0,14,45,39,436,147,312,112,169,66,140,80,51,47,71,50,1102,194,45,37,0,14,17,28,6,9,0,14,34,32,63,42,371,124,174,61,165,70,76,56,80,60,71,45
1400000US06037195400,4301,574,390,190,214,131,0,14,0,14,0,14,0,14,0,14,0,14,0,14,40,49,20,31,68,97,47,56,39,47,0,14,176,137,0,14,0,14,0,14,0,14,0,14,0,14,0,14,133,128,20,36,0,14,1,3,10,15,12,28,3911,562,1991,471,59,61,13,22,11,18,0,14,34,31,0,14,0,14,436,245,723,277,214,106,299,95,105,62,97,70,1920,282,159,101,39,56,25,32,17,19,26,37,26,35,28,38,309,152,360,108,311,115,353,121,218,174,49,45
1400000US06037195500,5099,748,330,287,237,284,0,19,0,19,0,19,0,19,0,19,0,19,41,63,90,138,73,85,19,32,14,23,0,19,0,19,93,70,0,19,0,19,0,19,0,19,0,19,0,19,0,19,0,19,60,63,0,19,12,22,21,32,0,19,4769,710,2352,399,260,196,0,19,88,81,0,19,121,141,96,109,0,19,454,194,482,140,279,130,177,108,223,174,172,119,2417,471,65,79,0,19,41,51,75,98,18,29,41,71,60,97,426,145,722,262,415,198,212,151,91,69,251,148
1400000US06037195600,2852,508,349,288,103,81,0,14,0,14,0,14,0,14,0,14,0,14,23,28,3,11,19,31,49,68,9,15,0,14,0,14,246,212,55,76,0,14,51,71,0,14,0,14,0,14,32,57,36,36,45,63,11,17,0,14,0,14,16,26,2503,458,1265,329,24,28,0,14,0,14,135,144,12,20,0,14,10,16,338,156,155,109,207,60,192,153,119,140,73,46,1238,244,18,22,0,14,27,41,9,15,0,14,0,14,165,122,349,101,97,58,197,93,147,184,173,129,56,51
1400000US06037195710,3834,437,1046,446,667,334,47,72,5,8,44,54,0,14,0,14,5,8,223,194,93,128,79,97,39,56,37,51,92,93,3,8,379,183,0,14,0,14,8,12,0,14,0,14,0,14,69,72,48,58,68,89,94,85,47,47,6,12,39,59,2788,522,1445,384,97,69,11,17,25,27,48,52,1,18,1,18,124,70,404,306,332,139,137,79,112,106,153,133,0,14,1343,232,54,39,0,14,33,33,109,78,0,14,0,14,84,62,245,107,412,150,167,93,118,65,71,48,50,33
1400000US06037195720,1745,219,224,80,148,66,0,14,0,14,0,14,0,14,0,14,0,14,10,16,39,43,29,24,44,36,5,8,21,23,0,14,76,46,0,14,0,14,0,14,0,14,0,14,0,14,36,34,18,14,5,8,0,14,0,14,17,20,0,14,1521,214,787,157,34,38,5,11,26,23,0,14,0,14,0,14,70,42,282,77,101,44,90,41,83,44,61,28,35,23,734,128,29,25,0,14,0,14,0,14,0,14,11,15,68,77,265,68,72,33,80,31,65,37,83,40,61,45
1400000US06037195802,2856,380,500,215,297,119,0,14,10,16,17,20,27,37,6,9,0,14,26,25,76,62,40,48,42,36,44,43,0,14,9,16,203,118,34,50,0,14,7,13,0,14,0,14,0,14,0,14,57,50,37,37,0,14,15,18,6,8,47,42,2356,354,998,181,37,38,0,14,21,21,3,7,23,27,27,26,85,44,207,94,256,76,110,62,122,55,74,53,33,32,1358,261,149,86,0,14,25,36,8,14,7,11,22,31,57,53,326,147,193,55,169,75,117,53,151,115,134,45
1400000US06037195803,2173,232,202,95,123,70,24,45,0,14,0,14,0,14,0,14,0,14,0,14,6,10,16,20,22,36,18,20,16,40,21,24,79,54,0,14,0,14,0,14,0,14,0,14,0,14,16,23,19,23,16,18,0,14,0,14,28,41,0,14,1971,244,964,175,43,46,0,14,15,19,9,16,8,15,16,18,17,21,305,115,266,98,92,55,92,39,50,40,51,42,1007,153,17,22,0,14,6,17,9,15,0,14,0,14,40,36,442,92,141,80,175,146,88,35,63,40,26,24
1400000US06037195804,2475,383,209,91,105,75,0,14,0,14,0,14,0,14,0,14,0,14,25,28,32,36,0,14,27,31,0,14,21,32,0,14,104,51,0,14,0,14,10,16,0,14,0,14,0,14,10,16,23,28,0,14,20,18,21,23,0,14,20,26,2266,392,1084,186,40,46,0,14,62,37,20,24,0,14,21,33,49,34,252,85,281,92,119,69,182,82,16,20,42,60,1182,272,18,21,0,14,79,56,0,14,0,14,20,27,58,40,216,94,239,86,112,57,188,131,153,103,99,97
1400000US06037195901,2398,378,301,195,123,75,0,14,0,14,0,14,0,14,0,14,0,14,0,14,10,18,60,49,0,14,10,17,13,22,30,45,178,148,0,14,0,14,14,22,0,14,0,14,0,14,59,76,5,18,38,42,23,27,4,7,35,47,0,14,2097,392,973,250,7,21,0,14,75,60,0,14,0,14,35,54,42,49,335,160,181,127,63,36,51,33,154,85,30,37,1124,186,47,29,0,14,0,14,0,14,0,14,0,14,10,18,507,111,220,147,83,47,87,57,71,63,99,62
1400000US06037195902,1839,384,112,62,58,47,15,23,0,14,0,14,0,14,0,14,0,14,0,14,33,38,0,14,0,14,10,17,0,14,0,14,54,35,0,14,0,14,0,14,0,14,0,14,0,14,13,20,31,24,0,14,10,15,0,14,0,14,0,14,1727,379,1096,351,209,216,0,14,66,23,36,35,0,14,0,14,0,14,151,72,206,74,239,124,76,52,86,54,27,25,631,132,0,14,0,14,11,22,0,14,0,14,0,14,0,14,179,79,203,83,84,46,88,70,36,32,30,26
1400000US06037195903,2035,234,279,111,160,68,0,14,0,14,0,14,0,14,0,14,21,33,1,5,24,30,37,27,28,35,49,55,0,14,0,14,119,65,0,14,0,14,9,13,0,14,0,14,0,14,5,9,30,29,20,21,20,32,29,21,0,14,6,9,1756,240,933,173,22,20,12,17,20,22,22,21,0,14,0,14,29,28,302,98,164,68,220,82,53,31,64,31,25,19,823,164,23,27,0,14,20,17,0,14,0,14,0,14,38,31,311,115,103,40,108,63,109,49,84,47,27,37
1400000US06037197200,3474,475,279,158,158,108,27,42,0,14,0,14,0,14,0,14,0,14,5,8,42,43,26,40,11,16,29,44,15,17,3,6,121,67,0,14,0,14,0,14,0,14,0,14,0,14,28,44,25,39,6,9,0,14,29,38,12,14,21,25,3195,539,1716,329,130,88,0,14,110,58,46,57,25,31,20,39,42,43,243,127,323,159,255,150,241,126,104,69,177,91,1479,322,96,76,0,14,0,14,31,37,17,27,0,14,109,80,208,99,361,158,199,109,160,71,161,110,137,74
1400000US06037197300,3792,477,318,124,103,76,0,14,0,14,0,14,0,14,0,14,0,14,0,14,46,64,0,14,30,29,27,30,0,14,0,14,215,102,0,14,0,14,0,14,0,14,0,14,0,14,35,34,91,63,27,31,0,14,31,35,5,7,26,24,3474,494,1830,299,21,33,0,14,38,43,27,40,9,15,13,20,62,41,578,220,388,174,269,90,179,79,197,110,49,46,1644,289,26,29,0,14,115,86,58,50,0,14,12,19,59,47,479,165,369,107,140,68,129,56,202,106,55,36
1400000US06037197410,4014,564,273,126,100,74,10,16,0,14,0,14,0,14,0,14,0,14,0,14,0,14,32,34,24,36,10,16,0,14,24,34,173,91,0,14,0,14,0,14,0,14,0,14,0,14,68,78,48,40,9,15,9,13,0,14,19,21,20,31,3741,535,1667,389,75,68,0,14,38,36,13,20,0,14,11,19,38,52,289,113,237,88,459,223,268,215,113,59,126,66,2074,324,102,86,0,14,246,128,53,53,11,19,42,40,159,93,324,112,407,105,245,120,214,95,113,50,158,82
1400000US06037197420,3330,422,299,159,148,76,0,14,0,14,0,14,0,14,0,14,0,14,32,50,46,42,17,15,0,14,43,29,10,15,0,14,151,123,0,14,0,14,0,14,0,14,0,14,35,56,30,49,13,20,33,53,0,14,15,16,25,30,0,14,3031,418,1665,291,16,17,0,14,37,37,67,58,7,18,42,39,146,106,294,149,619,156,159,86,166,98,112,64,0,14,1366,255,33,31,13,21,66,73,64,49,10,20,17,27,58,61,288,137,311,106,280,101,115,54,88,61,23,31
1400000US06037197500,3788,460,636,332,309,172,30,42,0,14,27,37,27,22,7,12,35,55,0,14,49,55,10,15,58,61,8,13,43,57,15,18,327,180,29,41,0,14,0,14,39,59,0,14,0,14,0,14,90,73,46,50,63,68,16,24,27,24,17,18,3152,497,1311,238,21,25,5,13,18,23,37,25,5,13,0,14,28,32,400,133,357,177,146,108,177,93,66,35,51,51,1841,362,42,62,9,16,43,31,0,14,0,14,0,14,34,29,863,306,314,123,232,115,145,110,83,48,76,39
1400000US06037197600,2352,483,481,209,276,146,8,13,0,14,0,14,0,14,58,37,0,14,56,36,5,8,100,66,28,35,18,20,3,6,0,14,205,92,0,14,0,14,62,40,0,14,0,14,0,14,14,22,59,66,35,35,0,14,14,20,0,14,21,36,1871,524,1017,351,0,14,0,14,26,47,25,42,0,14,74,63,55,47,347,154,149,60,114,134,124,34,49,33,54,32,854,239,28,27,0,14,0,14,0,14,0,14,24,40,51,71,147,77,275,103,61,62,127,40,55,42,86,92
1400000US06037197700,4690,527,914,330,395,190,36,58,0,14,44,80,0,14,0,14,9,20,0,14,56,57,64,59,59,57,22,34,105,70,0,14,519,239,0,14,0,14,22,36,22,36,0,14,0,14,0,14,153,153,54,54,13,22,50,49,143,128,62,61,3776,494,1932,288,40,55,0,14,0,14,148,98,36,55,40,55,75,54,426,164,570,176,174,85,257,126,54,43,112,79,1844,438,6,13,0,14,62,99,48,66,39,56,0,14,103,144,731,299,266,110,216,160,76,42,203,116,94,71
1400000US06037199001,2390,427,383,190,155,87,30,34,0,14,22,36,27,41,0,14,23,24,14,22,20,22,0,14,10,14,9,14,0,14,0,14,228,133,24,40,0,14,12,18,0,14,0,14,8,13,0,14,49,43,28,41,47,31,51,43,0,14,9,15,2007,445,933,284,10,15,7,12,38,30,45,51,6,9,31,29,97,70,173,119,98,63,125,66,222,103,45,39,36,29,1074,224,18,19,8,12,36,35,79,63,0,14,0,14,82,82,99,60,105,68,240,106,220,104,132,69,55,48
1400000US06037199002,2697,487,420,295,149,114,0,14,0,14,60,93,0,14,0,14,0,14,0,14,62,56,0,14,0,14,0,14,27,37,0,14,271,191,0,14,0,14,0,14,31,48,0,14,29,45,44,51,74,55,36,45,36,38,21,29,0,14,0,14,2277,429,1050,233,23,27,8,13,15,18,16,26,56,68,43,48,107,85,316,160,140,63,119,70,80,66,44,36,83,50,1227,261,63,54,22,33,25,36,0,14,0,14,8,19,140,96,293,174,108,57,169,89,215,106,98,66,86,52
1400000US06037199110,2335,580,228,130,107,77,18,27,0,14,11,19,0,14,0,14,4,7,0,14,48,54,0,14,0,14,13,14,0,14,13,15,121,71,10,17,0,14,25,27,0,14,0,14,0,14,0,14,19,27,34,33,10,12,0,14,0,14,23,18,2107,569,1170,321,107,88,2,5,51,33,40,65,0,14,29,30,112,86,136,75,204,81,186,74,144,78,97,52,62,38,937,264,6,9,29,44,54,48,21,26,21,27,44,71,116,74,127,80,107,49,119,66,71,33,177,50,45,32
1400000US06037199120,3147,425,1065,391,421,156,20,31,0,14,27,39,70,56,0,14,0,14,0,14,16,23,107,110,62,48,29,30,90,52,0,14,644,278,54,50,0,14,76,63,10,17,0,14,16,22,54,46,146,109,42,35,41,39,137,116,38,32,30,43,2082,376,1173,263,55,47,15,23,67,65,42,38,19,27,43,58,127,90,261,119,252,206,115,68,102,61,56,46,19,24,909,221,50,49,0,14,10,15,0,14,0,14,50,36,40,45,276,139,140,66,125,66,119,60,53,58,46,41
1400000US06037199201,3268,493,730,277,255,135,10,15,25,41,29,33,16,26,23,34,0,14,21,36,11,17,35,44,26,33,23,24,31,47,5,11,475,183,0,14,0,14,28,45,28,45,0,14,26,42,13,17,37,36,72,66,22,24,96,72,100,79,53,64,2538,573,1390,332,0,14,4,9,119,108,33,30,18,30,34,38,132,77,151,90,238,127,127,70,173,83,81,77,280,228,1148,298,95,107,0,14,42,68,49,58,0,14,42,51,140,99,121,86,117,79,125,69,149,74,190,107,78,74
1400000US06037199202,2493,386,198,152,43,40,0,14,0,14,0,14,0,14,12,18,0,14,11,15,20,21,0,14,0,14,0,14,0,14,0,14,155,145,0,14,0,14,0,14,0,14,0,14,0,14,2,6,2,4,0,14,0,14,46,75,73,115,32,33,2295,345,1110,229,46,39,0,14,7,12,33,20,0,14,14,21,64,41,157,68,241,114,209,63,121,78,152,124,66,48,1185,170,64,29,0,14,107,64,62,60,24,25,20,16,61,48,164,68,174,60,208,44,71,37,154,74,76,39
1400000US06037199300,3658,578,334,161,109,85,22,36,0,14,0,14,0,14,18,29,10,15,0,14,0,14,14,22,10,15,8,14,0,14,27,29,225,116,0,14,0,14,0,14,0,14,0,14,0,14,10,16,23,29,8,13,36,37,34,43,71,59,43,42,3324,576,1668,243,75,58,0,14,38,41,48,38,69,90,0,14,183,57,270,114,253,107,217,79,173,107,153,64,189,120,1656,424,121,97,0,14,8,12,68,81,0,14,36,30,96,75,301,212,235,84,248,78,163,92,265,139,115,69
1400000US06037199400,4243,844,1380,718,559,313,53,58,14,22,23,32,0,14,0,14,25,40,60,74,31,35,218,181,10,15,65,55,24,29,36,57,821,479,137,194,10,17,11,17,110,134,0,14,0,14,119,116,89,76,115,113,58,60,73,66,18,29,81,61,2863,561,1382,378,8,12,0,14,76,86,10,15,8,13,11,20,319,248,166,125,218,103,201,99,190,117,90,51,85,68,1481,324,25,29,0,14,72,66,103,94,8,13,0,14,50,45,105,84,216,101,333,204,218,116,177,131,174,94
1400000US06037199700,3454,559,608,386,302,247,21,33,0,14,0,14,0,14,0,14,38,59,38,59,42,66,21,30,105,168,10,19,0,14,27,34,306,187,39,60,0,14,18,30,0,14,0,14,0,14,57,63,28,35,27,31,21,23,26,31,74,68,16,25,2846,493,1595,488,32,28,0,14,20,34,89,61,0,14,49,61,150,75,443,206,179,134,237,107,175,96,107,57,114,76,1251,256,80,48,0,14,68,52,81,76,0,14,17,22,111,101,165,98,250,100,152,78,176,52,82,50,69,53
1400000US06037199801,3512,638,684,436,299,240,133,213,0,14,22,26,14,23,0,14,0,14,32,41,2,4,53,50,11,17,32,32,0,14,0,14,385,227,37,38,0,14,85,70,40,47,0,14,0,14,25,39,10,15,57,61,44,44,19,23,41,60,27,32,2828,512,1407,283,38,42,32,37,62,60,19,29,36,28,48,45,138,112,291,120,160,75,294,129,184,109,61,39,44,38,1421,269,35,40,37,41,125,89,54,51,0,14,5,9,152,76,297,145,157,75,307,106,191,72,61,45,0,14
1400000US06037199802,1905,263,319,137,156,99,0,14,0,14,31,36,10,16,0,14,0,14,6,11,0,14,29,36,26,29,17,23,31,31,6,9,163,66,10,15,0,14,9,15,0,14,0,14,0,14,4,9,0,14,16,19,35,27,0,14,49,36,40,38,1586,278,818,188,14,24,11,21,44,51,118,63,0,14,0,14,37,39,105,52,119,53,202,74,61,29,47,40,60,42,768,148,0,14,0,14,46,32,21,26,5,9,54,49,82,57,68,41,122,62,122,45,174,58,46,36,28,23
1400000US06037199900,2409,395,491,191,224,111,7,10,0,14,16,17,41,35,0,14,30,35,37,31,0,14,6,9,9,15,28,22,50,43,0,14,267,132,6,9,0,14,21,35,19,30,0,14,0,14,35,31,6,9,43,42,34,22,5,8,6,9,92,93,1918,373,964,205,29,38,11,18,95,54,102,64,8,14,19,19,90,50,147,72,193,82,80,45,104,54,32,33,54,35,954,223,39,45,16,23,66,59,10,14,5,7,23,27,74,41,285,83,48,46,80,45,121,61,94,57,93,46
1400000US06037201110,2476,301,163,71,94,54,6,9,0,14,0,14,0,14,0,14,0,14,0,14,18,19,23,49,13,20,10,17,0,14,24,23,69,67,0,14,0,14,0,14,0,14,0,14,0,14,5,8,18,20,1,3,5,8,23,50,0,14,17,19,2313,297,1178,186,29,34,0,14,86,45,31,28,0,14,10,18,102,66,258,69,122,57,165,71,168,71,164,59,43,41,1135,149,83,66,0,14,128,62,20,18,27,18,7,11,26,21,210,74,181,69,155,57,142,71,87,32,69,43
1400000US06037201120,3878,531,615,258,228,136,0,14,0,14,0,14,0,14,23,36,0,14,40,61,40,49,0,14,0,14,75,68,18,23,32,39,387,170,0,14,0,14,37,41,0,14,0,14,31,36,22,30,36,40,28,33,77,73,100,76,26,39,30,35,3263,562,1787,361,19,38,0,14,103,113,107,97,90,70,119,58,157,88,210,109,233,109,432,149,177,100,78,51,62,43,1476,298,42,51,28,44,64,54,19,28,0,14,19,28,222,124,339,125,187,75,231,127,222,96,80,50,23,24
1400000US06037201200,2513,387,305,199,148,112,0,14,0,14,23,31,31,45,0,14,15,22,0,14,19,21,34,37,9,13,6,9,4,7,7,11,157,107,36,37,0,14,35,38,0,14,0,14,0,14,9,14,20,23,0,14,8,12,44,63,0,14,5,8,2208,371,1203,247,105,54,0,14,54,50,87,58,0,14,10,17,53,47,213,56,205,91,159,75,157,87,93,47,67,41,1005,181,107,56,24,26,30,27,10,10,0,14,53,63,64,59,158,66,146,63,177,87,69,51,97,46,70,36
1400000US06037201301,3106,745,380,197,189,129,0,14,0,14,21,35,0,14,0,14,0,14,12,22,88,110,8,14,3,8,1,2,25,26,31,41,191,89,0,14,0,14,7,11,8,12,0,14,8,13,0,14,28,42,24,31,5,8,34,36,34,41,43,37,2726,732,1475,586,45,43,41,46,74,37,70,70,0,14,16,25,246,197,307,220,94,59,204,75,171,188,68,39,139,97,1251,225,55,57,0,14,115,89,0,14,10,21,64,49,36,40,162,103,198,73,207,157,163,86,120,62,121,68
1400000US06037201302,4106,546,211,123,100,61,0,14,0,14,0,14,0,14,0,14,0,14,0,14,38,44,21,35,0,14,26,32,0,14,15,24,111,110,0,14,0,14,0,14,0,14,0,14,0,14,18,29,0,14,0,14,0,14,12,20,0,14,81,102,3895,561,2111,379,85,72,66,105,38,62,0,14,0,14,28,34,39,45,413,165,296,119,386,219,299,126,180,100,281,125,1784,307,30,34,0,14,37,43,45,45,0,14,20,23,39,33,202,82,260,111,271,153,118,79,430,237,332,148
1400000US06037201401,4128,645,1170,649,619,440,76,92,0,14,119,138,54,49,36,46,64,102,108,115,24,35,88,60,0,14,2,10,31,32,17,28,551,251,62,62,24,40,41,51,0,14,0,14,15,29,74,89,176,111,35,44,40,65,48,51,13,20,23,36,2958,325,1403,228,86,54,28,36,25,42,54,52,0,14,0,14,141,74,210,104,186,74,245,95,179,77,133,78,116,75,1555,219,80,75,18,30,37,37,0,14,17,27,126,90,136,78,215,92,279,91,182,73,221,85,164,86,80,54
1400000US06037201402,4103,683,303,165,151,90,0,14,0,14,0,14,0,14,0,14,0,14,6,11,21,36,29,33,23,27,16,19,0,14,56,58,152,110,0,14,0,14,0,14,0,14,0,14,0,14,0,14,0,14,0,14,0,14,45,41,40,33,67,83,3800,683,1984,390,88,52,31,37,161,138,16,19,65,40,50,52,150,120,211,104,420,149,255,120,223,165,131,86,183,101,1816,331,111,68,0,14,199,137,6,12,0,14,24,29,157,100,144,106,357,85,216,124,158,64,229,149,215,89
1400000US06037201501,5096,587,553,219,209,153,32,48,0,19,29,42,0,19,0,19,0,19,7,11,0,19,58,58,67,60,5,8,0,19,11,17,344,161,0,19,0,19,59,35,86,75,0,19,0,19,10,21,57,66,41,50,12,19,41,65,0,19,38,43,4543,554,2241,264,142,75,61,71,112,72,109,77,19,31,20,29,124,67,348,128,447,103,213,103,172,93,295,77,179,122,2302,408,78,62,0,19,193,111,147,117,0,19,41,30,215,110,288,120,348,99,298,103,273,118,204,74,217,130
1400000US06037201503,3116,447,218,123,108,101,0,14,0,14,0,14,0,14,0,14,0,14,6,10,42,66,0,14,15,17,7,10,31,30,7,10,110,68,0,14,0,14,16,23,0,14,0,14,0,14,19,17,18,28,0,14,21,20,8,11,28,27,0,14,2898,454,1365,313,45,42,61,71,39,37,15,24,49,74,12,19,174,112,187,71,296,88,200,108,94,63,125,64,68,48,1533,276,48,55,0,14,42,35,65,52,0,14,55,49,130,83,319,145,262,92,169,70,134,77,198,67,111,57
1400000US06037201504,2210,382,431,324,148,107,13,16,0,14,0,14,29,33,0,14,0,14,25,36,25,38,0,14,27,32,0,14,22,32,7,10,283,237,85,128,27,40,8,12,0,14,21,30,7,11,25,37,58,42,8,12,0,14,24,36,20,30,0,14,1779,314,809,199,128,88,8,13,19,22,23,30,7,11,7,12,49,45,150,60,83,38,60,38,168,75,55,34,52,31,970,156,59,38,6,10,36,38,63,39,34,51,26,38,53,36,184,84,143,61,136,64,102,30,66,38,62,28
1400000US06037201601,2098,361,378,219,244,170,32,49,0,14,33,42,7,12,7,12,0,14,57,90,41,46,29,44,20,22,0,14,0,14,18,19,134,81,4,10,11,15,13,15,0,14,0,14,0,14,8,12,4,9,34,41,21,21,0,14,7,11,32,31,1720,303,940,166,65,35,16,23,50,35,4,9,22,25,36,32,111,53,164,76,136,57,105,51,101,51,72,39,58,35,780,168,59,51,0,14,16,17,5,9,4,8,4,6,35,41,152,79,71,34,138,42,111,46,104,42,81,34
1400000US06037201602,2570,619,267,81,103,52,4,7,0,14,13,14,6,10,0,14,0,14,0,14,0,14,3,6,19,28,34,33,14,15,10,11,164,81,7,11,0,14,30,35,0,14,5,10,0,14,0,14,68,57,9,10,5,7,4,6,21,34,15,17,2303,630,1171,252,72,57,26,27,135,111,26,21,5,8,11,12,58,46,191,75,98,40,143,63,185,82,86,44,135,134,1132,414,26,27,3,5,152,149,24,18,21,30,50,47,42,22,123,56,178,97,154,87,95,45,149,121,115,58
1400000US06037201700,4095,541,646,291,408,198,59,67,10,17,57,40,53,60,0,19,23,33,6,11,24,33,85,61,45,36,19,26,7,12,20,18,238,133,0,19,0,19,0,19,24,36,0,19,0,19,23,33,10,18,79,73,50,54,34,47,10,19,8,13,3449,560,1961,327,83,71,0,19,106,75,76,52,0,19,15,24,142,70,455,170,294,101,261,110,212,103,91,59,226,162,1488,328,36,39,56,60,14,19,0,19,0,19,40,41,77,52,282,127,217,90,235,76,174,99,232,135,125,80
1400000US06037203100,4274,721,827,428,225,178,0,14,0,14,35,54,13,21,0,14,0,14,92,107,22,25,2,3,0,14,12,21,20,30,29,43,602,269,0,14,0,14,36,55,35,56,0,14,27,31,66,61,90,82,0,14,69,58,53,41,88,75,138,82,3447,764,1797,419,44,44,0,14,75,96,90,81,34,52,169,116,312,137,306,148,236,142,306,168,206,93,19,29,0,14,1650,462,29,46,45,54,145,142,67,102,21,29,66,79,198,123,293,150,188,95,326,110,102,84,87,70,83,84
1400000US06037203200,4748,975,1289,950,609,502,112,118,45,63,44,64,0,14,13,20,26,43,204,258,14,22,115,107,16,26,0,14,14,22,6,11,680,468,56,73,0,14,159,150,84,116,0,14,0,14,94,84,9,14,160,134,44,46,47,47,27,32,0,14,3459,622,1518,307,118,86,46,36,78,59,76,53,14,21,24,28,73,57,312,150,260,100,151,98,201,86,126,94,39,40,1941,404,73,60,55,57,252,122,165,111,50,74,58,48,113,70,362,127,181,95,214,85,188,65,154,96,76,57
1400000US06037203300,1468,287,488,187,112,98,30,45,0,14,0,14,0,14,0,14,33,46,0,14,0,14,42,51,0,14,0,14,7,12,0,14,376,130,29,45,0,14,35,49,0,14,0,14,0,14,153,95,42,40,30,43,43,50,22,32,22,20,0,14,980,317,489,213,44,52,34,38,70,49,31,44,0,14,0,14,5,8,42,38,133,91,0,14,84,69,7,11,39,27,491,159,46,43,0,14,0,14,59,65,12,20,26,44,62,50,130,56,52,40,30,37,5,8,36,32,33,27
1400000US06037203500,2884,426,534,279,172,94,0,14,0,14,0,14,0,14,0,14,7,11,0,14,7,10,50,44,32,31,13,20,63,76,0,14,362,220,17,28,17,29,0,14,60,66,0,14,0,14,80,83,0,14,29,34,21,24,48,55,6,9,84,70,2350,408,1284,263,33,29,33,28,101,58,40,47,0,14,7,10,208,88,219,89,225,96,183,96,134,88,68,45,33,24,1066,179,38,34,0,14,106,75,37,36,5,9,0,14,49,32,138,64,188,78,161,66,196,62,87,66,61,46
1400000US06037203601,2649,458,590,251,299,127,0,14,0,14,10,14,29,39,10,21,0,14,11,20,74,64,39,41,77,58,30,39,10,15,9,14,291,151,75,66,0,14,30,40,0,14,0,14,10,21,0,14,50,52,63,46,0,14,0,14,31,33,32,34,2059,490,889,251,42,69,0,14,130,97,37,39,8,12,0,14,66,48,190,88,43,32,138,79,99,51,110,67,26,32,1170,340,82,75,17,27,82,61,19,23,19,29,21,24,123,60,190,154,86,52,149,82,241,111,47,35,94,78
1400000US06037203602,2065,315,471,282,175,142,83,98,0,14,0,14,0,14,0,14,32,31,42,38,0,14,0,14,0,14,0,14,6,11,12,17,296,186,31,48,0,14,20,32,28,44,0,14,19,32,35,41,75,62,14,23,32,35,0,14,31,27,11,19,1594,246,936,193,99,56,0,14,12,20,0,14,0,14,90,53,129,70,137,74,199,86,156,94,55,49,22,24,37,26,658,146,78,61,0,14,17,25,17,27,0,14,0,14,113,75,133,71,27,27,60,43,116,48,21,21,76,34
1400000US06037203710,3304,565,811,379,375,205,94,71,0,14,95,79,21,31,0,14,0,14,50,68,51,48,26,31,0,14,33,35,0,14,5,8,436,235,17,25,21,32,58,63,26,35,0,14,8,12,54,58,81,52,24,23,28,33,92,100,0,14,27,26,2493,549,1217,301,55,45,0,14,22,27,64,41,46,74,18,15,175,96,292,83,61,37,223,98,149,61,94,54,18,17,1276,278,69,59,0,14,35,26,28,28,22,26,32,28,171,93,296,74,88,42,195,77,137,47,96,53,107,97
1400000US06037203720,3363,488,820,315,307,145,22,28,0,14,13,22,48,39,11,21,12,21,25,43,19,25,39,40,72,69,33,34,0,14,13,25,513,208,55,46,0,14,122,111,8,15,0,14,35,34,18,20,51,58,82,46,59,52,12,21,30,35,41,37,2543,583,1413,348,84,74,11,17,140,91,81,61,9,16,8,12,210,96,182,95,199,85,170,82,130,56,158,88,31,28,1130,323,22,33,0,14,109,80,24,39,8,15,22,36,61,75,190,85,174,92,220,78,93,60,171,147,36,37
1400000US06037203800,4938,893,905,633,447,358,19,37,0,14,99,114,69,91,42,53,55,58,0,14,0,14,43,56,17,33,23,27,73,99,7,15,458,355,0,14,0,14,14,21,10,16,12,20,57,91,141,223,0,14,92,65,0,14,29,37,96,121,7,16,4033,697,2073,422,213,174,0,14,126,93,117,131,39,55,28,47,194,78,427,239,425,189,177,93,153,103,163,72,11,20,1960,349,68,48,0,14,134,90,61,66,0,14,51,59,322,176,365,195,208,84,195,87,331,102,123,69,102,80
1400000US06037203900,2447,389,567,283,350,172,21,33,0,14,0,14,0,14,5,8,33,38,5,7,51,57,57,66,58,55,34,27,77,50,9,15,217,126,14,15,0,14,24,24,13,15,0,14,5,8,10,16,31,48,40,44,27,24,0,14,32,22,21,21,1880,410,924,280,36,36,21,28,41,33,50,40,33,46,51,52,46,24,146,61,293,147,65,39,47,34,65,40,30,26,956,176,70,47,0,14,44,37,56,42,6,10,32,28,87,34,172,65,186,66,80,37,70,37,94,50,59,35
1400000US06037204110,2526,505,646,449,348,263,29,45,0,14,79,77,50,72,0,14,0,14,19,30,67,75,0,14,67,72,27,31,4,7,6,9,298,219,0,14,0,14,0,14,0,14,0,14,6,12,0,14,34,35,7,10,64,72,79,116,10,12,98,117,1880,345,927,213,34,28,0,14,46,46,56,43,9,13,30,29,91,50,117,77,79,43,214,106,136,61,43,25,72,48,953,197,9,14,8,13,79,46,10,13,80,63,22,27,117,80,129,61,121,56,101,58,131,68,41,31,105,52
1400000US06037204120,2475,576,271,132,111,68,0,14,0,14,16,18,19,29,3,5,0,14,6,9,6,12,11,16,9,11,19,29,22,20,0,14,160,85,11,16,0,14,0,14,3,5,8,13,0,14,4,6,13,15,52,43,7,10,46,42,16,19,0,14,2204,609,1276,384,27,26,0,14,112,97,14,16,32,34,111,82,94,49,277,130,115,68,319,88,109,49,0,14,66,40,928,254,109,82,44,29,43,39,17,21,25,31,7,13,103,76,78,47,99,96,175,61,100,44,48,54,80,37
1400000US06037204200,3349,535,1010,339,420,164,87,57,72,71,21,32,0,14,0,14,0,14,0,14,94,78,73,77,0,14,45,49,13,23,15,24,590,209,76,75,0,14,87,62,22,33,0,14,0,14,122,103,107,78,45,46,43,46,74,58,0,14,14,23,2339,574,1178,312,104,141,11,17,43,40,22,28,41,52,45,59,193,99,135,90,295,149,43,39,163,81,68,51,15,24,1161,313,45,58,11,20,59,48,47,53,11,18,55,51,194,114,227,99,129,83,95,62,144,89,113,65,31,39
1400000US06037204300,4192,929,1050,424,415,199,0,14,0,14,83,79,20,25,0,14,48,54,44,61,41,46,31,24,33,36,24,27,9,17,82,74,635,299,19,32,59,73,41,45,17,30,0,14,0,14,46,67,60,67,34,31,97,59,7,14,177,221,78,67,3142,796,1374,387,0,14,18,21,196,98,66,53,0,14,35,38,192,99,267,148,137,60,137,75,206,116,79,46,41,63,1768,500,61,58,14,25,90,115,62,69,0,14,46,41,225,114,371,237,148,70,159,71,242,111,228,113,122,88
1400000US06037204410,2309,456,490,204,289,125,21,33,0,14,39,41,25,29,0,14,18,28,13,20,52,53,27,30,31,31,58,41,5,8,0,14,201,98,22,32,0,14,19,31,0,14,0,14,6,10,44,36,25,28,41,34,6,11,27,32,11,15,0,14,1819,494,942,248,63,65,0,14,78,79,41,41,28,29,0,14,158,80,144,64,88,79,119,61,62,46,95,51,66,91,877,294,51,53,32,51,37,35,3,10,32,46,5,10,66,61,169,70,83,68,115,65,122,71,38,23,124,114
1400000US06037204420,2874,315,1002,222,509,143,59,52,0,14,58,33,42,35,15,21,80,56,27,31,42,50,53,40,52,46,60,63,0,14,21,32,493,141,16,26,0,14,13,21,23,33,0,14,8,13,82,47,44,50,160,56,47,35,63,81,32,29,5,7,1872,324,944,184,61,50,0,14,77,61,21,23,6,9,24,28,149,99,214,105,164,71,134,57,53,29,14,20,27,24,928,194,0,14,0,14,92,49,55,42,0,14,58,46,55,45,125,60,106,53,181,62,106,59,30,28,120,69
1400000US06037204600,3689,804,748,378,407,271,49,61,22,27,56,62,22,27,0,14,21,26,36,42,33,32,11,16,23,27,49,43,56,52,29,34,341,166,0,14,0,14,61,61,14,21,0,14,8,15,11,19,81,64,72,56,18,23,23,25,36,30,17,21,2941,829,1331,343,12,21,15,23,144,130,79,100,0,14,12,20,73,57,295,126,212,110,234,96,157,92,35,34,63,43,1610,560,262,191,13,22,78,64,117,107,55,55,13,25,114,84,229,92,205,137,96,74,186,126,131,92,111,79
1400000US06037204700,4725,688,868,538,359,260,40,52,0,14,54,68,47,54,0,14,22,33,1,2,2,5,39,47,66,66,16,25,72,68,0,14,509,344,0,14,0,14,156,124,40,63,23,35,37,59,0,14,60,57,63,61,59,70,28,46,36,43,7,13,3857,743,2055,367,57,64,18,20,74,53,30,39,80,59,66,60,355,168,462,174,209,94,358,123,185,109,123,74,38,42,1802,443,89,78,80,57,165,110,44,45,0,14,6,10,155,81,381,172,249,100,361,135,126,68,80,50,66,53
1400000US06037204810,5402,810,835,320,382,167,13,22,0,19,38,47,62,101,0,19,0,19,83,69,60,44,48,45,16,35,42,39,7,11,13,16,453,217,17,27,0,19,34,54,0,19,0,19,32,50,15,26,80,62,107,119,46,52,35,33,80,52,7,13,4567,794,2313,497,187,103,28,42,130,88,191,165,11,17,152,137,190,119,363,160,312,154,325,122,126,56,229,116,69,53,2254,394,140,87,0,19,158,116,143,73,42,51,136,88,290,191,287,120,424,173,193,99,131,64,252,117,58,47
1400000US06037204820,2037,345,280,172,137,91,0,14,0,14,0,14,0,14,17,26,0,14,35,33,14,21,18,27,4,6,2,6,38,40,9,13,143,97,15,23,0,14,3,4,17,28,0,14,0,14,17,26,13,19,23,26,17,27,10,14,14,20,14,22,1757,373,834,183,37,42,8,12,115,79,39,38,48,36,0,14,54,34,166,73,110,79,36,27,113,57,62,37,46,35,923,231,41,39,14,23,95,49,16,24,24,23,62,40,104,56,176,93,84,39,108,54,87,45,65,43,47,33
1400000US06037204910,3098,604,831,437,312,151,93,115,0,14,14,22,18,29,0,14,13,21,0,14,21,46,51,51,36,34,19,31,13,21,34,33,519,312,49,62,39,57,0,14,47,59,0,14,66,68,50,37,6,8,62,73,61,44,40,51,25,25,74,53,2267,445,1237,249,55,45,7,10,53,36,86,62,17,27,27,31,125,57,153,80,200,69,89,48,190,79,176,65,59,46,1030,282,45,37,0,14,44,36,57,42,77,119,17,25,86,77,88,65,119,57,82,41,172,107,127,57,116,55
1400000US06037204920,2272,359,329,168,143,67,0,14,18,28,12,18,0,14,0,14,0,14,0,14,0,14,0,14,35,32,57,46,11,28,10,12,186,111,0,14,0,14,19,29,8,11,18,27,28,30,0,14,0,14,32,34,7,10,17,22,28,26,29,29,1943,334,989,168,30,29,11,18,105,65,25,35,14,23,62,46,102,61,120,75,125,55,116,64,152,64,53,37,74,41,954,212,64,46,1,7,33,28,26,24,11,18,19,23,75,36,106,56,139,63,112,43,133,65,52,34,183,100
1400000US06037205110,3501,438,708,240,319,118,35,40,0,14,44,36,43,33,0,14,26,21,35,36,32,33,50,45,39,36,15,24,0,14,0,14,389,154,66,58,35,37,62,44,0,14,0,14,8,12,21,24,75,49,64,55,40,32,13,22,5,10,0,14,2793,467,1287,262,0,14,0,14,153,66,72,55,0,14,97,59,251,94,262,88,92,62,219,90,107,64,25,27,9,11,1506,276,45,46,29,41,118,57,146,116,51,51,44,37,217,105,218,84,207,92,195,64,130,74,88,46,18,21
1400000US06037205120,3252,673,972,555,324,168,0,14,0,14,0,14,0,14,0,14,0,14,50,46,40,43,71,89,35,35,102,79,26,30,0,14,648,422,78,116,0,14,66,76,47,62,0,14,46,69,55,51,0,14,47,70,66,51,92,70,57,56,94,59,2280,531,1055,271,79,76,24,36,52,40,32,32,8,13,40,46,127,73,200,104,151,84,141,90,106,61,67,62,28,34,1225,305,68,62,0,14,48,53,78,70,25,29,24,27,135,88,214,122,125,69,160,111,175,89,128,72,45,32
1400000US06037206010,3372,590,998,491,355,151,15,24,0,14,0,14,0,14,35,41,16,22,32,30,42,44,56,51,18,22,80,75,42,41,19,25,643,439,0,14,14,22,40,41,25,37,0,14,0,14,202,298,59,47,14,19,82,104,124,95,13,23,70,54,2374,439,1296,279,8,12,0,14,113,49,86,64,0,14,9,20,84,51,427,197,188,90,69,53,206,100,8,19,98,57,1078,275,67,69,0,14,0,14,20,43,23,37,0,14,51,48,259,139,201,115,171,163,149,73,16,26,121,82
1400000US06037206020,450,114,34,29,28,22,0,19,0,19,0,19,0,19,0,19,0,19,10,13,8,12,0,19,10,14,0,19,0,19,0,19,6,11,0,19,0,19,0,19,0,19,0,19,0,19,6,11,0,19,0,19,0,19,0,19,0,19,0,19,416,113,209,56,0,19,0,19,0,19,0,19,0,19,0,19,7,7,95,44,49,31,42,29,9,14,7,13,0,19,207,83,0,19,0,19,0,19,0,19,0,19,0,19,5,7,116,79,40,26,13,15,27,21,0,19,6,9
1400000US06037206050,2160,544,579,199,243,91,22,30,8,13,31,28,25,20,19,26,0,14,0,14,0,14,19,27,0,14,25,35,51,40,43,37,336,149,42,62,0,14,13,15,38,29,0,14,17,20,40,25,40,36,26,28,18,26,7,10,31,35,64,35,1581,527,737,280,67,64,0,14,5,9,90,73,0,14,0,14,94,103,184,80,33,40,102,78,77,44,47,38,38,38,844,273,64,83,5,9,97,116,0,14,17,19,42,51,90,73,103,85,95,79,115,63,54,34,104,43,58,38
1400000US06037206051,1751,401,109,76,72,65,0,14,0,14,0,14,0,14,0,14,0,14,0,14,0,14,25,39,0,14,0,14,47,52,0,14,37,41,0,14,0,14,0,14,0,14,0,14,0,14,0,14,17,25,20,32,0,14,0,14,0,14,0,14,1642,407,963,306,47,58,0,14,0,14,0,14,0,14,0,14,0,14,388,212,256,123,115,110,113,120,44,42,0,14,679,220,0,14,0,14,0,14,0,14,0,14,0,14,0,14,373,135,126,103,91,76,40,41,49,45,0,14
1400000US06037206052,3160,474,261,134,125,82,0,14,0,14,0,14,0,14,0,14,0,14,44,54,64,68,0,14,0,14,13,20,4,15,0,14,136,104,0,14,0,14,0,14,0,14,0,14,0,14,40,45,57,88,0,14,35,41,4,15,0,14,0,14,2899,498,1469,261,20,31,0,14,19,26,0,14,0,14,48,77,64,71,630,198,487,157,60,46,110,56,31,27,0,14,1430,314,60,42,0,14,2,35,0,14,18,30,0,14,85,70,748,245,308,123,178,112,13,23,18,22,0,14
1400000US06037206053,2787,443,644,311,199,108,29,43,0,14,58,56,0,14,7,12,0,14,0,14,16,17,10,11,22,32,35,32,10,12,12,13,445,242,28,45,0,14,27,39,54,58,0,14,25,37,5,8,71,55,50,55,7,11,4,7,20,18,154,151,2143,414,1209,257,115,106,0,14,61,47,40,39,12,17,30,32,122,101,228,127,108,87,192,105,144,71,64,37,93,67,934,242,39,48,20,33,45,40,108,43,12,17,6,10,66,39,251,124,104,61,67,44,114,107,36,23,66,45
1400000US06037206054,2172,412,526,204,196,81,0,14,0,14,6,9,14,16,12,20,22,34,14,22,27,40,0,14,27,26,24,22,50,52,0,14,330,147,0,14,0,14,27,41,23,36,0,14,13,15,78,52,18,24,30,36,51,39,23,24,24,27,43,43,1646,422,770,190,14,16,24,26,35,41,0,14,5,8,6,8,87,54,298,147,30,32,75,56,133,86,12,13,51,41,876,280,56,57,0,14,61,57,51,47,7,10,0,14,52,38,215,89,91,45,146,65,108,56,55,41,34,59
1400000US06037206201,2191,376,527,188,357,158,0,14,0,14,0,14,12,25,0,14,0,14,0,14,72,73,112,143,22,20,114,109,0,14,25,26,170,124,0,14,0,14,0,14,0,14,0,14,0,14,46,42,78,81,0,14,37,57,9,15,0,14,0,14,1664,423,1015,281,19,22,0,14,46,52,0,14,13,22,8,13,65,70,286,112,239,191,55,50,100,74,117,82,67,63,649,217,0,14,24,39,0,14,0,14,0,14,13,23,35,55,202,110,84,69,119,151,66,52,67,70,39,37
1400000US06037206202,1700,240,713,244,193,126,0,14,0,14,0,14,28,42,0,14,0,14,0,14,0,14,0,14,93,101,21,47,0,14,51,58,520,217,0,14,0,14,0,14,0,14,0,14,23,35,19,28,33,47,37,47,0,14,163,178,33,39,212,134,987,191,482,138,26,11,0,14,14,12,0,14,0,14,0,14,0,14,82,56,92,80,94,70,48,40,19,24,107,78,505,127,13,20,0,14,0,14,0,14,0,14,0,14,0,14,85,84,83,60,22,26,13,30,133,83,156,84
1400000US06037206301,1929,289,1330,219,943,294,0,14,0,14,0,14,0,14,0,14,0,14,13,32,0,14,52,64,310,168,263,157,245,155,60,72,387,241,0,14,0,14,0,14,21,39,0,14,0,14,73,91,0,14,10,17,65,78,196,206,22,39,0,14,599,253,363,175,0,14,0,14,0,14,0,14,0,14,0,14,11,27,4,10,72,81,120,136,93,61,63,61,0,14,236,198,0,14,0,14,0,14,0,14,0,14,0,14,22,38,19,32,0,14,21,34,9,15,76,84,89,145
1400000US06037206302,1289,250,919,200,636,181,0,14,0,14,0,14,0,14,0,14,0,14,20,32,35,49,114,47,146,95,247,147,74,53,0,14,283,104,0,14,0,14,0,14,0,14,0,14,0,14,41,34,100,81,69,58,57,53,8,12,8,11,0,14,370,182,194,102,0,14,0,14,0,14,0,14,0,14,0,14,0,14,39,66,28,36,20,45,25,41,82,66,0,14,176,154,0,14,0,14,0,14,0,14,0,14,0,14,46,69,11,26,30,56,47,71,0,14,42,40,0,14
1400000US06037206303,2116,192,1492,261,878,304,0,14,0,14,0,14,0,14,0,14,0,14,83,136,160,84,147,96,148,115,162,123,157,116,21,31,614,264,0,14,0,14,10,14,0,14,0,14,0,14,19,42,96,98,115,86,109,115,246,153,11,18,8,19,624,228,406,156,0,14,0,14,0,14,0,14,0,14,0,14,0,14,27,40,80,86,75,51,119,122,61,86,44,87,218,178,0,14,0,14,0,14,0,14,0,14,0,14,21,32,0,14,25,50,59,85,34,59,79,115,0,14
1400000US06037207101,4264,696,1168,397,542,246,63,69,0,14,122,112,0,14,0,14,38,63,26,23,99,74,25,41,42,54,52,35,34,42,41,51,626,202,69,80,0,14,0,14,0,14,9,15,0,14,22,36,146,99,64,72,19,20,64,58,68,59,165,105,3096,719,1618,353,59,49,30,48,134,116,0,14,0,14,29,26,101,97,505,225,282,146,63,56,226,147,102,110,87,66,1478,508,23,37,0,14,24,26,29,48,10,16,0,14,44,56,533,325,292,158,32,29,248,201,89,70,154,80
1400000US06037207102,3331,405,691,248,266,122,0,14,0,14,0,14,0,14,17,27,0,14,38,33,49,54,0,14,61,54,45,41,14,22,42,33,425,192,0,14,0,14,0,14,10,18,0,14,0,14,39,35,2,6,27,39,54,39,42,41,149,164,102,55,2640,409,1266,189,5,8,0,14,28,34,44,51,25,39,40,35,93,57,162,89,241,113,193,118,130,79,223,121,82,69,1374,317,0,14,15,26,145,85,28,35,0,14,10,16,29,29,266,154,306,120,248,144,169,89,128,76,30,34
1400000US06037207103,1993,237,482,150,145,68,0,14,0,14,7,10,0,14,7,11,7,11,22,25,10,15,24,36,5,8,23,21,15,15,25,21,337,113,0,14,0,14,0,14,6,9,0,14,0,14,18,25,26,40,50,66,54,37,45,41,81,41,57,41,1511,236,889,171,26,29,0,14,43,39,32,38,6,9,24,27,50,57,147,63,185,96,125,56,74,31,140,53,37,22,622,117,0,14,6,9,30,22,0,14,0,14,19,13,41,24,173,92,60,25,52,26,128,55,72,39,41,32
1400000US06037207303,2688,450,792,308,443,210,0,14,0,14,0,14,0,14,0,14,0,14,47,64,248,196,12,19,30,46,11,19,74,63,21,27,349,197,0,14,0,14,0,14,0,14,0,14,0,14,88,141,61,82,0,14,33,51,0,14,45,61,122,80,1896,453,1124,244,0,14,0,14,0,14,62,70,0,14,0,14,122,101,371,220,188,89,230,134,65,65,13,20,73,75,772,279,0,14,0,14,36,28,0,14,0,14,0,14,13,20,380,268,207,98,56,54,11,39,50,63,19,23
1400000US06037207304,2522,479,1229,371,814,323,55,49,0,14,16,37,0,14,0,14,0,14,0,14,171,138,63,100,245,236,185,205,52,46,27,31,415,178,18,40,0,14,0,14,0,14,0,14,0,14,0,14,191,119,15,33,26,42,50,72,115,87,0,14,1293,350,819,213,0,14,0,14,47,70,48,18,0,14,0,14,45,17,164,92,292,150,133,100,12,19,78,72,0,14,474,210,40,64,0,14,55,84,0,14,46,18,0,14,0,14,95,99,140,95,57,27,24,34,17,23,0,14
1400000US06037207305,1051,209,113,59,44,44,0,14,0,14,0,14,0,14,0,14,0,14,0,14,0,14,11,17,14,21,19,32,0,14,0,14,69,38,0,14,0,14,0,14,0,14,0,14,0,14,19,30,13,22,26,26,11,26,0,14,0,14,0,14,938,204,585,151,0,14,0,14,0,14,0,14,0,14,0,14,15,24,300,114,137,91,55,64,64,56,7,11,7,11,353,128,0,14,0,14,0,14,0,14,0,14,0,14,0,14,206,98,27,32,58,56,55,51,0,14,7,11
1400000US06037207306,2193,282,507,133,262,123,0,14,0,14,0,14,0,14,0,14,0,14,0,14,21,23,116,83,50,47,63,89,12,20,0,14,245,138,0,14,0,14,0,14,0,14,0,14,0,14,0,14,113,98,65,84,21,25,35,40,11,17,0,14,1686,299,842,184,0,14,0,14,0,14,0,14,0,14,0,14,31,51,111,60,366,140,106,60,96,73,114,100,18,20,844,266,0,14,0,14,15,23,0,14,0,14,62,6,15,23,363,205,158,89,62,20,91,139,51,62,27,41
1400000US06037207307,1389,293,604,232,386,229,0,14,0,14,0,14,0,14,0,14,0,14,6,10,142,173,48,42,77,123,84,97,14,15,15,18,218,102,0,14,0,14,0,14,0,14,0,14,0,14,0,14,11,43,37,39,58,63,77,70,35,55,0,14,785,176,449,157,0,14,0,14,0,14,0,14,0,14,0,14,49,61,73,68,108,61,110,102,48,47,61,55,0,14,336,90,0,14,0,14,0,14,0,14,0,14,0,14,33,44,196,73,95,66,12,19,0,14,0,14,0,14
1400000US06037207308,1074,243,139,82,46,28,0,14,0,14,0,14,0,14,0,14,0,14,7,10,18,20,8,12,13,19,0,14,0,14,0,14,93,78,0,14,0,14,0,14,0,14,0,14,0,14,0,14,56,73,21,31,0,14,8,12,8,12,0,14,935,220,468,127,0,14,0,14,0,14,0,14,0,14,0,14,0,14,156,99,179,84,111,78,22,20,0,14,0,14,467,173,0,14,0,14,0,14,0,14,0,14,0,14,15,18,224,149,128,88,79,71,6,10,7,12,8,14
1400000US06037207400,1958,504,576,223,187,141,10,14,0,14,0,14,13,19,0,14,26,41,30,37,76,124,31,38,0,14,0,14,1,3,0,14,389,155,0,14,0,14,0,14,0,14,0,14,13,19,186,114,64,45,58,78,0,14,26,40,35,47,7,9,1382,390,763,249,24,36,28,44,5,7,0,14,0,14,10,2,154,132,207,96,191,129,51,45,41,46,52,56,0,14,619,188,115,147,0,14,5,7,0,14,0,14,6,9,124,73,168,70,70,52,53,42,30,25,42,50,6,8
1400000US06037207501,2074,377,117,88,73,73,0,14,0,14,0,14,0,14,0,14,0,14,12,19,41,68,0,14,14,22,6,9,0,14,0,14,44,42,0,14,0,14,0,14,0,14,0,14,14,22,23,35,0,14,0,14,7,10,0,14,0,14,0,14,1957,361,1038,254,0,14,13,20,64,87,0,14,0,14,0,14,5,9,472,189,123,70,137,99,121,69,48,37,55,39,919,240,0,14,0,14,85,87,17,27,14,23,0,14,61,62,185,127,201,90,113,87,109,60,105,97,29,31
1400000US06037207502,4518,529,1661,380,542,189,0,14,0,14,0,14,0,14,0,14,0,14,32,73,134,131,70,22,32,73,109,115,61,99,104,74,1119,298,0,14,0,14,0,14,0,14,0,14,0,14,0,14,94,106,70,21,38,94,32,73,154,139,731,313,2857,536,1497,351,91,98,0,14,19,30,0,14,0,14,0,14,34,43,470,189,215,117,212,140,152,110,51,52,253,157,1360,305,0,14,0,14,124,111,0,14,0,14,0,14,57,90,432,198,148,146,184,112,120,91,88,86,207,124
1400000US06037207711,3495,518,546,429,77,63,0,14,0,14,0,14,0,14,0,14,0,14,21,35,0,14,0,14,34,35,22,50,0,14,0,14,469,448,222,342,0,14,0,14,0,14,0,14,0,14,94,107,112,115,16,25,10,22,0,14,15,24,0,14,2949,467,1835,354,124,168,0,14,94,147,0,14,1,14,0,14,0,14,554,243,673,216,240,135,65,64,71,57,13,20,1114,233,0,14,0,14,0,14,0,14,0,14,0,14,79,83,426,168,387,198,99,62,73,74,50,45,0,14
1400000US06037207712,4965,699,1325,451,540,279,0,14,0,14,0,14,0,14,0,14,0,14,164,111,59,97,12,29,14,51,44,73,167,197,80,99,785,317,0,14,0,14,0,14,0,14,0,14,0,14,200,113,11,28,66,76,0,14,124,145,37,63,347,251,3640,666,1925,332,90,92,51,79,0,14,0,14,0,14,36,58,155,117,989,293,254,180,170,127,69,89,64,71,47,54,1715,542,187,233,0,14,0,14,0,14,0,14,0,14,177,194,917,331,314,157,39,33,34,54,0,14,47,53
1400000US06037207901,4049,469,1333,452,692,351,0,14,0,14,0,14,0,14,0,14,0,14,172,148,391,326,110,138,0,14,19,49,0,14,0,14,641,360,0,14,0,14,35,52,0,14,0,14,0,14,336,305,22,36,28,42,0,14,106,167,0,14,114,105,2716,648,1816,549,0,14,0,14,0,14,0,14,0,14,0,14,172,236,486,257,825,405,212,246,29,49,65,83,27,44,900,307,39,66,0,14,35,57,0,14,0,14,0,14,0,14,518,240,217,138,0,14,0,14,91,88,0,14
1400000US06037207902,7052,978,1422,531,699,324,0,19,0,19,0,19,51,91,0,19,0,19,217,223,325,143,37,60,69,93,0,19,0,19,0,19,723,310,0,19,0,19,0,19,0,19,0,19,53,93,219,151,332,128,45,80,0,19,74,88,0,19,0,19,5630,898,3012,583,40,66,0,19,0,19,0,19,103,164,0,19,187,144,957,425,757,410,569,384,335,241,61,20,3,40,2618,719,89,133,0,19,0,19,0,19,0,19,0,19,503,342,1293,469,316,290,172,176,67,93,178,128,0,19
1400000US06037208001,3070,552,566,310,322,205,0,14,31,49,0,14,0,14,0,14,0,14,112,99,83,91,38,46,37,44,21,34,0,14,0,14,244,148,16,26,0,14,38,58,0,14,0,14,0,14,0,14,42,39,148,121,0,14,0,14,0,14,0,14,2504,590,1198,428,17,27,0,14,27,31,53,67,16,27,0,14,125,152,421,175,245,151,43,52,206,152,14,22,31,36,1306,317,70,105,0,14,0,14,14,23,0,14,0,14,90,86,629,213,304,178,108,88,61,76,14,22,16,27
1400000US06037208002,3983,833,1035,553,379,213,109,101,30,48,8,15,0,14,51,51,0,14,11,18,63,69,74,75,0,14,22,34,11,17,0,14,656,396,58,67,0,14,260,248,12,20,0,14,52,52,27,43,54,53,120,85,17,22,19,29,18,30,19,29,2948,769,1438,608,118,131,0,14,14,24,20,38,40,51,0,14,99,94,333,139,225,138,351,351,111,66,81,81,46,75,1510,356,86,94,57,79,113,123,0,14,20,34,0,14,112,74,409,162,132,101,160,50,82,69,161,90,178,97
1400000US06037208301,1653,324,560,178,285,103,21,30,0,14,0,14,21,27,19,26,19,26,35,30,53,48,48,38,14,21,55,35,0,14,0,14,275,109,0,14,0,14,13,19,45,32,14,21,35,39,10,13,22,31,38,33,44,35,10,16,35,36,9,13,1093,421,569,243,25,36,40,43,16,17,37,33,0,14,16,16,71,64,77,48,176,121,68,50,27,28,16,17,0,14,524,225,48,53,0,14,31,35,11,20,19,25,0,14,120,131,120,57,77,47,30,32,8,12,27,25,33,36
1400000US06037208302,4577,656,1164,420,519,259,114,86,0,14,105,105,25,40,0,14,0,14,53,53,59,99,33,43,40,47,10,22,31,36,49,61,645,237,0,14,0,14,68,63,0,14,22,35,0,14,0,14,37,43,231,177,140,87,0,14,76,57,71,74,3413,651,1796,419,58,66,0,14,142,127,49,55,59,63,34,55,217,121,343,151,334,179,304,142,77,69,128,87,51,47,1617,377,106,78,31,37,84,72,80,72,0,14,20,30,102,80,324,142,231,103,201,118,70,48,216,134,152,93
1400000US06037208401,3759,577,957,272,434,179,32,49,0,14,59,52,45,51,5,9,6,10,0,14,0,14,31,37,55,58,39,43,59,68,103,69,523,155,34,43,0,14,32,38,0,14,6,10,0,14,18,22,93,66,50,40,40,44,4,7,59,49,187,101,2802,621,1542,433,77,73,0,14,75,64,37,57,12,17,5,11,245,134,246,133,251,118,142,86,310,310,44,46,98,75,1260,308,91,81,63,48,96,69,48,50,9,19,0,14,42,45,363,178,139,79,67,58,120,105,103,76,119,77
1400000US06037208402,2589,439,467,299,251,234,40,60,36,53,0,14,0,14,15,22,35,51,0,14,29,45,42,54,0,14,16,23,28,29,10,15,216,95,0,14,0,14,0,14,0,14,0,14,6,12,16,22,44,48,55,53,38,39,8,12,24,25,25,30,2122,552,1116,401,114,143,0,14,105,74,43,41,57,41,0,14,59,51,276,147,166,68,122,74,68,52,47,38,59,45,1006,197,38,38,0,14,41,39,18,19,0,14,9,14,131,77,288,127,105,66,119,60,131,47,64,36,62,48
1400000US06037208501,2603,440,285,107,145,66,0,14,0,14,0,14,0,14,0,14,5,9,26,17,21,28,0,14,36,30,15,25,30,23,12,16,140,58,8,13,0,14,6,10,0,14,0,14,0,14,13,14,40,26,0,14,19,24,22,20,11,15,21,21,2318,424,1225,287,52,38,27,29,54,45,10,16,0,14,23,37,94,45,319,128,125,47,168,102,206,79,85,66,62,40,1093,216,21,24,28,32,38,39,0,14,44,55,0,14,130,96,201,82,132,59,158,96,132,64,127,39,82,74
1400000US06037208502,3226,376,847,293,425,195,0,14,0,14,57,63,0,14,0,14,0,14,54,75,184,145,19,30,43,68,31,34,0,14,37,43,422,215,0,14,0,14,0,14,19,31,0,14,3,9,12,20,0,14,84,77,52,64,108,73,126,161,18,28,2379,393,1108,203,25,48,14,24,91,53,52,46,0,14,11,16,121,72,164,81,177,84,100,54,178,96,123,60,52,53,1271,303,31,39,49,50,31,25,54,44,27,43,39,37,124,61,235,130,169,95,127,52,217,80,97,55,71,74
1400000US06037208610,4020,588,791,393,205,165,0,14,40,66,43,70,0,14,0,14,26,42,0,14,51,55,10,16,0,14,20,32,0,14,15,25,586,272,144,119,0,14,0,14,25,39,0,14,0,14,133,105,144,118,64,96,8,13,8,13,22,34,38,43,3229,490,1644,350,78,100,16,24,51,43,88,55,0,14,9,19,39,36,408,197,344,172,238,111,160,71,103,72,110,70,1585,251,25,32,9,14,116,91,73,41,0,14,31,35,160,122,290,101,189,97,218,92,266,71,127,87,81,54
1400000US06037208620,4204,590,692,343,238,133,52,83,0,14,38,43,0,14,0,14,11,17,15,25,10,17,11,18,70,66,17,25,0,14,14,21,454,236,0,14,0,14,76,82,0,14,0,14,16,26,22,28,176,110,74,51,54,54,0,14,14,20,22,23,3512,500,1726,300,12,18,0,14,149,96,32,41,22,24,69,82,115,57,473,194,391,127,160,82,145,73,113,58,45,40,1786,299,85,79,8,12,142,74,45,47,0,14,3,9,184,88,343,110,317,161,263,94,191,85,142,85,63,59
1400000US06037208710,4519,775,711,321,442,249,0,14,0,14,38,63,53,76,0,14,0,14,65,68,58,85,29,45,65,69,60,47,74,91,0,14,269,132,0,14,0,14,0,14,0,14,11,18,0,14,56,65,27,30,44,63,64,74,13,21,30,35,24,39,3808,753,1857,506,14,23,0,14,0,14,0,14,13,29,10,17,231,108,586,303,126,85,336,209,251,114,178,201,112,75,1951,456,144,191,0,14,22,25,34,33,11,17,13,29,91,69,495,181,204,105,250,95,337,157,226,137,124,87
1400000US06037208720,3267,530,953,415,523,231,23,39,0,14,12,23,43,48,0,14,4,15,108,89,63,69,75,86,109,81,34,46,36,48,16,25,430,225,0,14,0,14,31,56,31,49,0,14,8,13,75,71,20,34,110,93,85,79,25,21,0,14,45,45,2314,500,1172,302,15,34,0,14,115,88,121,98,0,14,0,14,306,158,121,107,88,75,199,121,67,50,65,41,75,48,1142,269,0,14,0,14,129,119,37,58,135,106,16,27,129,88,83,75,294,121,48,44,121,70,118,87,32,35
1400000US06037208801,3181,502,969,258,512,201,44,65,0,14,7,16,15,23,0,14,6,15,52,83,70,78,38,56,121,120,83,82,52,106,24,27,457,154,45,67,0,14,0,14,0,14,0,14,0,14,0,14,108,110,61,64,13,21,46,44,88,77,96,78,2212,500,1045,301,84,71,0,14,19,31,58,46,0,14,0,14,198,109,249,136,141,101,125,67,91,81,23,35,57,80,1167,456,0,14,0,14,72,111,0,14,0,14,61,63,231,173,246,141,43,30,96,108,183,104,135,134,100,72
1400000US06037208802,3519,686,924,307,339,198,0,14,22,37,22,37,22,37,0,14,0,14,15,43,40,55,22,38,86,86,45,63,14,50,51,51,585,205,0,14,0,14,23,38,0,14,0,14,0,14,80,98,134,109,50,58,64,63,78,92,125,104,31,41,2595,763,1570,567,86,74,21,35,219,295,34,40,51,65,51,65,87,59,237,139,438,246,189,115,32,51,24,32,101,111,1025,299,84,88,0,14,90,77,0,14,0,14,0,14,50,85,127,89,440,190,58,76,12,19,60,35,104,109
1400000US06037208902,2299,348,962,359,531,223,70,86,0,14,38,49,44,55,23,25,36,33,26,25,91,63,57,50,45,45,70,75,23,35,8,12,431,177,74,65,9,14,65,72,7,11,0,14,13,20,25,30,93,67,102,54,6,10,15,20,22,33,0,14,1337,349,840,258,56,45,13,22,53,46,88,53,16,23,6,10,181,103,181,78,132,84,82,55,18,21,0,14,14,20,497,152,42,52,0,14,24,37,69,50,10,15,10,15,30,25,132,69,79,47,64,44,19,21,13,19,5,9
1400000US06037208903,4114,844,1762,936,904,422,10,20,33,35,100,71,38,46,0,14,75,85,87,80,141,119,209,200,45,58,99,67,51,45,16,25,858,551,120,146,0,14,114,108,51,77,0,14,66,86,68,80,94,98,174,179,127,73,0,14,14,24,30,33,2352,552,1835,482,32,51,0,14,73,83,72,82,58,67,22,25,295,186,608,408,210,120,244,143,70,50,101,58,50,59,517,228,54,48,40,43,11,18,11,18,0,14,30,49,35,39,44,50,94,75,124,83,43,49,16,24,15,25
1400000US06037208904,3761,719,1592,461,588,254,150,123,16,25,16,25,29,48,0,14,6,9,33,46,40,61,138,99,3,6,80,62,38,42,39,34,1004,295,0,14,89,85,155,104,64,72,0,14,0,14,21,25,132,67,68,77,126,85,136,160,78,61,135,88,2169,602,1176,353,74,49,0,14,142,75,27,41,0,14,41,55,57,54,293,140,361,218,72,77,76,58,0,14,33,29,993,322,102,95,11,22,154,94,16,27,0,14,0,14,120,78,118,75,199,138,123,70,43,42,47,52,60,47
1400000US06037209103,3004,511,1132,464,435,192,35,48,48,65,54,46,28,33,0,14,6,18,29,39,23,27,85,73,47,52,80,56,0,14,0,14,697,339,53,55,0,14,107,89,68,79,67,69,18,27,27,21,109,73,97,79,45,37,53,48,18,28,35,39,1872,324,1013,233,81,57,22,25,46,41,37,42,0,14,6,10,145,72,337,116,93,64,107,49,91,54,41,37,7,11,859,185,25,29,0,14,60,41,29,32,45,52,65,61,42,50,151,60,81,58,195,85,83,45,42,29,41,61
1400000US06037209104,2566,261,858,234,363,125,22,34,0,14,36,32,24,23,0,14,27,28,18,29,62,62,22,24,83,54,44,40,25,27,0,14,495,154,22,27,0,14,23,25,29,29,44,37,0,14,16,25,55,41,38,53,79,50,63,72,82,64,44,50,1708,317,952,240,11,13,14,17,15,16,54,48,6,10,39,44,101,57,200,91,121,80,161,78,74,31,115,84,41,29,756,138,30,25,6,11,70,64,68,56,20,30,29,27,67,36,140,43,140,75,93,35,53,42,16,16,24,23
1400000US06037209105,2995,697,1404,707,674,377,56,54,0,14,230,283,31,38,0,14,54,62,8,14,46,77,92,60,9,15,72,65,76,96,0,14,730,375,149,175,57,57,63,49,0,14,0,14,8,14,63,62,75,47,89,107,33,44,34,51,134,174,25,40,1591,517,866,333,52,85,38,58,75,77,66,72,0,14,62,73,166,108,111,84,112,75,87,66,79,70,18,31,0,14,725,244,45,71,0,14,72,66,0,14,20,33,73,82,97,81,69,56,133,89,82,52,36,59,17,29,81,56
1400000US06037209106,2879,462,642,289,266,164,37,58,0,14,0,14,33,52,0,14,0,14,92,76,28,50,14,27,0,14,8,13,37,50,17,27,376,179,0,14,0,14,34,52,0,14,0,14,0,14,86,67,54,53,20,40,61,90,2,5,54,46,65,60,2237,509,1166,393,9,13,0,14,0,14,34,51,0,14,126,118,13,20,282,198,247,148,366,106,15,23,44,48,30,27,1071,214,48,44,0,14,97,120,0,14,0,14,0,14,278,259,154,121,199,132,153,118,23,37,73,78,46,55
1400000US06037209201,3494,407,998,333,524,258,0,14,0,14,0,14,75,110,0,14,0,14,83,86,114,106,103,111,34,75,4,11,111,106,0,14,474,181,0,14,0,14,37,58,29,46,0,14,0,14,84,66,228,124,80,80,8,18,8,18,0,14,0,14,2496,373,1305,324,18,28,0,14,0,14,0,14,0,14,47,72,69,70,503,197,303,160,281,255,61,55,23,25,0,14,1191,269,0,14,0,14,0,14,0,14,0,14,0,14,247,174,589,238,236,156,86,66,13,20,20,30,0,14
1400000US06037209202,1312,282,371,256,166,72,0,14,0,14,0,14,0,14,0,14,0,14,91,82,23,25,10,17,8,14,34,34,0,14,0,14,205,204,0,14,0,14,0,14,0,14,0,14,74,86,6,10,2,8,0,14,23,40,41,62,11,14,48,57,941,298,464,160,59,40,17,27,0,14,17,28,13,26,60,41,69,64,85,49,25,21,88,63,14,27,17,19,0,14,477,162,54,40,0,14,63,58,0,14,0,14,21,32,47,35,85,51,54,44,106,56,43,37,4,8,0,14
1400000US06037209300,4917,728,2441,571,1290,420,41,65,0,14,185,160,91,110,78,77,78,77,97,100,250,217,133,113,105,97,160,192,52,62,20,30,1151,313,160,138,0,14,26,43,50,56,0,14,0,14,168,118,233,160,258,129,96,85,141,116,19,29,0,14,2476,651,1266,458,110,158,0,14,0,14,26,43,0,14,34,57,156,146,268,131,214,139,198,133,188,171,72,57,0,14,1210,313,41,65,0,14,21,44,0,14,0,14,29,37,29,37,449,172,150,95,290,175,120,96,53,69,28,44
1400000US06037209401,4102,524,906,429,417,171,0,14,0,14,0,14,0,14,0,14,32,50,39,49,55,102,130,85,68,111,76,73,11,23,6,15,489,324,0,14,0,14,0,14,71,116,0,14,0,14,71,106,16,26,102,106,66,101,61,61,37,55,65,56,3196,647,1935,495,167,131,0,14,123,136,0,14,0,14,20,33,138,91,224,179,582,381,279,141,58,64,344,260,0,14,1261,396,84,117,0,14,201,88,67,84,14,23,119,129,85,78,154,139,185,149,55,53,71,80,165,143,61,89
1400000US06037209402,4012,769,1330,414,596,252,92,69,16,24,0,14,37,60,36,57,45,52,79,72,75,63,83,82,49,57,84,80,0,14,0,14,734,235,32,54,0,14,80,77,22,34,0,14,0,14,65,68,140,107,209,150,132,92,21,25,33,54,0,14,2682,824,1755,656,0,14,0,14,173,206,81,102,0,14,0,14,204,152,680,324,294,181,202,133,9,15,70,94,42,66,927,335,87,84,0,14,208,166,40,61,14,23,37,57,13,20,77,64,156,97,134,116,137,164,0,14,24,40
1400000US06037209403,4020,900,1509,640,854,450,37,59,20,32,142,134,81,56,0,14,33,33,43,37,57,71,70,42,47,44,27,27,285,289,12,19,655,283,0,14,33,54,34,34,44,48,0,14,33,32,62,65,69,94,58,42,107,132,16,49,25,28,174,99,2511,667,1356,390,47,47,34,56,110,89,13,21,31,50,22,30,215,132,182,90,218,109,128,96,132,53,98,91,126,97,1155,341,13,22,0,14,134,107,190,141,18,5,42,40,40,36,198,112,152,90,137,86,65,67,145,87,21,24
1400000US06037209510,2825,522,928,416,461,257,34,54,23,37,80,82,29,46,33,46,0,14,13,28,30,48,48,41,43,41,96,63,32,29,0,14,467,210,33,52,0,14,36,47,0,14,29,30,0,14,55,56,18,26,167,103,32,27,27,39,21,31,49,49,1897,534,1079,317,11,13,0,14,22,35,69,60,17,15,9,14,127,110,251,148,194,135,198,106,84,67,73,67,24,25,818,280,88,116,0,14,40,43,0,14,0,14,7,10,110,86,132,83,119,87,84,64,92,54,120,81,26,28
1400000US06037209520,2228,376,610,266,341,182,0,14,0,14,93,136,0,14,0,14,10,15,110,67,0,14,10,15,19,27,58,50,27,43,14,22,269,125,0,14,23,32,10,16,0,14,0,14,23,33,11,15,9,14,93,64,76,59,1,2,22,28,1,2,1618,391,918,267,54,61,11,16,48,51,62,63,0,14,0,14,125,66,241,119,109,80,94,60,116,72,58,47,0,14,700,180,37,41,0,14,47,56,47,65,0,14,14,24,48,51,153,76,113,67,106,73,54,37,55,73,26,37
1400000US06037209810,2295,343,846,288,481,191,57,54,16,25,12,22,53,40,13,21,15,26,21,25,24,29,169,201,31,27,24,70,17,69,29,35,365,156,20,30,0,14,42,49,10,15,5,9,0,14,82,74,26,27,26,20,38,35,29,31,87,58,0,14,1449,397,748,177,12,22,0,14,32,40,0,14,17,20,14,22,124,89,89,41,162,103,176,71,92,56,30,68,0,14,701,271,20,23,29,27,26,41,0,14,14,22,24,28,126,92,38,29,126,37,104,70,109,106,37,39,48,85
1400000US06037209820,2547,433,543,230,208,99,0,14,0,14,9,13,9,14,0,14,0,14,57,50,68,59,37,35,18,29,2,8,8,13,0,14,335,169,11,17,34,49,51,46,53,58,0,14,0,14,7,10,37,43,8,12,67,51,10,15,30,25,27,32,2004,391,1144,281,54,52,0,14,10,14,37,38,10,14,21,20,235,108,190,87,193,111,181,71,110,72,86,71,17,25,860,188,13,13,0,14,48,49,30,35,0,14,23,27,118,62,94,49,129,58,157,64,89,42,115,78,44,41
1400000US06037210010,2931,799,791,339,449,222,0,14,0,14,49,51,34,52,0,14,17,27,38,42,40,36,77,137,72,87,52,87,56,49,14,25,342,162,0,14,0,14,27,43,0,14,0,14,40,48,7,36,29,35,67,71,16,25,0,14,9,14,147,67,2140,803,1265,526,0,14,28,45,60,46,234,329,36,32,30,26,38,44,226,136,110,78,210,135,128,94,117,68,48,41,875,295,12,16,20,27,53,47,28,30,0,14,26,40,129,115,147,89,55,59,168,107,129,89,55,35,53,53
1400000US06037211000,5053,592,404,183,130,84,0,19,0,19,0,19,0,19,0,19,0,19,9,15,26,36,55,78,10,17,30,35,0,19,0,19,274,159,0,19,0,19,0,19,18,30,0,19,10,17,0,19,137,133,16,25,30,37,42,40,21,34,0,19,4649,617,2358,425,35,31,0,19,57,55,16,27,14,22,100,101,261,255,331,155,441,204,197,101,448,188,379,159,79,54,2291,316,57,57,0,19,76,62,14,22,0,19,112,106,67,61,464,212,230,131,276,206,448,151,368,160,179,82
1400000US06037211121,2482,517,629,265,395,182,0,14,0,14,61,45,47,34,0,14,0,14,0,14,71,85,84,60,64,70,10,17,5,19,53,62,234,116,0,14,0,14,0,14,0,14,0,14,0,14,0,14,95,83,25,33,10,15,67,55,0,14,37,45,1853,578,719,262,44,77,0,14,79,87,121,94,0,14,0,14,0,14,128,80,106,65,107,112,69,55,51,45,14,26,1134,407,65,49,0,14,19,34,0,14,0,14,30,48,102,137,402,207,232,116,55,34,109,71,62,40,58,56
1400000US06037211122,2228,372,741,301,313,179,24,34,11,18,62,77,32,54,0,14,0,14,82,98,82,81,0,14,0,14,13,22,0,14,7,13,428,181,10,24,0,14,9,22,36,59,0,14,0,14,143,123,113,89,7,13,26,44,15,22,0,14,69,115,1487,280,813,183,9,15,0,14,0,14,27,33,0,14,16,26,61,57,286,114,134,85,84,69,125,61,31,39,40,48,674,196,0,14,0,14,51,50,34,41,0,14,0,14,82,53,249,113,119,80,41,37,91,53,7,22,0,14
1400000US06037211123,1964,312,375,156,80,56,0,14,0,14,0,14,0,14,0,14,0,14,31,36,11,17,14,25,13,20,11,24,0,14,0,14,295,145,0,14,0,14,0,14,0,14,0,14,0,14,93,76,38,50,59,90,22,25,20,31,21,32,42,57,1589,334,810,172,0,14,0,14,0,14,0,14,0,14,0,14,182,106,275,108,167,114,0,14,123,87,25,37,38,33,779,237,51,22,0,14,7,24,0,14,0,14,0,14,162,155,252,127,68,55,55,36,116,79,0,14,68,38
1400000US06037211124,4108,927,554,251,180,104,0,14,0,14,0,14,0,14,0,14,0,14,10,17,77,61,32,50,33,51,0,14,19,29,9,16,374,189,0,14,0,14,37,56,0,14,19,29,0,14,2,12,78,69,28,45,127,86,31,48,43,51,9,16,3554,921,1849,524,73,94,0,14,41,48,91,73,0,14,27,33,139,100,334,123,240,137,217,119,361,278,271,300,55,74,1705,446,134,96,0,14,60,70,49,76,0,14,0,14,50,49,307,106,230,76,351,265,347,280,110,83,67,61
1400000US06037211201,2549,314,688,256,345,151,0,14,0,14,57,51,7,10,19,23,21,33,45,65,98,86,44,39,19,17,18,21,10,42,7,10,343,162,22,26,0,14,29,46,61,57,0,14,0,14,29,33,13,21,63,47,32,25,68,63,0,14,26,19,1861,333,1043,228,8,11,0,14,66,54,25,30,8,11,21,34,71,60,194,72,187,106,185,105,161,78,73,79,44,35,818,213,22,24,0,14,41,48,7,13,29,32,0,14,53,44,166,58,93,60,185,118,100,55,68,45,54,36
1400000US06037211202,2366,355,386,227,155,162,13,27,14,29,27,58,0,14,0,14,0,14,0,14,42,44,18,25,29,44,12,23,0,14,0,14,231,140,34,55,0,14,0,14,9,14,0,14,16,26,46,52,8,18,41,41,34,45,18,24,8,13,17,27,1980,345,1033,224,148,77,0,14,0,14,0,14,0,14,12,21,93,69,178,97,320,135,199,99,12,20,36,33,35,28,947,195,0,14,0,14,0,14,24,24,0,14,0,14,116,75,241,102,158,76,156,99,111,72,108,37,33,34
1400000US06037211310,3664,619,980,386,456,207,66,89,0,14,103,91,0,14,0,14,22,35,56,44,31,34,98,74,8,13,72,91,0,14,0,14,524,235,0,14,0,14,24,38,69,77,0,14,18,28,50,52,43,41,198,117,19,30,53,62,10,13,40,60,2684,578,1513,447,36,39,22,33,114,76,27,42,23,25,31,37,306,346,361,154,208,108,138,85,132,85,79,71,36,40,1171,243,25,40,0,14,74,69,22,35,0,14,17,27,93,74,343,124,121,76,219,124,128,73,99,57,30,26
1400000US06037211320,3058,521,762,310,305,155,0,14,0,14,0,14,36,51,45,54,0,14,0,14,59,63,5,11,57,57,78,108,25,39,0,14,457,202,52,62,0,14,0,14,0,14,0,14,64,58,60,56,0,14,80,69,49,44,75,74,8,15,69,47,2296,460,1321,298,155,197,0,14,76,63,22,36,0,14,0,14,144,84,306,113,142,65,168,91,199,154,91,60,18,24,975,223,13,24,0,14,41,38,24,30,0,14,70,70,117,66,163,82,121,71,149,79,148,91,83,81,46,39
1400000US06037211410,2711,484,333,130,109,72,20,30,0,14,0,14,0,14,0,14,0,14,0,14,16,18,8,12,5,10,14,21,46,50,0,14,224,103,0,14,0,14,7,11,0,14,0,14,13,25,82,75,45,52,19,27,0,14,22,28,36,33,0,14,2378,504,1380,311,67,48,30,43,117,92,87,95,0,14,32,35,101,77,180,74,129,67,132,103,325,116,121,67,59,61,998,249,12,20,0,14,30,28,14,23,0,14,0,14,61,48,126,59,196,93,181,109,170,78,131,63,77,66
1400000US06037211420,3400,388,727,318,383,196,0,14,34,29,58,52,34,28,0,14,0,14,18,26,51,38,86,70,24,38,43,39,7,11,28,45,344,174,52,60,0,14,25,39,0,14,0,14,0,14,61,63,21,36,53,48,22,29,8,12,39,34,63,48,2673,397,1455,266,9,20,43,49,22,30,14,18,7,17,20,32,97,71,537,213,237,100,105,55,171,64,112,78,81,43,1218,289,107,64,0,14,62,70,48,50,26,30,33,42,81,69,245,103,81,50,141,74,199,79,106,60,89,48
1400000US06037211500,3825,517,226,187,100,97,0,14,0,14,0,14,0,14,28,44,0,14,14,16,5,8,17,21,7,13,29,45,0,14,0,14,126,103,13,23,0,14,0,14,0,14,0,14,0,14,44,51,0,14,11,19,42,50,0,14,0,14,16,19,3599,518,1724,300,132,147,32,36,64,57,54,51,7,13,5,8,241,192,274,111,106,67,248,120,333,135,137,65,91,50,1875,336,34,48,21,25,91,101,21,22,13,23,48,45,92,62,262,102,291,133,235,98,461,232,153,80,153,70
1400000US06037211701,2895,450,270,127,81,54,0,14,0,14,0,14,0,14,0,14,0,14,0,14,17,19,10,17,32,38,22,22,0,14,0,14,189,93,0,14,0,14,0,14,0,14,0,14,0,14,0,14,33,25,12,20,29,37,18,21,9,14,88,72,2625,484,1285,233,85,41,25,37,130,95,23,28,9,14,41,59,53,48,266,107,193,79,231,84,83,46,71,37,75,54,1340,343,28,34,32,41,94,55,59,72,0,14,0,14,69,47,206,115,170,54,201,90,128,55,110,70,243,252
1400000US06037211703,4330,580,576,352,321,183,0,14,0,14,0,14,36,60,0,14,0,14,33,61,44,53,0,14,0,14,48,72,94,152,66,78,255,190,0,14,0,14,0,14,39,72,0,14,0,14,25,38,12,19,28,43,26,32,123,144,2,2,0,14,3754,519,1897,400,109,90,0,14,181,112,74,71,0,14,0,14,131,117,529,230,429,151,315,164,46,44,83,100,0,14,1857,317,70,64,27,47,86,92,28,47,32,52,31,40,67,106,630,238,236,103,341,90,53,61,162,127,94,83
1400000US06037211704,2878,432,532,208,243,140,0,14,22,36,22,36,22,32,0,14,0,14,0,14,56,60,40,45,0,14,23,29,45,43,13,22,289,128,0,14,0,14,21,28,0,14,0,14,0,14,15,24,0,14,27,29,21,30,10,15,74,61,121,102,2346,410,1133,248,20,33,25,40,0,14,15,23,0,14,18,29,29,33,345,199,134,61,265,107,183,113,28,28,71,59,1213,246,26,28,0,14,109,72,0,14,0,14,0,14,28,30,373,117,154,58,143,69,153,74,40,36,187,100
1400000US06037211802,4902,694,1143,532,551,273,33,52,0,14,32,49,6,13,41,53,42,53,77,76,129,131,76,71,48,71,3,6,45,42,19,24,592,304,0,14,35,55,7,13,12,23,0,14,17,27,77,72,191,131,67,57,62,57,93,98,0,14,31,36,3759,688,1732,376,74,102,0,14,11,19,76,61,26,39,0,14,121,130,684,261,260,166,161,132,148,97,155,87,16,27,2027,533,35,55,0,14,138,161,61,52,21,32,77,106,239,183,460,176,413,186,304,203,73,51,147,110,59,67
1400000US06037211803,3806,475,497,220,247,157,0,14,0,14,12,19,0,14,12,19,0,14,0,14,0,14,57,51,46,55,31,33,89,125,0,14,250,124,14,21,0,14,12,19,0,14,19,30,19,30,12,19,17,21,21,23,46,33,56,52,0,14,34,37,3309,491,1720,369,29,51,0,14,165,167,0,14,17,28,29,47,143,104,559,171,477,190,53,40,195,88,41,35,12,15,1589,285,82,76,47,59,81,75,7,23,0,14,50,48,47,40,456,159,295,115,274,147,152,72,53,40,45,68
1400000US06037211804,3131,469,1131,611,588,397,98,122,0,14,105,131,27,42,0,14,60,84,17,25,90,112,78,79,28,33,55,52,0,14,30,39,543,274,0,14,0,14,54,86,47,75,0,14,0,14,16,24,140,118,38,44,19,30,71,73,37,44,121,81,2000,445,956,262,31,52,71,84,56,55,74,77,0,14,17,23,32,39,137,99,198,101,109,84,169,62,17,18,45,38,1044,234,0,14,0,14,17,34,36,42,0,14,19,32,31,37,285,131,220,99,123,56,152,85,98,79,63,76
1400000US06037211910,4039,485,489,194,282,123,0,14,0,14,46,59,0,14,25,40,0,14,0,14,86,72,33,40,17,25,49,43,15,26,11,17,207,104,0,14,0,14,0,14,0,14,10,16,0,14,46,53,10,16,68,68,7,12,57,53,9,15,0,14,3550,492,1978,337,57,52,0,14,87,71,18,29,6,14,12,18,184,107,481,140,599,233,252,140,126,78,114,85,42,54,1572,284,94,99,0,14,91,78,82,69,0,14,0,14,135,75,407,185,377,158,146,79,130,68,50,35,60,62
1400000US06037211921,1988,281,617,329,266,162,0,14,6,9,75,66,0,14,0,14,8,12,0,14,15,20,6,10,73,66,44,44,17,26,22,36,351,181,5,9,0,14,0,14,8,15,0,14,65,63,20,37,34,28,61,59,6,10,83,66,54,54,15,25,1371,379,690,282,0,14,0,14,90,108,19,30,0,14,0,14,25,35,233,91,157,110,104,57,44,45,0,14,18,26,681,157,26,40,0,14,0,14,25,33,0,14,0,14,18,28,208,123,154,102,105,59,83,54,53,46,9,17
1400000US06037211922,3614,874,441,212,195,105,0,14,13,25,11,18,20,26,0,14,13,24,36,35,14,23,10,18,39,39,25,29,14,20,0,14,246,140,0,14,0,14,13,26,0,14,0,14,0,14,57,53,78,56,31,33,25,31,0,14,32,29,10,20,3173,876,1502,557,53,45,41,61,23,35,21,31,0,14,40,43,190,208,432,331,359,207,204,81,81,130,46,37,12,19,1671,390,35,48,0,14,94,56,41,48,69,111,30,40,283,227,470,138,170,89,253,136,138,75,76,64,12,18
1400000US06037212101,2979,288,531,227,229,134,0,14,0,14,0,14,41,55,0,14,0,14,51,62,73,57,0,14,51,49,13,24,0,14,0,14,302,123,0,14,21,28,17,32,0,14,0,14,19,30,35,54,82,70,69,60,16,28,17,29,16,27,10,16,2448,357,1323,240,6,13,0,14,64,62,12,21,0,14,0,14,159,78,542,184,204,111,101,60,121,77,58,38,56,40,1125,216,42,58,23,33,12,21,16,28,0,14,12,20,51,42,365,144,166,87,151,65,140,87,75,50,72,37
1400000US06037212102,2892,611,898,494,363,253,0,14,0,14,95,139,0,14,0,14,0,14,57,62,21,27,104,91,81,86,0,14,5,8,0,14,535,272,33,48,0,14,63,70,0,14,0,14,0,14,42,50,8,13,33,50,70,78,113,109,66,49,107,71,1994,429,1096,316,99,74,15,24,131,115,0,14,11,14,10,14,98,73,293,145,131,93,135,63,63,52,74,52,36,34,898,191,39,46,0,14,38,54,17,21,0,14,28,40,47,40,180,95,186,92,153,89,93,58,67,49,50,51
1400000US06037212202,3865,710,1112,501,516,276,24,39,16,26,150,131,0,14,0,14,0,14,64,95,122,140,50,51,26,37,21,29,43,31,0,14,596,264,16,26,0,14,47,74,23,37,19,31,0,14,105,115,73,59,164,148,24,33,16,25,59,56,50,62,2753,615,1597,428,73,65,19,30,94,98,0,14,16,31,33,54,178,154,407,224,213,122,315,153,159,108,90,88,0,14,1156,300,58,63,0,14,24,24,105,105,40,49,0,14,156,110,281,177,189,112,111,77,143,89,17,31,32,53
1400000US06037212203,2664,470,989,304,376,147,76,84,0,14,9,16,0,14,0,14,28,34,29,35,79,60,71,57,51,48,0,14,0,14,33,31,613,219,0,14,0,14,27,42,21,33,0,14,25,39,110,83,60,59,10,16,45,45,48,47,19,21,248,162,1675,400,984,253,16,30,0,14,24,41,0,14,24,39,63,57,108,79,374,140,96,51,92,65,88,78,30,40,69,47,691,211,0,14,0,14,0,14,16,25,7,13,7,13,96,77,209,124,105,67,106,77,31,26,68,60,46,36
1400000US06037212204,3597,632,1531,590,664,409,71,96,0,14,0,14,52,83,0,14,43,98,131,127,164,145,112,131,32,54,1,2,58,101,0,14,867,355,0,14,54,86,6,34,171,93,0,14,110,106,22,25,93,85,173,171,103,98,6,13,0,14,129,119,2066,476,1038,287,32,59,0,14,21,31,0,14,0,14,0,14,119,104,342,153,134,91,225,135,94,86,60,70,11,18,1028,304,33,61,0,14,0,14,24,37,0,14,0,14,194,124,154,114,297,168,125,68,97,74,27,48,77,51
1400000US06037212303,3707,922,1642,1029,753,383,24,66,0,14,91,101,17,27,0,14,0,14,32,39,309,231,212,186,51,58,17,26,0,14,0,14,889,736,149,215,109,177,88,144,0,14,12,22,34,41,10,18,200,159,253,206,18,27,0,14,16,27,0,14,2065,534,1303,360,5,21,12,19,106,78,12,28,0,14,0,14,247,239,365,157,302,151,108,91,88,66,58,49,0,14,762,262,70,94,0,14,37,49,0,14,0,14,31,35,69,65,287,128,119,88,116,70,33,43,0,14,0,14
1400000US06037212304,1640,265,424,184,167,80,7,11,14,16,5,7,0,14,36,35,0,14,18,19,35,40,10,16,15,23,0,14,13,14,14,15,257,136,4,6,0,14,42,42,6,10,0,14,18,29,49,46,30,35,42,36,6,11,12,12,29,22,19,30,1216,248,732,168,25,41,0,14,73,58,17,23,33,34,0,14,89,51,220,80,132,58,81,50,54,28,8,12,0,14,484,116,21,35,2,3,0,14,2,4,0,14,0,14,27,24,229,85,72,49,38,26,31,18,58,42,4,9
1400000US06037212305,2809,477,891,365,398,129,42,40,0,14,26,23,0,14,19,17,17,27,19,28,104,74,22,29,81,79,65,52,3,5,0,14,493,282,31,46,0,14,134,120,30,44,31,46,12,17,37,54,34,32,67,58,42,34,38,35,0,14,37,31,1918,429,1205,291,0,14,18,27,57,43,62,59,0,14,45,49,78,57,241,103,232,107,259,154,42,45,149,94,22,29,713,202,67,50,0,14,78,48,0,14,24,37,0,14,122,77,87,63,87,55,104,59,102,65,26,25,16,27
1400000US06037212306,2686,472,453,339,171,132,0,14,0,14,44,68,0,14,35,56,11,18,8,13,23,23,20,20,0,14,13,20,17,21,0,14,282,219,62,96,0,14,40,63,4,9,3,9,0,14,22,24,10,15,28,43,3,8,57,44,53,67,0,14,2233,312,1158,221,86,73,0,14,0,14,88,44,18,19,27,41,85,67,312,100,189,108,155,73,70,63,97,66,31,47,1075,232,0,14,0,14,30,35,30,47,18,21,19,30,61,46,355,161,151,85,161,80,149,88,36,36,65,63
1400000US06037212410,3974,1095,892,352,240,156,0,14,0,14,0,14,0,14,0,14,0,14,67,97,41,41,35,51,49,75,7,11,41,48,0,14,652,301,39,55,0,14,0,14,41,75,0,14,0,14,81,79,169,129,0,14,133,102,76,59,84,73,29,34,3082,1165,1876,676,32,38,27,40,285,250,13,20,0,14,67,87,149,128,706,350,269,159,99,59,133,100,52,52,44,44,1206,587,142,181,0,14,0,14,8,39,0,14,0,14,164,148,226,166,290,170,211,147,83,63,71,56,11,20
1400000US06037212420,2750,331,608,277,327,190,59,53,0,14,27,42,51,43,38,42,0,14,0,14,0,14,12,20,43,53,67,60,30,49,0,14,281,140,12,20,0,14,0,14,0,14,0,14,0,14,108,95,37,38,58,50,44,57,12,19,10,21,0,14,2142,364,990,169,48,62,0,14,3,13,44,44,28,42,0,14,73,53,263,107,158,69,41,47,211,111,92,59,29,44,1152,284,70,71,0,14,40,48,0,14,0,14,0,14,155,114,297,137,122,63,191,86,159,80,91,49,27,44
1400000US06037212501,1915,359,210,181,85,80,0,14,0,14,8,12,7,10,0,14,0,14,0,14,18,29,6,9,0,14,28,34,18,33,0,14,125,112,0,14,0,14,0,14,0,14,18,31,0,14,8,12,34,39,35,49,12,19,18,32,0,14,0,14,1705,415,818,259,27,30,0,14,89,90,0,14,0,14,0,14,43,43,290,120,108,52,77,66,173,108,11,15,0,14,887,204,97,98,0,14,0,14,0,14,0,14,0,14,25,23,316,88,148,79,99,60,95,64,65,59,42,49
1400000US06037212502,3591,485,881,333,287,114,0,14,0,14,80,46,0,14,0,14,0,14,13,23,101,55,58,37,18,20,17,25,0,14,0,14,594,245,95,51,0,14,83,48,83,48,0,14,0,14,33,38,211,104,5,12,16,25,55,66,13,20,0,14,2710,414,1453,313,0,14,0,14,34,56,31,52,0,14,0,14,66,56,467,176,297,180,193,131,189,112,116,61,60,70,1257,240,27,35,29,48,0,14,0,14,32,54,0,14,100,64,342,124,388,140,73,49,111,106,137,79,18,28
1400000US06037212610,4114,604,307,176,149,112,0,14,0,14,0,14,0,14,32,50,0,14,0,14,31,36,20,33,32,51,16,20,14,23,4,11,158,92,0,14,0,14,0,14,0,14,0,14,0,14,31,49,6,10,17,29,0,14,43,41,17,27,44,50,3807,561,1827,397,51,51,23,25,65,71,80,87,0,14,0,14,100,72,489,232,345,161,287,128,178,102,66,52,143,77,1980,307,34,32,0,14,19,34,11,19,0,14,31,48,62,54,817,197,225,117,201,103,219,125,154,98,207,107
1400000US06037212620,4023,477,1088,381,472,171,52,66,0,14,17,28,0,14,0,14,5,13,21,45,30,29,89,76,23,24,103,95,14,22,118,100,616,245,48,65,0,14,0,14,14,24,30,48,22,26,129,97,68,47,31,35,5,13,99,81,148,138,22,25,2935,493,1744,328,93,73,0,14,134,71,60,71,18,24,0,14,125,110,408,144,228,93,277,116,251,100,118,82,32,29,1191,263,29,47,0,14,79,67,36,39,12,18,0,14,87,75,182,92,203,83,229,99,208,91,71,51,55,49
1400000US06037212701,2413,242,263,170,68,47,0,14,0,14,0,14,0,14,0,14,0,14,19,49,0,14,18,42,7,10,6,10,0,14,18,17,195,165,0,14,0,14,0,14,0,14,0,14,22,32,43,63,0,14,0,14,29,32,45,42,12,17,44,33,2150,237,1165,184,38,34,0,14,113,66,100,84,0,14,6,10,44,32,184,78,101,54,184,69,144,65,177,68,74,49,985,141,0,14,0,14,78,48,60,31,0,14,40,33,46,36,122,52,129,62,163,55,146,52,157,73,44,30
1400000US06037212702,3413,507,401,168,166,95,0,14,0,14,28,37,0,14,0,14,0,14,28,26,0,14,24,32,43,38,7,23,0,14,36,29,235,105,0,14,0,14,0,14,0,14,0,14,0,14,0,14,0,14,24,31,34,31,86,82,37,32,54,35,3012,513,1454,332,84,79,0,14,73,49,80,55,8,12,26,31,45,47,189,149,258,141,286,126,146,63,128,77,131,72,1558,235,98,72,0,14,83,80,26,25,27,33,0,14,32,38,262,93,168,79,201,115,337,113,200,92,124,70
1400000US06037212800,3479,508,180,147,47,44,0,14,0,14,0,14,23,37,11,19,0,14,0,14,0,14,0,14,0,14,3,6,10,16,0,14,133,110,0,14,0,14,24,38,0,14,10,20,0,14,0,14,0,14,21,34,29,40,11,20,0,14,38,47,3299,522,1749,330,94,85,13,25,60,59,57,62,14,25,0,14,126,69,179,109,525,204,97,59,321,126,169,99,94,66,1550,249,63,58,0,14,46,44,11,19,0,14,36,53,67,54,196,98,356,120,191,100,159,115,301,122,124,72
1400000US06037212900,3406,588,596,316,250,136,0,14,0,14,0,14,28,40,0,14,52,62,23,43,26,25,41,63,27,39,16,27,0,14,37,42,346,198,0,14,0,14,11,17,81,63,0,14,0,14,51,63,45,49,47,56,27,38,33,35,23,24,28,29,2810,616,1414,373,15,23,0,14,41,66,26,42,0,14,72,107,145,105,316,130,124,77,93,60,338,265,112,104,132,50,1396,295,59,60,0,14,0,14,14,23,0,14,8,17,164,88,230,114,282,156,156,85,177,91,246,146,60,73
1400000US06037213100,2675,325,508,269,189,102,0,14,0,14,0,14,0,14,0,14,0,14,33,25,8,12,53,79,53,40,10,12,24,20,8,16,319,253,0,14,0,14,0,14,6,9,0,14,0,14,51,46,89,137,19,28,25,21,85,106,8,12,36,37,2167,256,1190,194,59,50,7,11,56,34,81,56,21,29,4,6,64,65,123,51,258,125,128,50,252,88,112,47,25,22,977,150,13,19,0,14,25,28,38,47,0,14,0,14,65,42,157,61,144,82,167,68,186,55,97,57,85,46
1400000US06037213201,4086,580,970,386,407,181,6,13,0,14,74,80,36,53,0,14,35,51,11,16,43,50,76,77,16,27,25,32,48,50,37,48,563,267,18,39,0,14,70,82,0,14,16,26,44,65,49,48,140,106,64,58,21,29,44,51,49,58,48,59,3116,665,1491,345,28,45,0,14,23,26,43,57,18,30,18,29,145,78,353,136,229,80,243,124,208,93,128,82,55,58,1625,422,35,35,35,44,70,67,79,73,0,14,0,14,125,101,218,108,277,153,221,105,289,137,127,91,149,124
1400000US06037213202,3482,522,629,243,297,133,37,43,0,14,0,14,21,33,0,14,0,14,52,52,26,30,65,55,31,37,65,53,0,14,0,14,332,132,0,14,0,14,24,37,25,40,0,14,0,14,60,55,65,57,51,49,0,14,86,53,7,11,14,22,2853,539,1507,334,36,40,18,27,87,64,55,51,12,22,64,45,39,29,371,150,331,139,118,91,244,113,98,65,34,31,1346,294,43,41,24,37,27,44,0,14,16,27,22,26,95,66,251,96,246,95,190,98,239,133,161,77,32,28
1400000US06037213310,2660,596,618,335,374,256,0,14,0,14,0,14,0,14,0,14,0,14,30,32,58,57,9,23,149,198,66,72,37,44,25,36,244,188,62,82,0,14,29,38,0,14,0,14,0,14,25,34,27,41,4,8,0,14,97,60,0,14,0,14,2042,610,1127,417,28,44,0,14,90,84,20,33,25,37,0,14,83,58,269,169,264,190,112,74,131,89,86,70,19,30,915,291,0,14,32,50,26,40,32,50,37,46,33,39,181,127,130,88,106,67,84,56,107,65,89,81,58,59
1400000US06037213320,2248,555,554,272,226,113,38,36,0,14,38,46,0,14,32,31,21,33,0,14,30,30,6,10,0,14,0,14,20,30,41,46,328,172,33,54,0,14,35,33,19,31,0,14,32,32,25,39,46,38,33,40,0,14,9,15,47,49,49,42,1694,588,893,418,0,14,0,14,16,35,37,46,0,14,0,14,201,210,232,144,121,73,56,44,98,81,109,65,23,29,801,233,0,14,0,14,27,41,0,14,16,33,23,34,53,48,205,112,81,68,73,59,194,109,103,60,26,30
1400000US06037213401,4412,580,861,332,388,158,0,14,0,14,7,13,36,41,0,14,0,14,24,29,52,56,68,61,42,40,23,30,136,105,0,14,473,217,23,37,0,14,68,84,74,56,49,52,0,14,21,23,24,36,74,60,84,62,31,42,0,14,25,43,3551,646,1760,408,13,20,40,67,74,58,18,22,0,14,13,21,275,214,316,121,385,152,288,115,217,136,89,48,32,33,1791,335,169,94,30,45,219,142,35,48,44,64,0,14,99,70,251,144,249,112,270,108,238,98,131,74,56,52
1400000US06037213402,4333,716,862,321,354,156,0,14,9,17,14,22,24,34,15,24,0,14,77,49,66,76,30,46,50,38,49,79,7,10,13,17,508,210,22,25,0,14,37,59,10,17,13,23,15,24,44,61,30,36,47,52,72,66,103,91,26,30,89,72,3471,760,1722,436,143,123,0,14,36,47,0,14,16,24,36,56,27,32,439,167,290,135,467,317,95,77,125,80,48,30,1749,485,99,67,110,179,89,76,0,14,0,14,46,52,83,58,508,207,243,187,198,95,100,77,177,112,96,74
1400000US06037214000,3736,745,511,505,123,114,0,14,0,14,51,57,0,14,0,14,0,14,1,2,0,14,52,53,19,31,0,14,0,14,0,14,388,395,106,118,0,14,101,114,50,57,50,56,0,14,0,14,22,38,43,49,0,14,0,14,0,14,16,24,3225,721,1486,390,58,46,40,46,98,92,30,30,114,92,59,59,133,118,93,59,111,57,111,67,208,116,290,108,141,78,1739,407,22,27,10,20,128,102,138,114,32,41,52,47,116,71,204,108,192,81,223,131,173,85,308,114,141,67
1400000US06037214100,4138,495,300,188,163,115,0,14,0,14,13,23,0,14,0,14,0,14,11,17,25,27,65,76,0,14,49,61,0,14,0,14,137,100,0,14,0,14,27,47,0,14,0,14,0,14,0,14,14,20,48,44,14,19,9,16,0,14,25,24,3838,579,1641,277,46,41,58,73,76,60,94,70,51,56,24,23,82,63,195,96,309,81,96,64,321,124,217,106,72,41,2197,421,166,118,47,54,175,100,42,36,0,14,54,66,60,98,544,269,237,81,183,95,178,74,294,102,217,124
1400000US06037214400,2981,358,295,206,143,144,0,14,0,14,0,14,0,14,0,14,0,14,18,57,11,18,84,81,10,16,20,53,0,14,0,14,152,110,0,14,0,14,0,14,0,14,0,14,0,14,26,42,54,64,22,25,9,14,0,14,31,50,10,14,2686,383,1254,241,25,39,0,14,28,45,0,14,0,14,10,15,102,99,416,166,266,106,176,74,199,103,0,14,32,26,1432,276,53,50,15,23,98,54,9,14,3,8,0,14,96,90,394,138,496,168,138,88,99,58,17,22,14,18
1400000US06037214501,3809,831,298,161,178,131,0,14,0,14,0,14,0,14,0,14,0,14,0,14,15,22,46,75,9,15,70,101,38,56,0,14,120,79,0,14,0,14,10,16,0,14,0,14,0,14,50,57,0,14,15,23,15,25,7,12,23,36,0,14,3511,762,1708,556,41,67,85,69,139,159,153,154,0,14,18,26,125,107,128,88,516,256,257,130,172,81,41,30,33,31,1803,336,96,87,29,33,144,45,21,31,0,14,0,14,176,91,508,176,493,211,78,61,103,47,130,103,25,24
1400000US06037214503,3487,378,604,261,241,154,27,42,0,14,37,48,11,23,0,14,0,14,7,14,39,37,30,41,25,37,19,22,46,42,0,14,363,173,0,14,0,14,0,14,0,14,0,14,0,14,136,150,104,61,25,30,27,25,16,24,29,35,26,30,2883,390,1527,339,54,39,0,14,153,93,57,43,0,14,12,18,80,82,445,209,157,55,209,101,165,84,136,69,59,56,1356,193,47,42,19,27,104,63,0,14,0,14,43,32,30,36,361,122,239,88,200,69,101,51,130,68,82,59
1400000US06037214504,3273,438,458,247,230,142,23,34,0,14,0,14,18,29,0,14,0,14,25,40,106,94,0,14,14,21,14,22,0,14,30,42,228,137,23,33,0,14,0,14,0,14,0,14,0,14,61,58,34,35,39,64,15,23,20,22,30,41,6,12,2815,464,1342,292,62,52,28,41,57,42,0,14,0,14,0,14,70,60,499,158,168,86,240,107,143,106,25,43,50,61,1473,316,52,59,0,14,69,66,45,50,10,17,42,45,79,56,567,162,257,118,141,98,92,66,98,82,21,24
1400000US06037214505,1731,199,135,75,42,30,8,13,0,14,0,14,0,14,0,14,0,14,0,14,0,14,24,23,10,15,0,14,0,14,0,14,93,59,0,14,0,14,0,14,0,14,0,14,0,14,45,52,16,18,7,11,0,14,8,11,17,20,0,14,1596,209,883,186,61,51,0,14,31,41,56,47,0,14,10,16,40,40,244,105,227,136,130,71,50,41,8,11,26,28,713,116,25,28,0,14,0,14,12,19,0,14,0,14,16,23,328,99,155,69,78,36,33,39,34,33,32,31
1400000US06037214600,2216,410,237,89,90,45,0,14,0,14,0,14,0,14,0,14,9,13,0,14,12,19,38,21,7,12,20,24,4,7,0,14,147,68,0,14,0,14,0,14,0,14,0,14,0,14,16,23,36,17,0,14,12,19,44,42,0,14,39,37,1979,414,914,257,45,51,0,14,22,32,20,28,8,12,0,14,16,27,299,161,140,63,133,69,81,67,68,49,82,80,1065,223,16,25,0,14,22,32,18,22,0,14,22,29,94,85,383,163,166,83,122,66,62,56,67,60,93,67
1400000US06037214700,2592,477,337,142,178,85,0,14,0,14,0,14,0,14,0,14,0,14,12,17,62,54,33,42,35,41,0,14,11,17,25,26,159,82,0,14,0,14,0,14,0,14,0,14,39,53,0,14,14,17,44,56,10,15,7,13,27,24,18,24,2255,469,1102,201,54,53,0,14,47,50,0,14,0,14,22,33,61,54,189,90,250,100,126,73,200,116,97,48,56,31,1153,360,0,14,41,40,63,64,0,14,45,52,54,80,150,136,178,95,149,112,166,92,157,76,110,55,40,34
1400000US06037214800,2935,406,341,255,157,164,19,34,0,14,39,70,0,14,0,14,0,14,0,14,50,43,16,26,14,22,3,11,16,26,0,14,184,129,19,35,0,14,0,14,0,14,0,14,0,14,0,14,31,34,18,33,53,76,0,14,0,14,63,84,2594,364,1438,294,107,68,0,14,92,80,0,14,0,14,70,70,35,47,419,162,189,93,225,112,136,84,66,42,99,68,1156,208,37,43,0,14,50,35,0,14,0,14,0,14,33,45,376,171,208,81,80,58,121,58,189,110,62,37
1400000US06037214902,2580,402,372,157,124,71,0,14,0,14,22,36,0,14,0,14,0,14,22,34,15,22,1,2,0,14,0,14,49,49,15,25,248,120,0,14,0,14,0,14,0,14,0,14,0,14,68,62,53,53,0,14,28,43,74,48,25,30,0,14,2208,414,957,290,11,17,0,14,12,18,0,14,0,14,0,14,32,29,446,277,202,59,54,45,55,50,128,74,17,23,1251,222,127,7,18,28,18,31,0,14,0,14,0,14,24,29,504,130,185,82,171,132,80,51,66,44,58,41
1400000US06037214903,1677,364,277,184,161,156,0,14,0,14,0,14,0,14,0,14,0,14,0,14,15,25,39,44,0,14,0,14,0,14,107,150,116,89,0,14,0,14,0,14,0,14,0,14,0,14,0,14,53,65,0,14,13,21,0,14,4,37,46,45,1400,384,581,276,0,14,0,14,12,13,0,14,34,43,0,14,47,56,112,75,56,45,31,38,212,248,12,21,65,61,819,243,12,14,0,14,12,14,0,14,0,14,0,14,50,35,304,142,187,99,20,46,88,64,80,68,66,70
1400000US06037214904,1567,247,23,32,18,30,0,14,0,14,0,14,0,14,0,14,0,14,0,14,18,30,0,14,0,14,0,14,0,14,0,14,5,5,0,14,0,14,0,14,0,14,0,14,0,14,0,14,0,14,2,5,2,4,0,14,0,14,1,3,1544,251,712,147,0,14,0,14,33,38,76,2,0,14,0,14,0,14,236,108,87,54,25,29,145,111,61,37,49,42,832,168,0,14,0,14,0,14,0,14,0,14,0,14,21,27,468,145,130,78,74,90,81,82,35,35,23,29
1400000US06037215101,3023,395,392,186,134,90,0,14,0,14,0,14,0,14,0,14,0,14,43,57,78,62,0,14,0,14,0,14,13,16,0,14,258,162,0,14,0,14,0,14,0,14,0,14,0,14,61,95,139,129,28,25,19,29,0,14,11,19,0,14,2631,396,1333,239,119,27,0,14,32,35,0,14,0,14,0,14,66,98,401,133,413,126,163,84,69,75,60,66,10,16,1298,272,16,26,0,14,0,14,6,22,0,14,0,14,42,35,514,205,473,158,101,53,101,117,9,15,36,28
1400000US06037215102,3234,420,399,188,79,90,0,14,0,14,0,14,0,14,0,14,0,14,15,26,0,14,51,82,13,22,0,14,0,14,0,14,320,160,0,14,0,14,0,14,0,14,0,14,0,14,80,76,23,42,86,93,77,80,34,57,0,14,20,33,2835,454,1282,312,0,14,0,14,0,14,0,14,0,14,127,149,14,23,270,138,371,193,366,189,73,91,61,75,0,14,1553,289,0,14,0,14,17,29,187,167,17,28,17,28,91,125,539,215,485,159,113,115,87,91,0,14,0,14
1400000US06037216100,2179,369,89,56,41,33,0,14,0,14,0,14,0,14,0,14,0,14,0,14,0,14,0,14,0,14,13,16,13,21,15,21,48,37,0,14,0,14,0,14,0,14,0,14,0,14,0,14,0,14,19,21,0,14,0,14,18,27,11,19,2090,373,986,240,29,34,30,24,15,26,4,9,0,14,84,66,29,28,60,51,139,58,172,45,208,111,130,106,86,50,1104,234,46,51,0,14,39,27,68,57,26,35,0,14,40,48,146,108,205,85,254,127,159,68,85,55,36,32
1400000US06037216201,2626,411,341,167,195,92,0,14,0,14,0,14,0,14,0,14,0,14,22,34,37,45,0,14,79,87,0,14,30,46,27,21,146,98,37,53,0,14,0,14,0,14,0,14,0,14,44,52,0,14,28,40,0,14,11,18,0,14,26,20,2285,445,1112,266,28,35,12,19,20,27,0,14,0,14,0,14,11,18,233,145,346,135,119,79,255,122,29,27,59,38,1173,294,13,22,0,14,68,69,32,51,14,22,13,22,90,112,320,184,212,118,36,34,277,187,38,37,60,31
1400000US06037216202,2613,351,374,208,129,120,0,14,0,14,0,14,0,14,0,14,16,29,70,82,0,14,3,8,0,14,26,32,0,14,14,23,245,167,0,14,0,14,0,14,0,14,0,14,0,14,54,66,73,79,72,73,13,21,20,33,13,22,0,14,2239,307,1109,227,72,65,0,14,76,77,3,9,32,41,26,36,37,37,140,77,277,146,177,110,132,82,105,55,32,33,1130,207,22,27,5,14,87,71,0,14,0,14,0,14,0,14,167,92,356,141,172,104,111,62,104,57,106,67
1400000US06037216301,1448,434,163,125,121,123,0,14,0,14,0,14,0,14,0,14,0,14,0,14,0,14,0,14,25,34,26,23,70,112,0,14,42,39,0,14,0,14,0,14,0,14,0,14,0,14,4,6,0,14,0,14,0,14,0,14,5,8,33,38,1285,350,699,281,11,13,0,14,44,36,26,34,6,9,0,14,40,42,50,55,82,79,147,167,94,58,150,121,49,30,586,173,42,47,4,6,7,11,0,14,0,14,8,12,0,14,70,62,102,99,96,59,63,46,79,45,115,97
1400000US06037216302,3210,356,420,160,136,89,0,14,0,14,0,14,0,14,0,14,0,14,0,14,1,2,0,14,52,72,32,27,19,22,32,29,284,139,0,14,0,14,0,14,0,14,0,14,0,14,14,24,61,52,0,14,33,28,44,65,11,19,121,109,2790,382,1235,246,61,37,31,34,43,42,41,48,0,14,31,41,65,56,223,115,224,88,182,84,130,74,140,80,64,49,1555,248,43,35,0,14,12,22,44,49,0,14,20,26,48,42,495,219,225,87,147,73,233,103,159,92,129,66
1400000US06037216401,3933,696,401,257,89,63,35,54,0,14,0,14,0,14,0,14,0,14,0,14,0,14,8,13,17,29,0,14,29,32,0,14,312,248,0,14,0,14,0,14,0,14,0,14,0,14,137,143,79,116,40,48,0,14,0,14,1,12,55,87,3532,707,1591,518,74,85,0,14,59,56,53,50,0,14,0,14,90,114,612,240,290,203,217,167,41,51,96,107,59,53,1941,360,121,91,0,14,146,94,0,14,0,14,24,41,100,116,741,244,316,159,161,98,105,77,132,131,95,70
1400000US06037216402,2648,581,247,132,95,71,0,14,0,14,0,14,0,14,0,14,0,14,35,58,23,29,0,14,13,19,11,18,13,16,0,14,152,76,0,14,0,14,0,14,0,14,0,14,0,14,58,62,25,23,35,37,12,19,12,18,10,17,0,14,2401,583,1188,292,64,35,44,22,134,105,44,48,0,14,0,14,33,23,169,81,304,190,143,76,137,66,62,52,54,32,1213,344,82,98,53,81,53,42,13,19,27,33,0,14,64,40,307,124,184,104,93,60,116,80,156,68,65,55
1400000US06037216700,3399,583,406,263,194,134,0,14,0,14,37,43,0,14,0,14,0,14,10,17,0,14,85,78,6,11,47,52,5,12,4,8,212,140,41,47,0,14,39,44,0,14,0,14,0,14,20,29,64,50,0,14,0,14,44,48,0,14,4,8,2993,630,1369,299,69,73,0,14,31,35,0,14,0,14,12,18,109,80,379,177,158,70,233,100,259,140,90,45,29,33,1624,409,78,93,31,42,48,49,56,56,0,14,14,24,144,113,357,181,131,81,338,172,103,65,171,58,153,78
1400000US06037216800,3402,393,284,187,129,85,15,24,38,58,12,19,0,14,0,14,0,14,0,14,16,18,6,10,12,19,0,14,30,44,0,14,155,124,0,14,0,14,39,60,0,14,0,14,0,14,8,13,18,21,70,68,12,19,8,12,0,14,0,14,3118,331,1402,185,14,17,33,28,54,32,5,10,9,14,41,43,60,40,297,125,255,67,204,57,258,103,141,52,31,26,1716,254,98,56,0,14,93,51,39,34,13,21,9,15,126,74,260,90,251,92,222,94,321,117,221,91,63,37
1400000US06037216901,3014,411,289,143,76,50,0,14,0,14,0,14,0,14,0,14,0,14,0,14,40,39,17,31,12,20,6,10,1,4,0,14,213,138,0,14,0,14,0,14,0,14,0,14,0,14,0,14,61,65,0,14,15,23,108,115,13,21,16,24,2725,403,1268,313,14,31,86,53,0,14,0,14,10,20,0,14,126,112,304,195,245,133,144,113,199,102,60,52,80,53,1457,231,75,73,0,14,115,59,37,45,0,14,0,14,19,30,289,146,177,85,170,116,199,73,250,105,126,55
1400000US06037216902,2225,656,491,553,96,66,12,22,0,14,0,14,0,14,0,14,16,25,0,14,13,30,0,14,46,50,0,14,9,15,0,14,395,547,0,14,0,14,0,14,123,180,131,194,0,14,0,14,13,22,0,14,118,172,10,17,0,14,0,14,1734,421,883,269,77,81,2,8,11,17,0,14,0,14,13,21,7,13,320,208,133,80,131,80,68,40,106,56,15,19,851,260,8,27,23,36,47,62,0,14,0,14,0,14,0,14,333,160,101,66,83,57,36,36,98,59,122,80
1400000US06037217001,3135,459,228,105,103,61,13,20,0,14,0,14,0,14,0,14,0,14,0,14,0,14,33,43,0,14,6,8,17,26,34,38,125,97,0,14,0,14,0,14,0,14,0,14,0,14,21,29,10,16,11,16,0,14,0,14,0,14,83,94,2907,484,1334,241,139,85,39,43,68,57,67,61,5,13,11,19,44,30,241,122,280,108,119,86,136,86,118,55,67,42,1573,346,172,100,107,103,127,76,64,66,22,32,27,25,146,80,141,80,334,140,101,56,155,86,107,45,70,44
1400000US06037217002,4901,626,802,483,480,300,0,14,0,14,0,14,60,90,0,14,58,85,36,44,0,14,38,4,76,88,0,14,162,139,50,83,322,221,0,14,0,14,60,90,0,14,0,14,0,14,46,53,16,52,0,14,57,86,70,95,22,35,51,56,4099,523,1953,319,54,65,15,24,111,75,37,43,0,14,0,14,123,93,487,196,608,284,187,197,118,88,168,96,45,45,2146,369,127,87,16,30,205,82,130,79,0,14,36,49,326,320,446,214,382,204,34,33,185,103,152,89,107,78
1400000US06037217101,2785,1342,508,233,210,113,0,14,0,14,62,47,25,40,0,14,3,8,6,12,7,12,41,35,43,42,21,33,2,12,0,14,298,138,62,51,0,14,35,34,0,14,9,14,0,14,0,14,35,41,31,30,65,53,39,40,16,17,6,9,2277,1355,1350,1058,69,69,0,14,203,273,10,14,0,14,147,234,26,31,356,308,71,48,244,251,131,53,61,33,32,37,927,349,38,49,0,14,35,39,65,56,0,14,0,14,68,106,147,89,125,62,223,255,119,49,100,44,7,10
1400000US06037217102,2627,299,515,247,293,176,46,49,0,14,41,43,0,14,0,14,12,20,0,14,41,44,12,20,94,80,24,26,13,17,10,17,222,111,0,14,0,14,0,14,0,14,0,14,0,14,6,10,141,98,0,14,40,37,24,27,11,17,0,14,2112,361,1104,265,73,77,0,14,10,17,0,14,11,18,0,14,26,38,311,171,193,97,197,103,125,84,148,124,10,17,1008,218,40,45,0,14,9,18,0,14,0,14,53,75,136,115,226,71,158,93,175,68,90,72,108,63,13,21
1400000US06037217200,3809,602,647,313,362,217,0,14,0,14,0,14,0,14,12,24,64,67,90,100,50,72,29,34,50,63,7,9,60,71,0,14,285,141,14,27,0,14,12,25,11,20,0,14,0,14,27,25,47,31,17,19,61,62,59,68,37,40,0,14,3162,565,1620,332,86,104,0,14,66,54,22,33,0,14,0,14,39,46,257,107,361,106,323,126,125,67,264,246,77,48,1542,290,87,53,0,14,97,57,58,49,27,44,10,16,31,32,253,97,256,97,212,88,161,74,158,88,192,192
1400000US06037218110,3153,744,747,248,427,140,31,39,12,19,25,38,31,45,0,14,0,14,18,28,18,30,114,61,51,44,65,51,52,50,10,17,320,126,0,14,0,14,31,50,34,40,8,12,0,14,41,39,70,47,38,33,33,32,0,14,41,51,24,30,2406,770,1292,542,12,19,0,14,34,34,105,95,56,79,65,84,54,56,240,124,326,187,131,75,183,94,54,38,32,31,1114,304,0,14,0,14,5,12,5,12,30,41,88,67,79,92,294,127,142,99,175,111,149,75,87,56,60,48
1400000US06037218120,3745,836,788,334,417,204,23,42,0,14,19,30,0,14,0,14,0,14,80,76,42,52,24,28,10,18,108,89,90,79,21,33,371,176,0,14,0,14,0,14,14,25,0,14,0,14,94,86,24,29,52,48,25,30,68,71,64,54,30,39,2957,757,1398,336,71,80,17,31,53,48,55,56,0,14,79,69,178,95,266,123,275,136,147,106,43,39,160,93,54,47,1559,503,19,33,39,61,191,125,34,33,0,14,40,50,108,83,326,255,201,92,210,108,182,128,170,94,39,36
1400000US06037218210,3904,739,794,390,379,218,49,47,0,14,28,34,9,15,28,34,8,15,110,133,36,59,1,11,63,51,47,50,0,14,0,14,415,212,19,32,0,14,142,117,0,14,0,14,0,14,45,49,31,36,86,69,70,57,17,28,5,9,0,14,3110,679,1678,450,0,14,4,26,53,41,20,23,5,10,82,111,178,145,471,176,467,237,151,50,145,109,78,86,24,48,1432,393,0,14,0,14,134,126,85,106,0,14,25,30,85,61,359,116,298,152,94,50,234,147,94,47,24,26
1400000US06037218220,3811,575,299,141,166,106,0,14,0,14,0,14,0,14,0,14,0,14,0,14,42,52,22,29,24,30,41,44,11,18,26,41,133,99,0,14,0,14,0,14,0,14,0,14,0,14,16,26,47,55,29,48,14,24,16,26,11,17,0,14,3512,568,1704,334,113,79,0,14,136,68,21,24,11,17,10,17,90,75,281,118,296,136,234,136,319,156,98,60,95,65,1808,328,138,88,0,14,99,77,73,75,17,28,9,15,200,112,198,98,319,147,197,82,219,168,179,93,160,77
1400000US06037218300,4525,812,644,291,238,155,0,14,0,14,0,14,0,14,0,14,0,14,0,14,65,62,34,47,5,12,93,130,41,37,0,14,406,194,60,73,0,14,27,38,0,14,0,14,0,14,8,14,139,99,29,49,67,67,0,14,65,52,11,20,3881,920,2211,518,77,72,0,14,36,52,66,76,21,44,25,40,176,124,570,262,464,382,304,141,302,144,170,86,0,14,1670,471,0,14,42,52,59,61,0,14,0,14,28,45,169,98,435,355,218,102,198,104,390,154,49,53,82,64
1400000US06037218400,4144,813,578,330,276,202,36,44,0,14,90,103,0,14,22,40,0,14,0,14,51,64,52,60,25,42,0,14,0,14,0,14,302,158,0,14,0,14,0,14,15,26,24,41,0,14,0,14,81,80,68,58,46,55,9,16,59,55,0,14,3566,830,2049,662,109,74,0,14,133,154,130,187,21,35,80,76,349,269,449,201,200,101,183,100,263,135,81,52,51,45,1517,378,0,14,0,14,20,32,36,57,0,14,16,26,98,110,574,280,177,142,215,111,234,103,65,37,82,58
1400000US06037218500,2669,420,456,228,180,129,12,16,0,14,0,14,0,14,0,14,57,92,31,33,41,36,16,25,0,14,20,24,3,7,0,14,276,129,39,50,13,17,0,14,0,14,0,14,0,14,12,17,52,34,18,20,87,94,23,26,5,9,27,26,2213,411,1166,261,48,37,7,10,38,26,74,92,6,9,0,14,138,75,215,76,314,98,128,68,106,40,66,58,26,27,1047,226,17,17,7,10,139,100,29,30,0,14,21,24,54,37,150,63,162,83,159,71,133,51,71,43,105,65
1400000US06037218600,2821,343,357,179,123,70,0,14,0,14,56,55,0,14,0,14,0,14,0,14,0,14,48,66,0,14,0,14,19,32,0,14,234,154,49,54,0,14,0,14,22,35,16,19,16,20,0,14,37,42,34,41,14,16,27,37,0,14,19,28,2464,374,1280,269,114,118,22,33,53,43,59,49,22,32,15,25,76,47,308,157,226,107,122,52,188,100,45,36,30,31,1184,251,36,39,30,38,36,35,21,26,11,21,19,25,55,41,276,122,224,64,148,39,130,101,88,36,110,72
1400000US06037218701,1788,297,638,245,304,169,43,45,10,19,58,48,0,14,0,14,0,14,22,35,50,42,25,38,11,25,62,67,15,41,8,14,334,170,31,44,0,14,29,41,0,14,0,14,10,18,72,79,30,47,89,44,12,18,27,35,19,27,15,19,1150,342,409,141,13,18,0,14,0,14,0,14,12,17,12,20,0,14,106,66,48,32,43,36,114,63,16,25,45,42,741,227,2,5,11,16,13,21,0,14,18,28,0,14,99,74,149,76,44,36,69,41,174,85,72,36,90,57
1400000US06037218702,2698,473,321,247,129,122,23,26,0,14,17,21,33,59,13,20,0,14,3,13,0,14,12,20,2,11,8,17,18,17,0,14,192,138,0,14,0,14,36,61,0,14,0,14,11,19,29,25,39,37,17,20,8,16,42,63,8,13,2,7,2377,472,1185,307,86,85,50,51,110,60,41,55,13,18,14,15,201,113,203,82,192,53,132,76,94,44,10,11,39,36,1192,286,70,66,0,14,7,12,85,61,57,49,25,41,127,68,236,114,103,53,141,72,153,60,125,125,63,37
1400000US06037218800,2655,360,743,280,351,157,43,37,0,14,0,14,0,14,0,14,44,52,0,14,21,26,52,45,0,14,59,73,118,108,14,22,392,152,0,14,0,14,32,32,0,14,0,14,15,24,0,14,70,66,52,44,55,42,29,45,139,132,0,14,1912,317,1016,185,62,50,6,11,93,58,56,40,20,24,36,34,19,23,150,75,175,86,168,67,128,54,59,47,44,33,896,191,45,41,22,25,72,63,46,31,0,14,8,14,66,44,108,54,174,70,39,33,136,52,112,55,68,41
1400000US06037218900,5322,920,807,331,429,216,58,95,0,19,4,17,0,19,0,19,0,19,78,114,0,19,70,165,76,73,103,85,40,52,0,19,378,199,0,19,0,19,0,19,0,19,0,19,0,19,89,128,23,35,89,113,0,19,114,88,30,38,33,40,4515,992,2403,709,432,339,0,19,271,177,135,131,6,17,29,46,90,69,541,247,251,138,258,147,185,125,175,151,30,39,2112,441,140,139,13,22,79,113,32,51,0,19,18,27,260,157,697,262,268,131,165,95,151,105,288,210,1,14
1400000US06037219010,3108,602,524,212,295,177,45,58,11,15,48,52,51,54,0,14,10,14,1,3,82,41,17,18,0,14,6,10,23,24,1,2,229,82,6,11,0,14,30,26,0,14,0,14,12,18,12,14,89,43,33,34,8,13,10,13,12,18,17,17,2584,630,1505,455,22,22,3,10,41,33,34,34,9,14,42,40,235,244,295,133,205,82,172,93,159,75,215,132,73,87,1079,235,60,46,4,6,30,30,52,45,34,28,0,14,70,39,108,56,123,63,135,53,290,136,76,39,97,77
1400000US06037219020,4117,682,947,559,461,394,73,98,0,14,158,155,13,20,0,14,0,14,92,129,0,14,57,52,28,42,40,46,0,14,0,14,486,205,0,14,21,16,18,28,0,14,13,20,49,63,133,134,43,47,91,80,0,14,42,46,35,32,41,43,3170,470,1645,327,147,81,7,13,75,60,136,61,0,14,36,38,207,110,233,124,235,98,261,101,228,85,80,61,0,14,1525,302,35,36,10,17,106,95,14,20,30,45,63,76,121,92,235,99,147,72,293,118,221,91,157,101,93,72
1400000US06037219300,3902,701,746,372,376,199,0,14,39,48,0,14,27,45,0,14,0,14,0,14,88,86,27,45,37,42,124,110,27,25,7,11,370,224,0,14,16,25,97,104,0,14,0,14,26,31,61,57,14,22,72,64,28,37,19,24,14,17,23,25,3156,701,1398,296,25,42,0,14,108,74,124,118,0,14,39,48,158,83,142,141,274,124,296,136,145,53,75,74,12,23,1758,474,31,50,0,14,237,171,104,126,97,114,15,24,165,109,402,183,271,96,171,83,148,82,80,57,37,35
1400000US06037219500,1941,231,152,80,72,52,0,14,0,14,12,17,13,17,0,14,0,14,0,14,13,18,9,13,0,14,20,22,0,14,5,8,80,40,0,14,0,14,0,14,0,14,0,14,0,14,0,14,0,14,0,14,13,17,15,15,7,11,45,34,1789,243,844,152,42,37,0,14,87,68,18,27,26,29,20,29,41,30,100,37,128,76,166,63,71,49,93,42,52,37,945,197,15,18,0,14,20,18,70,37,44,42,0,14,13,15,127,65,127,43,167,79,129,82,121,53,112,57
1400000US06037219700,3866,843,750,628,294,231,0,14,0,14,7,13,15,19,9,16,0,14,112,127,54,66,7,13,11,17,78,91,1,7,0,14,456,409,0,14,0,14,0,14,0,14,0,14,0,14,8,12,244,324,75,71,11,13,59,71,59,80,0,14,3116,615,1450,372,40,54,16,25,117,75,74,61,25,35,20,31,200,130,194,104,314,142,121,81,153,78,130,77,46,47,1666,395,131,147,0,14,61,71,124,92,17,28,73,71,219,171,257,127,300,109,147,86,110,57,141,74,86,65
1400000US06037219800,3254,509,227,180,106,90,0,14,0,14,48,76,0,14,0,14,6,10,11,12,6,9,6,11,7,11,0,14,15,22,7,11,121,96,0,14,0,14,25,39,0,14,7,10,0,14,12,14,6,9,54,51,7,10,10,18,0,14,0,14,3027,459,1610,305,30,48,20,29,137,69,36,39,0,14,151,107,76,47,304,111,239,96,313,138,189,57,79,50,36,27,1417,201,97,66,17,25,36,36,60,49,52,53,13,20,114,73,209,85,217,67,179,84,217,77,169,50,37,34
1400000US06037219901,4788,1056,718,257,369,142,25,40,0,14,27,45,0,14,36,50,0,14,0,14,10,16,63,51,0,14,102,83,83,80,23,33,349,191,0,14,39,57,51,58,0,14,0,14,37,53,0,14,84,69,80,67,8,12,45,50,0,14,5,8,4070,1117,2169,817,114,82,0,14,355,385,175,185,159,176,24,38,132,114,409,186,379,163,230,188,97,59,68,48,27,23,1901,384,106,83,20,35,235,153,18,21,7,13,0,14,84,63,753,270,238,109,176,107,141,69,80,47,43,32
1400000US06037219902,3640,581,1000,613,335,263,0,14,0,14,0,14,0,14,0,14,0,14,0,14,201,158,0,14,0,14,134,122,0,14,0,14,665,452,108,126,0,14,109,129,0,14,0,14,0,14,0,14,279,253,0,14,0,14,120,109,0,14,49,48,2640,611,1458,367,0,14,45,60,75,73,0,14,25,36,10,14,87,68,595,242,158,84,221,157,106,96,89,52,47,57,1182,307,19,32,0,14,97,81,10,15,0,14,0,14,78,53,403,164,163,97,172,121,89,47,84,70,67,55
1400000US06037220000,5290,1258,1540,1100,528,470,0,19,0,19,148,163,0,19,69,111,0,19,134,214,18,28,114,114,2,4,16,25,27,40,0,19,1012,827,0,19,0,19,206,325,152,167,0,19,0,19,15,33,316,371,175,144,59,66,0,19,85,101,4,10,3750,659,1864,516,86,90,16,35,61,83,35,57,0,19,95,87,100,62,379,329,382,213,237,117,328,199,145,114,0,19,1886,422,19,33,0,19,152,199,25,45,0,19,39,58,123,107,337,184,282,145,161,132,258,144,358,177,132,91
1400000US06037220100,2386,307,544,238,216,138,40,50,0,14,38,47,0,14,0,14,11,18,0,14,0,14,0,14,58,64,7,11,0,14,62,67,328,165,46,53,0,14,0,14,45,49,0,14,0,14,6,10,40,45,36,53,54,88,48,51,19,29,34,54,1842,369,765,201,53,71,0,14,15,23,30,34,18,27,0,14,36,33,66,46,188,102,41,37,179,83,61,45,78,45,1077,229,62,45,49,58,13,22,0,14,0,14,44,52,39,33,99,70,144,84,180,96,225,129,84,55,138,70
1400000US06037221110,3027,568,418,169,142,63,0,14,0,14,0,14,0,14,0,14,0,14,0,14,0,14,38,36,19,30,0,14,61,48,24,38,276,168,0,14,0,14,21,32,0,14,0,14,0,14,10,14,16,18,26,40,26,41,77,143,58,44,42,30,2609,594,1358,342,18,23,0,14,76,101,47,55,0,14,136,94,52,60,277,172,249,134,176,100,224,121,63,53,40,43,1251,330,46,64,21,32,38,40,13,22,104,85,11,18,85,66,187,84,150,90,286,135,169,133,34,40,107,89
1400000US06037221120,2924,393,873,203,356,124,30,29,0,14,67,40,23,23,15,23,13,21,7,11,74,42,15,20,38,32,44,27,16,14,14,18,517,164,52,49,0,14,49,35,32,29,11,17,38,24,67,61,33,27,99,41,22,26,50,37,20,16,44,48,2051,415,1078,208,14,15,5,8,93,56,20,32,17,24,36,29,157,66,210,99,144,71,153,60,91,58,125,71,13,15,973,239,53,57,0,14,55,41,81,57,22,33,16,25,100,55,185,89,114,53,150,87,108,62,64,38,25,21
1400000US06037221210,2817,527,349,153,196,82,26,28,0,14,0,14,0,14,0,14,0,14,0,14,52,58,15,23,24,35,27,23,40,37,12,18,153,96,0,14,0,14,0,14,0,14,0,14,13,18,17,24,29,31,57,67,0,14,25,27,12,17,0,14,2468,525,1282,324,59,38,0,14,160,188,71,47,36,36,4,7,88,52,312,132,147,94,165,76,126,66,58,36,56,35,1186,262,42,31,63,91,75,51,0,14,0,14,0,14,79,45,217,104,138,92,191,88,156,80,117,62,108,56
1400000US06037221220,3004,401,665,210,301,106,15,32,0,14,11,18,12,22,0,14,0,14,32,37,61,49,18,23,18,19,41,44,75,67,18,26,364,134,20,25,0,14,50,49,9,13,31,34,0,14,81,70,14,21,43,42,47,38,61,54,0,14,8,12,2339,428,1232,298,38,44,0,14,19,29,27,42,0,14,11,18,162,86,286,147,213,87,214,119,105,76,103,62,54,54,1107,191,8,12,9,14,80,95,45,42,52,70,18,24,143,81,223,93,106,60,137,82,128,71,106,60,52,58
1400000US06037221302,3760,569,992,400,401,184,0,14,0,14,9,15,26,34,24,37,11,18,27,35,24,39,39,41,145,123,79,76,17,23,0,14,591,258,10,17,0,14,105,121,56,60,0,14,9,14,29,42,70,68,147,99,28,41,56,68,34,36,47,45,2768,644,1359,372,54,82,76,70,82,80,102,87,5,9,0,14,159,72,252,145,175,155,106,89,229,79,101,78,18,29,1409,414,168,204,0,14,18,34,77,117,35,38,70,80,69,45,277,134,152,160,153,111,265,93,66,44,59,59
1400000US06037221303,2484,408,849,459,483,307,45,42,0,14,152,129,86,79,0,14,0,14,20,28,35,34,24,29,62,80,26,31,24,36,9,15,366,184,0,14,0,14,22,31,0,14,0,14,48,77,37,64,35,33,67,55,96,103,19,20,24,27,18,18,1635,305,975,213,41,39,0,14,0,14,19,27,18,26,0,14,190,87,168,101,98,79,259,129,109,50,39,30,34,32,660,186,56,64,15,24,23,21,7,10,0,14,0,14,78,44,105,72,40,28,125,68,85,47,73,42,53,45
1400000US06037221304,3493,734,584,268,267,168,110,123,0,14,0,14,0,14,0,14,20,31,0,14,26,39,69,58,26,31,0,14,16,24,0,14,317,127,54,60,0,14,0,14,0,14,0,14,0,14,15,25,0,14,30,52,78,51,44,39,96,66,0,14,2909,874,1555,443,149,124,56,67,91,85,88,69,0,14,66,58,141,82,315,186,213,105,139,88,192,110,88,53,17,27,1354,520,120,113,85,93,22,34,88,70,29,38,18,28,58,47,128,90,243,91,190,96,90,59,48,40,235,217
1400000US06037221401,3303,625,646,229,151,67,6,11,0,14,11,17,0,14,0,14,14,22,0,14,8,22,0,14,53,50,17,35,22,25,20,23,495,195,0,14,0,14,18,38,18,38,0,14,0,14,35,56,42,151,8,12,173,89,69,47,87,51,45,49,2657,651,1297,377,110,91,0,14,49,59,125,107,47,77,0,14,246,99,184,121,43,36,234,121,138,86,111,86,10,15,1360,376,24,37,18,27,23,35,44,69,0,14,95,69,167,165,173,86,218,56,157,97,123,113,157,121,161,93
1400000US06037221402,2610,419,714,377,264,207,8,12,55,85,0,14,0,14,0,14,26,41,33,54,0,14,63,86,22,30,26,32,14,16,17,28,450,190,57,88,7,11,0,14,9,14,8,11,32,37,40,37,24,28,102,96,16,26,39,37,61,48,55,43,1896,295,946,220,33,45,0,14,38,29,27,26,0,14,46,50,131,84,182,78,138,51,130,82,76,43,59,40,86,38,950,153,30,22,6,9,87,53,0,14,0,14,10,16,89,49,101,62,118,56,157,71,103,50,112,81,137,79
1400000US06037221500,3522,575,1084,388,370,145,30,49,0,14,0,14,10,16,0,14,34,52,0,14,77,70,38,34,27,44,89,69,32,38,33,32,714,280,73,79,68,73,80,97,0,14,0,14,0,14,91,98,125,71,21,33,74,65,57,56,91,58,34,39,2438,511,1364,307,0,14,14,20,84,89,21,25,26,28,29,43,148,94,237,121,198,103,137,77,206,123,163,76,101,81,1074,262,47,51,0,14,28,28,27,46,0,14,21,33,82,64,153,77,111,60,143,78,211,115,156,69,95,117
1400000US06037221601,3641,568,898,325,352,146,9,15,0,14,0,14,46,42,0,14,0,14,25,28,6,10,31,33,61,61,108,83,58,34,8,14,546,303,32,52,0,14,0,14,0,14,0,14,17,25,221,283,39,31,133,76,29,23,11,18,64,41,0,14,2743,521,1486,357,103,93,30,34,62,38,41,35,13,21,33,37,170,95,248,112,212,92,159,85,215,121,159,68,41,36,1257,275,44,37,28,34,106,72,21,26,31,31,57,54,157,113,219,149,122,66,136,75,214,129,72,41,50,44
1400000US06037221602,2335,497,493,245,217,162,22,34,12,19,20,30,0,14,0,14,0,14,65,84,30,47,40,37,28,33,0,14,0,14,0,14,276,139,46,56,0,14,0,14,0,14,0,14,25,28,31,32,40,47,24,29,16,18,26,25,38,36,30,25,1842,429,963,285,15,20,0,14,32,34,0,14,16,21,36,32,173,139,146,64,226,110,129,57,85,63,91,56,14,16,879,223,26,38,0,14,47,45,16,22,3,9,19,22,62,56,193,105,115,63,106,67,113,73,125,60,54,51
1400000US06037221710,2453,452,910,351,407,225,42,61,0,14,7,15,0,14,7,10,28,32,228,195,37,34,0,14,10,16,6,12,34,36,8,12,503,210,0,14,0,14,22,33,42,48,0,14,11,15,108,74,6,9,129,127,60,41,17,18,59,48,49,39,1543,345,751,183,8,13,0,14,23,21,8,12,6,9,16,27,99,53,173,93,130,57,75,66,107,62,64,45,42,31,792,204,35,40,0,14,74,72,11,17,6,9,19,22,124,71,156,72,51,31,123,53,90,46,75,42,28,25
1400000US06037221810,2257,356,1038,310,650,292,13,21,0,14,0,14,0,14,0,14,0,14,365,220,151,103,71,64,0,14,11,18,0,14,39,41,388,165,0,14,0,14,11,19,0,14,0,14,0,14,212,112,61,51,0,14,46,52,10,17,26,39,22,24,1219,235,617,178,44,48,0,14,25,33,20,30,16,21,0,14,137,102,121,59,155,68,54,38,31,28,14,18,0,14,602,145,15,16,0,14,33,29,0,14,0,14,61,46,102,53,216,117,45,37,56,39,50,31,24,21,0,14
1400000US06037221820,2238,415,1096,292,623,255,0,14,0,14,0,14,0,14,0,14,0,14,506,225,53,51,10,17,0,14,54,85,0,14,0,14,473,225,0,14,0,14,0,14,0,14,0,14,0,14,382,213,58,68,0,14,8,12,0,14,0,14,25,34,1142,309,291,104,11,18,0,14,32,27,0,14,0,14,8,14,39,41,126,78,0,14,19,19,17,16,24,30,15,18,851,296,28,32,0,14,73,61,0,14,0,14,0,14,232,108,266,186,43,42,49,32,74,69,86,69,0,14
1400000US06037221900,2380,463,1180,389,563,204,0,14,0,14,44,69,0,14,0,14,0,14,366,164,81,68,0,14,9,16,0,14,63,55,0,14,617,270,0,14,37,58,0,14,39,60,0,14,0,14,311,169,94,78,0,14,9,14,59,68,13,19,55,49,1200,275,636,181,99,48,0,14,0,14,0,14,0,14,0,14,216,81,181,142,32,15,8,12,34,33,7,7,59,35,564,136,0,14,0,14,0,14,25,18,0,14,0,14,79,74,270,98,27,16,65,30,18,30,39,31,41,40
1400000US06037222001,2753,395,430,214,233,161,0,14,0,14,20,32,20,32,19,31,0,14,25,31,45,49,5,7,39,31,60,43,0,14,0,14,197,82,0,14,0,14,0,14,0,14,0,14,0,14,13,18,42,37,31,34,61,43,12,13,14,13,24,26,2323,377,1229,202,4,6,0,14,104,57,21,21,4,6,44,40,43,35,302,131,231,90,209,81,142,64,55,37,70,44,1094,258,58,58,3,5,23,24,10,11,0,14,2,6,102,63,206,118,136,63,191,91,163,55,99,49,101,68
1400000US06037222002,4537,677,579,326,328,196,0,14,0,14,57,85,12,21,0,14,34,44,7,14,0,14,94,92,5,9,40,67,79,73,0,14,251,165,32,43,0,14,30,40,19,29,0,14,0,14,17,28,0,14,40,41,56,69,48,38,9,16,0,14,3958,631,1869,332,31,50,13,18,173,135,74,66,50,57,41,40,157,101,342,135,288,122,202,98,244,98,227,114,27,32,2089,400,121,115,0,14,162,90,119,68,0,14,17,26,181,129,392,149,257,93,275,133,156,68,219,108,190,130
1400000US06037222100,3964,820,1143,683,547,316,0,14,0,14,0,14,114,162,99,113,11,19,117,134,25,41,51,78,56,61,3,5,71,85,0,14,596,390,0,14,0,14,0,14,118,123,0,14,55,78,65,78,0,14,63,73,48,47,165,122,54,77,28,31,2821,809,1445,453,179,156,0,14,62,72,48,53,0,14,48,56,143,94,218,128,210,134,211,133,194,160,98,94,34,37,1376,428,68,54,0,14,0,14,71,106,0,14,46,80,156,118,215,156,304,145,179,120,94,68,135,113,108,66
1400000US06037222200,3474,518,469,222,178,107,0,14,0,14,0,14,26,41,0,14,0,14,33,39,16,14,0,14,33,39,62,74,5,9,3,7,291,199,0,14,23,35,13,21,23,35,0,14,24,37,86,78,0,14,40,45,12,20,25,28,28,48,17,25,3005,520,1637,335,14,24,34,52,31,36,82,79,0,14,12,19,353,133,266,138,176,121,236,101,246,129,158,145,29,26,1368,298,69,55,0,14,48,39,10,15,0,14,9,14,223,168,295,141,129,69,307,129,149,99,46,32,83,60
1400000US06037222500,4071,723,533,233,230,126,0,14,0,14,0,14,0,14,0,14,19,31,9,14,67,53,42,65,46,42,47,49,0,14,0,14,303,155,0,14,0,14,0,14,42,67,0,14,14,22,25,27,33,30,0,14,55,41,52,40,0,14,82,66,3538,741,1614,339,96,90,11,20,291,147,0,14,41,45,11,20,96,67,312,122,347,162,192,99,98,66,93,47,26,27,1924,468,86,110,26,42,105,70,146,101,38,61,58,73,189,115,359,143,357,125,163,76,219,73,146,63,32,34
1400000US06037222600,4843,766,1990,489,1176,329,21,33,0,14,47,56,0,14,0,14,6,13,888,307,112,96,0,14,17,30,21,41,64,87,0,14,814,308,0,14,0,14,39,51,19,30,14,22,17,29,417,228,110,82,61,56,52,52,37,45,40,49,8,15,2853,553,1477,383,73,70,0,14,73,71,113,69,0,14,74,67,226,103,352,143,139,116,78,70,202,129,75,62,72,46,1376,248,11,20,0,14,109,92,37,50,19,35,17,24,232,118,328,127,171,90,190,102,117,79,78,63,67,62
1400000US06037222700,562,166,351,109,87,69,0,14,0,14,0,14,0,14,0,14,0,14,81,66,6,9,0,14,0,14,0,14,0,14,0,14,264,114,0,14,0,14,0,14,0,14,0,14,6,9,246,115,6,10,0,14,6,8,0,14,0,14,0,14,211,113,82,58,0,14,0,14,0,14,0,14,0,14,0,14,25,24,41,34,0,14,0,14,16,23,0,14,0,14,129,80,0,14,0,14,0,14,0,14,0,14,0,14,87,70,26,21,0,14,0,14,16,22,0,14,0,14
1400000US06037224010,2947,453,930,320,478,173,19,30,0,14,11,21,11,21,0,14,0,14,12,23,136,104,15,24,64,53,56,69,99,77,55,80,452,225,26,34,0,14,16,28,22,36,0,14,0,14,154,139,82,91,27,31,45,42,0,14,1,8,79,83,2017,431,1135,251,10,20,0,14,11,17,76,74,0,14,17,26,95,84,379,168,154,93,82,71,167,98,79,65,65,61,882,311,10,19,0,14,9,18,0,14,0,14,41,53,228,220,212,106,118,78,44,52,65,50,122,118,33,45
1400000US06037224020,2983,613,1112,324,486,165,10,15,20,24,92,78,44,42,11,18,0,14,55,50,49,45,49,53,51,42,103,48,2,5,0,14,626,231,0,14,0,14,21,25,32,29,22,35,25,42,212,140,41,42,138,144,44,48,79,52,0,14,12,28,1871,584,956,313,119,133,0,14,50,49,35,33,20,31,29,49,137,70,153,75,61,54,123,95,171,115,55,3,3,7,915,320,132,136,0,14,40,48,13,20,0,14,17,29,159,108,118,103,81,56,214,97,43,43,76,28,22,26
1400000US06037224200,2171,528,354,240,125,102,0,14,0,14,19,31,10,14,0,14,54,86,0,14,3,3,9,13,4,3,2,16,8,6,16,25,229,143,0,14,0,14,10,15,6,9,0,14,24,32,23,30,19,19,10,16,104,119,4,3,4,3,25,27,1817,480,1109,316,27,34,0,14,43,40,56,75,0,14,76,60,98,91,187,76,292,105,148,102,100,51,47,38,35,33,708,181,27,31,0,14,87,95,12,17,0,14,0,14,95,72,113,55,66,42,106,68,116,58,57,41,29,31
1400000US06037224310,1723,204,354,155,167,153,0,14,0,14,0,14,0,14,24,38,0,14,23,37,34,52,11,14,47,76,9,13,0,14,19,31,187,87,3,4,0,14,19,28,3,6,0,14,0,14,33,30,7,11,12,14,46,56,25,31,13,23,26,25,1369,285,873,209,0,14,0,14,84,76,24,27,36,40,0,14,92,89,189,118,131,87,164,101,82,57,71,42,0,14,496,136,0,14,0,14,41,67,19,32,0,14,54,63,30,26,50,35,32,32,152,63,96,53,0,14,22,31
1400000US06037224320,3867,736,1414,624,588,231,26,42,18,27,105,100,0,14,0,14,0,14,0,14,118,84,108,147,41,44,38,43,58,59,76,117,826,420,26,45,90,141,157,148,24,39,0,14,0,14,0,14,228,151,55,50,21,30,67,59,40,38,118,120,2453,484,1309,294,29,48,30,47,0,14,63,73,0,14,34,57,185,124,418,174,144,111,195,124,127,77,73,50,11,17,1144,284,99,114,0,14,88,79,36,58,0,14,6,10,234,119,173,83,95,80,176,88,114,64,28,31,95,72
1400000US06037224410,2612,477,981,354,688,307,20,30,0,14,33,30,0,14,28,32,0,14,361,256,102,91,43,47,4,19,0,14,17,25,80,122,293,178,21,38,0,14,3,20,4,19,0,14,0,14,129,102,15,26,72,50,30,33,3,17,16,24,0,14,1631,413,752,229,79,77,0,14,50,57,26,41,14,22,0,14,74,52,157,78,127,74,76,64,93,77,24,26,32,43,879,277,22,29,0,14,46,47,33,50,0,14,64,52,93,59,286,144,53,57,73,46,46,38,100,94,63,61
1400000US06037224420,1828,327,663,197,289,119,17,25,0,14,18,27,13,20,0,14,0,14,46,37,3,5,0,14,10,18,91,64,91,105,0,14,374,131,18,26,0,14,0,14,12,19,0,14,5,8,37,29,33,30,29,30,81,68,72,43,48,37,39,29,1165,339,498,140,11,16,0,14,22,18,16,17,0,14,0,14,35,36,70,48,97,62,74,36,118,67,35,34,20,18,667,275,7,11,13,20,19,22,25,31,6,10,23,27,47,40,83,57,171,131,149,108,87,60,33,28,4,6
1400000US06037224600,2908,410,644,205,350,127,0,14,0,14,47,30,40,29,3,6,15,22,26,27,17,20,54,70,62,48,81,53,5,12,0,14,294,124,25,25,0,14,28,27,0,14,0,14,20,21,42,27,39,46,6,10,68,70,52,64,8,12,6,10,2264,393,1145,250,76,50,8,14,64,46,39,35,15,23,46,34,55,42,193,79,174,64,248,113,120,61,68,44,39,39,1119,220,37,38,20,29,130,98,35,33,10,11,0,14,189,71,192,73,117,60,138,60,139,63,63,34,49,36
1400000US06037224701,927,123,415,143,297,130,0,14,0,14,0,14,0,14,0,14,0,14,263,133,34,27,0,14,0,14,0,14,0,14,0,14,118,63,0,14,0,14,0,14,0,14,0,14,0,14,50,35,68,54,0,14,0,14,0,14,0,14,0,14,512,142,301,122,11,16,0,14,0,14,0,14,0,14,0,14,80,46,144,65,36,40,21,10,0,14,9,12,0,14,211,64,0,14,0,14,0,14,0,14,0,14,0,14,68,42,93,46,19,23,14,2,9,14,8,9,0,14
1400000US06037224702,1696,300,1418,304,931,316,0,14,0,14,0,14,0,14,0,14,0,14,900,315,22,33,0,14,0,14,9,14,0,14,0,14,487,256,0,14,0,14,0,14,0,14,0,14,0,14,386,220,63,71,0,14,0,14,0,14,38,54,0,14,278,126,95,54,0,14,0,14,0,14,0,14,0,14,0,14,14,16,39,34,13,20,9,15,13,20,7,11,0,14,183,103,0,14,0,14,0,14,0,14,12,19,0,14,105,79,25,37,12,19,22,24,0,14,7,11,0,14
1400000US06037226001,1974,366,712,299,423,218,58,52,41,68,60,72,45,39,20,22,16,24,6,12,59,73,39,38,51,51,9,15,19,24,0,14,289,116,16,27,0,14,43,38,0,14,0,14,8,11,15,23,107,76,51,43,32,36,6,12,11,19,0,14,1262,279,650,168,10,19,0,14,35,39,27,24,0,14,22,27,86,43,84,62,92,62,166,128,102,49,0,14,26,39,612,186,0,14,13,20,15,23,34,45,15,19,13,15,116,92,178,98,53,39,79,61,75,47,0,14,21,31
1400000US06037226002,1898,435,591,416,251,139,0,14,0,14,0,14,0,14,0,14,0,14,53,82,30,41,84,98,10,16,34,30,40,63,0,14,340,322,0,14,0,14,61,93,0,14,69,105,0,14,29,37,0,14,86,113,18,29,62,71,15,23,0,14,1307,279,697,181,0,14,0,14,0,14,0,14,0,14,18,28,27,30,222,101,259,126,118,63,23,26,22,22,8,12,610,188,29,31,0,14,14,22,0,14,0,14,0,14,147,104,180,105,124,83,67,51,29,47,20,30,0,14
1400000US06037226410,3299,408,1119,386,625,249,79,67,0,14,91,73,87,53,8,13,18,21,82,55,12,13,138,86,36,31,39,29,17,26,18,26,494,181,24,29,0,14,100,61,27,26,8,13,8,13,43,48,49,49,111,65,25,23,6,10,83,52,10,15,2180,370,1167,225,51,40,27,29,113,54,75,55,28,26,22,19,159,68,178,72,163,75,117,58,152,82,44,37,38,30,1013,198,27,28,0,14,59,40,65,41,78,51,55,39,106,55,152,54,201,67,122,52,86,41,51,36,11,17
1400000US06037226420,4837,730,1139,433,580,255,60,53,18,29,62,58,55,46,29,35,19,32,75,61,66,65,86,81,62,51,19,32,0,14,29,45,559,219,66,54,23,35,22,33,19,30,0,14,0,14,57,48,62,54,113,58,79,64,53,44,46,63,19,19,3698,720,2132,473,48,43,82,71,155,92,120,77,46,27,101,57,231,109,285,134,318,121,277,98,284,137,122,80,63,54,1566,329,17,28,26,31,125,94,114,90,16,25,7,13,89,54,212,106,265,103,165,73,257,88,187,78,86,50
1400000US06037226701,2287,254,728,288,364,156,0,14,29,33,12,17,71,41,17,26,11,16,49,52,0,14,68,58,35,42,64,47,0,14,8,17,364,156,0,14,0,14,22,36,61,62,30,43,19,27,45,45,31,30,108,67,27,41,0,14,10,19,11,20,1559,369,829,202,92,70,0,14,35,45,26,26,11,14,8,15,84,61,167,79,78,50,95,62,171,62,58,49,4,11,730,191,62,56,2,9,27,28,12,15,10,13,0,14,99,79,191,84,47,41,91,55,71,49,92,43,26,24
1400000US06037226702,3658,1079,1023,625,513,307,6,12,0,14,71,59,40,55,0,14,0,14,15,24,185,209,126,78,0,14,27,33,41,50,2,13,510,337,0,14,17,22,23,27,13,20,19,27,28,44,0,14,156,189,27,29,95,88,57,85,75,82,0,14,2635,842,1450,437,49,38,0,14,133,134,36,32,44,30,52,35,133,85,438,293,121,66,178,78,156,141,38,34,72,69,1185,471,40,36,14,20,113,73,77,45,0,14,0,14,110,69,361,314,96,56,145,70,182,153,40,36,7,13
1400000US06037227010,3932,802,1098,466,501,261,0,14,35,48,125,98,24,32,0,14,34,52,0,14,64,96,97,85,99,98,23,37,0,14,0,14,597,268,59,63,0,14,25,34,36,63,0,14,0,14,46,72,54,55,114,77,71,60,116,79,53,36,23,31,2834,825,1606,550,0,14,0,14,86,77,86,83,29,44,11,18,347,216,220,131,188,123,264,149,142,81,218,270,15,18,1228,343,38,58,28,43,105,72,89,66,0,14,13,31,170,82,123,87,272,215,152,74,195,114,22,38,21,26
1400000US06037227020,3173,676,496,246,259,153,42,59,0,14,0,14,35,40,17,24,27,29,0,14,17,27,9,17,31,35,56,61,25,31,0,14,237,128,42,43,0,14,27,42,16,27,0,14,0,14,32,34,50,48,14,23,17,26,34,32,5,10,0,14,2677,715,1216,311,85,81,48,71,72,37,24,23,14,22,68,80,184,67,173,89,178,74,95,55,139,44,87,44,49,30,1461,436,75,39,0,14,65,75,99,57,21,32,76,39,185,150,215,107,229,127,163,67,137,81,157,67,39,42
1400000US06037228100,4115,929,1004,501,474,319,0,14,0,14,37,58,0,14,0,14,34,53,75,75,35,53,37,59,25,43,61,74,170,195,0,14,530,272,0,14,0,14,0,14,0,14,0,14,35,56,236,211,13,22,0,14,0,14,161,88,85,75,0,14,3111,808,1461,405,97,145,0,14,83,93,144,115,0,14,75,65,119,100,301,167,108,95,226,141,243,143,54,55,11,17,1650,540,7,21,0,14,125,77,8,14,0,14,64,62,284,211,436,257,161,105,138,78,173,104,122,115,132,110
1400000US06037228210,3579,507,701,277,359,172,16,26,15,24,17,23,0,14,32,31,48,52,5,8,26,27,27,31,40,36,100,67,22,22,11,16,342,136,0,14,0,14,33,51,29,34,0,14,38,40,0,14,65,57,7,10,37,40,91,76,15,11,27,22,2878,574,1221,266,34,32,0,14,112,56,32,38,40,37,59,51,197,96,155,82,199,92,168,96,128,80,62,38,35,32,1657,350,128,83,9,14,128,88,126,88,41,52,35,30,202,82,224,82,179,57,197,65,194,108,125,52,69,50
1400000US06037228220,4565,635,1304,455,602,222,52,52,13,20,51,58,26,29,18,29,22,28,84,52,64,56,99,72,48,43,84,58,41,57,0,14,702,267,52,60,0,14,76,56,44,43,29,35,0,14,71,52,148,94,68,55,82,47,115,65,3,4,14,20,3261,600,1659,318,52,46,15,23,210,126,82,52,15,23,111,68,222,75,176,86,125,51,338,133,134,74,126,51,53,60,1602,383,59,54,0,14,178,93,46,40,19,25,70,54,236,106,233,114,272,87,212,138,130,67,113,52,34,31
1400000US06037228310,4470,517,1186,440,476,188,18,28,0,14,63,63,18,29,40,55,0,14,29,31,56,58,140,97,52,60,0,14,1,3,59,58,710,285,14,22,63,60,0,14,118,78,0,14,80,71,54,60,81,79,103,66,71,52,44,43,82,66,0,14,3284,602,1748,385,79,77,0,14,263,121,97,81,58,62,0,14,146,79,286,98,344,224,242,123,154,87,77,57,2,4,1536,350,48,56,0,14,245,160,87,99,53,80,0,14,165,86,212,94,280,132,177,92,195,85,12,19,62,56
1400000US06037228320,3166,680,661,328,308,182,0,14,0,14,0,14,25,32,0,14,114,100,19,23,28,31,42,42,73,64,7,13,0,14,0,14,353,159,0,14,0,14,73,72,12,20,11,18,5,10,26,24,16,27,39,39,120,72,7,12,44,54,0,14,2505,794,1370,513,41,50,8,13,96,47,186,159,31,43,32,50,161,98,203,101,352,128,72,44,128,72,43,52,17,20,1135,317,32,29,0,14,204,110,116,54,11,18,3,5,56,45,133,83,311,130,69,50,113,59,62,58,25,30
1400000US06037228410,3111,513,607,282,259,133,11,20,22,32,46,64,31,34,22,32,0,14,13,22,21,33,9,12,43,32,6,9,35,29,0,14,348,161,0,14,21,34,54,51,21,30,0,14,0,14,52,59,19,30,73,51,25,29,19,23,37,39,27,25,2504,505,1228,238,54,38,20,23,100,56,82,56,10,11,40,30,75,42,225,97,238,101,168,81,155,76,40,25,21,27,1276,339,9,16,10,16,91,55,48,35,18,21,65,95,252,133,178,64,166,62,234,111,116,56,77,43,12,13
1400000US06037228420,2761,525,533,257,205,120,0,14,0,14,0,14,29,31,31,45,0,14,56,59,24,24,19,21,12,19,7,12,27,28,0,14,328,147,0,14,0,14,68,63,0,14,0,14,10,17,21,27,90,69,50,54,50,36,31,26,8,11,0,14,2228,403,1278,287,27,29,0,14,85,51,72,51,7,10,51,40,231,112,288,118,143,57,194,96,142,80,31,24,7,11,950,173,31,50,15,21,46,42,14,22,30,34,62,49,79,47,182,71,66,38,259,91,117,39,23,21,26,33
1400000US06037228500,4651,844,1944,917,673,294,81,80,27,39,50,51,50,49,26,34,55,55,70,61,46,56,193,131,42,57,8,13,25,37,0,14,1271,734,98,88,0,14,124,148,30,40,96,127,136,178,94,87,290,180,250,142,119,60,8,12,20,38,6,10,2707,489,1409,294,66,64,0,14,45,55,101,74,0,14,57,65,182,117,242,96,258,129,267,109,99,69,52,52,40,48,1298,271,81,69,0,14,22,26,41,39,0,14,49,46,224,90,211,114,128,82,234,85,120,68,188,89,0,14
1400000US06037228600,4863,932,1026,430,384,207,43,54,0,14,27,36,18,31,68,59,0,14,59,54,44,53,60,59,34,45,31,47,0,14,0,14,642,272,15,28,26,39,101,86,94,78,5,7,59,58,70,72,44,36,88,65,56,58,84,81,0,14,0,14,3837,880,1950,566,166,149,9,20,70,70,30,46,33,45,103,91,154,91,226,94,415,147,308,119,161,88,272,168,3,17,1887,460,102,47,0,14,127,53,66,59,46,51,120,67,257,115,327,153,231,119,287,77,159,80,115,129,50,55
1400000US06037228710,4072,668,882,483,368,201,67,99,0,14,0,14,10,18,0,14,0,14,73,93,52,59,25,32,30,46,61,64,14,22,36,45,514,327,93,105,0,14,11,18,0,14,58,90,0,14,67,89,19,24,82,71,81,86,74,56,29,34,0,14,3190,708,1478,484,94,78,0,14,122,93,65,63,32,42,11,18,145,101,351,210,305,122,152,74,164,95,23,25,14,23,1712,332,73,72,15,27,187,104,188,156,10,16,82,60,109,67,387,199,223,105,107,65,215,107,83,52,33,41
1400000US06037228720,4748,631,1051,366,632,237,86,71,0,14,81,54,51,49,36,42,32,37,82,59,39,29,36,43,36,44,75,56,50,37,28,44,419,174,21,28,8,14,59,51,0,14,21,33,15,28,38,41,16,27,98,68,57,56,22,25,50,32,14,23,3697,724,1997,459,197,102,12,19,60,50,44,43,30,25,83,59,245,85,542,191,292,178,212,79,140,66,134,59,6,9,1700,312,127,88,51,37,85,57,107,64,18,24,0,14,163,65,400,124,152,79,324,118,157,121,101,66,15,24
1400000US06037228800,5503,726,1137,641,636,399,30,33,43,50,126,111,93,113,1,19,19,31,64,65,59,68,98,77,60,70,43,52,0,19,0,19,501,282,98,82,0,19,27,29,1,20,21,32,31,40,61,74,49,71,136,106,30,47,37,33,0,19,10,15,4366,780,2495,561,124,74,17,28,152,103,16,28,0,19,79,72,461,225,608,270,244,123,264,152,427,194,40,37,63,64,1871,388,121,96,0,19,112,75,20,34,103,82,87,88,343,156,227,100,198,113,260,116,238,106,106,64,56,71
1400000US06037228900,3410,518,993,411,294,155,38,58,32,30,16,18,9,14,0,14,30,46,53,84,16,25,23,28,33,53,13,22,4,8,27,31,699,291,40,38,0,14,66,55,61,68,0,14,55,61,84,106,51,52,85,68,57,61,18,28,81,84,101,79,2417,543,1046,283,73,76,42,57,87,78,27,41,25,28,38,47,138,89,261,123,26,43,170,93,67,48,34,34,58,50,1371,320,76,77,48,66,131,113,8,14,0,14,75,80,92,86,355,125,106,70,154,105,274,108,22,24,30,31
1400000US06037229100,4378,593,903,344,476,223,0,14,11,16,98,85,73,53,28,31,43,43,41,37,18,22,87,63,57,46,20,34,0,14,0,14,427,169,16,27,0,14,44,40,43,49,0,14,5,9,36,44,51,49,71,49,40,35,54,54,56,64,11,20,3475,617,1770,314,24,29,17,28,143,98,86,68,6,12,61,42,251,88,336,107,178,95,325,104,283,148,47,33,13,19,1705,366,98,89,0,14,144,94,55,42,12,17,28,36,223,102,355,141,208,95,230,90,183,60,119,110,50,35
1400000US06037229200,4318,914,1300,585,431,259,78,104,0,14,65,91,48,78,36,57,47,85,35,56,0,14,53,53,37,59,0,14,22,35,10,17,869,348,0,14,0,14,166,111,74,72,0,14,19,29,123,86,0,14,297,139,50,59,9,13,59,89,72,88,3018,744,1782,565,18,32,23,37,136,121,114,115,35,34,44,42,218,211,312,134,432,210,183,105,125,46,142,116,0,14,1236,332,104,76,0,14,94,58,117,113,17,28,42,70,104,69,151,70,158,78,202,100,72,64,142,120,33,47
1400000US06037229300,5599,855,1446,512,648,270,43,49,20,34,134,78,42,45,19,33,19,32,44,47,71,60,105,109,69,57,51,56,20,26,11,19,798,329,65,79,0,19,66,67,53,59,30,46,71,63,88,68,79,70,158,82,72,57,74,53,0,19,42,46,4153,829,2383,490,199,145,0,19,230,109,33,39,28,34,97,79,303,186,612,237,188,102,357,165,249,129,80,55,7,15,1770,487,96,111,27,38,146,102,27,38,0,19,146,121,109,77,386,160,246,146,268,133,244,129,68,40,7,17
1400000US06037229410,3769,1043,903,300,469,171,41,50,9,16,129,78,34,33,0,14,40,37,38,42,24,32,112,66,13,18,9,15,20,28,0,14,434,168,42,39,22,32,53,45,27,28,0,14,13,20,0,14,68,49,106,53,9,16,56,48,17,24,21,22,2866,1065,1584,581,211,203,5,8,95,61,67,55,21,26,33,42,160,100,415,315,149,48,226,84,90,57,75,45,37,44,1282,509,121,170,0,14,164,97,4,14,7,10,116,129,141,63,230,144,183,75,112,65,110,50,86,26,8,14
1400000US06037229420,4768,695,1156,586,518,269,84,74,0,14,89,74,53,58,0,14,25,42,147,121,6,9,35,30,56,58,23,42,0,14,0,14,638,347,83,77,0,14,76,86,79,80,14,23,55,51,26,24,100,67,55,51,25,46,74,53,31,41,20,33,3612,811,2173,540,207,165,0,14,189,139,69,72,44,49,60,64,328,160,521,229,181,96,408,148,135,61,31,40,0,14,1439,338,4,7,0,14,80,76,151,64,6,9,58,52,255,160,153,101,182,92,303,118,127,68,0,14,120,58
1400000US06037231100,2785,418,841,268,595,158,13,20,0,14,7,10,6,14,16,25,0,14,63,47,101,81,180,125,67,73,43,37,83,84,16,45,246,179,0,14,0,14,0,14,7,11,0,14,0,14,111,159,33,30,74,63,0,14,2,8,19,25,0,14,1944,444,928,239,21,24,0,14,53,51,39,60,14,21,0,14,119,77,232,94,141,78,147,80,125,65,7,11,30,45,1016,281,85,51,24,38,53,62,33,37,0,14,72,47,113,88,230,100,61,44,89,68,198,104,19,19,39,37
1400000US06037231210,3976,560,1542,536,786,375,70,64,21,31,120,138,31,48,0,14,20,28,109,73,31,46,150,106,49,52,113,164,52,60,20,32,756,267,84,72,0,14,61,59,73,71,0,14,32,46,70,62,153,89,76,69,141,101,36,38,28,46,2,6,2434,469,1011,235,34,33,0,14,70,44,42,51,0,14,58,77,94,70,194,99,180,89,108,72,153,87,68,83,10,17,1423,359,57,62,0,14,114,91,163,98,0,14,23,37,85,64,224,138,205,79,243,148,62,53,215,121,32,33
1400000US06037231220,4274,854,1158,402,658,274,89,88,0,14,80,72,21,26,19,25,26,27,131,99,93,94,93,58,20,26,0,14,40,44,46,45,500,221,64,62,16,29,130,107,0,14,7,15,0,14,59,53,29,39,40,34,14,21,80,65,33,48,28,33,3116,830,1610,539,129,84,8,15,256,169,134,108,0,14,39,50,209,154,220,140,292,149,46,39,62,55,50,58,165,90,1506,395,52,88,18,30,139,105,0,14,3,9,97,76,100,70,319,131,202,121,203,135,132,86,100,69,141,100
1400000US06037231301,2843,423,597,251,242,138,22,25,0,14,14,20,0,14,0,14,26,28,102,92,1,5,19,24,0,14,39,42,9,13,10,18,355,158,15,22,0,14,61,48,28,29,15,24,14,18,52,78,22,29,63,35,34,35,19,21,19,30,13,17,2246,385,1109,261,23,30,0,14,99,56,4,10,0,14,14,21,94,52,254,114,209,153,191,97,147,71,25,32,49,44,1137,208,129,93,16,26,46,35,21,22,6,11,15,24,116,62,275,107,114,62,134,57,104,56,95,31,66,47
1400000US06037231302,2933,649,584,211,247,133,0,14,0,14,21,33,21,24,26,23,0,14,0,14,48,51,26,34,21,32,18,23,15,16,51,45,337,136,41,45,0,14,0,14,46,37,0,14,0,14,22,38,66,50,19,30,54,47,56,42,33,30,0,14,2349,718,1397,546,141,157,23,32,102,116,48,44,56,88,22,20,105,69,249,86,291,208,67,50,123,68,104,59,66,51,952,242,65,50,0,14,59,49,10,17,10,16,23,37,85,49,122,68,177,113,114,58,172,103,65,39,50,37
1400000US06037231400,4633,712,1188,524,565,228,49,60,13,21,44,62,0,14,25,38,45,45,24,37,13,21,35,48,67,105,102,97,139,137,9,15,623,363,0,14,0,14,45,55,66,48,36,38,0,14,25,41,43,47,192,186,27,44,121,150,30,30,38,33,3445,638,1650,337,71,98,0,14,65,62,58,72,12,22,109,88,136,59,331,160,191,92,316,132,269,146,61,60,31,26,1795,392,11,19,32,47,105,82,35,49,41,65,5,10,158,86,250,133,114,56,403,134,285,147,176,86,180,105
1400000US06037231500,5007,706,902,369,359,181,0,19,0,19,16,28,43,50,0,19,77,56,15,25,31,49,56,59,54,52,21,35,37,54,9,16,543,258,0,19,79,81,0,19,0,19,103,97,0,19,35,52,26,33,153,100,0,19,73,58,51,48,23,32,4105,866,1709,466,44,68,17,29,96,105,32,44,0,19,108,117,94,68,324,144,274,107,209,125,307,138,128,62,76,51,2396,573,160,129,0,19,59,69,22,40,13,28,56,82,265,179,439,207,356,168,339,152,284,134,218,74,185,74
1400000US06037231601,2299,580,347,152,216,139,0,14,0,14,0,14,0,14,0,14,0,14,0,14,5,10,37,37,45,47,112,124,0,14,17,28,131,90,0,14,0,14,17,25,10,16,0,14,13,19,0,14,29,30,0,14,17,21,26,26,16,23,3,9,1952,546,888,246,48,51,5,10,63,49,34,37,0,14,22,28,93,97,168,85,121,82,178,74,91,64,47,27,18,26,1064,339,74,119,17,25,41,47,0,14,7,12,7,12,193,109,138,83,99,43,84,61,280,180,83,38,41,36
1400000US06037231602,1874,341,334,170,125,88,0,14,17,28,0,14,0,14,0,14,48,42,9,17,0,14,0,14,10,22,32,33,0,14,9,14,209,97,0,14,15,22,24,34,17,29,0,14,0,14,9,17,16,27,34,34,20,26,21,24,28,33,25,30,1540,325,749,176,9,15,0,14,26,27,0,14,21,23,12,17,87,46,184,91,128,72,133,61,77,54,31,30,41,34,791,179,32,30,0,14,93,70,0,14,0,14,0,14,137,72,57,43,94,33,93,67,122,57,103,115,60,47
1400000US06037231603,2919,485,997,411,399,188,46,51,13,24,22,29,25,41,12,23,0,14,46,29,64,82,79,50,32,39,37,44,23,26,0,14,598,279,23,37,0,14,116,135,71,68,0,14,62,43,28,34,128,120,28,24,40,45,42,37,35,39,25,39,1922,354,1004,182,26,34,0,14,61,51,102,83,14,21,29,29,86,92,187,73,119,60,149,82,74,34,147,70,10,18,918,221,51,33,29,38,181,97,24,31,8,13,13,22,27,25,147,75,163,74,85,48,118,58,72,45,0,14
1400000US06037231710,4173,739,1126,434,546,246,36,45,0,14,221,139,0,14,11,17,58,84,0,14,70,63,55,52,38,52,23,36,31,39,3,6,580,227,76,63,0,14,77,56,52,59,0,14,0,14,0,14,130,68,60,53,91,73,38,46,37,42,19,30,3047,745,1605,423,63,59,28,32,69,73,63,58,28,45,101,84,169,75,442,184,154,90,330,148,88,67,67,50,3,10,1442,403,26,41,0,14,50,62,59,54,0,14,12,19,135,124,361,176,228,110,189,137,187,110,185,97,10,20
1400000US06037231720,5078,803,1720,668,769,356,109,116,0,19,111,113,75,72,86,95,78,71,99,84,39,44,23,38,10,18,70,63,39,43,30,35,951,368,108,109,32,37,61,71,58,68,0,19,23,34,102,104,179,96,125,88,68,66,90,66,44,49,61,50,3358,663,1861,398,142,91,41,37,198,131,90,98,0,19,24,40,138,79,292,124,286,129,212,133,212,99,171,199,55,53,1497,352,60,61,28,44,49,56,32,42,0,19,9,16,257,117,296,146,212,106,254,120,45,44,171,68,84,64
1400000US06037231800,4995,809,1450,494,655,266,35,45,0,14,75,53,93,66,72,71,7,10,92,104,34,36,95,41,152,132,0,14,0,14,0,14,795,290,47,59,8,14,86,66,27,29,0,14,92,102,78,71,62,72,241,125,48,80,80,60,3,6,23,36,3545,740,2031,432,101,99,10,17,53,59,125,73,6,9,20,35,306,107,381,178,375,172,317,110,215,106,63,48,59,55,1514,480,44,47,23,35,145,74,27,33,119,116,9,16,132,109,185,108,206,126,274,123,223,114,113,80,14,22
1400000US06037231901,2721,880,404,170,235,126,43,60,0,14,33,29,0,14,0,14,0,14,4,9,41,35,17,23,65,44,14,21,0,14,18,20,169,84,15,23,0,14,13,21,0,14,0,14,0,14,12,19,0,14,45,39,0,14,26,36,30,44,28,23,2317,895,1267,542,24,35,0,14,7,12,63,56,0,14,34,45,64,37,280,155,333,210,272,283,142,112,35,29,13,22,1050,385,54,59,0,14,36,29,73,46,3,8,29,35,117,56,66,52,257,171,192,165,157,101,52,34,14,19
1400000US06037231902,2877,464,1013,429,462,185,36,41,0,14,65,59,22,26,25,39,41,67,71,61,0,14,15,25,109,62,50,43,5,11,23,35,551,284,92,100,4,17,92,91,15,23,0,14,51,48,23,25,67,50,108,79,0,14,77,58,22,27,0,14,1864,321,916,219,36,35,60,51,53,52,30,29,0,14,10,18,88,55,185,79,152,105,137,69,116,107,38,31,11,20,948,226,78,60,0,14,8,12,52,43,10,17,48,37,95,86,195,70,118,48,151,62,90,51,85,76,18,20
1400000US06037232110,3313,482,717,223,307,108,25,27,0,14,13,16,46,36,0,14,0,14,0,14,44,66,67,54,39,36,53,38,20,22,0,14,410,134,0,14,10,16,99,58,17,27,13,20,0,14,35,32,49,39,89,51,11,17,63,38,0,14,24,30,2596,486,1352,288,202,127,2,6,108,81,46,49,16,22,35,27,89,34,211,92,195,71,210,114,145,39,38,35,55,35,1244,254,22,23,58,65,49,33,58,57,32,35,35,26,160,77,157,66,236,110,156,53,207,103,31,26,43,23
1400000US06037232120,5061,763,1093,359,489,200,26,41,14,22,23,37,0,19,25,30,48,50,117,86,35,53,65,62,1,9,78,72,57,67,0,19,604,226,15,24,36,54,59,65,36,55,12,19,37,35,0,19,100,84,161,101,68,74,44,64,0,19,36,40,3968,769,1990,520,46,53,37,60,297,172,5,12,89,73,106,96,187,87,441,222,278,132,187,115,263,153,49,51,5,22,1978,498,84,78,26,39,367,154,134,116,24,36,67,58,284,136,245,149,144,84,282,195,247,103,61,45,13,23
1400000US06037232200,3429,514,728,291,233,158,25,33,0,14,0,14,0,14,5,9,0,14,43,46,67,56,38,32,21,29,34,32,0,14,0,14,495,170,81,60,17,25,44,47,0,14,0,14,25,29,0,14,95,71,96,70,73,54,8,12,45,40,11,19,2701,592,1609,394,38,42,25,34,105,60,41,27,0,14,47,47,160,90,317,202,329,110,272,202,146,63,97,70,32,44,1092,259,22,31,0,14,56,51,52,70,0,14,76,61,80,49,155,89,164,65,108,58,120,57,193,123,66,45
1400000US06037232300,4594,620,876,412,335,211,26,40,0,14,81,72,0,14,21,35,0,14,0,14,23,36,41,62,0,14,67,60,26,41,50,55,541,232,24,37,0,14,24,37,40,59,0,14,0,14,12,20,188,127,34,41,46,46,87,72,51,51,35,51,3718,661,1777,386,94,96,21,37,180,131,215,160,0,14,15,24,84,54,239,140,320,173,313,139,160,109,119,94,17,26,1941,385,207,161,34,56,168,99,84,82,28,32,28,44,265,136,284,142,297,135,207,129,114,96,138,77,87,58
1400000US06037232401,3853,770,681,227,283,124,31,34,0,14,9,14,23,29,0,14,24,28,17,27,23,24,11,17,19,24,126,111,0,14,0,14,398,144,12,21,17,25,5,8,0,14,0,14,18,28,79,46,81,53,103,84,6,9,45,58,25,27,7,11,3172,746,1676,430,63,58,0,14,71,36,72,43,22,26,7,13,282,208,290,119,239,126,136,83,329,180,124,106,41,30,1496,377,97,120,0,14,75,48,77,48,47,39,110,155,131,86,174,86,231,75,258,144,148,70,148,56,0,14
1400000US06037232402,3128,406,874,389,437,191,39,52,20,32,16,26,36,40,0,14,17,26,20,31,5,17,168,130,27,32,43,43,41,43,5,20,437,250,72,74,0,14,38,44,56,50,0,14,10,16,41,45,28,35,83,70,18,28,10,16,35,24,46,43,2254,415,1029,214,0,14,16,27,42,48,11,18,14,24,12,17,133,98,136,89,161,102,181,96,126,62,104,54,93,76,1225,269,53,49,36,40,36,28,16,27,40,44,40,44,47,49,284,119,134,69,150,71,209,86,143,79,37,33
1400000US06037232500,4841,758,1090,420,555,353,58,70,0,14,75,79,0,14,45,52,16,25,9,23,0,14,122,108,98,148,61,60,47,61,24,37,535,207,0,14,0,14,0,14,0,14,0,14,8,24,42,48,79,70,79,72,124,102,105,77,70,58,28,28,3751,806,1979,496,59,79,0,14,119,127,56,71,79,112,156,144,111,91,415,156,389,186,163,108,213,118,132,65,87,66,1772,413,98,83,0,14,242,159,21,31,0,14,40,46,134,97,298,138,332,162,152,97,276,118,63,52,116,66
1400000US06037232601,1846,251,134,88,79,61,0,14,0,14,0,14,0,14,0,14,0,14,0,14,19,35,24,31,23,35,10,15,3,12,0,14,55,45,0,14,0,14,0,14,0,14,0,14,0,14,0,14,0,14,34,34,0,14,21,33,0,14,0,14,1712,295,802,143,73,70,11,18,96,66,91,52,25,33,0,14,65,62,107,70,64,65,153,62,82,60,30,39,5,8,910,214,0,14,0,14,33,35,57,60,0,14,34,30,196,107,113,61,146,83,56,37,116,65,115,63,44,47
1400000US06037232602,5364,808,1027,374,627,291,46,76,41,68,23,39,0,19,10,16,39,65,98,87,106,97,113,100,53,63,77,69,21,24,0,19,400,212,38,63,0,19,61,90,0,19,0,19,0,19,32,51,12,18,71,75,81,82,105,84,0,19,0,19,4337,825,1987,420,82,106,28,26,197,130,111,86,15,25,21,27,264,128,333,134,97,71,442,167,296,130,52,72,49,75,2350,567,95,101,64,51,279,225,142,115,22,34,77,64,214,133,323,123,255,114,322,163,244,129,82,70,231,121
1400000US06037232701,2271,497,212,93,83,69,0,14,0,14,0,14,0,14,0,14,6,15,0,14,0,14,24,32,18,27,17,22,0,14,18,28,129,115,0,14,0,14,0,14,0,14,0,14,0,14,4,12,28,25,16,48,15,24,35,74,31,36,0,14,2059,503,1058,227,87,70,0,14,86,78,0,14,41,41,17,30,132,87,199,73,146,107,118,59,169,91,44,36,19,28,1001,317,19,29,0,14,73,51,112,99,11,13,17,29,128,100,142,74,167,118,154,47,79,41,69,27,30,26
1400000US06037232702,4529,895,971,377,498,191,0,14,14,23,9,13,9,13,17,26,0,14,102,98,118,102,81,66,57,55,51,47,20,51,20,48,473,234,33,54,0,14,63,60,19,29,16,24,0,14,11,16,104,67,62,56,67,75,23,25,7,11,68,73,3558,831,1603,457,0,14,43,52,122,104,46,45,34,36,0,14,118,83,316,183,322,172,315,130,172,97,115,88,0,14,1955,454,179,130,6,10,132,122,156,91,0,14,0,14,202,107,222,110,267,139,162,88,415,99,19,29,195,130
1400000US06037232800,3740,713,884,337,453,191,5,8,0,14,18,19,15,22,15,25,19,34,92,77,35,32,38,43,77,81,108,71,24,37,7,11,431,186,17,25,0,14,85,73,27,40,27,38,18,27,3,13,11,14,33,38,66,59,37,34,72,55,35,38,2856,683,1486,438,51,48,20,31,129,106,28,36,21,24,20,34,130,71,397,117,258,114,201,149,134,91,90,57,7,11,1370,335,147,109,3,10,102,72,58,53,0,14,54,58,213,106,270,118,145,69,183,106,130,56,53,50,12,20
1400000US06037234001,2516,544,152,81,110,75,0,14,0,14,9,15,0,14,0,14,0,14,9,14,3,7,0,14,0,14,6,11,52,62,31,49,42,28,0,14,0,14,0,14,0,14,0,14,0,14,0,14,6,10,16,18,0,14,0,14,7,12,13,15,2364,560,1130,371,98,79,0,14,49,34,8,12,0,14,55,75,207,126,105,74,100,56,220,102,105,50,70,48,113,103,1234,238,12,14,5,8,46,47,28,32,0,14,17,21,79,67,155,89,209,92,159,90,228,94,117,78,179,90
1400000US06037234002,2728,454,599,157,212,69,0,14,7,12,21,22,14,21,0,14,7,11,20,23,9,15,39,42,19,30,17,19,28,32,31,33,387,113,14,21,0,14,44,50,0,14,7,11,38,42,38,41,25,26,49,36,74,58,76,46,17,27,5,9,2129,432,1101,287,46,37,32,52,52,70,36,36,0,14,34,34,36,45,165,96,197,91,201,103,209,90,73,62,20,24,1028,248,38,62,13,23,46,42,0,14,0,14,0,14,32,25,199,122,175,101,113,64,126,57,155,80,131,80
1400000US06037234200,2381,426,311,180,129,85,0,14,0,14,10,22,0,14,0,14,10,22,0,14,0,14,0,14,0,14,109,71,0,14,0,14,182,134,0,14,0,14,0,14,0,14,0,14,0,14,0,14,32,51,0,14,43,53,3,11,102,100,2,5,2070,428,798,213,53,54,0,14,37,38,14,21,0,14,14,21,77,75,100,67,192,80,110,55,62,44,62,61,77,40,1272,276,62,93,20,35,41,45,86,75,14,21,44,41,18,32,177,98,112,66,184,73,212,107,105,55,197,66
1400000US06037234301,1984,435,396,200,119,85,76,75,0,14,0,14,0,14,0,14,0,14,0,14,0,14,32,39,0,14,0,14,0,14,11,13,277,150,34,60,0,14,0,14,0,14,0,14,0,14,0,14,97,80,13,24,0,14,105,108,0,14,28,41,1588,441,752,198,27,34,0,14,0,14,0,14,0,14,0,14,113,115,136,74,79,81,145,97,139,90,77,52,36,38,836,321,131,195,0,14,34,34,10,17,0,14,30,34,29,34,115,107,70,67,102,85,153,113,104,67,58,51
1400000US06037234302,2587,393,552,243,132,93,0,14,0,14,50,53,8,35,0,14,0,14,0,14,0,14,0,14,0,14,66,84,0,14,8,13,420,207,50,53,0,14,83,69,0,14,0,14,0,14,0,14,48,44,124,135,4,15,41,46,25,28,45,58,2035,392,869,277,30,122,0,14,101,92,21,24,0,14,13,26,41,44,72,68,137,97,206,126,100,87,85,92,63,72,1166,213,67,63,21,34,111,100,37,50,0,14,0,14,45,46,227,105,136,81,179,82,155,113,69,47,119,78
1400000US06037234501,2707,550,310,194,93,62,0,14,0,14,11,15,0,14,0,14,0,14,20,30,15,23,0,14,34,49,12,30,0,14,1,2,217,149,49,65,0,14,0,14,20,31,0,14,0,14,0,14,41,52,27,50,52,55,0,14,17,19,11,12,2397,541,1192,229,16,23,12,17,46,55,16,18,79,87,44,36,111,72,148,105,238,101,222,83,119,61,71,42,70,46,1205,367,20,22,34,43,177,164,16,25,23,37,45,69,59,41,70,44,160,85,194,98,153,67,92,50,162,61
1400000US06037234502,2344,593,684,332,414,214,25,41,0,14,75,113,13,21,0,14,16,24,23,38,118,104,0,14,53,40,40,44,51,49,0,14,270,158,0,14,0,14,0,14,36,55,0,14,18,28,26,24,23,35,42,64,46,55,32,36,18,21,29,28,1660,571,696,375,13,23,0,14,0,14,0,14,0,14,30,61,73,114,266,228,62,47,0,14,128,61,115,71,9,15,964,255,0,14,0,14,21,35,32,40,62,58,0,14,74,42,173,130,36,30,127,84,156,115,165,79,118,88
1400000US06037234600,4687,655,737,360,367,194,0,14,0,14,27,41,0,14,13,19,13,19,68,80,114,135,32,49,39,46,16,19,32,35,13,20,370,204,0,14,0,14,8,11,59,76,0,14,28,45,18,21,0,14,126,125,24,37,55,40,14,23,38,59,3950,618,2088,438,152,90,0,14,86,69,80,54,11,18,62,53,272,176,135,99,256,88,473,280,298,129,152,45,111,75,1862,296,43,46,102,126,73,41,63,47,0,14,21,25,39,43,244,95,307,103,278,132,252,89,171,84,269,127
1400000US06037234700,3649,697,485,233,195,140,0,14,0,14,0,14,11,27,8,32,43,68,10,25,1,8,1,8,8,14,26,43,87,90,0,14,290,148,0,14,0,14,0,14,9,34,0,14,0,14,26,39,36,59,72,66,0,14,74,61,65,90,8,13,3164,737,1420,371,68,78,60,90,187,121,74,88,0,14,52,69,65,71,230,122,269,140,190,122,134,86,47,49,44,51,1744,472,124,108,0,14,127,100,38,40,0,14,26,42,158,113,294,151,186,110,278,150,195,93,175,100,143,81
1400000US06037234800,3657,586,320,199,140,102,20,29,0,14,0,14,15,24,0,14,0,14,15,26,45,65,6,11,0,14,16,22,23,23,0,14,180,107,18,29,6,14,14,22,0,14,0,14,6,15,3,9,13,19,23,25,20,29,18,22,28,42,31,37,3337,614,1489,328,85,66,25,39,132,115,41,38,37,56,73,74,123,63,166,96,265,96,232,117,160,60,94,53,56,38,1848,351,175,114,31,36,268,128,58,72,30,48,10,17,209,94,175,118,254,104,233,80,177,70,119,57,109,73
1400000US06037234901,2500,614,514,229,343,140,0,14,0,14,17,27,13,32,7,24,6,12,0,14,0,14,40,57,38,50,69,73,59,70,94,90,171,155,0,14,0,14,8,26,18,27,0,14,0,14,41,65,26,42,0,14,17,25,46,50,8,30,7,11,1986,650,1107,482,126,124,0,14,0,14,42,69,0,14,28,45,258,224,233,133,174,217,135,121,42,50,23,29,46,54,879,282,50,57,0,14,0,14,0,14,0,14,53,85,25,41,203,117,194,177,74,64,111,53,72,58,97,96
1400000US06037234902,4324,668,1146,376,494,173,25,42,0,14,54,56,0,14,35,53,0,14,19,41,18,31,22,29,51,44,117,114,141,117,12,19,652,293,16,26,0,14,100,115,30,42,38,59,32,55,40,52,13,21,153,107,101,89,72,90,20,23,37,42,3178,671,1418,325,0,14,35,49,104,104,134,104,0,14,35,41,137,88,71,63,275,123,180,109,120,98,276,200,51,38,1760,508,49,50,21,35,151,137,66,74,8,13,73,68,194,103,139,88,463,377,179,89,247,120,80,46,90,68
1400000US06037235100,4115,452,464,225,223,144,28,39,22,35,29,41,0,14,0,14,0,14,13,23,0,14,0,14,26,36,61,66,44,35,0,14,241,116,0,14,29,41,0,14,0,14,0,14,0,14,26,38,12,23,43,45,0,14,68,61,35,39,28,37,3651,489,1562,247,94,78,0,14,28,31,71,72,0,14,63,60,36,35,285,153,200,117,325,97,207,77,128,69,125,81,2089,333,81,82,0,14,64,72,37,49,0,14,107,82,211,130,140,102,253,108,324,111,331,142,209,93,332,117
1400000US06037235201,2923,554,370,179,197,98,23,26,0,14,31,46,8,13,0,14,0,14,7,13,0,14,0,14,17,27,64,55,47,46,0,14,173,102,0,14,0,14,24,26,0,14,0,14,0,14,15,23,12,18,49,51,60,61,8,11,5,9,0,14,2553,584,1354,265,39,26,33,39,122,80,38,31,39,42,84,59,141,94,203,124,55,34,253,127,120,80,136,61,91,67,1199,405,89,108,9,15,86,76,47,65,12,13,59,77,73,50,97,66,245,109,111,60,151,68,114,56,106,51
1400000US06037235202,4195,572,1024,343,506,221,14,33,0,14,36,36,142,103,22,37,3,21,46,71,8,14,27,39,99,86,37,42,54,75,18,27,518,172,52,56,0,14,38,60,12,18,6,14,0,14,14,23,32,47,128,75,98,83,62,56,46,52,30,32,3171,599,1411,309,145,106,12,18,167,110,35,44,27,37,30,33,112,94,213,113,216,102,169,98,143,72,51,39,91,74,1760,407,138,128,16,28,0,14,69,50,106,97,0,14,235,121,301,159,162,87,186,103,74,63,240,137,233,90
1400000US06037236001,4362,619,363,240,272,205,0,14,0,14,0,14,0,14,0,14,20,34,21,36,96,153,0,14,0,14,62,63,56,84,17,27,91,85,0,14,0,14,0,14,21,36,0,14,0,14,0,14,0,14,0,14,35,42,16,27,19,31,0,14,3999,557,2145,341,21,34,0,14,104,76,128,88,20,32,17,26,93,88,199,122,432,155,158,70,357,145,400,195,216,118,1854,321,42,41,23,37,104,88,77,58,0,14,15,25,88,72,60,59,297,105,179,94,444,167,305,181,220,105
1400000US06037236101,2596,425,819,336,327,138,15,26,8,14,0,14,14,23,47,77,8,13,0,14,98,83,18,28,35,47,45,67,39,51,0,14,492,252,0,14,0,14,8,14,45,54,0,14,52,82,0,14,13,22,8,13,67,85,126,95,108,136,65,64,1777,470,1018,306,29,30,0,14,12,20,56,53,8,13,16,27,124,117,73,62,118,82,179,151,18,27,286,165,99,67,759,248,0,14,0,14,97,83,0,14,0,14,0,14,26,40,51,39,113,80,98,63,60,84,149,69,165,129
1400000US06037236102,3581,779,900,380,457,224,0,14,0,14,23,37,154,183,34,55,0,14,0,14,101,125,43,68,45,58,57,95,0,14,0,14,443,197,0,14,0,14,90,88,0,14,0,14,0,14,0,14,52,63,32,48,130,118,17,27,122,114,0,14,2681,716,1392,417,0,14,0,14,0,14,64,102,0,14,0,14,80,95,248,155,281,154,208,175,307,235,50,69,154,106,1289,475,70,69,0,14,38,53,56,88,0,14,0,14,68,64,283,299,383,265,135,102,112,95,79,79,65,68
1400000US06037236203,3673,759,1327,570,604,302,65,104,16,25,82,93,43,53,0,14,11,21,17,28,95,70,90,92,46,59,77,75,62,53,0,14,723,344,72,79,21,32,105,103,33,55,0,14,41,65,44,45,154,118,75,76,69,63,109,74,0,14,0,14,2346,588,1224,435,130,139,59,97,44,49,71,82,25,35,49,60,52,45,232,163,170,107,160,76,67,49,137,101,28,30,1122,246,55,47,50,42,48,51,60,70,13,23,9,15,88,60,200,98,176,79,121,73,71,56,195,102,36,40
1400000US06037236204,3342,399,657,310,215,118,0,14,0,14,0,14,12,19,34,50,34,50,24,26,27,41,0,14,12,19,41,42,19,30,12,19,442,238,0,14,0,14,0,14,0,14,12,19,0,14,44,52,178,165,59,58,35,51,38,48,55,65,21,32,2685,512,1248,327,114,90,53,54,80,59,57,59,0,14,39,42,144,120,214,146,211,98,160,109,124,105,36,53,16,25,1437,308,91,82,0,14,74,54,53,56,0,14,71,67,194,109,123,71,216,90,210,99,227,112,86,61,92,80
1400000US06037236205,2979,357,880,454,476,249,43,59,78,86,34,45,52,65,8,13,0,14,43,50,0,14,54,61,9,22,56,59,41,47,58,63,404,258,25,72,0,14,52,89,26,38,0,14,0,14,0,14,115,105,16,35,112,86,0,14,29,41,29,42,2099,539,863,203,45,51,0,14,0,14,0,14,0,14,55,61,108,86,183,116,186,149,152,92,82,55,21,25,31,40,1236,436,54,74,65,77,89,76,65,70,67,74,0,14,40,46,346,270,84,86,140,124,119,75,107,84,60,75
1400000US06037236206,2615,507,405,224,249,165,0,14,0,14,0,14,0,14,0,14,0,14,0,14,40,48,0,14,0,14,57,66,136,146,16,26,156,112,0,14,0,14,0,14,42,69,0,14,0,14,0,14,23,40,0,14,0,14,61,63,14,23,16,27,2210,464,980,273,41,51,0,14,54,62,0,14,12,20,35,55,41,48,294,150,24,39,119,88,181,119,92,64,87,97,1230,308,75,102,0,14,0,14,0,14,0,14,44,73,158,149,147,97,223,108,135,96,259,205,32,35,157,139
1400000US06037236400,4404,623,385,191,233,108,0,14,0,14,19,28,0,14,0,14,0,14,9,14,0,14,104,76,10,16,26,33,65,58,0,14,152,114,0,14,0,14,0,14,0,14,0,14,0,14,15,23,16,27,31,33,31,42,0,14,49,45,10,13,4019,587,1793,341,123,81,0,14,185,124,49,50,0,14,7,12,51,48,187,115,237,107,462,155,235,86,119,56,138,63,2226,388,155,124,35,48,220,159,5,8,45,72,57,56,19,25,340,152,287,137,332,115,312,161,191,76,228,91
1400000US06037237101,3648,524,854,431,277,236,59,68,0,14,23,38,30,47,0,14,0,14,43,54,24,38,48,76,29,47,0,14,21,34,0,14,577,238,41,51,0,14,0,14,31,49,0,14,91,108,53,50,80,69,63,62,116,100,42,32,60,54,0,14,2794,592,1359,337,55,46,19,30,123,110,33,38,32,38,21,33,175,92,192,103,196,114,195,100,144,84,164,83,10,16,1435,365,133,125,22,34,134,104,44,48,16,25,25,38,173,102,261,133,153,80,159,79,185,79,75,46,55,51
1400000US06037237102,3974,537,1059,427,448,170,64,60,0,14,67,50,81,108,6,8,30,27,34,31,35,32,55,43,41,32,14,22,3,5,18,16,611,275,69,49,7,10,118,64,10,17,21,27,13,13,86,118,87,52,77,80,82,107,30,28,11,13,0,14,2915,468,1357,216,98,51,14,21,139,64,70,45,52,44,119,90,148,57,126,66,230,79,117,60,136,66,76,48,32,18,1558,311,136,78,0,14,226,80,62,53,35,28,32,34,203,86,222,80,161,75,167,67,136,56,68,42,110,73
1400000US06037237201,3767,541,894,424,391,185,15,23,0,14,44,69,0,14,7,11,13,20,29,29,45,42,81,103,74,70,48,41,14,22,21,23,503,279,15,23,0,14,44,71,0,14,0,14,7,12,38,36,110,104,7,11,59,47,149,85,30,33,44,36,2873,438,1617,296,44,41,67,42,85,67,80,70,33,31,68,48,208,111,352,113,214,87,198,83,161,74,66,57,41,25,1256,208,105,72,8,12,88,61,43,37,0,14,50,41,121,55,141,54,236,73,197,90,145,73,81,47,41,25
1400000US06037237202,4085,779,1308,741,471,200,0,14,0,14,83,77,108,83,31,49,49,60,29,37,11,17,36,51,32,57,42,46,24,38,26,34,837,638,83,124,0,14,177,228,8,13,127,150,57,55,13,21,51,54,166,120,78,77,22,35,53,57,2,3,2777,786,1467,438,64,70,0,14,124,120,100,93,35,55,0,14,26,43,299,189,155,87,119,85,328,158,137,105,80,82,1310,420,26,35,0,14,81,72,28,36,0,14,16,29,182,150,391,187,53,52,87,71,283,129,110,78,53,70
1400000US06037237300,5621,1011,789,420,214,150,0,19,0,19,10,16,29,46,0,19,0,19,27,38,34,52,49,71,0,19,30,48,32,49,3,13,575,308,0,19,0,19,29,47,37,53,0,19,28,47,0,19,36,48,41,60,100,67,47,44,228,187,29,24,4832,1154,2344,908,60,49,0,19,147,84,181,181,0,19,130,171,218,189,399,234,286,113,497,243,305,131,119,72,2,5,2488,392,121,87,48,64,92,70,180,128,23,35,92,71,127,88,338,139,507,216,167,84,454,152,209,87,130,85
1400000US06037237401,3920,465,997,453,481,237,65,88,81,63,107,66,25,35,30,50,11,18,57,58,6,11,38,40,0,14,19,30,41,41,1,2,516,228,27,43,0,14,0,14,83,64,0,14,43,57,24,37,139,77,34,37,83,77,34,35,46,37,3,5,2923,534,1288,258,86,53,0,14,66,74,53,63,21,30,26,35,132,79,220,94,125,64,186,97,202,84,128,73,43,60,1635,345,20,18,0,14,181,111,39,40,12,20,13,18,81,52,430,127,160,93,146,72,375,86,129,78,49,32
1400000US06037237402,4165,825,115,86,94,83,0,14,0,14,0,14,0,14,0,14,0,14,2,7,37,57,0,14,5,9,3,6,47,56,0,14,21,17,0,14,0,14,0,14,0,14,0,14,6,8,0,14,12,15,0,14,0,14,0,14,3,6,0,14,4050,789,2152,470,109,105,31,50,41,51,43,35,41,67,100,105,306,180,496,223,157,97,258,111,258,138,203,149,109,73,1898,480,121,96,12,19,193,141,109,119,63,70,10,16,140,115,303,169,111,69,374,143,183,103,190,85,89,54
1400000US06037237500,2610,563,797,380,380,183,23,37,0,14,17,17,23,26,0,14,29,31,85,63,32,31,90,58,41,61,12,35,24,24,4,9,417,241,44,70,0,14,46,54,10,14,6,10,0,14,44,50,38,29,27,26,72,50,42,37,43,40,45,56,1813,354,924,213,50,47,0,14,76,61,73,52,25,28,52,41,153,56,98,57,72,49,101,51,167,95,38,44,19,22,889,190,12,16,0,14,51,38,96,60,0,14,43,40,117,63,112,59,109,40,164,61,72,47,64,37,49,35
1400000US06037237600,3938,657,962,320,442,189,0,14,21,27,52,54,9,16,0,14,0,14,106,71,12,21,30,36,46,40,43,41,96,56,27,43,520,182,39,49,9,15,61,69,0,14,25,41,0,14,31,45,73,55,12,18,91,87,67,48,86,70,26,29,2976,671,1581,432,61,77,30,44,68,65,25,51,19,34,71,82,150,79,380,203,311,143,169,115,109,78,74,53,114,131,1395,311,89,90,0,14,38,62,76,70,0,14,49,58,155,107,298,127,164,101,148,88,157,94,87,68,134,124
1400000US06037237710,4040,1105,1499,844,644,375,14,24,13,21,187,289,78,79,0,14,0,14,83,77,102,80,29,43,45,46,51,60,28,42,14,21,855,517,0,14,0,14,50,52,0,14,74,116,106,132,209,193,0,14,71,63,202,103,69,71,52,63,22,37,2541,753,1324,450,51,50,64,60,171,125,35,54,0,14,33,46,172,105,329,135,49,51,196,111,184,94,40,59,0,14,1217,383,37,52,30,48,149,147,12,26,0,14,9,18,235,155,234,113,82,75,119,67,118,52,125,76,67,77
1400000US06037237720,3410,722,1008,433,497,190,137,82,0,14,119,93,0,14,0,14,10,17,16,20,78,72,22,33,11,14,57,38,47,37,0,14,511,291,119,115,0,14,101,75,0,14,0,14,16,26,22,34,150,110,55,64,32,28,16,27,0,14,0,14,2402,582,1375,396,118,118,37,45,109,97,33,41,38,52,18,28,223,125,281,147,155,84,170,87,154,54,11,17,28,42,1027,262,42,45,0,14,141,120,35,40,10,16,62,54,121,48,164,86,99,58,182,88,102,45,28,30,41,46
1400000US06037237800,4324,781,855,491,371,193,21,36,49,55,30,38,23,38,0,14,12,21,37,57,26,29,101,83,26,31,29,27,13,17,4,10,484,343,0,14,0,14,127,135,71,78,0,14,12,20,59,61,53,64,60,59,0,14,57,60,34,39,11,18,3469,822,1575,544,72,74,0,14,143,105,60,67,0,14,43,56,191,96,285,152,233,175,158,112,155,121,105,84,130,92,1894,361,109,105,45,64,69,85,60,50,55,66,12,19,92,66,197,127,255,127,263,117,281,112,175,139,281,155
1400000US06037237900,4211,803,734,509,190,169,15,23,0,14,90,146,0,14,0,14,25,32,0,14,0,14,0,14,7,5,3,12,0,14,50,69,544,378,90,147,0,14,96,91,44,69,14,22,0,14,14,21,55,68,100,72,35,41,56,56,29,29,11,17,3477,780,1804,460,81,74,24,31,174,116,62,50,23,29,0,14,187,146,284,171,249,139,239,94,129,100,217,129,135,91,1673,387,49,49,0,14,145,95,45,47,58,41,19,30,88,108,230,146,216,85,242,133,298,142,129,84,154,101
1400000US06037238000,5824,971,626,306,339,187,13,27,0,19,14,28,30,51,0,19,0,19,0,19,48,83,39,46,30,48,112,122,53,51,0,19,287,167,14,28,0,19,14,28,25,39,0,19,0,19,15,30,12,26,67,104,40,48,13,27,8,24,79,77,5198,945,2843,622,274,166,80,87,12,20,80,87,0,19,57,75,337,237,368,219,445,160,101,93,754,460,187,130,148,123,2355,486,80,93,193,159,215,268,0,19,0,19,0,19,232,152,159,118,291,109,473,213,306,177,226,87,180,119
1400000US06037238100,4900,841,783,294,425,236,0,14,0,14,0,14,0,14,0,14,0,14,0,14,141,92,60,71,78,133,58,58,57,49,31,38,358,173,17,29,0,14,0,14,0,14,0,14,0,14,64,77,64,74,33,50,0,14,40,35,90,64,50,34,4117,802,1553,357,49,47,13,25,170,134,43,51,0,14,0,14,97,80,226,143,143,103,351,293,265,117,130,84,66,49,2564,634,68,59,52,58,161,110,0,14,54,78,0,14,227,137,586,299,252,124,447,348,330,174,273,143,114,71
1400000US06037238200,6340,1125,1268,640,372,278,0,19,0,19,56,86,0,19,0,19,65,145,11,18,1,3,55,85,77,93,54,82,38,58,15,24,896,439,0,19,0,19,34,60,58,89,68,77,54,84,115,164,36,63,51,79,28,48,233,162,70,88,149,158,5072,1080,2058,523,297,238,32,74,129,140,156,171,0,19,0,19,28,50,213,176,347,222,52,81,483,227,212,151,109,121,3014,737,169,175,74,82,131,157,127,183,0,19,57,87,179,149,457,235,428,239,379,176,348,189,265,150,400,206
1400000US06037238310,5194,1035,1487,519,747,298,52,64,0,19,161,117,103,86,0,19,67,52,20,34,111,109,15,34,69,52,73,70,59,53,17,25,740,265,59,92,61,62,71,73,53,57,0,19,0,19,14,25,143,98,130,72,55,45,59,46,62,41,33,33,3707,1138,1954,574,157,141,43,53,97,62,64,68,49,69,89,80,183,81,480,219,395,175,263,118,134,89,0,19,0,19,1753,711,108,95,0,19,150,115,188,116,10,15,167,160,141,74,266,129,223,92,155,77,208,125,47,43,90,138
1400000US06037238320,3601,632,1194,372,666,237,131,120,35,49,56,58,51,59,0,14,22,35,115,106,20,31,23,35,110,78,75,72,28,29,0,14,528,248,47,52,0,14,128,116,0,14,35,53,16,25,18,32,151,103,53,61,34,45,0,14,0,14,46,62,2407,635,984,292,20,35,36,44,123,110,32,51,0,14,59,58,99,67,188,97,140,81,173,87,79,68,26,28,9,14,1423,374,24,30,0,14,157,125,66,61,16,28,75,61,121,77,314,145,174,95,240,91,105,63,112,64,19,23
1400000US06037238400,4578,658,738,306,221,158,0,14,0,14,42,55,34,54,0,14,0,14,0,14,43,65,0,14,0,14,75,68,27,44,0,14,517,218,48,61,61,89,0,14,0,14,0,14,0,14,26,30,46,70,99,69,11,15,111,82,59,64,56,39,3840,696,1708,356,81,123,0,14,119,62,48,61,22,36,44,27,146,103,146,103,293,133,242,143,196,79,243,126,128,68,2132,467,17,28,49,61,15,27,43,39,17,28,0,14,108,81,322,214,473,205,204,110,337,95,254,111,293,124
1400000US06037239201,3437,404,894,376,419,186,77,72,0,14,64,50,14,22,0,14,0,14,29,30,17,23,127,77,45,46,8,12,29,31,9,14,475,247,76,77,10,19,116,128,7,13,15,23,0,14,20,22,76,49,87,59,20,21,0,14,46,49,2,5,2543,422,1275,248,85,57,2,3,148,96,10,20,75,49,5,8,183,92,261,124,106,53,138,81,141,72,107,77,14,23,1268,273,220,99,19,28,35,33,83,53,57,54,20,25,67,66,276,83,154,61,201,71,81,50,55,36,0,14
1400000US06037239202,5322,1150,1065,389,608,241,39,54,0,19,50,76,73,100,0,19,48,52,15,42,144,116,65,65,47,43,48,53,55,60,24,26,457,207,30,48,65,69,0,19,0,19,0,19,2,14,24,35,179,100,72,61,6,15,6,10,41,49,32,25,4257,1178,2453,746,130,104,182,144,237,157,125,144,46,43,81,73,253,131,410,208,338,197,229,94,239,150,167,240,16,28,1804,522,64,105,9,25,276,180,224,137,0,19,95,91,170,93,319,202,198,114,292,98,129,71,15,28,13,21
1400000US06037239310,3693,696,737,377,346,220,96,79,26,39,0,14,79,94,0,14,9,16,32,61,24,36,24,39,56,55,0,14,0,14,0,14,391,201,0,14,37,56,24,40,36,57,28,45,0,14,21,34,73,62,91,65,0,14,44,46,37,45,0,14,2956,709,1356,405,27,42,0,14,53,60,119,118,0,14,78,70,72,61,167,99,291,206,196,92,302,132,35,37,16,24,1600,365,58,66,0,14,80,78,55,89,59,67,47,52,195,94,386,138,102,78,281,124,205,115,107,68,25,32
1400000US06037239320,2940,408,575,271,233,120,19,24,0,14,47,44,0,14,0,14,0,14,32,32,0,14,51,45,28,30,45,21,11,18,0,14,342,172,0,14,0,14,62,86,0,14,0,14,0,14,55,45,20,31,53,42,75,54,63,45,8,12,6,9,2365,403,1216,225,6,10,3,6,108,54,24,25,22,35,66,55,134,69,136,86,186,99,190,86,246,112,67,43,28,24,1149,258,68,54,0,14,150,63,12,14,0,14,46,42,214,115,110,60,196,59,110,77,135,45,78,53,30,26
1400000US06037239330,3406,887,658,321,249,175,79,65,0,14,56,47,26,32,13,20,0,14,13,20,22,25,40,41,0,14,0,14,0,14,0,14,409,175,0,14,0,14,41,40,24,28,0,14,68,57,41,36,46,52,58,47,70,38,19,24,42,42,0,14,2748,878,1408,510,108,88,33,36,112,95,81,89,19,23,6,13,171,71,302,173,83,45,146,62,232,110,62,38,53,61,1340,391,35,36,83,83,141,69,71,50,34,39,45,43,228,111,238,102,113,56,142,92,138,52,38,29,34,29
1400000US06037239501,3499,356,736,289,268,132,57,54,11,18,61,71,27,26,0,14,9,13,9,12,45,40,13,21,12,14,18,24,0,14,6,10,468,210,62,66,0,14,30,32,18,26,52,66,18,29,0,14,121,67,22,25,69,53,56,52,20,26,0,14,2763,375,1318,199,129,83,0,14,102,68,59,39,8,13,36,43,149,67,161,64,184,73,300,113,138,59,22,23,30,25,1445,235,79,53,27,30,190,68,58,36,56,40,5,8,136,79,248,105,256,72,83,47,107,54,134,62,66,45
1400000US06037239502,3344,512,548,251,247,116,25,29,0,14,6,9,41,43,23,35,0,14,8,11,32,26,47,37,49,45,16,20,0,14,0,14,301,156,0,14,0,14,109,115,0,14,0,14,36,32,31,30,47,57,23,26,36,32,18,26,1,11,0,14,2796,451,1595,316,58,54,20,23,189,88,122,83,25,27,61,46,124,50,242,103,259,98,209,71,211,63,73,42,2,9,1201,191,76,76,0,14,78,46,59,41,53,36,41,46,65,53,167,99,177,76,158,64,126,61,135,56,66,37
1400000US06037239601,3949,572,857,302,284,134,46,44,0,14,81,58,8,18,0,14,30,41,0,14,9,15,40,41,61,57,9,16,0,14,0,14,573,232,90,78,0,14,109,62,43,48,0,14,34,44,48,53,81,51,54,40,86,49,10,15,18,29,0,14,3092,552,1659,300,98,64,35,42,149,88,82,61,18,26,17,19,246,78,290,126,214,76,193,82,174,70,118,82,25,23,1433,341,80,73,34,40,91,67,49,51,0,14,59,59,176,62,315,125,93,61,271,97,98,44,73,53,94,91
1400000US06037239602,3508,553,988,401,380,165,46,32,7,15,28,29,43,30,29,26,41,34,22,24,21,39,58,59,52,39,24,25,9,14,0,14,608,248,0,14,5,9,79,50,32,37,13,20,28,36,82,53,123,69,47,37,18,22,119,63,48,62,14,20,2520,561,1334,300,67,57,16,23,73,49,148,86,5,9,31,32,91,55,216,92,310,126,188,75,53,42,23,29,113,89,1186,325,80,69,0,14,153,89,87,72,15,21,36,31,112,68,172,72,186,77,132,56,71,41,22,26,120,114
1400000US06037239701,3892,871,1278,704,674,513,133,159,47,57,25,31,115,148,0,14,0,14,165,193,81,110,0,14,6,13,72,45,17,29,13,18,604,268,88,62,0,14,96,62,11,20,18,26,16,25,95,90,43,33,152,140,63,40,7,12,15,24,0,14,2614,679,1416,458,84,83,0,14,113,95,195,178,17,29,75,67,143,124,145,85,175,112,102,77,285,131,82,62,0,14,1198,297,0,14,15,34,58,59,117,101,0,14,21,34,53,51,194,92,256,129,84,84,257,100,92,81,51,49
1400000US06037239702,4255,890,1157,638,697,541,77,105,0,14,117,157,17,27,0,14,102,155,25,40,113,109,70,87,69,101,107,71,0,14,0,14,460,237,20,32,18,28,50,44,17,28,26,42,23,36,55,59,63,55,43,50,44,50,27,29,64,76,10,16,3098,660,1316,357,78,78,15,25,52,42,91,58,28,32,28,32,253,138,124,98,241,95,259,112,118,61,19,27,10,15,1782,427,99,86,67,58,143,96,95,62,16,28,30,34,249,168,296,147,285,123,163,72,267,153,55,44,17,29
1400000US06037239801,4163,591,1045,332,561,159,43,43,18,27,28,30,43,39,11,19,31,35,45,44,72,106,86,55,12,19,94,93,78,94,0,14,484,211,4,9,0,14,67,65,37,39,0,14,52,41,26,35,102,63,43,36,47,39,85,75,21,30,0,14,3118,633,1485,335,135,106,16,25,47,45,39,35,32,39,18,19,227,110,307,96,197,97,187,83,152,70,108,69,20,26,1633,359,128,70,12,18,114,100,112,84,20,29,36,32,248,90,284,121,150,66,228,89,217,69,56,42,28,28
1400000US06037239802,5365,826,1497,428,604,194,22,36,36,51,69,61,75,73,0,19,35,49,98,111,14,22,43,40,19,32,180,131,13,17,0,19,893,324,82,105,82,106,55,56,63,60,27,34,0,19,168,119,27,33,126,72,107,73,92,58,21,32,43,43,3868,836,2211,615,115,76,34,53,116,104,74,62,0,19,77,64,279,121,292,139,546,526,408,168,132,67,71,64,67,65,1657,424,53,74,62,65,110,93,110,83,24,30,73,71,185,111,159,102,231,124,299,110,111,59,165,76,75,61
1400000US06037240010,3971,572,1383,410,558,201,0,14,21,33,121,69,58,56,17,26,74,55,63,53,36,34,46,43,14,22,108,72,0,14,0,14,825,260,47,44,0,14,42,41,113,70,17,27,53,52,121,72,67,52,110,75,117,73,99,66,13,15,26,30,2588,597,1390,336,70,53,21,32,67,37,38,42,21,18,117,82,143,92,354,138,107,41,230,167,196,89,22,20,4,8,1198,334,70,57,24,27,142,122,69,36,0,14,8,12,197,99,199,100,102,62,145,80,122,61,97,84,23,23
1400000US06037240020,5301,883,874,385,429,209,0,19,0,19,23,36,105,92,0,19,0,19,67,57,78,74,29,40,98,97,7,11,10,16,12,16,445,259,15,27,23,37,37,59,36,55,1,24,0,19,51,51,23,47,31,53,132,80,25,45,71,83,0,19,4427,906,2192,506,88,87,48,55,256,150,176,105,28,33,241,153,317,188,142,82,305,134,254,112,223,99,105,83,9,20,2235,525,147,99,55,65,151,120,123,95,10,15,83,98,344,159,293,149,368,139,249,132,209,68,160,89,43,34
1400000US06037240200,5708,817,1632,673,766,424,188,160,0,19,145,126,14,23,22,36,14,22,72,72,93,66,94,97,8,14,92,68,9,14,15,18,866,317,50,82,44,41,155,86,17,38,31,38,0,19,56,55,146,104,119,89,101,78,67,76,80,65,0,19,4076,817,2075,436,230,104,9,19,251,115,64,65,35,46,0,19,262,120,254,108,386,143,338,173,192,98,54,42,0,19,2001,495,80,102,43,55,97,74,101,75,30,46,0,19,262,126,261,135,232,112,353,109,254,134,195,151,93,72
1400000US06037240301,2950,572,761,325,397,165,81,66,0,14,77,84,22,28,0,14,33,31,7,13,17,28,69,28,55,50,31,46,5,9,0,14,364,177,22,34,0,14,47,76,0,14,0,14,17,27,29,33,99,64,29,38,65,45,48,41,8,14,0,14,2189,489,1097,274,54,49,0,14,12,22,63,46,9,14,16,21,76,40,172,113,262,168,150,93,182,84,84,55,17,23,1092,284,24,29,0,14,60,51,19,32,80,78,36,33,59,48,252,128,202,93,81,52,131,67,136,74,12,13
1400000US06037240302,2967,618,930,477,428,375,87,140,6,9,25,39,15,21,30,41,0,14,136,134,0,14,61,59,1,3,67,107,0,14,0,14,502,232,48,61,0,14,25,39,20,32,0,14,48,45,47,40,105,71,40,46,42,45,58,59,69,56,0,14,2037,460,964,251,43,44,14,20,106,65,84,67,51,35,32,35,164,81,149,63,78,71,99,61,98,62,46,35,0,14,1073,275,47,42,0,14,87,104,67,53,0,14,41,50,125,66,206,93,110,64,141,57,134,104,82,43,33,30
1400000US06037240401,5527,774,1606,495,691,261,45,68,53,60,197,93,25,40,62,70,47,53,24,39,39,60,73,82,45,54,28,42,53,58,0,19,915,312,30,49,0,19,62,74,149,108,32,53,24,38,25,40,87,64,124,88,264,133,52,53,43,43,23,38,3921,718,2003,464,79,58,0,19,316,127,212,142,27,42,23,38,147,95,293,154,452,172,115,66,155,103,109,76,75,57,1918,402,86,99,44,51,175,93,70,65,42,48,73,86,101,74,449,155,288,123,143,71,266,104,136,149,45,50
1400000US06037240402,3928,639,1189,551,515,312,167,168,0,14,92,93,0,14,65,74,65,73,0,14,60,69,16,24,0,14,42,48,0,14,8,16,674,342,0,14,0,14,125,132,106,103,0,14,0,14,45,69,65,66,58,69,70,77,193,136,12,19,0,14,2739,654,1471,429,75,67,77,61,170,102,76,77,0,14,0,14,163,117,207,127,213,127,148,106,194,125,116,76,32,31,1268,439,18,41,28,43,106,89,88,102,0,14,7,11,180,163,167,108,117,82,173,102,133,95,89,66,162,75
1400000US06037240500,6392,1144,2057,752,706,311,31,50,0,19,122,100,40,65,50,57,90,138,38,45,89,105,8,14,105,111,55,69,78,81,0,19,1351,512,98,86,8,13,142,109,80,80,25,28,31,48,238,182,260,179,179,99,111,91,88,59,91,78,0,19,4335,1008,2128,425,124,109,0,19,220,137,73,64,0,19,197,155,233,123,180,103,488,266,266,132,233,129,103,55,11,18,2207,693,179,172,0,19,170,159,82,57,0,19,111,133,310,264,377,190,368,190,185,94,242,98,80,58,103,75
1400000US06037240600,4939,866,847,377,388,225,10,18,0,14,75,83,100,87,0,14,26,43,4,10,24,38,42,55,0,14,54,63,53,47,0,14,459,218,72,77,15,24,45,49,4,11,15,23,0,14,26,43,100,91,37,35,54,54,59,44,12,16,20,30,4092,815,2121,552,181,125,68,55,150,120,58,56,52,59,79,60,145,98,328,134,257,110,314,108,102,77,85,47,302,389,1971,388,173,100,71,60,128,93,81,67,52,63,11,17,228,139,356,103,260,109,192,92,166,104,122,62,131,118
1400000US06037240700,6196,847,1102,432,535,263,65,67,0,19,77,68,70,63,0,19,54,60,52,44,21,33,83,72,92,66,2,4,19,29,0,19,567,214,28,38,0,19,87,87,0,19,19,29,0,19,56,57,82,70,118,89,37,43,73,59,34,55,33,51,5094,851,2387,411,94,80,39,44,159,91,249,124,47,58,78,68,195,104,394,126,308,161,297,109,250,94,210,90,67,47,2707,533,129,92,31,46,327,150,57,52,64,54,124,94,412,172,373,143,364,150,292,118,186,87,301,95,47,36
1400000US06037240800,4316,716,1311,497,586,288,32,51,26,38,50,45,49,53,54,56,0,14,48,46,57,65,27,43,141,96,74,85,28,38,0,14,725,280,122,119,0,14,94,101,22,25,0,14,54,83,63,55,49,56,107,63,87,71,87,89,40,60,0,14,3005,757,1395,401,84,84,36,44,58,55,64,54,5,9,99,78,220,142,228,108,228,126,182,77,116,81,51,49,24,30,1610,419,164,105,3,10,240,123,70,52,0,14,33,34,179,97,215,100,205,109,255,119,171,74,21,25,54,59
1400000US06037240901,2300,388,704,283,351,155,30,25,0,14,63,41,95,61,0,14,22,24,13,22,27,24,29,34,0,14,50,30,22,29,0,14,353,135,0,14,0,14,31,34,15,23,0,14,16,26,35,47,110,41,58,45,6,9,50,39,32,35,0,14,1596,430,796,226,6,12,0,14,42,27,43,40,21,26,54,42,132,78,156,89,136,55,67,42,118,84,14,22,7,14,800,279,44,48,0,14,72,52,39,34,25,27,44,40,120,89,68,52,120,70,112,60,74,56,71,35,11,13
1400000US06037240902,3339,1116,1206,641,559,247,41,51,0,14,209,208,32,27,0,14,10,16,75,53,0,14,19,22,44,50,95,58,8,12,26,41,647,418,107,170,53,85,71,76,38,47,20,33,39,52,50,38,66,70,96,61,38,51,45,35,24,41,0,14,2133,908,955,349,66,67,24,39,65,59,37,45,0,14,56,47,64,55,204,173,127,79,97,63,111,78,82,80,22,20,1178,585,34,42,0,14,101,85,49,46,21,27,77,71,217,172,190,77,159,98,111,73,146,72,55,37,18,19
1400000US06037241001,5678,1159,976,538,445,293,88,86,0,19,59,95,51,53,67,78,0,19,25,27,98,74,0,19,43,52,14,22,0,19,0,19,531,337,48,57,15,23,18,28,25,38,0,19,0,19,65,62,47,51,35,56,74,57,24,26,180,276,0,19,4702,1058,2195,517,288,159,43,52,65,52,88,87,0,19,3,5,450,214,372,175,362,187,347,195,136,112,31,48,10,15,2507,691,204,166,0,19,240,146,25,27,11,19,126,126,455,180,425,191,267,181,273,109,185,91,107,92,189,232
1400000US06037241002,4075,585,1183,620,498,283,47,56,17,28,162,114,39,57,0,14,0,14,80,104,0,14,57,51,30,45,52,52,14,23,0,14,685,373,16,31,49,58,39,57,17,29,0,14,0,14,117,158,202,145,100,78,47,60,42,35,37,48,19,32,2892,512,1535,387,60,57,32,48,49,54,142,84,33,40,14,23,177,83,321,135,262,100,101,70,142,67,141,80,61,51,1357,244,46,48,0,14,115,69,63,56,0,14,36,39,125,88,153,83,300,108,179,77,216,92,90,57,34,34
1400000US06037241110,3252,797,610,277,282,163,65,64,19,25,44,37,38,35,0,14,5,8,39,59,0,14,16,19,20,30,29,30,0,14,7,10,328,146,19,31,0,14,58,44,0,14,0,14,0,14,0,14,76,47,56,51,38,38,33,31,30,31,18,22,2642,754,1277,428,156,179,0,14,139,84,36,38,23,28,21,26,80,39,301,126,183,90,167,97,95,40,50,34,26,18,1365,349,94,101,25,38,159,91,46,44,29,35,40,30,182,63,213,91,156,76,155,58,145,73,115,52,6,12
1400000US06037241120,4310,811,1463,558,760,359,90,78,0,14,120,80,26,40,0,14,37,50,54,68,37,45,137,128,20,16,25,39,214,216,0,14,703,304,16,26,0,14,114,87,12,18,56,72,0,14,0,14,93,71,117,112,116,102,73,82,95,101,11,18,2847,952,1494,604,98,129,83,88,138,102,63,67,0,14,55,58,200,170,342,156,138,88,113,84,176,106,33,38,55,42,1353,476,41,50,0,14,244,187,39,44,16,28,38,43,171,120,261,133,171,108,166,100,134,77,52,54,20,33
1400000US06037241201,3291,654,656,296,428,249,61,97,18,29,69,54,0,14,0,14,0,14,9,40,98,102,31,31,30,35,64,50,0,14,48,60,228,91,5,7,0,14,0,14,8,13,7,12,3,15,17,28,57,43,79,57,0,14,0,14,30,31,22,23,2635,598,1369,399,83,67,33,43,202,130,104,105,16,26,36,34,146,70,104,73,260,85,141,62,135,76,81,35,28,28,1266,264,70,62,22,28,131,89,8,12,11,19,10,11,208,164,209,82,112,54,202,100,180,62,54,33,49,50
1400000US06037241202,4967,887,1328,518,589,304,72,69,0,19,43,50,43,46,0,19,17,27,41,47,136,215,86,69,38,55,102,77,11,18,0,19,739,295,66,62,42,49,109,96,0,19,59,61,12,19,24,38,94,74,60,65,115,78,23,32,110,72,25,27,3639,709,1852,447,143,134,0,19,144,113,0,19,11,17,0,19,163,87,244,128,173,98,558,376,300,133,96,56,20,24,1787,444,12,19,15,23,81,73,22,35,0,19,56,51,207,77,386,205,253,197,235,117,174,76,192,150,154,98
1400000US06037241300,2240,315,596,201,263,106,24,20,11,18,14,18,24,29,0,14,0,14,56,36,11,11,39,30,58,46,18,25,6,9,2,4,333,125,51,35,29,23,25,35,21,21,8,13,24,22,19,19,19,18,71,36,21,20,17,25,28,29,0,14,1644,309,809,195,45,41,0,14,83,58,13,17,14,21,17,24,54,40,145,97,140,59,69,39,153,58,66,48,10,13,835,159,30,38,0,14,34,28,33,33,3,9,15,16,111,57,65,44,128,41,85,42,221,87,46,37,64,33
1400000US06037241400,4022,513,730,290,346,160,19,26,0,14,33,39,75,46,11,18,14,20,32,33,23,29,29,35,42,37,38,35,30,30,0,14,384,173,0,14,0,14,100,58,41,50,17,25,26,28,16,23,11,16,59,38,50,46,46,28,9,14,9,20,3292,592,1448,278,104,60,15,16,177,90,94,73,0,14,34,36,138,94,245,102,242,75,118,47,160,65,114,59,7,11,1844,408,62,66,0,14,131,72,100,57,61,52,92,56,242,99,226,96,300,86,228,130,173,63,129,59,100,68
1400000US06037242000,3849,642,915,472,425,250,58,68,0,14,64,63,67,79,0,14,12,20,0,14,0,14,0,14,144,75,56,53,24,38,0,14,490,245,9,28,0,14,45,69,44,69,14,23,0,14,0,14,70,62,89,113,12,20,71,52,114,90,22,28,2934,522,1418,344,117,122,0,14,174,134,0,14,32,41,14,21,131,91,373,179,25,28,249,114,110,60,162,93,31,40,1516,271,109,91,39,64,106,76,20,32,0,14,28,38,134,96,173,88,152,97,326,109,201,82,119,64,109,74
1400000US06037242100,2167,478,1076,447,545,240,119,104,0,14,66,64,62,48,26,28,18,21,63,52,66,50,17,24,24,39,40,37,44,40,0,14,531,235,98,87,0,14,44,41,17,22,18,31,7,13,68,66,85,69,40,36,54,56,55,48,30,34,15,21,1091,263,457,144,26,37,0,14,35,36,10,13,0,14,54,41,108,77,35,31,99,95,28,25,40,30,0,14,22,27,634,163,14,23,0,14,72,56,61,41,13,21,9,12,76,41,96,58,132,58,81,56,70,38,0,14,10,16
1400000US06037242201,3834,610,818,265,372,132,13,19,21,31,28,45,59,48,16,26,16,26,13,21,35,39,99,77,27,40,22,36,23,25,0,14,446,188,13,18,20,31,35,45,108,103,12,18,0,14,30,32,36,33,82,56,37,36,29,32,25,30,19,21,3016,675,1429,406,88,77,0,14,67,60,122,90,5,9,31,40,126,110,440,204,74,59,122,62,130,71,152,84,72,80,1587,324,121,71,6,12,129,93,30,47,0,14,87,42,146,87,322,111,215,121,144,80,192,102,163,95,32,28
1400000US06037242202,2622,385,851,288,195,121,11,19,0,14,62,46,0,14,13,21,13,21,9,16,0,14,24,32,27,32,11,26,9,16,16,26,656,246,26,25,24,38,85,50,61,46,68,62,12,21,65,62,47,41,131,70,60,53,47,34,14,12,16,26,1771,359,712,148,24,29,0,14,60,48,24,30,2,6,25,24,120,67,84,41,63,42,187,73,30,29,71,62,22,16,1059,265,57,51,23,28,112,73,27,32,21,33,23,25,174,117,134,81,164,62,122,84,73,49,129,58,0,14
1400000US06037242300,4479,831,1054,442,422,157,0,14,0,14,98,114,55,63,9,14,47,50,51,41,32,51,25,41,13,24,54,54,38,50,0,14,632,312,91,85,0,14,39,60,32,51,0,14,30,38,165,131,51,54,61,62,41,47,110,83,12,19,0,14,3425,845,1466,401,71,76,38,36,135,110,163,96,8,16,35,36,226,120,294,160,125,80,158,97,136,81,35,43,42,66,1959,553,70,82,70,79,160,152,140,94,30,39,114,101,242,121,367,150,289,108,152,95,191,99,38,32,96,103
1400000US06037242600,4749,808,2635,692,1077,299,192,168,39,62,335,167,132,99,16,26,19,29,94,96,89,70,44,47,48,74,33,42,36,58,0,14,1558,445,171,104,23,35,169,85,86,68,89,83,52,60,139,121,356,157,108,71,229,154,19,37,90,66,27,41,2114,817,847,369,14,24,0,14,139,133,79,78,0,14,55,70,125,157,170,121,185,136,48,69,32,38,0,14,0,14,1267,487,110,124,0,14,104,87,122,127,0,14,0,14,215,116,160,105,194,138,186,91,110,108,66,61,0,14
1400000US06037242700,4622,933,1094,648,556,314,82,102,0,14,14,24,0,14,0,14,13,22,107,126,44,47,94,79,70,62,65,90,67,63,0,14,538,352,0,14,0,14,13,24,14,24,0,14,0,14,127,165,6,28,41,39,52,60,195,170,75,52,15,29,3528,878,1465,398,211,139,0,14,72,75,53,50,57,59,0,14,25,39,445,207,133,79,169,85,150,93,88,74,62,66,2063,572,154,146,25,35,190,85,21,34,62,72,17,31,208,138,426,191,194,140,247,93,181,91,183,161,155,101
1400000US06037243001,3501,744,619,411,177,123,0,14,0,14,69,100,0,14,18,27,0,14,0,14,16,17,0,14,40,28,34,34,0,14,0,14,442,297,13,19,0,14,72,103,60,87,25,32,19,27,0,14,44,73,88,105,72,94,7,13,30,73,12,20,2882,459,1370,271,83,55,0,14,152,71,106,59,39,44,67,43,126,73,184,81,137,57,176,130,180,118,55,45,65,66,1512,267,126,64,0,14,62,48,71,47,17,23,11,19,275,122,235,78,167,59,227,86,145,58,71,37,105,84
1400000US06037243002,3021,425,344,315,164,137,0,14,0,14,33,52,41,57,39,55,15,24,0,14,0,14,0,14,0,14,14,24,22,27,0,14,180,181,0,14,0,14,0,14,0,14,0,14,14,24,92,114,15,24,0,14,8,13,14,22,37,51,0,14,2677,455,1358,257,0,14,0,14,84,64,70,61,88,64,66,57,130,81,284,112,200,107,145,63,113,66,128,78,50,38,1319,242,79,59,22,36,132,90,58,51,0,14,30,36,212,112,126,71,191,98,225,82,141,87,63,55,40,34
1400000US06037243100,4877,849,1623,439,843,289,40,49,0,19,209,135,91,61,31,46,0,19,10,16,80,99,77,56,143,122,55,52,69,56,38,50,780,253,18,28,0,19,135,104,11,16,0,19,67,60,46,53,90,87,132,91,46,52,151,119,55,44,29,33,3254,773,1524,428,206,149,0,19,109,106,76,63,67,51,121,88,198,120,171,115,199,122,139,77,135,90,44,40,59,63,1730,456,77,74,24,37,48,51,161,112,23,35,26,40,200,102,284,106,377,183,183,82,150,76,106,65,71,77
1400000US06037261102,3841,549,126,81,49,43,0,14,0,14,0,14,0,14,0,14,5,8,0,14,0,14,0,14,20,33,0,14,17,27,7,12,77,52,0,14,0,14,0,14,0,14,0,14,0,14,0,14,0,14,8,13,36,40,18,28,15,16,0,14,3715,550,2061,388,84,77,86,87,215,143,49,35,66,64,55,55,122,106,179,151,138,80,284,127,266,135,309,128,208,87,1654,285,34,35,15,23,52,38,39,34,35,51,94,87,121,98,40,31,207,100,341,143,233,104,220,105,223,78
1400000US06037261103,1746,385,85,65,32,33,8,14,0,14,0,14,0,14,0,14,0,14,0,14,9,16,0,14,0,14,8,13,7,11,0,14,53,54,0,14,0,14,0,14,0,14,0,14,0,14,0,14,0,14,32,50,8,13,6,11,0,14,7,11,1661,345,777,190,22,34,5,10,71,63,13,20,10,20,14,16,25,38,49,45,138,68,110,53,177,81,77,43,66,36,884,183,104,77,6,13,28,27,20,19,17,24,71,46,0,14,93,59,113,62,82,40,151,45,92,54,107,41
1400000US06037261104,1503,344,101,88,54,63,0,14,0,14,0,14,0,14,0,14,0,14,0,14,0,14,46,58,0,14,8,14,0,14,0,14,47,63,0,14,0,14,0,14,0,14,0,14,0,14,0,14,0,14,0,14,10,15,0,14,0,14,37,61,1402,344,784,266,6,11,0,14,53,41,22,25,0,14,0,14,51,42,128,145,75,53,102,60,75,33,197,104,75,33,618,109,37,29,34,23,9,14,0,14,9,13,18,23,14,17,58,43,75,26,57,29,107,34,129,93,71,35
1400000US06037261200,3929,495,379,166,121,74,0,14,0,14,0,14,0,14,0,14,0,14,52,55,0,14,8,13,0,14,36,43,0,14,25,40,258,135,0,14,0,14,0,14,44,65,0,14,0,14,69,71,8,13,0,14,46,58,53,53,0,14,38,49,3550,516,1701,264,0,14,54,74,35,27,52,37,10,16,32,33,48,39,104,98,238,95,194,91,426,158,267,96,241,103,1849,309,6,9,0,14,276,163,55,62,9,11,2,11,139,102,146,140,175,82,217,87,306,103,330,153,188,85
1400000US06037262100,2860,456,88,67,31,46,0,14,0,14,0,14,0,14,0,14,0,14,0,14,0,14,0,14,0,14,14,21,0,14,17,25,57,49,0,14,0,14,0,14,0,14,0,14,0,14,0,14,10,17,0,14,17,27,0,14,15,23,15,24,2772,462,1236,202,94,67,15,24,61,47,29,34,29,30,88,98,47,43,48,52,65,43,217,78,64,48,278,109,201,63,1536,351,95,98,0,14,86,41,92,81,0,14,91,72,34,38,59,47,272,183,181,111,250,87,239,79,137,69
1400000US06037262200,4716,584,382,281,121,95,0,14,0,14,39,66,8,15,8,15,0,14,0,14,0,14,0,14,41,64,0,14,11,17,14,21,261,203,0,14,41,67,42,67,0,14,0,14,0,14,38,62,0,14,36,59,26,35,56,70,12,18,10,16,4334,587,2098,262,67,61,0,14,88,65,35,40,34,54,10,17,265,131,244,125,337,113,230,97,252,145,325,111,211,77,2236,404,128,81,42,45,135,61,87,61,81,81,88,97,106,109,264,125,329,93,225,105,260,85,266,98,225,112
1400000US06037262301,2542,281,158,113,40,41,0,14,0,14,0,14,9,14,8,12,0,14,0,14,0,14,0,14,8,12,8,12,0,14,7,9,118,96,0,14,0,14,0,14,0,14,0,14,0,14,7,10,8,12,33,64,8,12,41,70,19,24,2,3,2384,311,1155,168,79,46,39,49,51,36,66,50,0,14,73,52,41,35,52,35,131,57,93,50,247,65,126,48,157,42,1229,198,61,66,0,14,132,70,15,17,37,29,24,20,19,21,134,91,116,63,174,64,243,68,156,58,118,50
1400000US06037262302,2956,334,198,135,35,32,0,14,0,14,0,14,0,14,0,14,0,14,4,8,0,14,18,27,0,14,0,14,3,8,10,15,163,124,0,14,0,14,0,14,0,14,0,14,0,14,0,14,36,42,0,14,54,83,4,8,56,65,13,19,2758,304,1352,197,35,33,0,14,102,57,72,45,16,24,12,16,8,13,95,56,164,58,256,123,177,102,94,48,321,116,1406,238,107,57,82,52,67,51,30,31,5,10,87,84,11,17,68,52,162,47,207,74,138,58,223,150,219,87
1400000US06037262303,2953,582,93,86,38,35,0,14,0,14,21,31,0,14,0,14,10,16,0,14,0,14,4,8,3,8,0,14,0,14,0,14,55,54,11,16,0,14,10,15,0,14,0,14,0,14,0,14,9,15,0,14,4,8,21,23,0,14,0,14,2860,581,1509,284,81,100,0,14,206,112,54,33,7,13,73,41,93,79,15,20,167,63,153,104,259,58,167,115,234,65,1351,373,76,65,19,27,182,150,96,83,0,14,62,77,30,28,104,66,93,49,230,114,215,71,119,61,125,55
1400000US06037262400,2816,405,114,89,62,54,0,14,0,14,7,12,0,14,0,14,0,14,0,14,0,14,0,14,33,33,0,14,22,31,0,14,52,44,0,14,0,14,7,12,0,14,0,14,0,14,8,14,0,14,14,20,0,14,0,14,23,31,0,14,2702,405,1306,224,140,84,0,14,50,36,17,18,8,13,60,50,43,49,61,58,154,66,164,70,171,64,177,95,261,105,1396,252,112,87,14,25,93,57,40,37,0,14,58,54,59,55,13,21,168,59,132,57,202,76,307,181,198,69
1400000US06037262501,3711,597,248,136,94,62,0,14,0,14,0,14,0,14,0,14,0,14,1,44,0,14,49,54,0,14,10,13,19,30,15,16,154,96,0,14,0,14,0,14,54,61,0,14,0,14,12,20,0,14,0,14,6,13,17,26,12,20,53,53,3463,616,1787,334,111,62,38,36,227,159,101,60,50,49,83,60,98,42,50,50,240,160,202,86,262,92,187,81,138,68,1676,325,196,174,28,32,152,73,45,38,0,14,82,59,71,61,33,30,178,59,344,146,237,77,112,60,198,89
1400000US06037262601,3436,373,264,155,45,58,0,14,0,14,6,14,6,14,0,14,0,14,0,14,0,14,0,14,0,14,0,14,33,51,0,14,219,123,0,14,0,14,6,14,0,14,0,14,0,14,47,50,0,14,26,27,10,15,54,47,76,57,0,14,3172,403,1565,220,14,23,11,27,68,53,161,96,65,51,37,43,65,57,89,56,156,67,210,78,308,112,212,85,169,82,1607,259,37,37,42,49,213,102,46,54,0,14,37,46,63,56,136,81,158,63,253,74,259,91,162,66,201,93
1400000US06037262604,6106,1143,439,224,255,172,0,19,0,19,0,19,0,19,0,19,0,19,0,19,83,112,51,74,0,19,43,64,59,69,19,31,184,113,0,19,0,19,0,19,0,19,0,19,0,19,0,19,2,4,9,15,0,19,26,32,98,90,49,58,5667,1171,2524,478,108,105,18,36,257,128,350,212,21,39,6,9,15,26,158,94,292,184,394,165,334,124,248,132,323,121,3143,756,146,100,95,105,353,355,111,156,23,39,122,128,60,67,293,157,453,219,353,117,300,98,304,145,530,145
1400000US06037262704,3481,434,147,82,80,48,0,14,0,14,0,14,0,14,0,14,0,14,0,14,9,14,30,33,4,8,24,26,0,14,13,21,67,51,0,14,0,14,0,14,0,14,0,14,0,14,19,22,10,15,0,14,11,17,27,30,0,14,0,14,3334,412,1573,276,50,49,0,14,185,91,62,53,66,76,27,28,34,29,88,82,108,56,239,101,335,103,205,95,174,64,1761,203,224,96,9,15,83,66,49,49,21,22,56,42,90,49,64,56,184,67,382,127,199,72,138,70,262,106
1400000US06037262706,3292,517,164,111,88,88,0,14,0,14,0,14,0,14,0,14,0,14,0,14,0,14,0,14,0,14,0,14,84,88,4,9,76,51,0,14,0,14,0,14,0,14,0,14,0,14,0,14,0,14,0,14,0,14,5,10,38,42,33,42,3128,502,1391,228,66,45,7,12,166,79,22,28,23,27,37,35,68,43,65,47,128,55,209,85,298,120,225,90,77,43,1737,358,57,51,0,14,249,148,99,56,69,56,31,31,134,103,48,29,127,46,246,89,333,112,183,102,161,66
1400000US06037262802,3522,439,255,147,141,80,13,21,0,14,23,34,0,14,0,14,0,14,0,14,0,14,21,30,11,19,13,20,37,35,23,24,114,76,0,14,0,14,22,34,0,14,0,14,0,14,0,14,14,21,31,33,0,14,0,14,31,35,16,15,3267,442,1638,277,19,30,0,14,129,97,67,57,0,14,21,26,92,68,115,78,138,93,257,118,269,130,241,93,290,118,1629,240,28,32,0,14,136,86,75,65,60,78,12,20,61,61,29,38,185,92,216,76,221,82,282,94,324,111
1400000US06037264000,3145,393,186,108,62,56,0,14,0,14,0,14,0,14,0,14,0,14,62,56,0,14,0,14,0,14,0,14,0,14,0,14,124,65,0,14,0,14,0,14,0,14,0,14,0,14,17,25,7,11,0,14,32,46,25,37,0,14,43,42,2959,429,1416,221,115,61,18,25,123,86,35,32,9,14,68,61,34,28,71,58,164,68,222,70,163,64,114,77,280,132,1543,273,17,27,34,46,175,83,124,71,0,14,24,26,75,68,86,53,204,63,202,76,206,79,244,95,152,74
1400000US06037264102,3061,398,307,189,170,165,0,14,0,14,0,14,0,14,0,14,56,87,0,14,0,14,42,47,0,14,0,14,49,77,23,36,137,100,0,14,0,14,0,14,0,14,0,14,0,14,0,14,53,74,33,36,26,35,16,27,9,13,0,14,2754,419,1379,268,17,27,17,22,5,12,79,93,0,14,18,28,19,31,409,184,171,76,172,77,194,103,156,101,122,51,1375,266,0,14,50,57,101,68,5,10,0,14,33,35,13,21,392,140,235,106,132,56,118,66,115,58,181,117
1400000US06037264103,2646,379,215,108,62,41,0,14,0,14,0,14,0,14,0,14,0,14,0,14,19,30,0,14,24,21,0,14,10,15,9,14,153,95,0,14,0,14,0,14,0,14,0,14,0,14,6,10,91,80,10,16,0,14,0,14,46,58,0,14,2431,370,1171,214,32,30,43,33,22,28,43,52,9,15,0,14,45,67,349,117,223,131,184,96,22,24,116,55,83,51,1260,261,30,26,6,14,43,54,0,14,13,20,0,14,59,52,498,184,289,132,102,80,93,63,52,40,75,48
1400000US06037264303,2635,401,231,169,21,25,0,14,0,14,0,14,0,14,0,14,0,14,0,14,0,14,0,14,0,14,0,14,12,20,9,14,210,164,0,14,0,14,0,14,0,14,0,14,0,14,127,141,71,83,0,14,0,14,12,21,0,14,0,14,2404,381,1019,219,0,14,0,14,13,21,0,14,0,14,0,14,12,20,491,161,281,139,7,11,166,61,27,33,22,20,1385,289,57,90,0,14,13,21,10,16,0,14,0,14,14,16,858,258,124,79,32,35,75,50,57,42,145,36
1400000US06037264304,2276,352,59,43,11,19,0,14,0,14,0,14,0,14,0,14,0,14,0,14,0,14,0,14,11,19,0,14,0,14,0,14,48,36,0,14,0,14,0,14,0,14,0,14,0,14,0,14,25,22,23,27,0,14,0,14,0,14,0,14,2217,352,1058,226,42,40,12,20,46,37,0,14,0,14,0,14,156,157,308,128,244,89,65,70,38,37,133,87,14,21,1159,283,23,26,0,14,6,16,32,45,0,14,0,14,193,193,445,153,261,119,81,78,29,30,29,28,60,45
1400000US06037264305,4518,1475,242,132,134,87,0,14,0,14,40,38,0,14,0,14,0,14,0,14,35,41,34,32,0,14,0,14,0,14,25,31,108,63,0,14,0,14,0,14,0,14,0,14,0,14,0,14,16,26,46,36,30,39,16,27,0,14,0,14,4276,1475,2223,1089,409,653,13,23,0,14,48,49,25,39,12,20,55,56,347,145,471,319,250,189,234,152,93,46,266,179,2053,514,43,43,0,14,247,172,59,59,11,17,28,32,25,40,532,295,185,97,202,70,253,178,235,85,233,106
1400000US06037264306,1806,268,114,84,32,51,0,14,0,14,0,14,0,14,0,14,0,14,32,51,0,14,0,14,0,14,0,14,0,14,0,14,82,72,0,14,0,14,0,14,0,14,0,14,0,14,13,22,12,20,24,39,33,53,0,14,0,14,0,14,1692,263,959,186,80,65,0,14,0,14,0,14,0,14,0,14,35,43,213,118,147,74,113,80,128,64,136,105,107,75,733,167,82,66,0,14,0,14,0,14,0,14,0,14,51,58,141,90,207,92,9,16,76,55,46,42,121,58
1400000US06037265100,2194,349,269,154,72,58,0,14,0,14,0,14,0,14,0,14,0,14,13,21,0,14,0,14,0,14,18,24,23,34,18,19,197,117,0,14,0,14,0,14,0,14,0,14,6,14,0,14,13,21,0,14,7,11,42,41,8,13,121,103,1925,357,816,180,63,23,0,14,60,21,8,13,0,14,25,35,26,41,13,20,93,66,126,110,101,54,166,114,135,66,1109,220,63,22,0,14,8,12,7,12,0,14,0,14,8,14,52,64,111,68,88,55,110,82,344,148,318,119
1400000US06037265201,2037,664,178,118,40,37,0,14,0,14,0,14,0,14,0,14,6,11,0,14,21,31,0,14,0,14,0,14,8,13,5,7,138,84,0,14,0,14,0,14,0,14,5,8,0,14,46,38,29,43,0,14,18,4,15,17,6,9,19,25,1859,657,728,214,16,25,0,14,12,19,14,22,24,20,0,14,22,27,80,50,67,50,152,72,27,21,244,128,70,32,1131,494,6,9,0,14,12,18,33,31,4,6,51,30,88,58,148,163,116,124,127,65,179,146,142,60,225,180
1400000US06037265203,2056,323,294,206,218,208,0,14,0,14,0,14,0,14,0,14,0,14,78,78,0,14,0,14,0,14,73,114,58,91,9,15,76,58,0,14,0,14,0,14,0,14,0,14,0,14,55,53,11,18,0,14,0,14,0,14,0,14,10,15,1762,272,944,225,29,43,0,14,82,122,56,99,39,64,0,14,75,69,213,100,91,47,77,86,65,42,104,69,113,60,818,137,29,43,0,14,2,41,27,41,0,14,7,56,63,79,122,60,85,51,76,92,62,34,236,99,109,60
1400000US06037265204,1467,294,682,274,126,83,0,14,0,14,0,14,0,14,0,14,0,14,59,60,42,47,7,10,0,14,0,14,0,14,18,23,556,257,0,14,0,14,0,14,0,14,0,14,0,14,466,246,49,34,22,34,0,14,0,14,19,24,0,14,785,193,361,134,0,14,0,14,18,14,0,14,0,14,0,14,118,113,61,37,39,28,0,14,95,50,25,17,5,9,424,136,0,14,0,14,0,14,6,13,0,14,0,14,107,72,96,66,11,13,87,102,76,45,36,38,5,9
1400000US06037265301,0,21,0,21,0,21,0,21,0,21,0,21,0,21,0,21,0,21,0,21,0,21,0,21,0,21,0,21,0,21,0,21,0,21,0,21,0,21,0,21,0,21,0,21,0,21,0,21,0,21,0,21,0,21,0,21,0,21,0,21,0,21,0,21,0,21,0,21,0,21,0,21,0,21,0,21,0,21,0,21,0,21,0,21,0,21,0,21,0,21,0,21,0,21,0,21,0,21,0,21,0,21,0,21,0,21,0,21,0,21,0,21,0,21,0,21,0,21
1400000US06037265303,4184,701,2781,572,1168,351,10,16,0,14,0,14,0,14,0,14,9,13,955,332,107,76,16,26,42,58,29,45,0,14,0,14,1613,495,0,14,0,14,0,14,0,14,0,14,0,14,1455,487,64,74,11,16,41,53,30,47,12,20,0,14,1403,415,653,272,0,14,0,14,0,14,0,14,0,14,0,14,327,174,136,87,54,51,77,79,0,14,59,68,0,14,750,267,0,14,0,14,0,14,0,14,0,14,0,14,551,230,41,36,0,14,84,77,8,13,57,79,9,15
1400000US06037265304,2377,414,1749,372,816,319,0,14,0,14,17,27,0,14,0,14,0,14,649,328,150,109,0,14,0,14,0,14,0,14,0,14,933,295,0,14,0,14,0,14,0,14,0,14,0,14,910,291,0,14,23,28,0,14,0,14,0,14,0,14,628,198,242,102,0,14,0,14,0,14,0,14,0,14,0,14,117,81,39,44,21,25,27,30,19,24,8,14,11,16,386,214,0,14,0,14,0,14,0,14,0,14,0,14,330,211,35,33,10,16,0,14,0,14,11,17,0,14
1400000US06037265306,1227,288,686,212,229,110,0,14,0,14,0,14,0,14,0,14,0,14,204,106,25,29,0,14,0,14,0,14,0,14,0,14,457,204,0,14,0,14,0,14,0,14,0,14,0,14,452,203,0,14,5,9,0,14,0,14,0,14,0,14,541,187,219,99,0,14,0,14,0,14,0,14,0,14,17,29,52,42,92,96,18,12,9,1,16,2,5,8,10,4,322,134,7,1,0,14,0,14,0,14,0,14,0,14,222,109,52,41,0,14,30,35,0,14,5,4,6,6
1400000US06037265307,1496,484,640,321,183,148,0,14,0,14,0,14,0,14,0,14,0,14,130,135,48,43,5,9,0,14,0,14,0,14,0,14,457,292,0,14,0,14,0,14,0,14,0,14,0,14,283,215,174,191,0,14,0,14,0,14,0,14,0,14,856,273,499,173,11,22,0,14,8,11,0,14,0,14,0,14,122,86,259,147,37,34,40,43,5,8,17,34,0,14,357,213,14,20,0,14,8,11,0,14,0,14,0,14,171,198,95,69,33,35,12,25,5,8,19,25,0,14
1400000US06037265410,1732,365,43,40,18,18,0,14,0,14,0,14,0,14,0,14,0,14,0,14,0,14,7,10,8,12,0,14,3,8,0,14,25,27,0,14,0,14,9,13,0,14,0,14,0,14,0,14,0,14,0,14,8,12,0,14,2,8,6,9,1689,367,828,196,37,24,7,11,72,44,67,47,8,13,57,55,0,14,184,147,108,56,49,29,102,70,94,53,43,23,861,214,70,39,0,14,56,30,2,8,6,10,39,54,96,100,73,41,114,56,73,59,104,57,153,56,75,39
1400000US06037265420,1696,249,92,114,39,56,11,18,0,14,0,14,0,14,0,14,0,14,0,14,0,14,12,20,5,9,0,14,11,17,0,14,53,59,0,14,0,14,0,14,11,18,0,14,0,14,5,7,0,14,14,22,5,10,11,18,0,14,7,10,1604,229,859,166,69,43,25,28,111,78,62,59,45,43,11,12,24,25,53,27,154,62,97,49,71,44,75,40,62,28,745,121,19,29,4,7,82,37,26,25,0,14,0,14,67,100,57,34,98,45,143,58,67,35,82,35,100,40
1400000US06037265521,1578,252,233,105,89,67,0,14,0,14,0,14,0,14,0,14,0,14,17,19,0,14,0,14,44,60,28,33,0,14,0,14,144,80,0,14,0,14,0,14,0,14,0,14,10,16,87,68,17,21,0,14,0,14,30,38,0,14,0,14,1345,220,584,138,0,14,0,14,0,14,0,14,0,14,0,14,100,70,289,108,105,54,20,23,36,32,26,32,8,13,761,160,74,4,0,14,0,14,0,14,0,14,0,14,127,79,246,119,148,73,20,22,47,47,31,29,68,70
1400000US06037265522,1949,317,362,232,65,46,0,14,0,14,0,14,0,14,0,14,0,14,36,40,20,22,9,21,0,14,0,14,0,14,0,14,297,228,0,14,0,14,0,14,0,14,0,14,0,14,251,227,0,14,0,14,37,41,0,14,9,15,0,14,1587,255,726,169,12,19,0,14,42,46,0,14,0,14,2,20,35,38,401,157,101,59,32,45,0,14,69,60,32,26,861,159,16,41,0,14,11,27,0,14,0,14,29,34,96,80,412,137,102,50,27,39,37,38,94,65,37,33
1400000US06037265523,2394,830,109,103,41,35,0,14,0,14,0,14,0,14,0,14,0,14,12,18,0,14,14,22,0,14,0,14,0,14,15,21,68,79,28,45,0,14,0,14,0,14,0,14,0,14,6,10,22,23,12,20,0,14,0,14,0,14,0,14,2285,821,1169,477,118,97,12,18,39,20,27,45,7,11,0,14,51,69,490,366,168,87,32,32,188,213,22,17,15,15,1116,461,33,41,19,24,20,19,7,13,0,14,27,30,52,47,428,328,73,33,63,60,286,323,68,51,40,34
1400000US06037265524,2806,314,237,133,99,66,17,27,0,14,0,14,0,14,0,14,0,14,32,34,0,14,25,30,0,14,0,14,8,13,17,27,138,88,16,27,0,14,0,14,10,16,0,14,0,14,10,15,10,15,22,25,0,14,27,32,0,14,43,61,2569,329,1146,156,50,37,20,32,23,29,21,32,0,14,0,14,104,76,221,119,253,87,120,75,164,93,66,55,104,71,1423,264,114,82,9,16,57,67,0,14,10,16,0,14,65,54,398,185,284,107,159,85,54,44,178,78,95,65
1400000US06037265601,2865,515,204,102,83,75,0,14,0,14,0,14,0,14,0,14,0,14,0,14,13,21,0,14,20,30,36,56,14,38,0,14,121,84,0,14,0,14,0,14,0,14,0,14,0,14,10,16,17,41,9,16,0,14,9,15,68,65,8,13,2661,533,1281,306,53,41,8,19,47,48,66,69,7,15,24,37,22,31,198,67,248,110,138,95,127,47,158,56,185,204,1380,311,40,38,14,22,42,37,10,19,0,14,0,14,143,125,159,90,258,104,91,57,133,67,221,112,269,211
1400000US06037265602,3045,591,508,297,159,99,19,22,0,14,26,30,10,15,0,14,0,14,48,56,0,14,24,28,0,14,23,37,0,14,9,14,349,241,8,13,10,15,9,16,0,14,0,14,15,26,10,13,42,53,16,20,15,25,155,208,16,19,53,48,2537,509,1193,265,37,37,0,14,24,32,0,14,0,14,0,14,16,25,300,120,110,64,48,40,218,178,201,100,239,88,1344,314,101,72,0,14,24,33,17,27,17,26,0,14,111,81,239,112,49,38,193,160,179,82,159,81,255,109
1400000US06037265701,1686,254,152,94,92,73,0,14,0,14,0,14,0,14,0,14,0,14,39,49,0,14,30,46,0,14,0,14,5,8,18,26,60,60,0,14,0,14,0,14,0,14,0,14,0,14,43,53,0,14,0,14,0,14,0,14,0,14,17,23,1534,262,795,163,38,46,10,14,16,20,5,10,0,14,0,14,73,55,132,66,86,55,126,67,86,64,158,56,65,37,739,154,29,38,10,14,1,13,23,24,0,14,29,25,54,49,143,75,57,39,70,41,185,74,108,41,30,20
1400000US06037265702,2942,836,216,118,48,64,0,14,0,14,0,14,0,14,0,14,0,14,0,14,0,14,1,3,0,14,0,14,0,14,47,64,168,102,0,14,0,14,0,14,0,14,0,14,0,14,50,79,14,23,0,14,16,29,35,38,0,14,53,55,2726,845,1399,579,168,83,28,57,123,198,117,186,0,14,0,14,52,74,85,93,230,82,113,160,84,44,150,116,249,133,1327,370,101,74,26,36,0,14,0,14,0,14,0,14,0,14,89,71,315,185,25,39,299,172,221,74,251,108
1400000US06037267101,3039,607,232,145,95,98,30,46,0,14,0,14,0,14,0,14,0,14,17,29,0,14,39,48,9,16,0,14,0,14,0,14,137,104,0,14,0,14,0,14,0,14,0,14,0,14,109,100,0,14,0,14,11,17,0,14,8,13,9,15,2807,574,1252,257,45,42,0,14,41,44,38,31,18,20,94,118,122,65,324,183,128,56,101,55,213,65,63,44,65,42,1555,381,83,72,0,14,82,53,126,130,17,17,27,26,107,79,444,211,135,54,251,153,102,43,66,39,115,50
1400000US06037267102,3258,526,545,401,76,87,0,14,0,14,0,14,0,14,0,14,0,14,0,14,0,14,0,14,15,25,12,19,49,78,0,14,469,393,63,94,0,14,0,14,14,22,0,14,14,22,101,137,66,80,151,215,11,18,36,33,0,14,13,21,2713,435,1117,256,134,102,0,14,124,146,29,29,29,33,32,25,28,32,72,47,175,89,182,85,152,77,117,63,43,36,1596,327,52,62,30,33,10,16,56,45,20,22,10,16,160,145,178,83,140,86,336,142,198,89,100,47,306,244
1400000US06037267201,2666,379,206,112,114,88,0,14,0,14,0,14,0,14,0,14,0,14,29,45,35,54,0,14,0,14,39,61,11,17,0,14,92,84,0,14,0,14,0,14,0,14,0,14,0,14,7,12,11,18,0,14,0,14,12,19,22,38,40,64,2460,415,1332,307,72,83,16,27,179,152,0,14,0,14,0,14,37,43,286,116,231,96,95,84,58,39,318,211,40,36,1128,196,41,57,0,14,17,28,10,16,0,14,0,14,52,43,349,126,150,90,154,125,167,80,73,46,115,57
1400000US06037267202,3880,632,405,269,279,262,14,23,0,14,0,14,0,14,0,14,0,14,221,255,4,6,12,19,0,14,27,30,1,4,0,14,126,84,0,14,0,14,0,14,0,14,0,14,0,14,10,17,16,26,11,19,0,14,0,14,27,31,62,75,3475,571,1648,323,202,151,55,56,59,49,58,46,12,18,14,23,70,100,310,167,293,124,181,98,135,75,60,39,199,131,1827,362,111,81,0,14,7,11,22,25,0,14,13,22,175,210,430,213,332,116,315,129,184,82,149,134,89,61
1400000US06037267300,4242,622,743,309,305,173,0,14,0,14,0,14,0,14,0,14,0,14,101,86,133,140,30,49,0,14,0,14,21,36,20,33,438,262,0,14,0,14,0,14,0,14,0,14,0,14,96,94,168,157,8,51,120,174,25,44,0,14,21,32,3499,605,2214,468,162,129,0,14,18,29,138,79,0,14,0,14,108,82,758,332,153,97,332,232,304,156,215,145,26,35,1285,296,0,14,0,14,23,36,0,14,0,14,0,14,39,42,479,233,289,92,257,228,110,104,77,72,11,19
1400000US06037267403,3677,1132,494,306,292,266,0,14,0,14,0,14,0,14,0,14,0,14,53,62,206,259,0,14,1,3,11,18,21,23,0,14,202,119,0,14,0,14,0,14,0,14,0,14,0,14,63,72,55,48,38,45,1,2,33,50,12,18,0,14,3183,913,1720,789,0,14,0,14,0,14,42,51,0,14,42,65,259,245,687,522,260,124,139,92,138,81,49,52,104,76,1463,270,11,18,0,14,55,51,0,14,23,24,0,14,156,72,344,125,261,125,204,123,193,66,125,60,91,63
1400000US06037267404,3336,568,494,284,217,189,0,14,0,14,0,14,0,14,0,14,87,135,74,74,42,66,0,14,0,14,0,14,0,14,14,21,277,145,0,14,0,14,0,14,0,14,0,14,0,14,42,47,31,36,26,39,48,78,93,126,0,14,37,61,2842,585,1341,378,15,25,0,14,17,27,32,52,0,14,27,44,123,93,416,221,294,208,196,166,69,60,44,45,108,96,1501,350,45,71,0,14,50,81,0,14,0,14,0,14,210,204,510,230,239,127,110,93,153,133,86,82,98,69
1400000US06037267405,2425,306,301,136,169,106,0,14,0,14,0,14,0,14,0,14,0,14,50,56,47,46,19,30,0,14,0,14,0,14,53,82,132,74,0,14,0,14,0,14,0,14,0,14,0,14,14,22,35,45,0,14,15,23,0,14,31,42,37,34,2124,339,1076,215,22,34,0,14,0,14,0,14,0,14,0,14,6,14,697,229,188,99,44,46,51,41,18,25,50,31,1048,240,4,11,0,14,0,14,0,14,0,14,5,14,154,124,536,193,106,97,75,53,82,55,50,36,36,42
1400000US06037267406,1942,295,148,92,82,75,0,14,0,14,0,14,0,14,0,14,11,22,22,28,10,17,2,23,16,17,16,23,5,13,0,14,66,61,0,14,0,14,0,14,0,14,0,14,0,14,0,14,0,14,30,40,0,14,0,14,29,46,7,10,1794,302,795,197,34,32,0,14,2,10,16,17,0,14,0,14,51,43,351,182,155,82,91,65,54,39,21,21,20,20,999,246,36,43,0,14,15,17,0,14,0,14,0,14,172,189,250,110,190,72,51,48,126,56,61,40,98,49
1400000US06037267502,3403,372,471,292,142,107,0,14,0,14,0,14,0,14,0,14,33,50,11,17,32,29,13,21,34,51,7,11,12,19,0,14,329,213,17,27,0,14,0,14,0,14,0,14,9,16,77,100,37,33,10,15,131,131,0,14,24,27,24,39,2932,389,1598,310,10,15,0,14,79,74,91,76,21,32,11,18,170,126,652,191,159,82,165,76,102,61,87,60,51,46,1334,209,108,93,9,15,64,55,0,14,0,14,9,15,55,43,479,149,209,93,161,78,40,37,148,65,52,37
1400000US06037267503,2326,765,443,216,269,174,0,14,0,14,0,14,74,72,0,14,0,14,102,90,9,14,0,14,0,14,0,14,84,105,0,14,174,89,0,14,0,14,0,14,0,14,0,14,36,35,81,70,0,14,0,14,35,34,22,34,0,14,0,14,1883,773,1058,410,23,37,0,14,16,25,38,44,22,35,0,14,146,145,509,388,71,47,116,69,93,50,24,34,0,14,825,411,0,14,0,14,0,14,0,14,0,14,0,14,43,65,494,383,120,137,53,41,27,35,82,57,6,10
1400000US06037267504,3544,646,423,147,202,118,0,14,0,14,0,14,0,14,0,14,0,14,19,26,26,30,30,38,109,90,8,15,0,14,10,18,221,115,0,14,0,14,0,14,0,14,0,14,0,14,52,51,66,51,0,14,8,14,27,29,59,76,9,16,3121,692,1722,411,196,168,0,14,91,99,0,14,0,14,0,14,119,79,575,187,402,151,198,134,60,41,50,53,31,35,1399,369,129,95,0,14,0,14,9,15,0,14,9,14,104,81,471,224,268,117,224,153,51,43,115,86,19,23
1400000US06037267600,2767,429,311,209,107,75,0,14,0,14,0,14,0,14,0,14,0,14,12,19,15,23,0,14,0,14,0,14,53,61,27,32,204,163,0,14,0,14,0,14,0,14,0,14,0,14,33,47,44,55,0,14,0,14,37,49,37,59,53,61,2456,377,1315,303,36,35,0,14,130,151,23,26,11,18,23,26,37,30,219,94,306,147,112,77,173,70,156,124,89,67,1141,220,15,23,13,20,31,31,0,14,0,14,23,23,22,31,220,102,176,95,105,64,86,56,240,117,210,156
1400000US06037267700,3673,458,254,135,71,52,0,14,0,14,0,14,0,14,0,14,23,31,0,14,36,40,4,7,0,14,8,18,0,14,0,14,183,107,0,14,0,14,0,14,0,14,0,14,0,14,69,79,17,26,31,46,47,61,19,26,0,14,0,14,3419,504,1767,339,76,73,0,14,0,14,0,14,0,14,0,14,263,176,627,203,288,149,159,97,219,147,73,60,62,54,1652,302,91,60,0,14,8,12,52,79,0,14,0,14,373,195,484,183,165,92,228,139,112,77,16,22,123,85
1400000US06037267800,3598,404,285,150,74,78,0,14,0,14,0,14,0,14,0,14,0,14,0,14,17,18,47,73,5,8,0,14,5,8,0,14,211,143,0,14,0,14,0,14,0,14,0,14,0,14,100,138,90,111,5,48,0,14,16,25,0,14,0,14,3313,402,1656,301,188,83,30,31,58,47,26,27,0,14,0,14,90,75,527,197,224,110,116,58,182,74,126,57,89,47,1657,229,41,45,33,33,99,62,22,22,15,21,11,18,55,47,343,121,244,92,107,52,182,76,263,136,242,97
1400000US06037267901,3769,637,297,215,48,52,0,14,0,14,0,14,0,14,0,14,0,14,0,14,0,14,0,14,23,36,0,14,0,14,25,38,249,204,0,14,0,14,25,40,0,14,0,14,0,14,0,14,0,14,0,14,20,33,0,14,28,42,176,196,3472,679,1888,547,44,73,0,14,31,47,0,14,0,14,36,42,114,169,231,126,243,238,251,255,419,276,123,81,396,158,1584,380,62,76,0,14,32,49,77,79,20,32,68,101,18,24,162,100,210,206,51,36,170,131,229,136,485,170
1400000US06037267902,3837,575,259,161,142,127,0,14,0,14,0,14,0,14,0,14,0,14,88,115,9,15,8,15,0,14,34,33,3,4,0,14,117,66,0,14,0,14,0,14,0,14,0,14,0,14,39,30,7,12,12,18,13,20,46,34,0,14,0,14,3578,581,1623,383,101,74,0,14,129,103,84,50,0,14,7,14,23,26,250,110,290,101,332,244,194,78,125,56,88,43,1955,333,123,69,9,14,104,58,70,47,39,31,37,41,152,87,387,163,248,91,194,79,202,64,239,125,151,65
1400000US06037269000,4843,715,194,111,74,58,0,14,0,14,0,14,0,14,0,14,0,14,16,25,37,45,0,14,0,14,5,9,0,14,16,26,120,114,0,14,0,14,0,14,0,14,0,14,0,14,0,14,2,7,4,11,85,109,24,36,5,9,0,14,4649,725,2141,373,145,127,50,54,214,97,34,39,26,42,32,38,71,55,193,130,310,131,252,117,299,120,242,105,273,74,2508,503,150,111,0,14,136,109,47,59,0,14,65,62,119,96,152,82,642,264,301,123,347,161,174,96,375,205
1400000US06037269100,4227,958,723,299,289,143,0,14,0,14,70,60,13,22,0,14,0,14,0,14,61,57,8,12,50,58,87,69,0,14,0,14,434,190,0,14,0,14,71,61,0,14,43,41,0,14,105,112,24,45,7,15,94,61,59,56,13,20,18,20,3504,986,1621,608,423,260,121,149,22,35,16,23,25,35,29,30,42,36,161,112,260,205,107,60,120,81,168,86,127,64,1883,501,247,209,51,49,184,196,32,39,0,14,22,35,197,138,301,122,321,199,86,51,151,98,107,66,184,83
1400000US06037269300,3757,440,117,74,46,45,11,17,0,14,0,14,0,14,0,14,0,14,0,14,0,14,23,27,0,14,0,14,12,19,0,14,71,42,11,17,0,14,0,14,0,14,0,14,0,14,0,14,17,26,0,14,0,14,0,14,21,25,22,22,3640,436,1850,250,132,64,0,14,165,88,57,46,72,63,28,29,40,28,102,42,281,71,136,59,446,146,179,84,212,60,1790,264,70,65,23,25,187,86,38,36,7,11,35,27,52,46,74,43,273,110,203,76,380,181,212,78,236,54
1400000US06037269500,3962,563,59,53,10,16,0,14,0,14,0,14,0,14,0,14,0,14,0,14,0,14,0,14,0,14,0,14,10,16,0,14,49,46,0,14,0,14,0,14,0,14,0,14,0,14,0,14,14,20,13,20,0,14,0,14,10,16,12,19,3903,561,2139,346,166,108,25,30,190,89,201,89,31,46,123,89,286,136,77,52,176,80,203,102,301,96,210,110,150,88,1764,275,60,46,17,23,228,152,38,43,81,73,23,24,26,31,129,65,164,79,252,111,242,69,213,97,291,107
1400000US06037269601,3374,595,450,261,127,111,0,14,0,14,14,20,0,14,0,14,0,14,48,54,39,44,12,17,0,14,14,22,0,14,0,14,323,197,0,14,0,14,0,14,26,40,0,14,0,14,62,54,41,67,47,72,35,45,39,57,0,14,73,76,2924,607,1347,292,46,46,0,14,21,33,27,35,23,37,64,73,202,116,340,163,163,102,176,89,134,87,121,108,30,32,1577,377,124,101,15,23,129,66,70,86,0,14,53,55,250,140,191,101,215,98,197,123,170,84,86,101,77,64
1400000US06037269602,2383,439,731,328,347,135,41,63,0,14,0,14,0,14,0,14,0,14,99,73,104,87,27,54,48,72,28,65,0,14,0,14,384,211,7,10,0,14,5,8,5,7,0,14,5,8,132,118,76,80,0,14,107,90,0,14,0,14,47,53,1652,373,837,212,0,14,0,14,49,70,0,14,0,14,7,10,80,79,242,127,23,27,202,117,121,73,72,86,41,42,815,220,32,51,0,14,9,21,16,41,40,56,0,14,23,21,206,95,32,29,186,107,152,107,66,25,53,51
1400000US06037269700,4040,520,274,134,146,88,0,14,0,14,18,27,0,14,0,14,0,14,0,14,18,20,58,53,19,32,6,9,21,20,6,10,128,77,0,14,0,14,0,14,18,28,0,14,0,14,11,18,43,45,16,25,0,14,5,8,9,13,26,25,3766,522,1765,273,84,42,15,23,114,58,30,35,17,26,34,39,101,54,356,122,300,150,295,116,202,91,139,64,78,52,2001,331,81,51,25,33,164,114,83,82,11,17,50,60,82,56,476,181,202,80,293,90,159,59,148,46,227,108
1400000US06037269800,3384,436,417,140,231,102,0,14,0,14,0,14,0,14,0,14,0,14,48,55,87,68,17,20,57,54,7,12,4,8,11,19,186,99,0,14,0,14,15,23,0,14,0,14,0,14,0,14,59,54,13,19,19,29,37,51,34,36,9,15,2967,435,1514,251,77,80,0,14,83,59,27,30,42,39,60,34,101,81,440,161,285,109,130,49,141,102,109,64,19,26,1453,271,27,41,9,14,163,68,60,42,0,14,0,14,94,70,404,149,298,101,179,100,75,47,46,46,98,58
1400000US06037269903,3306,409,684,192,258,83,110,50,0,14,0,14,0,14,0,14,0,14,9,15,10,17,3,7,3,9,101,63,0,14,22,33,426,163,0,14,0,14,0,14,51,23,0,14,0,14,121,128,132,67,43,50,11,19,47,41,21,32,0,14,2622,343,1259,258,16,24,0,14,11,17,0,14,0,14,11,17,147,152,582,143,272,120,151,127,10,20,15,20,44,41,1363,290,38,63,0,14,36,59,0,14,0,14,0,14,42,35,764,277,260,124,73,68,58,48,49,45,43,41
1400000US06037269905,2188,211,174,124,97,61,6,10,0,14,23,38,0,14,0,14,0,14,20,23,0,14,17,24,15,24,0,14,0,14,16,19,77,77,0,14,0,14,24,38,0,14,0,14,0,14,0,14,0,14,37,40,0,14,0,14,10,15,6,9,2014,202,1024,159,0,14,0,14,47,15,0,14,0,14,0,14,58,59,376,107,382,127,79,48,47,35,13,15,22,24,990,133,45,32,0,14,21,27,0,14,0,14,0,14,39,32,473,115,173,50,110,69,62,44,42,31,25,22
1400000US06037269906,3133,549,113,115,69,87,0,14,0,14,0,14,0,14,0,14,0,14,26,42,27,44,12,20,1,6,0,14,3,6,0,14,44,64,0,14,0,14,0,14,0,14,0,14,0,14,10,47,0,14,0,14,0,14,0,14,11,17,23,34,3020,550,1527,290,34,33,13,20,59,24,33,19,0,14,0,14,101,90,729,241,279,103,123,66,119,56,5,10,32,24,1493,362,82,74,0,14,51,26,0,14,0,14,0,14,72,64,650,202,173,83,141,64,168,172,111,60,45,34
1400000US06037269907,2704,262,307,133,127,76,0,14,0,14,0,14,0,14,0,14,0,14,23,34,29,28,46,45,0,14,0,14,29,47,0,14,180,90,0,14,0,14,0,14,0,14,0,14,0,14,22,31,58,41,37,56,8,15,42,42,0,14,13,18,2397,257,1129,160,0,14,18,30,26,36,0,14,35,36,0,14,57,44,463,126,178,85,154,60,97,60,69,51,32,48,1268,186,0,14,0,14,25,33,37,38,15,26,0,14,58,42,565,143,182,73,106,82,149,100,95,58,36,32
1400000US06037269908,1868,318,51,56,0,14,0,14,0,14,0,14,0,14,0,14,0,14,0,14,0,14,0,14,0,14,0,14,0,14,0,14,51,56,0,14,0,14,0,14,0,14,0,14,0,14,0,14,0,14,0,14,34,50,0,14,0,14,17,27,1817,326,796,203,21,35,0,14,19,33,49,64,0,14,10,17,6,9,327,150,122,76,90,59,48,36,94,65,10,15,1021,289,0,14,0,14,0,14,0,14,0,14,0,14,35,57,357,192,207,99,139,93,95,79,142,184,46,57
1400000US06037269909,2170,614,124,118,30,38,0,14,0,14,0,14,0,14,0,14,0,14,0,14,0,14,14,23,16,28,0,14,0,14,0,14,94,93,17,27,0,14,16,26,0,14,0,14,0,14,0,14,15,24,46,56,0,14,0,14,0,14,0,14,2046,620,819,176,21,34,0,14,0,14,0,14,0,14,51,43,84,76,185,107,260,109,144,100,54,68,20,30,0,14,1227,594,0,14,0,14,3,40,34,52,0,14,0,14,19,23,368,274,146,119,308,191,165,167,164,262,20,7
1400000US06037270101,1832,361,133,82,66,73,0,14,0,14,0,14,0,14,0,14,0,14,0,14,54,71,0,14,0,14,12,18,0,14,0,14,67,44,0,14,0,14,0,14,0,14,0,14,0,14,22,25,26,30,0,14,19,30,0,14,0,14,0,14,1699,388,847,350,0,14,0,14,112,71,74,64,0,14,0,14,30,37,188,67,83,44,152,70,180,264,28,30,0,14,852,160,0,14,0,14,12,22,0,14,0,14,0,14,92,81,276,88,230,133,81,55,74,63,87,66,0,14
1400000US06037270102,2380,496,196,117,71,60,0,14,0,14,0,14,0,14,0,14,0,14,0,14,0,14,13,20,13,21,45,43,0,14,0,14,125,83,0,14,0,14,0,14,0,14,0,14,0,14,8,12,23,28,74,68,0,14,11,19,0,14,9,14,2184,469,1022,158,11,18,0,14,41,42,0,14,0,14,12,24,102,87,262,120,232,79,132,63,116,82,89,49,25,40,1162,424,19,30,0,14,48,14,24,27,0,14,13,24,101,101,508,185,104,55,61,26,130,105,80,68,74,82
1400000US06037270200,3401,500,376,185,207,129,0,14,19,31,22,39,0,14,0,14,0,14,18,64,60,55,33,55,17,29,38,42,0,14,0,14,169,90,0,14,0,14,0,14,0,14,0,14,0,14,49,53,23,23,10,15,31,44,15,22,41,43,0,14,3025,469,1594,298,60,60,0,14,113,43,12,20,36,42,10,18,80,68,271,156,401,224,233,123,260,88,55,33,63,53,1431,249,52,42,0,14,95,44,44,56,0,14,50,40,118,75,183,84,321,188,317,101,47,29,165,85,39,36
1400000US06037270300,2594,401,123,63,45,31,0,14,0,14,0,14,0,14,0,14,0,14,13,14,0,14,0,14,21,25,7,13,0,14,4,8,78,44,0,14,0,14,0,14,0,14,0,14,0,14,11,12,8,12,0,14,22,26,3,6,29,30,5,7,2471,402,1141,173,26,25,0,14,73,52,61,49,51,39,35,29,119,95,120,60,315,101,123,57,87,40,70,31,61,37,1330,363,52,41,0,14,58,38,88,53,39,30,43,42,27,30,211,88,196,58,123,56,356,321,69,37,68,39
1400000US06037271100,2394,309,197,157,109,89,0,14,0,14,0,14,0,14,20,34,0,14,0,14,8,15,16,15,25,38,6,10,34,47,0,14,88,80,0,14,0,14,0,14,0,14,0,14,0,14,21,38,4,14,18,31,15,20,26,30,4,6,0,14,2197,317,1236,224,120,77,19,20,63,39,30,37,0,14,40,38,39,44,202,112,177,56,231,93,101,58,103,45,111,70,961,210,99,96,0,14,27,36,4,7,26,38,0,14,67,43,102,60,186,50,179,93,117,53,51,27,103,61
1400000US06037271200,2931,622,181,97,97,67,0,14,0,14,0,14,0,14,0,14,0,14,12,19,58,47,14,22,0,14,0,14,13,20,0,14,84,50,0,14,0,14,0,14,0,14,0,14,0,14,10,17,12,20,13,21,0,14,23,27,11,16,15,21,2750,624,1358,261,110,85,42,65,55,84,0,14,0,14,0,14,109,101,515,199,213,100,156,106,73,53,64,43,21,24,1392,507,154,150,0,14,186,193,15,22,0,14,54,80,46,36,431,141,147,89,97,89,96,63,82,65,84,63
1400000US06037271300,4865,646,533,426,188,165,0,14,0,14,29,42,2,36,0,14,0,14,0,14,0,14,46,73,0,14,111,123,0,14,0,14,345,285,0,14,47,75,43,68,65,86,0,14,0,14,3,14,65,76,41,44,15,25,0,14,0,14,66,110,4332,664,2182,420,87,69,5,9,240,136,37,50,0,14,3,12,190,135,397,242,364,111,211,128,319,111,220,82,109,82,2150,359,88,57,0,14,48,49,69,77,0,14,71,91,48,57,480,226,330,128,347,144,263,111,264,84,142,90
1400000US06037271400,3327,379,58,56,24,28,0,14,0,14,0,14,0,14,0,14,0,14,0,14,0,14,0,14,0,14,9,15,15,24,0,14,34,33,0,14,0,14,0,14,0,14,0,14,0,14,0,14,0,14,0,14,0,14,0,14,18,28,16,18,3269,392,1552,232,19,23,0,14,126,65,74,48,7,12,60,53,81,60,79,65,178,63,282,102,267,80,234,83,145,67,1717,268,78,73,29,32,136,51,57,42,26,42,15,20,65,53,67,45,208,77,206,73,271,78,186,64,373,205
1400000US06037271500,3082,451,268,220,131,112,0,14,0,14,0,14,33,50,0,14,0,14,3,6,0,14,0,14,1,10,3,6,0,14,91,94,137,122,0,14,0,14,0,14,0,14,32,49,0,14,12,17,0,14,0,14,53,62,0,14,7,12,33,52,2814,398,1229,193,55,46,27,34,174,110,0,14,0,14,8,13,21,33,100,66,158,64,225,108,204,76,115,54,142,68,1585,358,234,147,9,15,146,99,51,46,0,14,0,14,28,32,256,139,216,104,80,49,225,116,136,72,204,70
1400000US06037271600,4685,576,597,210,291,155,30,43,0,19,0,19,10,16,0,19,0,19,92,115,86,64,46,42,10,15,0,19,0,19,17,21,306,113,0,19,0,19,12,20,0,19,0,19,0,19,14,21,210,101,35,25,0,19,9,13,0,19,26,25,4088,629,1843,279,90,61,14,20,64,40,65,43,1,9,13,19,82,53,644,203,344,103,140,51,99,57,180,67,107,94,2245,411,178,104,0,19,141,61,29,22,7,13,29,26,221,211,789,231,272,80,155,55,94,51,187,70,143,94
1400000US06037271702,3856,415,463,187,207,148,11,19,0,14,12,20,0,14,0,14,0,14,29,48,91,85,40,40,24,32,0,14,0,14,0,14,256,96,11,16,0,14,0,14,0,14,0,14,0,14,31,30,164,97,7,12,43,37,0,14,0,14,0,14,3393,390,1690,256,103,71,13,18,202,80,18,29,0,14,13,22,82,62,606,141,265,97,167,75,115,66,106,66,0,14,1703,253,30,33,14,17,48,36,6,13,9,14,0,14,146,91,617,208,233,90,160,74,128,52,139,55,173,127
1400000US06037271703,2805,348,127,74,62,59,0,14,0,14,0,14,0,14,0,14,0,14,10,16,26,43,0,14,26,39,0,14,0,14,0,14,65,36,0,14,0,14,0,14,0,14,0,14,0,14,40,34,0,14,0,14,0,14,17,25,8,14,0,14,2678,347,1249,229,83,64,30,48,57,58,79,58,0,14,20,27,81,78,253,109,251,111,98,66,140,73,103,51,54,45,1429,202,52,56,36,52,39,42,0,14,0,14,32,36,114,95,439,147,254,117,137,65,91,55,194,84,41,33
1400000US06037271704,2981,895,247,211,146,152,0,14,0,14,0,14,0,14,0,14,27,43,64,71,0,14,0,14,55,56,0,14,0,14,0,14,101,70,0,14,0,14,0,14,0,14,9,15,0,14,10,16,9,16,0,14,9,15,47,56,0,14,17,22,2734,915,1422,543,199,250,0,14,81,75,39,60,0,14,29,35,108,90,359,157,245,187,63,65,219,112,42,44,38,41,1312,438,17,30,23,44,225,214,10,20,28,33,0,14,109,143,228,111,297,184,141,82,86,56,88,60,60,53
1400000US06037271801,3589,428,501,242,181,113,0,14,0,14,27,42,10,16,0,14,0,14,22,26,48,53,0,14,74,74,0,14,0,14,0,14,320,181,31,45,0,14,29,42,0,14,0,14,0,14,85,77,120,101,9,14,12,19,25,38,0,14,9,14,3088,387,1196,184,35,31,12,20,34,46,69,72,32,52,0,14,25,27,323,113,172,93,151,63,165,101,46,34,132,96,1892,301,36,32,0,14,46,41,63,64,22,32,22,32,149,96,562,208,289,150,368,159,185,117,87,64,63,40
1400000US06037271803,3408,608,332,147,109,73,0,14,0,14,0,14,0,14,0,14,28,41,9,14,37,44,0,14,6,14,19,32,10,16,0,14,223,122,0,14,0,14,0,14,0,14,0,14,0,14,24,28,0,14,101,96,65,60,33,35,0,14,0,14,3076,580,1466,333,0,14,35,56,118,101,0,14,0,14,0,14,147,102,560,163,253,130,69,47,169,128,107,116,8,12,1610,369,96,100,0,14,36,57,103,98,0,14,0,14,134,105,439,213,266,144,206,103,214,136,19,37,97,66
1400000US06037271804,2363,305,109,84,36,35,0,14,0,14,0,14,0,14,0,14,0,14,0,14,21,25,15,23,0,14,0,14,0,14,0,14,73,78,0,14,0,14,0,14,0,14,0,14,0,14,0,14,10,16,0,14,0,14,63,77,0,14,0,14,2254,321,1249,253,0,14,16,29,31,37,0,14,0,14,19,30,196,169,359,187,214,124,121,75,200,75,73,57,20,25,1005,220,85,66,0,14,44,55,30,37,0,14,26,33,152,76,205,96,174,66,92,77,102,68,31,31,64,68
1400000US06037271901,3346,564,236,214,86,81,0,14,0,14,0,14,0,14,0,14,0,14,3,9,17,26,34,49,8,23,0,14,24,29,0,14,150,149,0,14,0,14,35,50,36,50,0,14,0,14,0,14,17,22,32,44,0,14,16,25,14,23,0,14,3110,557,1745,338,33,34,32,34,155,119,9,18,78,101,30,46,88,77,323,120,346,162,156,98,237,158,174,101,84,49,1365,293,48,47,0,14,95,98,36,32,25,28,0,14,99,90,390,162,129,61,201,153,138,85,65,54,139,73
1400000US06037271902,3899,460,354,135,175,83,0,14,0,14,0,14,0,14,0,14,0,14,33,38,26,34,55,64,7,10,17,21,33,46,4,12,179,99,0,14,0,14,0,14,0,14,0,14,21,34,0,14,51,60,12,19,51,43,0,14,0,14,44,37,3545,483,1863,320,101,49,0,14,155,89,69,100,14,17,20,23,111,71,437,124,274,133,299,134,138,55,129,57,116,49,1682,236,127,88,17,25,80,53,15,22,45,54,39,56,14,20,471,159,277,105,270,88,87,41,119,57,121,53
1400000US06037272100,4550,622,197,104,69,46,0,14,0,14,0,14,11,17,0,14,0,14,0,14,18,30,10,16,10,16,10,15,10,15,0,14,128,75,23,25,0,14,11,17,0,14,0,14,0,14,0,14,0,14,53,48,10,16,11,16,20,23,0,14,4353,616,1936,302,105,72,11,17,126,73,44,42,18,19,27,24,195,129,207,93,241,127,331,135,272,90,199,99,160,72,2417,440,91,63,52,56,189,103,62,42,21,25,145,176,76,39,252,120,201,81,370,184,428,117,297,152,233,95
1400000US06037272201,2344,334,127,77,66,56,0,14,0,14,0,14,0,14,0,14,0,14,35,46,2,7,4,7,8,14,0,14,17,22,0,14,61,46,0,14,0,14,0,14,0,14,0,14,0,14,0,14,0,14,24,35,4,8,6,9,27,31,0,14,2217,325,1180,212,7,15,37,40,68,54,102,122,0,14,0,14,133,91,332,135,228,73,156,59,43,41,33,43,41,37,1037,181,11,19,0,14,121,57,14,25,0,14,12,21,30,48,254,67,143,45,256,97,38,30,75,69,83,31
1400000US06037272202,3143,495,193,81,119,71,0,14,0,14,0,14,0,14,0,14,0,14,0,14,12,19,29,44,29,32,37,33,0,14,12,20,74,56,0,14,0,14,0,14,0,14,0,14,0,14,0,14,29,42,0,14,0,14,36,32,9,15,0,14,2950,495,1651,363,82,70,39,32,85,58,0,14,17,26,0,14,122,136,427,197,312,116,172,116,213,98,141,75,41,34,1299,253,63,74,0,14,19,28,44,47,11,18,0,14,60,63,425,140,241,82,162,81,176,82,44,38,54,42
1400000US06037272301,3256,478,195,83,115,81,0,14,0,14,0,14,0,14,0,14,0,14,38,42,9,14,28,54,0,14,15,38,25,33,0,14,80,72,0,14,0,14,0,14,0,14,0,14,0,14,10,17,0,14,26,35,0,14,19,44,25,39,0,14,3061,457,1488,322,93,43,47,75,14,22,20,34,0,14,0,14,193,207,251,94,285,106,123,61,226,109,208,134,28,25,1573,279,203,134,0,14,55,39,23,26,70,107,16,24,25,27,363,199,259,85,155,93,170,66,208,102,26,30
1400000US06037272302,3965,533,281,128,91,54,0,14,0,14,0,14,0,14,0,14,0,14,0,14,9,16,19,22,17,20,22,34,0,14,24,23,190,101,0,14,0,14,0,14,0,14,0,14,0,14,17,27,35,41,5,8,12,17,21,19,15,18,85,66,3684,572,1758,348,0,14,0,14,0,14,49,68,0,14,45,44,50,46,503,187,294,146,378,206,263,113,141,113,35,29,1926,415,48,47,6,10,73,100,35,41,0,14,0,14,323,303,470,200,363,178,249,114,126,85,146,83,87,59
1400000US06037273100,3106,341,511,240,345,184,44,34,46,36,46,36,0,14,0,14,0,14,99,103,17,30,40,47,38,30,0,14,15,16,0,14,166,77,0,14,0,14,46,36,0,14,0,14,8,13,26,26,14,18,8,12,35,39,4,9,19,22,6,10,2595,372,1374,267,121,104,0,14,77,71,48,65,0,14,32,42,53,41,338,100,282,92,161,76,136,77,82,41,44,24,1221,212,29,29,40,38,17,18,0,14,29,44,0,14,35,35,281,91,355,113,92,64,130,58,128,59,85,51
1400000US06037273200,2792,424,288,139,119,77,0,14,0,14,11,17,0,14,0,14,0,14,0,14,2,5,55,38,3,6,48,35,0,14,0,14,169,86,24,36,0,14,0,14,0,14,0,14,0,14,22,36,14,18,55,55,43,32,0,14,0,14,11,16,2504,442,1179,289,126,118,0,14,59,58,44,39,32,32,0,14,17,26,269,128,220,97,150,68,64,49,83,57,115,86,1325,254,7,12,0,14,0,14,31,32,29,40,17,26,40,46,532,195,215,93,181,76,79,46,79,47,115,64
1400000US06037273300,3151,460,454,230,143,94,0,14,0,14,0,14,16,24,0,14,0,14,59,73,17,26,0,14,25,30,3,6,23,27,0,14,311,178,0,14,0,14,0,14,0,14,0,14,15,23,33,40,13,20,153,149,61,62,11,17,25,29,0,14,2697,409,1376,268,85,61,0,14,0,14,69,78,40,56,0,14,135,50,195,89,305,131,185,94,122,56,240,118,0,14,1321,202,110,70,0,14,25,31,0,14,0,14,44,69,54,51,303,76,230,92,241,106,173,67,104,43,37,34
1400000US06037273403,1390,270,289,115,205,84,0,14,0,14,0,14,4,7,0,14,0,14,13,23,59,50,45,42,28,32,28,38,12,13,16,26,84,69,0,14,0,14,0,14,0,14,0,14,0,14,4,7,11,17,0,14,4,6,0,14,8,12,57,67,1101,261,484,128,0,14,0,14,0,14,0,14,0,14,20,26,18,39,162,80,167,84,39,31,26,22,24,24,28,25,617,251,0,14,0,14,25,27,0,14,0,14,0,14,0,14,204,183,187,145,55,39,26,27,32,23,88,52
1400000US06037273404,1571,339,218,110,86,71,0,14,0,14,0,14,0,14,0,14,0,14,22,24,40,46,7,34,0,14,13,23,4,11,0,14,132,101,0,14,0,14,0,14,0,14,0,14,0,14,0,14,38,42,0,14,0,14,94,96,0,14,0,14,1353,343,848,304,35,55,0,14,0,14,0,14,0,14,0,14,0,14,207,121,267,241,102,77,120,61,83,66,34,34,505,167,0,14,0,14,0,14,0,14,0,14,0,14,29,36,155,70,98,126,106,71,77,47,0,14,40,32
1400000US06037273502,2453,356,125,64,71,51,0,14,0,14,0,14,0,14,0,14,0,14,8,12,9,19,0,14,13,18,27,37,14,25,0,14,54,36,0,14,0,14,0,14,0,14,0,14,0,14,3,9,2,8,16,18,22,24,11,17,0,14,0,14,2328,355,1299,216,23,32,0,14,38,41,31,49,19,30,14,17,37,39,448,145,267,97,149,80,160,89,69,42,44,44,1029,286,10,17,0,14,0,14,17,26,0,14,13,17,23,26,337,126,293,234,134,81,128,63,61,70,13,28
1400000US06037273600,2267,330,122,89,60,58,0,14,0,14,0,14,0,14,0,14,0,14,0,14,0,14,17,26,0,14,15,24,0,14,28,31,62,59,0,14,0,14,0,14,0,14,0,14,0,14,0,14,14,22,0,14,0,14,30,48,18,29,0,14,2145,340,1141,263,31,50,34,53,70,64,44,69,0,14,0,14,59,92,121,78,174,103,294,142,90,53,135,73,89,64,1004,230,30,45,0,14,21,26,13,20,0,14,51,77,12,18,182,116,141,95,169,122,193,103,155,75,37,33
1400000US06037273700,2782,513,131,97,20,22,0,14,0,14,0,14,0,14,0,14,0,14,0,14,11,17,9,15,0,14,0,14,0,14,0,14,111,92,11,17,0,14,7,11,0,14,0,14,0,14,0,14,0,14,35,45,58,67,0,14,0,14,0,14,2651,509,1372,312,88,76,27,31,14,18,15,21,44,51,20,25,26,38,213,116,402,131,191,102,217,113,68,49,47,36,1279,285,59,43,40,56,97,86,40,58,0,14,0,14,90,73,239,113,170,76,303,112,54,39,103,66,84,47
1400000US06037273800,2907,306,332,182,148,93,0,14,0,14,0,14,14,22,0,14,15,22,54,73,10,18,24,34,0,14,20,23,11,17,0,14,184,118,0,14,0,14,0,14,0,14,0,14,0,14,75,103,48,40,48,41,0,14,0,14,13,17,0,14,2575,327,1100,206,49,41,10,17,79,42,11,18,18,22,0,14,13,15,150,73,256,89,253,93,104,48,83,38,74,65,1475,246,95,70,0,14,75,53,67,42,22,28,11,19,20,31,424,128,253,92,232,67,118,77,87,47,71,61
1400000US06037273902,4095,707,589,306,250,225,0,14,0,14,0,14,0,14,0,14,0,14,0,14,19,53,0,14,65,78,36,41,0,14,130,211,339,188,0,14,0,14,0,14,47,56,0,14,19,31,48,80,15,25,95,101,23,38,44,42,30,39,18,29,3506,661,2120,486,0,14,25,40,83,77,64,69,12,19,40,63,47,78,218,130,422,195,271,184,475,307,249,131,214,134,1386,275,0,14,14,22,27,55,0,14,0,14,0,14,24,38,284,157,130,79,195,120,298,220,294,127,120,85
1400000US06037274100,4382,837,290,323,117,137,0,14,0,14,40,58,0,14,0,14,0,14,0,14,0,14,48,69,0,14,0,14,29,40,0,14,173,191,43,63,0,14,41,59,0,14,0,14,0,14,14,22,0,14,36,52,13,21,12,19,0,14,14,24,4092,867,1856,505,169,136,210,275,38,62,0,14,0,14,0,14,35,43,456,232,329,141,186,117,220,107,51,44,162,74,2236,560,41,68,0,14,159,239,60,83,0,14,0,14,241,191,478,270,585,298,63,50,314,104,173,85,122,81
1400000US06037274202,4286,566,397,222,191,129,0,14,0,14,0,14,0,14,0,14,66,86,0,14,49,71,17,29,21,35,0,14,0,14,38,44,206,128,0,14,0,14,0,14,0,14,0,14,0,14,0,14,18,29,0,14,61,80,15,24,26,45,86,70,3889,563,1881,331,129,132,0,14,88,70,16,22,0,14,0,14,32,37,332,186,344,172,281,118,260,143,235,88,164,111,2008,387,83,103,0,14,100,74,15,25,17,30,0,14,21,34,417,203,302,156,183,87,240,103,393,127,237,135
1400000US06037275101,962,144,24,14,14,8,0,14,0,14,0,14,0,14,0,14,0,14,0,14,0,14,4,7,6,6,4,7,0,14,0,14,10,11,0,14,0,14,0,14,0,14,0,14,0,14,0,14,5,9,0,14,0,14,0,14,0,14,5,7,938,143,554,136,9,13,0,14,8,12,7,10,0,14,0,14,27,40,128,120,78,41,51,34,63,60,73,46,110,56,384,77,10,12,2,4,0,14,10,13,0,14,23,30,7,10,38,24,30,18,79,45,70,39,49,22,66,33
1400000US06037275102,3661,830,919,915,388,372,0,14,0,14,137,147,66,100,0,14,0,14,0,14,79,102,35,55,39,45,0,14,0,14,32,41,531,547,108,165,0,14,64,97,166,167,8,12,32,38,7,10,57,61,82,104,0,14,7,9,0,14,0,14,2742,467,1408,256,93,100,0,14,127,67,0,14,8,16,45,55,100,101,320,114,234,94,229,79,118,72,95,45,39,40,1334,273,51,62,32,52,68,57,36,45,20,25,0,14,82,72,333,128,180,68,256,110,114,55,144,59,18,24
1400000US06037275200,3686,538,215,87,176,84,0,14,0,14,0,14,0,14,0,14,0,14,36,49,106,79,23,39,11,20,0,14,0,14,0,14,39,31,0,14,0,14,0,14,6,11,0,14,0,14,0,14,9,14,0,14,0,14,13,15,11,18,0,14,3471,548,1746,347,86,91,39,48,103,79,106,70,33,53,42,30,110,97,400,110,279,113,153,82,98,57,236,114,61,47,1725,276,49,40,14,26,75,62,6,11,27,41,0,14,65,60,722,223,227,94,184,93,166,93,141,104,49,31
1400000US06037275311,5234,575,418,328,233,172,0,19,57,87,0,19,0,19,0,19,0,19,17,27,62,53,51,79,25,40,3,15,18,28,0,19,185,176,60,91,0,19,0,19,0,19,0,19,0,19,19,29,1,2,71,83,0,19,0,19,0,19,34,40,4816,572,2487,435,211,124,0,19,62,59,40,43,61,85,9,16,182,101,568,293,222,90,310,167,397,172,142,81,283,122,2329,331,60,59,49,47,147,97,25,29,9,26,58,74,135,99,501,162,256,94,244,102,317,191,240,100,288,180
1400000US06037275312,1795,239,78,47,19,21,0,14,0,14,0,14,0,14,0,14,0,14,0,14,10,16,0,14,0,14,0,14,0,14,9,14,59,38,0,14,0,14,0,14,0,14,0,14,0,14,9,14,9,16,0,14,0,14,0,14,12,20,29,24,1717,235,863,153,54,26,0,14,0,14,0,14,0,14,0,14,28,32,434,153,154,55,56,37,57,65,47,33,33,26,854,160,27,35,24,32,8,14,0,14,0,14,0,14,65,69,248,99,128,86,163,82,96,71,77,55,18,18
1400000US06037275313,3412,844,522,421,209,175,0,14,0,14,0,14,0,14,0,14,0,14,20,26,0,14,150,171,11,17,0,14,8,12,20,21,313,253,63,70,0,14,0,14,0,14,0,14,0,14,0,14,0,14,46,55,18,30,160,218,16,18,10,13,2890,620,1416,414,79,80,0,14,2,12,0,14,0,14,12,17,28,31,276,146,308,194,81,58,344,277,148,95,138,52,1474,312,34,48,36,55,0,14,13,21,0,14,0,14,115,126,224,127,194,158,151,70,188,77,250,128,269,102
1400000US06037275400,4336,936,560,619,273,310,0,14,0,14,101,157,0,14,0,14,0,14,0,14,28,45,3,6,141,159,0,14,0,14,0,14,287,322,107,165,0,14,0,14,0,14,0,14,0,14,0,14,0,14,178,174,0,14,0,14,0,14,2,5,3776,702,1827,348,106,75,11,22,56,67,11,30,0,14,34,12,52,82,368,136,535,177,251,198,235,103,95,80,73,61,1949,477,74,77,59,76,84,96,23,46,0,14,0,14,46,25,355,179,652,361,213,105,153,71,141,74,149,104
1400000US06037275500,4959,750,1301,639,442,340,49,60,0,19,146,227,46,47,0,19,0,19,0,19,11,17,38,46,0,19,65,86,29,43,58,48,859,346,51,62,0,19,141,137,0,19,0,19,36,44,67,64,74,75,168,143,105,80,130,73,43,44,44,42,3658,568,1499,339,136,96,16,26,127,94,91,67,11,20,20,27,74,60,240,99,200,82,206,70,157,104,148,69,73,50,2159,368,127,91,0,19,216,133,95,92,0,19,34,32,172,106,442,165,234,80,293,107,147,79,225,99,174,97
1400000US06037275603,2759,444,188,160,105,97,18,33,0,14,0,14,30,35,0,14,13,20,0,14,0,14,0,14,30,39,7,13,0,14,7,12,83,68,18,32,0,14,0,14,0,14,0,14,0,14,0,14,15,26,27,33,0,14,0,14,0,14,23,23,2571,459,1176,236,108,49,83,57,24,27,0,14,12,21,0,14,49,45,235,134,176,71,134,67,164,85,67,47,124,49,1395,308,25,28,0,14,94,55,26,40,0,14,0,14,87,81,354,245,205,93,216,65,152,74,98,48,138,45
1400000US06037275604,9718,1161,721,546,83,77,0,19,0,19,0,19,0,19,0,19,0,19,31,51,0,19,26,43,0,19,0,19,0,19,26,41,638,539,141,182,0,19,109,176,0,19,0,19,0,19,0,19,227,189,25,41,0,19,0,19,17,29,119,141,8997,1087,4377,634,352,238,30,50,241,171,59,73,0,19,42,72,29,46,850,259,1284,325,881,311,212,128,183,127,214,160,4620,726,493,299,174,207,171,183,181,134,126,160,11,30,198,232,893,266,1022,311,366,218,459,188,296,175,230,139
1400000US06037275605,2912,382,394,191,154,103,0,14,0,14,0,14,0,14,0,14,10,17,99,88,0,14,10,16,0,14,0,14,0,14,35,43,240,159,11,18,0,14,0,14,0,14,0,14,25,41,126,141,13,20,20,22,35,41,10,16,0,14,0,14,2518,421,1193,201,56,53,27,41,29,46,6,10,0,14,0,14,79,77,382,149,229,129,272,137,76,58,19,22,18,20,1325,392,59,58,10,16,12,18,15,19,11,17,30,47,73,71,375,181,239,148,135,75,120,83,195,243,51,32
1400000US06037276000,6626,692,372,171,204,95,21,34,0,19,13,23,13,23,0,19,20,32,26,31,8,12,42,44,15,24,4,7,20,32,22,33,168,98,0,19,0,19,0,19,0,19,0,19,0,19,34,52,51,49,0,19,21,28,18,29,44,45,0,19,6254,697,2856,460,111,74,0,19,355,265,24,32,40,38,0,19,123,111,358,168,522,121,474,170,394,131,328,151,127,72,3398,385,153,93,26,44,272,141,97,85,11,21,24,39,107,93,545,218,518,140,462,155,529,170,415,185,239,102
1400000US06037276101,3441,588,303,160,79,73,22,37,0,14,0,14,0,14,0,14,0,14,0,14,22,36,0,14,35,50,0,14,0,14,0,14,224,137,0,14,0,14,0,14,0,14,0,14,0,14,69,61,73,94,25,37,0,14,55,72,2,5,0,14,3138,567,1544,281,56,72,0,14,50,59,52,69,81,97,0,14,101,96,427,180,525,206,129,108,0,14,54,69,69,55,1594,516,0,14,40,66,0,14,0,14,0,14,0,14,255,350,668,330,386,178,116,83,99,149,0,14,30,36
1400000US06037276102,3429,573,557,302,245,128,50,78,0,14,0,14,43,56,0,14,0,14,31,50,60,62,11,18,22,42,0,14,28,43,0,14,312,202,0,14,52,82,43,57,0,14,0,14,0,14,28,44,15,27,72,83,34,45,28,29,28,39,12,20,2872,518,1376,302,84,77,0,14,47,53,48,53,0,14,0,14,66,72,291,166,283,225,106,69,199,115,147,56,105,92,1496,338,29,52,0,14,98,103,0,14,0,14,10,27,75,105,339,149,159,77,142,87,354,193,211,92,79,68
1400000US06037276400,4211,569,348,254,186,221,0,14,0,14,0,14,0,14,0,14,0,14,146,229,12,22,0,14,0,14,12,20,0,14,16,19,162,127,0,14,0,14,0,14,0,14,0,14,0,14,88,116,30,47,0,14,0,14,0,14,0,14,44,63,3863,570,1749,182,60,45,0,14,168,106,40,41,0,14,33,31,89,70,187,90,224,66,236,82,337,102,219,116,156,59,2114,465,76,62,5,8,297,138,29,33,13,20,0,14,132,92,114,70,212,67,434,156,310,150,132,50,360,166
1400000US06037276500,2175,245,281,184,133,136,0,19,0,19,0,19,9,14,0,19,0,19,102,115,4,45,7,11,3,46,0,19,8,12,0,19,148,127,0,19,0,19,0,19,9,14,0,19,0,19,88,130,6,9,10,10,12,14,5,8,13,19,5,8,1894,230,926,142,46,42,0,19,41,27,10,14,3,5,38,26,109,83,62,45,190,79,134,51,128,62,105,54,60,37,968,159,114,48,0,19,45,37,13,15,40,50,9,10,76,78,123,41,99,44,151,60,142,45,69,36,87,40
1400000US06037276601,4055,476,266,175,52,42,0,14,0,14,0,14,0,14,0,14,0,14,6,10,29,36,0,14,0,14,11,15,6,10,0,14,214,167,0,14,0,14,0,14,0,14,0,14,0,14,136,158,6,9,6,10,0,14,54,47,12,18,0,14,3789,465,1840,275,46,52,101,76,91,92,45,32,13,20,55,54,195,180,147,68,375,91,133,54,265,77,165,79,209,92,1949,310,121,61,0,14,159,94,23,30,9,15,70,43,41,66,161,80,384,131,307,116,280,98,174,55,220,118
1400000US06037276605,2452,856,118,73,74,59,0,14,0,14,0,14,0,14,0,14,0,14,8,13,10,15,0,14,14,23,0,14,9,14,33,51,44,56,0,14,0,14,0,14,0,14,0,14,0,14,0,14,35,54,0,14,0,14,0,14,0,14,9,16,2334,861,1369,635,19,29,0,14,81,45,0,14,0,14,0,14,62,78,520,388,160,93,105,60,179,155,185,215,58,40,965,293,0,14,0,14,0,14,0,14,0,14,0,14,20,35,313,116,50,37,161,93,124,57,200,237,97,52
1400000US06037276606,3310,243,154,93,58,67,0,14,0,14,0,14,0,14,0,14,0,14,38,60,0,14,0,14,20,33,0,14,0,14,0,14,96,64,0,14,0,14,0,14,0,14,0,14,0,14,0,14,39,49,12,19,0,14,38,36,7,11,0,14,3156,250,1688,210,176,23,0,14,0,14,0,14,0,14,0,14,143,108,563,134,376,118,90,72,219,95,62,48,59,32,1468,166,0,14,0,14,25,32,32,49,0,14,8,13,80,62,292,94,362,91,212,112,124,72,157,80,176,77
1400000US06037276607,2647,425,675,360,230,154,0,14,0,14,11,18,11,18,0,14,0,14,158,135,1,2,38,37,11,18,0,14,0,14,0,14,445,296,15,23,0,14,11,18,0,14,0,14,0,14,169,127,142,144,25,28,63,99,2,4,18,25,0,14,1972,380,976,210,32,37,0,14,23,37,0,14,0,14,15,24,45,41,254,108,225,119,186,121,82,60,48,38,66,39,996,262,94,105,0,14,15,26,0,14,0,14,21,33,131,71,267,119,113,86,91,62,100,73,112,84,52,44
1400000US06037276608,1732,333,252,157,110,81,0,14,0,14,0,14,0,14,0,14,19,29,0,14,16,27,56,69,19,29,0,14,0,14,0,14,142,111,0,14,0,14,0,14,39,42,0,14,0,14,68,83,0,14,0,14,18,28,17,28,0,14,0,14,1480,326,588,203,0,14,0,14,20,31,0,14,0,14,0,14,11,19,80,52,141,128,90,50,128,115,62,50,56,42,892,227,15,25,0,14,24,36,0,14,0,14,0,14,56,45,122,72,118,98,315,185,117,108,99,95,26,31
1400000US06037277000,5711,1104,365,213,197,130,0,19,0,19,22,34,0,19,0,19,0,19,0,19,104,104,0,19,21,33,16,26,34,41,0,19,168,124,0,19,0,19,21,35,0,19,0,19,0,19,75,93,15,25,0,19,21,33,36,42,0,19,0,19,5346,1100,2770,541,116,98,0,19,275,118,36,41,53,81,84,72,227,245,336,175,308,108,233,106,659,276,339,80,104,52,2576,611,29,46,34,53,171,81,80,90,136,196,0,19,215,222,221,115,217,80,545,204,434,166,239,79,255,102
1400000US06037277100,3166,660,170,108,72,53,0,14,0,14,10,15,0,14,0,14,0,14,0,14,0,14,0,14,0,14,21,20,35,44,6,10,98,65,10,17,0,14,0,14,0,14,0,14,0,14,13,20,9,14,0,14,0,14,8,12,58,57,0,14,2996,672,1635,494,369,332,23,25,67,41,14,20,0,14,38,46,51,37,297,199,340,147,147,66,145,68,97,52,47,28,1361,254,202,103,36,33,49,35,0,14,0,14,13,16,106,52,126,60,290,138,96,47,182,75,138,62,123,52
1400000US06037277200,1893,375,370,237,150,102,0,14,0,14,47,52,0,14,0,14,0,14,27,24,5,8,55,45,5,9,0,14,11,17,0,14,220,146,41,46,0,14,0,14,0,14,0,14,38,43,39,44,6,9,38,43,4,8,23,28,24,33,7,11,1523,368,767,219,0,14,4,11,15,21,39,40,65,94,0,14,24,31,236,95,125,64,24,37,63,35,113,121,59,47,756,207,3,10,4,11,32,52,8,13,0,14,10,16,65,53,152,77,113,88,170,84,75,86,34,36,90,126
1400000US06037277400,0,14,0,14,0,14,0,14,0,14,0,14,0,14,0,14,0,14,0,14,0,14,0,14,0,14,0,14,0,14,0,14,0,14,0,14,0,14,0,14,0,14,0,14,0,14,0,14,0,14,0,14,0,14,0,14,0,14,0,14,0,14,0,14,0,14,0,14,0,14,0,14,0,14,0,14,0,14,0,14,0,14,0,14,0,14,0,14,0,14,0,14,0,14,0,14,0,14,0,14,0,14,0,14,0,14,0,14,0,14,0,14,0,14,0,14,0,14
1400000US06037278001,2572,396,737,399,335,205,0,14,0,14,8,18,72,80,0,14,0,14,42,44,34,39,74,80,47,52,57,87,1,5,0,14,402,217,78,87,0,14,0,14,0,14,0,14,46,50,0,14,72,77,0,14,44,59,103,104,0,14,59,90,1835,349,971,233,18,30,0,14,78,64,15,23,34,29,52,48,119,58,63,44,225,107,108,79,81,49,132,64,46,31,864,183,43,48,12,18,71,56,6,16,0,14,16,18,11,21,102,63,176,81,183,116,116,57,62,47,66,38
1400000US06037278102,2917,354,130,111,86,81,0,14,0,14,23,35,0,14,0,14,0,14,0,14,0,14,20,30,0,14,7,10,36,44,0,14,44,39,0,14,0,14,22,34,0,14,0,14,0,14,13,20,0,14,0,14,0,14,9,11,0,14,0,14,2787,361,1571,257,83,77,14,22,63,83,0,14,12,23,7,15,55,53,306,145,305,99,207,101,177,76,232,97,110,61,1216,213,59,60,0,14,22,25,39,38,8,15,18,25,0,14,89,81,261,90,178,85,240,92,176,70,126,62
1400000US06037291110,3728,698,691,279,251,146,36,56,0,14,0,14,32,50,15,22,57,59,0,14,16,26,0,14,20,31,75,77,0,14,0,14,440,194,42,76,0,14,21,32,15,23,19,30,0,14,0,14,89,86,88,93,48,48,41,53,52,50,25,43,3037,620,1313,332,0,14,0,14,83,76,47,50,33,43,95,62,202,157,199,129,297,158,86,72,194,107,11,17,66,45,1724,382,143,131,10,17,364,139,89,85,53,62,7,13,109,107,149,96,240,146,313,178,102,58,100,58,45,66
1400000US06037291120,2045,377,277,134,136,75,0,14,0,14,14,21,12,19,0,14,0,14,5,9,16,24,17,25,18,20,54,44,0,14,0,14,141,72,0,14,0,14,0,14,0,14,12,19,6,9,42,35,24,22,16,22,6,9,28,32,7,12,0,14,1768,421,807,236,26,23,0,14,48,35,36,32,28,26,6,9,108,68,158,95,62,40,190,90,76,40,40,29,29,21,961,217,19,21,9,13,133,95,38,31,0,14,28,25,46,39,134,68,116,45,167,75,152,67,46,27,73,31
1400000US06037291130,3408,508,307,122,166,84,0,14,0,14,36,37,6,10,0,14,12,13,0,14,15,22,0,14,19,17,33,33,27,20,18,25,141,67,0,14,0,14,0,14,0,14,0,14,0,14,0,14,18,20,37,42,27,33,11,13,25,19,23,27,3101,518,1530,327,194,199,23,27,122,94,23,36,59,45,5,8,31,22,328,118,202,117,148,58,219,103,131,76,45,34,1571,351,98,78,0,14,62,52,23,22,12,14,18,21,114,82,249,119,235,98,150,63,248,108,190,86,172,75
1400000US06037291210,4777,710,718,414,316,221,15,24,0,14,0,14,0,14,0,14,0,14,144,227,12,20,31,76,37,59,60,65,6,15,11,17,402,241,42,65,0,14,0,14,0,14,0,14,0,14,0,14,43,66,63,86,71,112,39,57,93,103,51,79,4059,794,1911,427,91,78,18,27,143,83,28,28,0,14,35,38,154,110,503,201,297,145,51,40,325,169,212,138,54,38,2148,519,121,132,27,43,168,95,38,36,0,14,57,56,82,82,504,214,287,134,351,165,243,123,145,92,125,76
1400000US06037291220,2988,459,327,235,169,139,39,60,0,14,35,52,0,14,0,14,0,14,0,14,2,5,0,14,10,15,47,63,8,12,28,26,158,114,0,14,0,14,0,14,36,54,0,14,0,14,0,14,1,3,32,47,0,14,9,15,61,53,19,22,2661,438,1316,231,105,94,29,42,7,10,79,71,5,8,14,22,161,88,228,104,51,37,247,99,206,122,97,65,87,50,1345,294,2,20,0,14,57,58,53,55,8,12,92,73,89,64,223,140,132,82,160,74,229,118,143,80,157,78
1400000US06037291300,3059,383,174,160,92,84,34,56,0,14,0,14,0,14,0,14,0,14,19,24,0,14,22,28,5,8,7,10,5,8,0,14,82,77,0,14,15,26,16,26,0,14,0,14,0,14,0,14,0,14,14,23,5,8,27,24,5,8,0,14,2885,435,1409,266,36,33,41,49,51,46,8,14,12,14,35,49,190,129,107,66,160,76,168,71,242,130,112,56,247,101,1476,229,79,73,13,21,88,49,25,19,24,30,15,17,100,86,80,41,178,78,255,118,232,118,96,45,291,102
1400000US06037292001,4522,658,1479,692,740,355,0,14,0,14,88,75,77,87,38,59,40,56,64,56,9,19,99,89,111,84,166,220,0,14,48,61,739,382,118,98,51,64,117,138,0,14,81,84,33,46,11,17,39,63,110,84,127,93,0,14,0,14,52,76,3043,487,1555,295,89,63,0,14,54,47,92,72,36,40,11,18,152,95,228,101,300,123,188,112,148,83,219,161,38,39,1488,327,27,44,67,55,52,36,140,85,13,19,13,21,187,97,284,134,142,81,263,102,146,91,109,73,45,40
1400000US06037292002,1880,452,133,141,54,78,0,14,18,27,10,16,0,14,0,14,3,7,23,35,0,14,0,14,0,14,0,14,0,14,0,14,79,72,0,14,0,14,0,14,0,14,0,14,11,17,12,22,13,22,0,14,11,19,32,32,0,14,0,14,1747,421,854,191,53,54,10,20,84,84,35,31,0,14,12,19,60,38,164,71,150,80,69,42,92,27,80,34,45,24,893,255,47,37,17,21,155,101,0,14,0,14,1,8,39,31,80,47,125,90,58,34,208,81,96,44,67,40
1400000US06037293203,2991,429,492,210,227,113,20,40,0,14,0,14,29,44,0,14,0,14,56,50,9,14,26,33,53,62,30,38,2,5,2,6,265,130,19,30,0,14,19,38,0,14,0,14,0,14,10,21,41,49,17,33,27,41,39,56,21,30,72,67,2499,419,1266,263,127,58,0,14,89,104,0,14,0,14,42,67,141,74,201,96,151,67,128,67,240,124,92,54,55,38,1233,247,60,68,0,14,169,77,0,14,31,43,28,39,49,55,217,104,278,125,177,74,114,65,44,51,66,47
1400000US06037293204,4230,1528,486,279,292,153,45,71,0,14,0,14,27,38,0,14,37,67,59,73,0,14,2,12,23,29,62,51,32,44,5,13,194,150,0,14,0,14,19,35,0,14,0,14,0,14,101,92,0,14,0,14,17,29,53,45,0,14,4,12,3744,1578,1666,661,214,205,50,60,89,83,185,220,11,19,38,58,80,53,181,108,405,312,108,69,98,75,92,69,115,106,2078,969,82,84,177,280,143,99,82,84,19,27,358,427,176,112,212,108,412,253,174,80,65,43,93,76,85,78
1400000US06037293205,3515,664,413,385,190,187,54,83,0,14,34,52,0,14,0,14,33,49,0,14,58,77,2,7,9,12,0,14,0,14,0,14,223,201,0,14,0,14,60,92,36,53,0,14,0,14,14,22,53,83,44,53,0,14,0,14,0,14,16,21,3102,616,1409,376,86,69,13,21,113,72,31,31,0,14,8,16,287,145,200,116,233,104,137,104,237,105,55,58,9,18,1693,340,79,69,0,14,9,18,25,38,23,36,50,65,293,117,288,123,350,146,250,112,200,80,86,62,40,52
1400000US06037293206,2461,356,628,358,279,164,0,14,0,14,0,14,12,18,13,22,0,14,75,72,38,46,64,69,51,45,3,6,19,22,4,7,349,210,0,14,0,14,67,72,0,14,0,14,0,14,52,60,54,69,71,65,0,14,27,33,43,39,35,38,1833,309,888,165,11,13,0,14,55,44,0,14,18,26,23,23,55,44,210,82,200,82,82,66,103,52,81,43,50,38,945,236,33,32,0,14,40,43,81,50,25,40,8,13,51,42,147,87,181,64,120,74,129,50,113,50,17,36
1400000US06037293301,2595,190,111,76,42,46,0,14,0,14,0,14,0,14,0,14,0,14,13,19,8,17,0,14,0,14,12,19,0,14,9,15,69,48,0,14,0,14,0,14,0,14,0,14,0,14,4,14,0,14,0,14,29,33,11,18,25,30,0,14,2484,212,1248,145,34,33,30,37,110,82,14,19,13,21,26,29,65,37,156,83,206,78,164,67,198,69,127,50,105,47,1236,157,60,62,0,14,71,66,91,67,10,17,25,29,47,25,150,61,156,59,120,53,181,75,190,71,135,50
1400000US06037293302,4842,863,654,386,291,168,30,45,0,14,0,14,8,13,0,14,12,18,58,75,0,14,86,69,60,56,3,6,17,21,17,20,363,233,43,44,36,45,0,14,0,14,0,14,9,13,50,76,24,23,24,36,32,38,30,31,15,19,100,79,4188,884,2093,431,153,69,86,81,112,106,39,63,0,14,54,65,180,125,196,100,316,125,268,141,365,156,192,98,132,65,2095,537,51,47,0,14,194,115,69,105,38,43,91,108,152,138,304,141,341,156,143,66,411,107,210,88,91,53
1400000US06037293304,4594,741,537,331,136,98,0,14,0,14,0,14,0,14,13,21,19,31,24,31,0,14,20,33,25,32,35,55,0,14,0,14,401,278,55,63,39,54,53,59,20,33,0,14,18,30,20,31,81,65,0,14,41,40,19,29,23,24,32,39,4057,674,1981,329,82,77,31,47,30,47,136,69,13,22,85,50,130,122,511,180,267,118,259,144,241,177,171,83,25,23,2076,482,165,94,59,49,138,149,124,143,11,17,54,61,160,79,351,194,341,156,261,100,150,68,185,103,77,51
1400000US06037293306,2410,363,90,50,28,31,0,14,0,14,0,14,0,14,0,14,0,14,0,14,9,15,0,14,0,14,14,17,0,14,5,8,62,40,0,14,0,14,0,14,0,14,0,14,0,14,0,14,3,7,4,7,0,14,0,14,40,35,15,16,2320,366,1078,219,31,32,0,14,96,75,66,72,0,14,24,20,77,61,155,55,122,72,164,69,181,93,142,53,20,17,1242,208,107,82,0,14,37,30,24,26,2,8,23,20,150,68,170,75,115,52,169,61,279,129,79,32,87,43
1400000US06037293307,3033,819,459,266,183,85,0,14,0,14,45,52,0,14,28,46,0,14,0,14,19,17,40,34,13,14,29,37,9,13,0,14,276,203,0,14,0,14,0,14,94,96,0,14,24,40,22,34,29,34,22,37,20,33,65,51,0,14,0,14,2574,841,1375,422,163,206,0,14,61,41,131,141,0,14,16,27,100,82,287,129,116,56,235,101,127,74,106,59,33,31,1199,448,123,97,23,37,135,111,58,50,0,14,0,14,187,146,130,73,176,147,125,58,168,66,29,31,45,33
1400000US06037294110,3889,361,603,300,267,157,34,46,0,14,11,18,46,48,0,14,11,18,3,10,32,41,40,45,12,19,34,38,38,49,6,10,336,162,34,45,0,14,0,14,0,14,0,14,3,10,11,17,33,38,59,53,90,104,43,54,50,62,13,15,3286,473,1581,273,71,82,24,27,215,98,67,58,18,21,31,47,159,68,199,89,239,120,292,110,150,91,75,36,41,34,1705,297,15,22,0,14,310,133,72,55,8,15,38,45,171,127,312,109,221,88,248,121,115,92,138,63,57,37
1400000US06037294120,2397,662,414,263,193,153,41,66,0,14,66,72,15,23,0,14,0,14,19,30,15,16,37,41,0,14,0,14,0,14,0,14,221,137,15,17,0,14,72,71,8,12,0,14,0,14,11,18,14,16,48,57,18,29,6,9,13,21,16,27,1983,607,1198,495,36,30,24,26,23,27,53,45,24,35,108,124,232,253,96,59,164,104,185,114,122,59,98,40,33,29,785,157,48,41,0,14,38,25,29,29,0,14,0,14,110,50,103,48,119,53,160,124,62,29,73,35,43,30
1400000US06037294200,4139,660,646,383,325,255,22,29,27,32,0,14,39,28,0,14,0,14,9,14,111,161,11,17,73,114,0,14,5,8,28,41,321,186,26,51,0,14,12,24,27,33,0,14,20,27,90,84,8,13,34,24,64,101,0,14,32,40,8,13,3493,536,1739,247,46,42,10,17,52,57,38,51,20,32,23,24,136,67,359,143,361,146,220,85,159,74,219,97,96,60,1754,372,87,87,31,36,144,158,57,53,43,54,77,74,191,117,269,136,190,62,172,79,222,89,216,100,55,45
1400000US06037294301,2645,355,109,59,33,26,0,14,0,14,6,8,0,14,0,14,0,14,0,14,0,14,14,20,0,14,0,14,8,9,5,9,76,44,0,14,0,14,0,14,0,14,0,14,0,14,0,14,5,8,32,34,0,14,12,17,21,24,6,9,2536,352,1292,208,89,51,13,19,121,77,90,59,46,31,64,58,54,33,202,68,147,49,180,75,130,54,96,45,60,34,1244,199,87,59,25,27,89,65,73,43,25,21,23,20,206,98,126,64,163,56,188,73,71,42,116,42,52,31
1400000US06037294302,4435,566,867,424,394,227,0,14,0,14,118,87,0,14,0,14,0,14,46,48,69,72,100,102,4,9,39,57,18,23,0,14,473,256,57,65,0,14,34,53,10,16,0,14,106,108,38,54,68,70,41,46,10,16,9,14,54,44,46,39,3568,560,1826,302,146,108,0,14,256,132,32,35,0,14,84,67,92,98,383,163,224,105,220,110,276,115,95,66,18,18,1742,292,199,117,0,14,86,62,61,61,37,44,34,43,170,129,475,146,184,107,173,129,179,76,79,59,65,52
1400000US06037294410,5023,726,719,403,336,237,22,35,0,19,34,43,97,106,0,19,0,19,77,89,37,54,0,19,53,54,0,19,16,19,0,19,383,195,10,17,0,19,50,56,0,19,9,15,0,19,29,42,64,75,110,77,40,46,7,12,27,25,37,32,4304,790,2082,467,134,72,0,19,123,81,134,75,40,49,62,42,210,108,346,289,285,155,170,88,306,112,206,94,66,46,2222,389,207,117,0,19,292,116,58,67,11,16,42,58,110,85,225,126,310,96,282,103,352,231,237,76,96,63
1400000US06037294421,2410,604,300,190,133,79,0,14,0,14,39,40,16,21,0,14,0,14,12,21,15,16,0,14,17,17,15,18,13,22,6,9,167,121,33,40,0,14,10,19,0,14,0,14,15,20,0,14,28,32,9,16,8,17,0,14,26,25,38,40,2110,543,1063,388,17,18,8,13,39,37,41,66,19,34,25,28,199,209,104,60,118,61,248,134,117,49,61,38,67,50,1047,239,17,20,27,33,49,38,60,46,0,14,3,5,59,54,92,50,258,128,170,92,139,68,111,46,62,36
1400000US06037294510,4269,878,830,638,453,374,82,77,37,60,52,65,3,8,36,57,36,58,2,7,18,30,118,79,22,34,0,14,15,23,32,39,377,278,22,36,0,14,101,125,38,62,22,33,0,14,18,30,13,21,56,60,46,56,16,24,2,7,43,43,3439,752,1884,425,50,67,22,33,160,137,78,69,106,81,37,59,267,107,277,130,274,119,155,67,253,126,36,36,169,84,1555,390,107,126,0,14,81,72,129,82,0,14,85,60,206,121,144,83,203,76,168,100,265,149,86,49,81,54
1400000US06037294520,3493,396,806,288,337,139,37,36,17,26,83,63,19,29,21,25,13,20,24,27,8,12,56,44,49,53,3,5,7,10,0,14,469,174,79,51,3,5,61,37,35,30,22,26,36,33,21,23,54,38,81,40,35,32,35,30,7,13,0,14,2687,418,1498,265,80,69,0,14,96,50,100,50,63,42,30,27,138,52,193,95,282,107,217,74,135,51,93,33,71,47,1189,229,6,9,44,35,87,50,47,34,34,31,0,14,195,84,112,85,173,61,157,59,167,59,106,44,61,46
1400000US06037294610,4312,790,969,427,438,187,58,51,22,34,16,24,37,41,0,14,0,14,53,54,54,66,121,90,28,31,26,34,6,9,17,20,531,250,70,64,22,36,55,57,22,36,0,14,0,14,83,75,71,54,21,24,53,62,54,57,0,14,80,73,3343,840,2004,647,116,115,0,14,86,72,39,40,7,11,112,110,238,309,288,103,288,168,164,94,305,114,244,123,117,91,1339,287,58,51,40,58,65,81,39,39,26,23,0,14,41,34,228,106,213,118,127,58,238,92,186,76,78,56
1400000US06037294620,3810,637,316,215,128,107,0,14,0,14,4,8,0,14,0,14,23,31,0,14,0,14,23,34,1,2,8,13,28,33,41,64,188,115,0,14,0,14,10,16,0,14,0,14,19,31,9,14,0,14,0,14,23,31,7,12,60,52,60,65,3494,626,2120,400,73,63,19,21,123,105,75,64,70,60,76,63,289,164,186,98,342,140,394,200,169,82,206,94,98,60,1374,314,12,18,0,14,86,94,67,67,27,45,41,40,173,94,154,108,210,118,277,101,83,64,151,69,93,62
1400000US06037294701,2987,379,1117,388,487,163,16,21,29,43,17,25,48,43,23,18,15,21,33,39,105,60,38,34,60,37,43,40,51,37,9,14,630,266,88,62,0,14,60,88,21,35,0,14,0,14,109,68,68,57,54,45,74,44,65,43,23,24,68,62,1870,409,1062,268,107,62,0,14,84,58,83,71,17,27,13,22,143,88,91,58,165,85,99,53,152,69,64,49,44,32,808,204,18,29,31,34,3,8,45,37,0,14,34,54,116,71,126,65,112,74,97,61,104,72,63,34,59,37
1400000US06037294810,3928,416,1028,415,523,241,62,61,0,14,127,73,15,23,0,14,78,62,42,43,100,75,22,26,42,45,30,38,2,8,3,6,505,210,20,26,0,14,119,80,34,51,52,55,0,14,47,42,6,11,123,69,76,51,26,37,2,5,0,14,2900,632,1344,315,147,71,35,47,131,66,55,48,0,14,9,14,78,70,115,67,195,106,203,102,256,173,93,58,27,27,1556,376,45,49,0,14,202,94,58,55,55,61,52,55,139,78,429,140,98,62,165,73,120,64,162,81,31,35
1400000US06037294820,3279,469,1537,445,801,270,80,54,4,11,155,97,86,58,44,33,45,52,38,61,30,29,89,77,108,94,79,38,23,36,20,30,736,210,26,29,5,9,48,61,40,41,0,14,52,46,142,87,101,57,157,90,31,32,63,44,30,34,41,44,1742,302,977,191,71,54,4,6,63,42,37,26,13,22,42,30,38,27,180,59,213,73,72,47,190,81,27,31,27,26,765,161,131,78,11,15,94,50,0,14,6,10,15,13,74,38,111,45,60,36,78,47,127,48,41,33,17,16
1400000US06037294830,3582,724,538,383,282,227,12,20,0,14,70,82,41,64,12,20,0,14,13,24,76,82,0,14,45,41,0,14,13,21,0,14,256,175,17,26,0,14,37,59,16,24,16,23,10,17,10,17,28,44,63,63,59,55,0,14,0,14,0,14,3044,720,1668,479,103,124,0,14,264,149,56,44,78,78,49,56,131,78,256,141,238,109,130,73,208,102,101,61,54,43,1376,373,157,102,56,46,220,164,36,59,17,22,6,12,36,31,196,86,148,88,176,88,155,65,140,75,33,28
1400000US06037294900,3855,505,1276,380,475,183,63,63,13,21,95,60,76,79,9,14,45,48,45,36,13,19,70,62,6,9,31,37,0,14,9,9,801,238,43,48,34,31,145,84,106,56,22,31,5,8,44,37,171,67,91,54,64,57,11,17,19,20,46,48,2579,501,1253,298,17,23,9,16,101,71,82,42,3,7,6,9,167,76,317,136,112,69,176,70,137,66,121,68,5,8,1326,279,77,63,14,24,62,51,85,53,54,47,61,42,105,55,170,85,133,69,246,70,153,63,95,47,71,76
1400000US06037295103,4897,670,179,144,149,134,0,14,0,14,0,14,0,14,0,14,0,14,0,14,2,5,0,14,0,14,2,5,37,47,108,118,30,36,0,14,0,14,0,14,0,14,0,14,0,14,12,28,0,14,0,14,0,14,0,14,9,17,9,16,4718,679,2415,441,155,93,54,56,80,71,101,91,59,68,41,46,251,153,248,162,318,205,342,153,430,140,237,98,99,63,2303,379,169,139,0,14,58,77,28,44,18,30,48,52,48,47,113,90,442,192,383,164,442,136,252,101,302,154
1400000US06037296210,3353,673,565,209,305,141,27,25,10,19,14,24,15,18,23,28,4,7,14,18,44,48,24,33,51,42,20,22,28,31,31,28,260,104,12,24,0,14,23,30,0,14,0,14,0,14,2,7,50,42,36,29,72,53,30,23,0,14,35,26,2788,666,1786,488,125,61,60,46,135,96,189,133,0,14,28,29,200,103,292,141,312,117,248,147,85,41,51,35,61,42,1002,233,31,45,3,5,79,72,58,51,0,14,0,14,132,109,154,71,155,81,135,98,158,60,57,38,40,32
1400000US06037296220,3904,502,1024,475,444,216,19,34,0,14,92,105,0,14,29,51,0,14,65,101,10,16,35,52,0,14,0,14,98,112,96,120,580,319,0,14,0,14,21,35,0,14,0,14,0,14,42,61,141,165,92,67,98,110,0,14,126,130,60,57,2880,540,1275,458,45,45,0,14,71,83,109,129,41,51,0,14,116,125,130,90,268,169,217,118,109,136,67,85,102,92,1605,327,0,14,9,23,136,116,18,34,0,14,38,49,93,78,452,216,81,82,251,163,76,81,398,195,53,73
1400000US06037296300,5111,764,512,242,178,103,25,38,0,19,0,19,0,19,0,19,0,19,19,34,0,19,40,44,66,59,0,19,28,46,0,19,334,205,0,19,0,19,63,97,0,19,0,19,15,25,0,19,59,90,84,76,71,63,5,8,0,19,37,43,4599,879,2268,465,252,161,19,31,228,198,59,50,24,50,101,109,148,94,148,114,379,178,405,136,200,99,141,105,164,88,2331,572,154,148,7,11,131,101,120,114,20,35,119,95,100,108,168,128,260,152,570,271,188,102,289,121,205,122
1400000US06037296401,3033,489,342,223,155,111,0,14,0,14,0,14,0,14,0,14,39,46,0,14,1,6,8,14,52,50,9,13,12,19,34,50,187,118,0,14,0,14,0,14,0,14,0,14,0,14,40,47,0,14,0,14,39,46,58,53,0,14,50,54,2691,510,1164,241,107,68,0,14,116,81,0,14,0,14,15,25,73,54,97,67,131,64,148,56,154,93,204,105,119,64,1527,329,150,87,0,14,13,22,26,29,0,14,82,110,72,51,141,86,143,34,202,84,183,77,310,142,205,78
1400000US06037296402,3201,446,51,52,36,35,0,14,0,14,0,14,0,14,0,14,0,14,10,16,1,3,13,23,2,4,10,17,0,14,0,14,15,26,0,14,0,14,0,14,0,14,0,14,0,14,0,14,2,10,0,14,2,11,0,14,11,17,0,14,3150,456,1576,246,113,103,0,14,166,83,18,24,17,21,55,58,78,56,176,92,238,91,222,95,266,118,70,51,157,67,1574,312,177,108,9,15,202,119,10,15,9,16,29,31,45,54,192,85,188,96,286,107,122,54,208,87,97,59
1400000US06037296500,3746,521,440,238,286,186,34,41,22,34,32,51,0,14,0,14,0,14,73,68,54,51,0,14,44,44,27,39,0,14,0,14,154,79,10,15,0,14,0,14,0,14,0,14,0,14,10,16,30,33,17,26,20,29,25,36,27,31,15,23,3306,541,1690,347,158,129,0,14,86,68,106,78,5,9,4,12,138,59,355,153,200,138,224,123,215,105,117,66,82,65,1616,272,103,85,101,118,131,92,0,14,82,87,0,14,105,52,327,129,115,69,274,114,144,81,127,95,107,58
1400000US06037296600,5301,732,1501,672,742,325,59,90,12,19,147,141,0,19,46,54,8,15,62,58,79,69,84,86,114,103,102,158,14,21,15,25,759,395,25,38,0,19,202,208,54,82,0,19,47,69,71,83,32,36,75,77,109,79,53,67,42,52,49,65,3800,697,1855,463,173,152,4,9,63,100,0,19,15,22,0,19,83,75,424,154,358,183,229,120,269,133,142,99,95,87,1945,487,139,92,0,19,84,55,16,25,7,15,67,65,139,89,322,134,253,149,153,94,561,354,171,97,33,38
1400000US06037296901,4661,881,785,316,352,196,0,14,33,42,77,74,40,58,14,21,0,14,0,14,67,69,61,54,41,64,0,14,19,20,0,14,433,206,46,63,28,43,56,63,0,14,0,14,26,41,0,14,89,69,39,41,67,65,11,17,42,44,29,43,3876,953,1854,481,130,151,0,14,163,164,34,38,26,41,50,68,214,97,451,244,302,121,159,120,157,67,136,80,32,35,2022,537,30,32,8,12,107,62,37,44,68,69,185,162,146,70,400,199,253,73,260,189,298,92,122,60,108,83
1400000US06037296902,4306,539,964,382,280,184,0,14,0,14,72,76,0,14,0,14,0,14,36,56,31,47,14,23,81,73,26,41,20,23,0,14,684,298,0,14,0,14,34,57,91,117,23,35,0,14,58,72,16,29,114,103,35,54,164,110,92,68,57,51,3342,615,1775,371,113,138,23,37,144,75,42,39,9,15,53,70,181,106,256,111,287,126,204,122,319,169,59,44,85,67,1567,343,12,24,0,14,155,101,142,94,82,81,21,36,152,89,186,113,210,93,230,92,170,66,71,66,136,53
1400000US06037297001,1522,157,91,127,77,93,37,50,0,14,0,14,0,14,0,14,0,14,0,14,35,44,0,14,0,14,0,14,5,8,0,14,14,94,0,14,0,14,3,22,5,45,0,14,0,14,4,17,0,14,2,12,0,14,0,14,0,14,0,14,1431,187,669,124,44,49,32,44,13,19,0,14,2,5,10,18,70,48,25,30,99,55,77,68,201,66,71,44,25,20,762,132,43,42,1,5,11,20,30,26,47,58,29,24,32,32,128,68,73,50,108,72,155,60,78,35,27,22
1400000US06037297002,4267,712,320,253,92,71,0,14,43,62,0,14,0,14,0,14,0,14,0,14,12,19,0,14,0,14,22,26,0,14,15,22,228,189,47,67,0,14,44,63,0,14,0,14,0,14,0,14,39,43,46,57,9,16,11,19,17,27,15,23,3947,742,1779,332,74,74,40,50,9,20,69,106,0,14,27,38,105,86,353,146,386,169,176,69,260,120,176,64,104,58,2168,531,196,170,0,14,318,256,160,150,0,14,0,14,64,56,228,94,400,163,269,127,240,96,156,70,137,97
1400000US06037297110,4659,687,1151,333,742,242,0,14,0,14,42,53,12,18,27,46,13,20,86,63,129,177,115,117,198,180,62,66,53,82,5,12,409,149,0,14,19,28,12,17,26,19,0,14,11,17,27,45,19,48,49,50,52,49,40,48,121,77,33,28,3508,717,1997,490,17,22,0,14,94,93,80,89,0,14,104,89,112,64,366,139,286,158,294,161,292,133,258,105,94,65,1511,331,66,73,12,19,153,136,71,61,15,22,57,54,80,62,198,106,156,96,329,140,154,73,110,80,110,65
1400000US06037297120,3519,486,795,357,441,226,97,95,31,49,0,14,53,51,0,14,0,14,60,67,0,14,62,93,39,44,7,13,92,99,0,14,354,185,29,43,0,14,31,51,0,14,7,12,0,14,0,14,65,75,121,96,47,46,17,22,9,15,28,42,2724,584,1294,270,32,42,25,32,63,52,59,56,0,14,0,14,89,69,206,113,219,119,177,94,246,129,145,95,33,27,1430,355,51,40,0,14,112,67,0,14,0,14,93,79,93,67,421,191,133,81,225,98,154,92,100,45,48,52
1400000US06037297201,3641,549,524,259,255,165,9,19,0,14,58,99,0,14,0,14,0,14,55,88,37,42,18,19,0,14,46,44,17,28,15,18,269,140,10,16,0,14,25,26,9,18,0,14,0,14,10,17,53,53,77,108,14,23,56,66,9,16,6,16,3117,582,1678,355,56,61,68,72,173,63,70,53,0,14,0,14,159,83,230,102,329,156,152,97,250,129,84,56,107,54,1439,304,61,60,0,14,125,129,22,33,0,14,47,65,137,82,136,86,290,123,172,78,205,114,48,34,196,109
1400000US06037297202,4231,672,487,245,322,198,32,52,0,14,0,14,0,14,0,14,18,31,0,14,5,8,83,77,14,23,22,29,148,167,0,14,165,126,0,14,0,14,0,14,0,14,0,14,0,14,18,30,45,58,17,29,66,108,9,14,0,14,10,17,3744,607,2029,325,138,73,27,37,130,65,100,92,78,92,0,14,109,70,476,154,366,172,274,137,93,67,159,72,79,68,1715,397,121,88,0,14,133,125,81,90,0,14,26,36,136,97,261,141,364,116,66,56,232,91,216,84,79,54
1400000US06037297300,2061,271,82,49,8,12,0,14,0,14,0,14,0,14,0,14,0,14,0,14,0,14,8,12,0,14,0,14,0,14,0,14,74,49,0,14,0,14,0,14,0,14,0,14,0,14,19,30,0,14,0,14,0,14,37,42,0,14,18,17,1979,275,923,134,93,61,0,14,69,38,49,29,54,70,25,28,37,21,130,51,168,59,23,18,47,27,153,56,75,35,1056,188,108,52,17,18,81,51,41,24,0,14,11,13,37,39,119,57,156,59,57,35,200,83,135,61,94,50
1400000US06037297400,3695,423,388,238,120,76,0,14,0,14,0,14,0,14,0,14,0,14,10,18,5,16,0,14,41,50,20,24,17,19,27,40,268,204,0,14,0,14,0,14,0,14,0,14,0,14,0,14,25,63,0,14,13,22,0,14,33,56,197,169,3307,367,1518,236,37,51,0,14,0,14,0,14,0,14,20,34,58,42,158,86,132,88,124,64,352,82,374,155,263,90,1789,202,60,56,0,14,55,37,58,47,55,35,0,14,65,39,117,85,130,54,125,84,415,102,380,119,329,103
1400000US06037297501,2697,574,158,122,29,48,0,14,0,14,0,14,0,14,0,14,0,14,0,14,0,14,0,14,0,14,0,14,29,48,0,14,129,110,0,14,0,14,0,14,0,14,0,14,0,14,0,14,0,14,89,104,0,14,0,14,9,15,31,39,2539,577,1282,309,7,10,0,14,83,135,41,68,25,40,12,20,101,59,245,158,111,49,114,92,257,87,175,61,111,55,1257,310,40,57,0,14,60,61,0,14,13,19,42,40,46,60,205,149,117,55,80,55,359,155,163,66,132,74
1400000US06037297502,2426,303,176,142,99,94,0,14,0,14,18,27,22,31,0,14,0,14,22,34,0,14,30,37,0,14,7,12,0,14,0,14,77,63,0,14,0,14,5,17,0,14,0,14,0,14,0,14,23,32,4,14,0,14,17,28,14,25,14,22,2250,323,1139,196,38,45,0,14,51,43,24,32,26,27,3,18,117,121,143,125,256,143,117,76,169,65,103,107,92,74,1111,251,38,46,36,44,62,84,36,42,4,18,44,43,61,29,202,141,188,70,136,74,101,53,154,54,49,58
1400000US06037297601,3532,568,110,62,73,52,0,14,0,14,0,14,0,14,0,14,0,14,0,14,13,22,0,14,33,51,11,17,16,20,0,14,37,38,0,14,0,14,0,14,0,14,0,14,0,14,13,23,0,14,0,14,13,21,0,14,0,14,11,19,3422,568,1642,295,97,78,50,59,183,153,26,28,0,14,21,33,73,52,417,214,203,121,140,109,158,93,190,100,84,51,1780,507,102,97,10,18,314,204,187,112,0,14,49,63,130,130,348,138,157,115,116,82,178,86,91,66,98,54
1400000US06037297602,3518,425,408,274,198,153,10,16,26,44,20,33,16,27,0,14,0,14,0,14,1,3,34,43,63,68,14,21,14,18,0,14,210,130,0,14,0,14,17,29,29,49,0,14,0,14,12,19,8,12,12,18,34,32,79,78,0,14,19,21,3110,347,1598,248,102,88,0,14,58,46,5,17,11,17,0,14,49,52,354,105,183,93,265,120,243,91,185,81,143,77,1512,179,84,81,15,23,66,50,53,51,22,30,24,28,26,26,220,82,118,62,228,92,293,90,203,73,160,73
1400000US06037300100,6105,608,313,279,104,105,0,19,0,19,64,95,0,19,0,19,0,19,0,19,0,19,0,19,0,19,14,24,26,32,0,19,209,180,0,19,0,19,65,96,0,19,0,19,0,19,0,19,20,32,75,86,14,23,0,19,11,17,24,21,5792,639,2887,465,89,110,37,44,191,99,180,98,0,19,117,89,166,98,192,85,338,147,392,117,490,148,551,268,144,64,2905,347,23,36,0,19,346,214,159,100,57,52,94,58,172,74,248,169,357,128,431,113,461,111,246,78,311,135
1400000US06037300200,5697,616,158,82,48,41,0,19,0,19,0,19,0,19,0,19,5,10,0,19,3,13,0,19,0,19,5,10,12,22,23,26,110,73,0,19,0,19,0,19,0,19,0,19,0,19,8,14,9,14,0,19,4,10,22,25,33,49,34,40,5539,632,2796,464,174,110,22,35,274,139,150,97,71,58,64,63,257,166,289,110,397,116,256,92,370,103,339,109,133,70,2743,259,219,145,34,33,174,72,80,58,19,30,10,17,145,64,285,126,418,81,332,85,377,106,454,108,196,90
1400000US06037300301,5914,816,175,118,33,30,0,19,0,19,0,19,0,19,0,19,0,19,16,26,1,4,0,19,1,5,0,19,0,19,15,19,142,96,0,19,0,19,13,22,0,19,0,19,41,50,4,14,6,11,0,19,16,25,27,39,18,29,17,21,5739,816,2653,419,320,138,63,70,150,92,93,58,27,38,14,23,42,55,215,112,395,122,511,291,430,122,168,105,225,94,3086,491,88,69,18,23,333,127,231,225,0,19,230,127,60,56,268,112,550,210,428,129,394,114,221,89,265,115
1400000US06037300400,5466,928,34,47,22,34,0,19,0,19,0,19,0,19,0,19,0,19,13,21,0,19,0,19,0,19,9,13,0,19,0,19,12,15,0,19,0,19,0,19,0,19,0,19,0,19,0,19,0,19,0,19,8,13,0,19,1,2,3,7,5432,925,2668,565,282,194,92,124,306,143,110,89,34,41,100,74,142,91,203,106,497,224,402,95,235,100,203,80,62,45,2764,500,305,238,31,41,130,73,149,70,85,78,66,52,151,101,194,94,606,191,332,98,390,115,129,81,196,77
1400000US06037300501,2767,417,175,89,54,36,0,14,0,14,0,14,0,14,0,14,0,14,0,14,10,16,0,14,0,14,8,12,30,32,6,9,121,65,0,14,0,14,0,14,0,14,0,14,0,14,0,14,36,44,0,14,24,33,46,39,5,9,10,13,2592,450,1183,245,27,31,9,14,127,71,63,50,5,10,56,46,88,54,95,60,89,51,280,156,172,65,126,52,46,36,1409,285,117,99,5,9,82,65,56,54,4,11,39,52,120,62,179,107,170,61,270,79,148,64,153,67,66,50
1400000US06037300503,4936,970,341,260,183,133,0,19,0,19,28,46,0,19,0,19,0,19,0,19,70,73,2,4,70,77,0,19,0,19,13,24,158,152,0,19,0,19,22,40,21,33,5,16,5,16,15,25,10,17,23,38,18,29,0,19,10,17,29,31,4595,993,2186,522,73,73,78,74,191,100,282,266,10,19,32,30,34,45,474,182,335,154,301,226,136,74,190,110,50,54,2409,540,89,65,33,45,146,150,164,224,65,61,29,43,73,66,254,122,361,246,342,159,406,128,375,216,72,69
1400000US06037300601,5556,952,702,318,280,138,7,18,0,19,40,53,23,39,9,16,21,32,49,55,0,19,36,48,35,45,40,53,11,17,9,16,422,192,0,19,0,19,44,54,13,24,39,52,39,52,0,19,61,60,64,54,82,52,18,24,53,61,9,14,4854,987,2287,638,231,338,67,54,32,51,80,70,11,18,69,46,182,96,336,217,224,114,384,127,446,202,201,76,24,27,2567,472,48,45,18,30,222,146,119,69,99,87,68,71,232,120,372,226,298,93,377,145,343,115,286,197,85,66
1400000US06037300602,3063,397,223,143,83,63,0,14,0,14,0,14,0,14,0,14,0,14,0,14,13,22,0,14,0,14,10,15,12,19,48,44,140,104,0,14,0,14,0,14,0,14,0,14,0,14,0,14,0,14,28,38,0,14,0,14,55,66,57,54,2840,402,1467,233,126,66,0,14,173,84,10,18,0,14,37,40,139,83,121,70,187,43,86,55,301,102,105,63,182,90,1373,267,45,43,25,45,86,68,26,34,0,14,78,76,126,87,139,95,142,36,193,116,222,75,145,69,146,70
1400000US06037300701,5425,642,421,311,144,127,0,19,0,19,0,19,0,19,0,19,0,19,33,50,31,47,0,19,43,69,31,52,0,19,6,11,277,226,0,19,0,19,0,19,0,19,0,19,0,19,89,145,0,19,0,19,72,82,0,19,81,79,35,44,5004,688,2162,323,158,130,0,19,82,71,71,78,22,34,0,19,45,50,210,154,378,180,213,114,427,158,206,81,350,99,2842,456,131,122,166,123,238,137,91,147,18,31,0,19,63,58,105,93,320,155,256,104,791,201,383,168,280,107
1400000US06037300702,5806,733,66,80,41,49,0,19,0,19,0,19,0,19,0,19,0,19,28,32,0,19,0,19,0,19,13,21,0,19,0,19,25,36,0,19,0,19,0,19,0,19,0,19,0,19,0,19,0,19,0,19,13,21,0,19,0,19,12,20,5740,732,2747,404,118,130,28,45,389,171,100,106,72,60,99,103,95,104,257,178,407,158,260,143,342,163,261,123,319,159,2993,446,172,141,14,22,214,129,120,121,143,138,71,88,195,124,113,82,303,143,453,198,335,132,432,277,428,179
1400000US06037300800,7351,1366,371,276,234,262,22,36,0,19,85,134,20,32,0,19,0,19,0,19,30,34,77,121,0,19,0,19,0,19,0,19,137,90,0,19,0,19,0,19,0,19,0,19,0,19,0,19,55,90,18,29,30,36,0,19,18,28,16,4,6980,1305,3588,769,187,191,37,59,146,91,191,111,62,82,86,87,503,397,449,244,344,161,201,103,894,407,246,120,242,133,3392,623,146,111,32,49,87,84,37,50,341,418,67,62,132,97,454,224,383,154,475,161,453,182,422,156,363,183
1400000US06037300901,5478,651,142,117,87,79,0,19,0,19,0,19,0,19,0,19,0,19,21,35,0,19,0,19,22,35,0,19,31,31,13,21,55,50,0,19,0,19,0,19,0,19,0,19,0,19,0,19,0,19,21,33,20,33,14,22,0,19,0,19,5336,666,2736,407,187,119,0,19,213,100,120,116,19,31,0,19,144,116,207,115,331,109,353,154,373,132,396,177,393,145,2600,382,49,63,0,19,160,84,23,39,0,19,85,108,250,134,70,68,360,96,435,147,410,134,438,186,320,122
1400000US06037300902,2051,433,74,58,51,39,0,14,0,14,0,14,0,14,0,14,0,14,0,14,0,14,0,14,7,11,7,11,0,14,37,36,23,27,0,14,0,14,0,14,0,14,0,14,0,14,0,14,1,5,0,14,0,14,0,14,6,10,16,25,1977,432,1005,260,32,30,0,14,20,23,54,34,61,90,5,8,23,25,27,27,242,107,231,102,136,37,58,32,116,70,972,208,37,31,19,22,49,41,81,89,6,9,61,41,58,44,55,37,160,92,145,43,114,50,110,68,77,40
1400000US06037301000,5390,771,125,79,67,58,0,19,0,19,0,19,0,19,0,19,0,19,0,19,0,19,15,26,29,48,0,19,0,19,23,38,58,47,0,19,0,19,0,19,0,19,0,19,0,19,19,32,0,19,13,21,0,19,2,35,6,10,18,20,5265,773,2593,550,251,223,22,37,222,116,8,15,20,25,14,23,110,93,419,121,392,232,342,210,310,139,385,269,98,61,2672,391,202,177,29,48,78,80,148,120,0,19,32,30,147,86,314,153,388,148,552,256,367,136,87,51,328,103
1400000US06037301100,6888,985,442,251,322,234,0,19,0,19,22,36,0,19,0,19,0,19,29,36,4,11,6,12,86,133,4,10,162,185,9,14,120,76,0,19,0,19,0,19,0,19,0,19,0,19,11,17,0,19,0,19,21,34,0,19,45,56,43,36,6446,1034,2942,648,225,273,70,79,203,182,79,64,0,19,88,94,89,81,595,298,317,196,383,150,365,167,298,142,230,112,3504,596,95,131,17,30,267,144,49,64,36,43,138,116,224,126,670,307,381,145,374,113,515,221,538,174,200,99
1400000US06037301203,3794,443,625,222,278,130,16,27,0,14,16,19,6,11,0,14,0,14,25,45,16,20,77,64,37,52,28,26,56,63,1,3,347,137,6,11,0,14,0,14,0,14,0,14,0,14,0,14,9,14,66,48,11,17,80,68,21,23,154,99,3169,456,1575,243,70,62,30,50,80,72,30,35,0,14,54,50,158,85,225,95,211,105,132,62,94,66,274,154,217,118,1594,263,94,85,8,13,77,61,12,18,7,12,9,14,37,42,264,112,187,77,246,115,228,147,247,82,178,89
1400000US06037301204,4872,661,535,369,98,68,0,14,0,14,0,14,0,14,0,14,0,14,0,14,18,28,0,14,65,75,15,25,0,14,0,14,437,325,0,14,0,14,0,14,0,14,0,14,16,27,0,14,23,44,68,71,82,78,24,30,170,236,54,63,4337,628,1852,327,43,71,0,14,46,67,114,86,0,14,83,89,73,61,414,166,300,148,169,80,240,147,318,158,52,51,2485,397,85,92,0,14,83,87,52,68,0,14,71,83,325,223,658,244,273,125,293,135,261,155,184,108,200,138
1400000US06037301205,2154,359,130,156,52,65,23,34,0,14,0,14,0,14,0,14,0,14,0,14,1,6,20,29,0,14,1,6,7,11,0,14,78,92,23,34,0,14,0,14,0,14,0,14,0,14,0,14,28,30,0,14,1,5,26,31,0,14,0,14,2024,400,888,157,46,29,0,14,45,28,32,38,14,24,0,14,58,38,94,42,103,44,133,48,136,45,90,44,137,85,1136,265,88,54,13,16,39,29,6,8,20,24,43,43,112,59,75,42,184,146,172,56,136,50,192,83,56,25
1400000US06037301206,4998,1063,511,238,176,102,0,14,0,14,7,11,12,19,0,14,9,16,11,20,17,24,15,19,31,34,38,59,4,12,32,38,335,180,0,14,0,14,7,11,0,14,17,23,0,14,19,29,10,19,24,26,55,43,0,14,131,126,72,65,4487,1077,2125,630,91,67,9,18,150,92,48,45,43,60,4,9,304,234,430,230,202,78,286,130,277,178,177,81,104,53,2362,491,47,40,36,41,133,87,66,51,0,14,0,14,98,50,447,237,265,99,180,97,675,213,286,102,129,63
1400000US06037301300,2061,323,68,54,32,28,0,14,0,14,0,14,0,14,0,14,0,14,0,14,0,14,7,10,0,14,19,24,6,9,0,14,36,34,0,14,0,14,15,22,0,14,0,14,0,14,0,14,0,14,7,10,0,14,8,8,6,9,0,14,1993,311,909,183,11,14,19,21,74,43,91,46,10,11,13,12,55,51,67,79,87,26,160,30,202,89,74,27,46,22,1084,150,86,55,34,34,124,45,66,35,0,14,50,50,23,23,107,45,78,35,206,91,120,40,101,35,89,39
1400000US06037301400,3967,551,96,86,29,36,0,14,0,14,11,18,0,14,0,14,0,14,0,14,0,14,10,16,0,14,8,13,0,14,0,14,67,62,0,14,0,14,11,18,0,14,0,14,0,14,21,31,0,14,35,44,0,14,0,14,0,14,0,14,3871,553,1925,250,94,120,0,14,154,74,47,50,37,45,56,50,222,126,129,89,139,67,355,151,341,101,144,72,207,83,1946,402,107,80,0,14,54,38,134,122,0,14,86,96,183,106,116,86,249,94,321,149,391,127,165,79,140,61
1400000US06037301501,1696,322,91,118,65,83,0,14,0,14,0,14,0,14,0,14,0,14,0,14,0,14,0,14,0,14,61,84,4,7,0,14,26,36,0,14,0,14,0,14,0,14,0,14,0,14,0,14,0,14,0,14,0,14,0,14,0,14,26,36,1605,317,757,130,21,21,0,14,18,19,23,33,0,14,47,47,63,47,79,45,78,51,131,59,132,57,108,41,57,30,848,224,58,36,6,10,26,30,11,17,8,15,9,11,83,60,103,70,84,39,126,59,118,53,158,72,58,29
1400000US06037301502,7498,982,1296,687,619,336,38,58,0,19,76,83,45,56,0,19,0,19,137,149,64,73,68,75,53,72,63,73,40,47,35,56,677,406,9,16,0,19,9,15,82,90,0,19,0,19,211,331,67,80,74,72,0,19,119,102,56,63,50,59,6202,852,3063,535,158,124,0,19,320,181,130,102,12,20,47,45,435,246,528,201,334,160,522,233,219,111,144,85,214,129,3139,608,188,134,55,88,328,207,79,58,0,19,53,61,180,133,400,161,532,216,353,193,439,178,391,170,141,98
1400000US06037301601,5464,717,1116,549,486,268,97,138,0,19,47,78,0,19,0,19,0,19,14,22,39,62,44,42,134,129,14,24,0,19,97,93,630,319,49,82,10,19,145,146,30,45,0,19,29,43,0,19,39,64,74,81,0,19,49,65,111,93,94,133,4348,672,2322,430,14,24,0,19,105,74,69,67,0,19,10,16,241,136,546,312,329,159,446,176,155,112,251,133,156,124,2026,349,58,64,17,27,104,74,122,103,33,50,14,20,202,145,237,152,360,127,324,146,242,117,189,117,124,86
1400000US06037301602,3508,542,438,198,127,64,26,31,0,14,11,17,0,14,0,14,0,14,0,14,9,15,37,30,0,14,10,14,27,25,7,11,311,167,56,51,8,12,23,35,0,14,0,14,0,14,0,14,42,34,38,40,18,28,87,100,32,28,7,11,3070,535,1739,332,87,69,0,14,90,91,108,71,0,14,67,62,236,140,195,82,288,112,173,92,324,102,141,60,30,25,1331,303,27,25,0,14,46,34,43,43,15,16,0,14,194,162,169,87,213,82,286,138,181,72,77,38,80,57
1400000US06037301701,2702,440,615,339,208,137,0,14,25,32,25,39,0,14,0,14,0,14,0,14,46,44,23,35,10,16,8,13,34,35,37,46,407,215,53,55,0,14,49,52,0,14,0,14,29,32,29,31,45,47,11,15,28,30,23,30,26,28,114,70,2087,429,869,207,87,78,0,14,43,50,0,14,10,17,6,14,39,47,56,51,184,56,190,70,141,82,57,36,56,39,1218,270,78,87,0,14,33,31,10,16,27,26,25,27,45,40,139,90,159,89,304,104,76,50,216,140,106,62
1400000US06037301702,5690,886,1056,649,624,414,35,54,0,19,42,69,43,69,0,19,0,19,120,131,72,74,59,94,65,73,84,96,104,104,0,19,432,273,35,55,0,19,0,19,43,71,0,19,0,19,0,19,15,25,64,65,9,27,140,119,102,140,24,33,4634,823,2270,484,59,68,56,97,31,33,60,87,22,24,66,67,188,130,457,224,319,152,399,156,333,178,200,113,80,82,2364,436,74,95,0,19,105,114,80,88,0,19,0,19,260,174,364,157,331,122,380,182,347,151,261,147,162,100
1400000US06037301801,6185,486,1231,549,585,289,46,68,55,65,59,79,0,19,0,19,0,19,36,59,25,26,205,119,53,69,47,47,0,19,59,65,646,302,108,109,0,19,41,45,10,21,0,19,10,21,44,65,88,74,72,74,81,92,50,52,119,96,23,30,4954,638,2299,365,140,113,0,19,97,76,14,25,0,19,114,97,171,98,646,204,409,131,191,136,180,90,151,95,186,88,2655,417,192,149,22,35,137,132,87,78,27,37,28,40,42,45,635,180,464,161,435,165,126,85,330,142,130,88
1400000US06037301802,5752,738,1132,286,508,179,91,61,18,32,42,37,0,19,0,19,0,19,96,84,85,72,24,31,0,19,51,43,86,66,15,23,624,200,0,19,0,19,0,19,41,37,19,31,15,26,42,49,37,42,68,46,142,88,47,36,146,131,67,54,4620,834,2386,481,26,31,64,98,90,80,15,24,111,120,116,107,145,104,791,221,294,175,251,115,274,159,122,77,87,69,2234,435,261,193,0,19,41,61,46,52,0,19,110,120,37,31,795,276,235,146,208,138,281,120,123,85,97,79
1400000US06037301901,3942,493,359,191,164,119,0,14,0,14,0,14,0,14,0,14,0,14,11,18,0,14,28,35,58,70,55,63,12,20,0,14,195,120,0,14,0,14,0,14,0,14,0,14,9,19,8,19,0,14,18,26,75,78,12,21,14,23,59,48,3583,538,1739,302,76,82,8,14,93,78,19,25,0,14,69,75,66,68,182,109,302,151,343,137,131,87,292,169,158,80,1844,358,62,74,0,14,51,55,83,43,0,14,20,36,217,120,286,138,235,108,227,134,234,151,311,161,118,68
1400000US06037301902,3267,760,500,419,213,173,33,55,0,14,0,14,0,14,0,14,40,64,0,14,14,22,52,59,51,69,0,14,23,34,0,14,287,256,33,55,0,14,0,14,43,70,0,14,0,14,44,73,10,17,29,45,74,82,0,14,45,48,9,17,2767,728,1393,368,115,81,35,35,21,25,106,88,25,41,0,14,52,49,139,72,170,73,287,185,111,60,122,60,210,188,1374,381,15,25,5,8,86,64,80,64,15,21,10,18,44,47,326,209,238,81,213,166,159,70,92,58,91,73
1400000US06037302002,3791,617,1039,519,538,300,0,14,0,14,75,93,0,14,0,14,0,14,6,11,128,135,141,104,56,92,0,14,0,14,132,85,501,249,98,80,0,14,0,14,0,14,0,14,0,14,0,14,167,125,43,43,62,89,68,82,9,15,54,70,2752,557,1421,302,92,82,0,14,95,79,53,56,9,18,43,57,35,31,277,116,177,86,199,102,219,173,104,62,118,83,1331,324,40,65,29,43,86,85,42,65,0,14,0,14,10,22,327,131,233,116,117,66,245,143,144,79,58,34
1400000US06037302003,3697,581,720,381,207,118,0,14,0,14,0,14,0,14,0,14,8,12,0,14,99,91,0,14,48,60,28,38,20,24,4,9,513,290,31,49,0,14,35,55,0,14,23,37,0,14,7,11,93,112,25,39,28,37,150,176,37,36,84,54,2977,467,1406,250,139,94,0,14,88,95,13,19,0,14,7,13,124,72,211,124,256,125,180,74,139,66,131,67,118,89,1571,268,58,69,71,84,102,64,7,14,45,43,19,30,79,54,246,93,268,105,254,166,191,74,89,69,142,62
1400000US06037302004,3872,625,720,291,366,163,9,14,0,14,45,48,34,56,13,15,6,11,25,34,52,38,73,50,34,42,29,26,14,21,32,41,354,143,15,25,0,14,21,36,0,14,8,13,6,11,63,60,28,35,39,33,33,35,65,53,35,37,41,40,3152,702,1688,441,61,67,24,25,22,32,70,65,75,68,46,59,131,108,259,193,234,169,298,114,133,93,278,138,57,42,1464,333,72,78,0,14,33,54,4,10,0,14,0,14,38,46,308,116,216,108,174,80,198,81,254,100,167,126
1400000US06037302102,5809,907,382,232,178,129,0,19,0,19,0,19,0,19,0,19,0,19,37,57,51,61,12,23,33,52,24,39,21,38,0,19,204,138,0,19,0,19,0,19,0,19,0,19,0,19,35,54,0,19,31,47,0,19,33,45,55,64,50,57,5427,905,2942,471,242,170,0,19,240,149,44,69,15,26,56,70,138,97,556,182,682,260,295,146,231,128,268,176,175,103,2485,513,196,132,14,23,223,239,125,106,0,19,25,33,51,52,335,132,681,190,122,66,360,131,280,192,73,62
1400000US06037302103,5115,816,830,540,407,318,0,19,13,20,67,113,0,19,27,43,0,19,54,87,77,84,29,38,84,105,5,12,0,19,51,64,423,262,68,90,0,19,52,60,0,19,0,19,30,49,18,30,67,64,87,70,20,34,4,11,47,62,30,28,4285,740,2050,370,32,51,0,19,61,56,10,21,0,19,0,19,273,144,250,121,248,144,315,151,409,189,195,92,257,138,2235,534,69,84,55,66,18,29,23,38,32,65,110,123,342,230,191,114,176,94,350,162,229,132,447,166,193,105
1400000US06037302104,3389,387,356,162,188,83,0,14,0,14,0,14,15,24,0,14,0,14,6,10,46,34,28,31,12,20,40,40,41,35,0,14,168,97,9,14,0,14,40,49,0,14,0,14,0,14,20,23,8,12,42,41,8,15,29,31,12,19,0,14,3033,415,1482,292,129,118,0,14,35,40,14,18,0,14,72,60,127,80,412,149,206,123,162,93,170,82,88,43,67,37,1551,215,82,89,29,35,30,32,64,49,12,19,31,35,214,94,316,131,243,96,186,98,179,79,94,53,71,40
1400000US06037302201,3381,429,716,201,245,98,0,14,0,14,13,21,0,14,0,14,10,16,16,25,49,53,17,27,21,23,0,14,52,45,67,52,471,154,0,14,0,14,40,62,11,17,0,14,0,14,55,40,41,39,9,14,44,43,37,40,96,57,138,66,2665,424,1313,263,18,28,0,14,35,52,18,28,0,14,24,36,107,73,301,124,251,87,140,75,107,63,88,54,224,128,1352,257,42,63,13,20,42,35,29,33,0,14,38,53,48,63,344,108,193,75,67,52,165,69,179,109,192,96
1400000US06037302202,4946,822,1426,821,756,589,52,51,0,14,102,152,7,16,0,14,0,14,266,312,34,54,42,42,119,133,77,50,55,51,2,6,670,310,88,91,0,14,76,73,0,14,0,14,0,14,46,49,127,81,125,151,50,65,84,63,34,53,40,44,3520,459,1739,257,51,50,0,14,66,39,45,41,52,50,15,19,121,65,246,113,357,100,248,104,173,77,158,78,207,61,1781,272,59,56,0,14,74,41,10,15,8,13,77,57,112,56,368,135,166,66,187,69,348,117,139,68,233,67
1400000US06037302301,3516,355,789,322,386,162,60,79,0,14,69,64,11,18,25,37,0,14,26,30,25,26,90,72,0,14,9,17,71,57,0,14,403,197,12,23,0,14,56,65,11,19,0,14,52,69,0,14,78,96,32,36,59,59,40,57,11,14,52,49,2727,395,1394,271,101,78,0,14,61,53,20,31,13,19,19,30,51,39,374,171,218,102,153,62,126,62,133,58,125,60,1333,237,20,30,14,21,37,33,28,41,15,20,38,43,47,36,334,148,119,63,272,94,96,58,160,69,153,66
1400000US06037302302,4970,1017,1006,394,336,183,39,48,0,19,28,44,0,19,0,19,14,21,40,48,0,19,26,34,44,43,22,28,107,98,16,20,670,267,18,29,0,19,46,43,48,69,0,19,41,57,0,19,138,129,74,63,93,105,47,47,81,79,84,69,3964,942,2031,502,70,87,4,8,139,120,205,140,23,35,82,64,64,59,451,212,340,144,173,97,190,86,231,112,59,51,1933,491,121,90,31,46,130,126,45,47,0,19,38,43,133,94,492,177,231,106,264,103,256,126,76,67,116,85
1400000US06037302401,6650,798,957,519,361,211,60,96,0,19,0,19,0,19,0,19,0,19,18,29,159,124,16,26,89,86,0,19,19,24,0,19,596,345,102,114,0,19,0,19,0,19,0,19,0,19,216,194,54,86,39,60,161,135,0,19,8,15,16,25,5693,748,2630,380,26,41,0,19,223,169,3,17,50,79,114,102,308,202,469,213,393,166,286,136,465,285,148,82,145,112,3063,561,159,259,0,19,0,19,265,241,31,51,28,45,112,91,831,358,604,241,243,166,371,216,236,130,183,130
1400000US06037302503,3935,474,749,324,376,189,0,14,0,14,80,76,0,14,0,14,26,39,37,39,48,59,53,64,50,53,38,43,11,18,33,40,373,179,0,14,0,14,0,14,0,14,26,40,0,14,46,56,30,32,101,77,25,37,0,14,69,56,76,93,3186,506,1510,343,29,37,3,14,31,33,22,33,42,53,42,44,41,31,286,117,287,135,184,105,243,96,243,165,57,55,1676,356,26,37,0,14,76,66,69,59,21,27,9,15,140,84,299,141,316,139,218,141,252,94,138,75,112,75
1400000US06037302504,3295,427,1079,399,292,148,0,14,0,14,0,14,11,17,0,14,0,14,0,14,8,12,35,47,8,13,120,85,82,63,28,23,787,286,29,35,50,43,50,43,100,85,0,14,0,14,19,26,40,44,59,59,160,101,124,77,66,53,90,85,2216,430,1148,251,65,67,0,14,67,66,20,25,0,14,35,46,156,82,247,95,87,61,162,95,136,76,77,61,96,44,1068,242,46,38,0,14,40,41,23,39,44,42,11,17,51,48,240,108,144,79,180,78,107,64,104,47,78,34
1400000US06037302505,3920,752,553,196,281,196,0,14,0,14,19,30,0,14,0,14,13,22,105,185,53,69,13,22,39,49,12,19,13,21,14,20,272,145,0,14,20,31,0,14,0,14,8,14,0,14,0,14,52,90,24,26,46,48,31,37,54,50,37,48,3367,765,1740,411,23,27,18,27,98,75,75,52,0,14,58,76,162,84,429,206,96,66,236,135,292,156,184,90,69,57,1627,406,83,66,0,14,58,70,56,63,0,14,9,15,205,161,233,98,201,123,341,155,147,79,175,97,119,80
1400000US06037302506,3102,606,557,251,191,116,51,70,14,23,5,8,8,14,0,14,0,14,0,14,0,14,49,41,4,7,8,13,18,20,34,25,366,172,33,38,15,25,18,19,20,25,0,14,0,14,4,6,26,24,63,59,0,14,57,51,1,3,129,95,2545,612,1397,427,85,63,0,14,82,70,72,49,9,14,55,60,43,36,293,297,205,93,149,80,237,111,86,47,81,60,1148,237,34,32,16,19,49,36,9,13,18,19,34,52,27,29,140,78,237,94,137,73,219,133,100,94,128,59
1400000US06037310100,5963,923,391,260,172,151,0,19,0,19,0,19,0,19,0,19,0,19,0,19,0,19,0,19,78,94,67,107,0,19,27,43,219,169,0,19,0,19,0,19,0,19,0,19,0,19,0,19,0,19,0,19,0,19,0,19,131,163,88,85,5572,958,2294,481,92,92,11,27,54,65,77,75,0,19,28,54,281,182,53,64,269,164,352,130,380,165,355,188,342,198,3278,606,187,132,12,27,307,144,113,94,99,108,125,134,221,137,237,212,351,160,397,139,277,96,452,184,500,255
1400000US06037310201,5063,887,240,171,160,123,0,19,0,19,46,72,0,19,0,19,0,19,12,20,34,53,0,19,13,23,14,22,0,19,41,65,80,76,0,19,0,19,0,19,0,19,0,19,0,19,0,19,52,68,13,21,0,19,0,19,15,25,0,19,4823,927,2079,451,196,100,0,19,123,98,91,143,0,19,52,74,138,110,181,95,489,194,353,140,144,84,68,56,244,222,2744,595,179,92,0,19,230,189,142,109,49,76,98,105,201,128,360,134,351,138,393,194,174,99,382,293,185,100
1400000US06037310202,4684,497,735,343,316,181,86,104,0,14,79,84,0,14,0,14,9,14,25,39,0,14,57,58,31,34,8,13,21,33,0,14,419,193,29,46,0,14,74,70,0,14,0,14,0,14,54,73,155,91,0,14,16,19,25,41,33,36,33,45,3949,531,1929,298,58,43,32,26,89,80,48,44,41,43,87,76,139,66,354,143,218,80,291,95,215,77,142,61,215,138,2020,309,23,27,7,23,130,77,96,61,0,14,0,14,219,96,187,78,370,107,256,97,314,97,125,53,293,144
1400000US06037310300,2986,498,61,64,38,45,0,14,0,14,0,14,0,14,0,14,0,14,0,14,0,14,0,14,0,14,0,14,38,45,0,14,23,29,0,14,0,14,0,14,0,14,0,14,0,14,0,14,0,14,0,14,0,14,0,14,15,26,8,13,2925,502,1456,351,31,41,0,14,161,82,88,66,0,14,28,34,45,44,206,177,205,76,211,70,282,165,112,47,87,45,1469,189,71,46,0,14,115,57,31,33,54,44,48,45,87,49,80,54,183,63,349,180,134,69,182,58,135,65
1400000US06037310400,3609,781,528,388,318,269,0,14,37,43,37,43,0,14,0,14,0,14,0,14,53,70,101,91,13,23,74,78,3,7,0,14,210,133,39,45,0,14,0,14,0,14,0,14,0,14,0,14,60,49,0,14,31,48,15,23,50,68,15,17,3081,719,1358,367,14,19,135,191,87,66,16,22,0,14,0,14,102,66,193,96,289,165,133,75,189,80,143,57,57,45,1723,384,193,199,20,23,128,62,42,38,0,14,48,56,130,83,128,71,269,152,303,102,132,51,208,73,122,52
1400000US06037310501,3582,519,485,183,151,80,9,17,0,14,38,48,0,14,0,14,0,14,21,24,41,55,0,14,17,20,11,19,14,21,0,14,334,178,28,41,0,14,10,18,31,50,10,17,7,11,6,10,102,104,22,22,0,14,27,31,43,53,48,47,3097,552,1461,295,99,51,119,132,119,82,59,60,10,16,8,12,160,65,320,241,287,137,131,49,83,46,40,32,26,24,1636,327,97,92,0,14,175,115,56,62,12,20,61,56,284,160,209,77,222,104,176,79,126,64,77,84,141,50
1400000US06037310601,6362,1061,1118,930,634,678,247,384,0,19,0,19,206,266,0,19,0,19,16,26,39,56,0,19,88,98,0,19,38,60,0,19,484,318,0,19,0,19,43,60,0,19,44,62,0,19,41,56,0,19,144,126,152,242,38,67,22,34,0,19,5244,657,2712,386,34,37,0,19,122,113,59,63,25,38,140,87,233,101,762,231,289,154,582,219,208,100,176,142,82,65,2532,444,254,210,0,19,233,170,26,40,0,19,46,61,124,103,385,173,392,138,325,182,412,180,111,89,224,115
1400000US06037310602,2651,374,141,101,50,44,0,14,0,14,0,14,0,14,0,14,0,14,9,16,23,30,0,14,0,14,17,26,1,11,0,14,91,73,0,14,0,14,0,14,0,14,0,14,0,14,24,40,35,29,0,14,9,15,23,31,0,14,0,14,2510,375,1187,206,0,14,79,72,40,50,57,76,70,76,0,14,106,62,203,88,172,89,201,74,112,90,85,41,62,46,1323,263,14,23,0,14,113,81,0,14,11,18,22,35,79,65,281,148,166,49,46,52,254,92,203,86,134,108
1400000US06037310701,2315,368,662,373,322,306,0,14,0,14,0,14,0,14,0,14,6,10,81,129,63,65,0,14,95,151,14,15,6,10,57,49,340,147,56,66,0,14,7,11,0,14,0,14,0,14,6,9,48,46,0,14,14,34,35,36,20,18,154,104,1653,256,806,166,30,36,0,14,25,38,94,95,16,25,16,21,32,25,165,82,75,43,144,62,28,32,29,23,152,73,847,118,38,37,0,14,0,14,28,32,0,14,0,14,82,61,108,59,138,70,114,76,111,56,84,62,144,56
1400000US06037310703,5129,903,790,427,361,213,65,90,0,19,0,19,0,19,0,19,0,19,58,57,78,64,90,93,0,19,15,23,55,69,0,19,429,240,109,107,0,19,0,19,0,19,0,19,0,19,39,37,127,102,0,19,83,74,43,67,0,19,28,32,4339,953,2028,515,76,76,34,40,236,239,116,82,0,19,16,24,275,200,256,152,186,99,414,245,157,113,128,97,134,98,2311,505,0,19,107,165,59,81,87,132,0,19,0,19,98,85,388,170,357,192,388,217,421,165,246,122,160,110
1400000US06037310704,4516,461,811,362,503,291,0,14,0,14,68,86,68,86,0,14,0,14,0,14,15,32,73,80,21,43,3,4,105,98,150,187,308,174,0,14,0,14,0,14,0,14,0,14,0,14,6,10,124,87,0,14,15,25,81,87,0,14,82,98,3705,548,1871,392,135,119,0,14,78,93,62,78,0,14,9,15,126,108,345,198,365,163,323,123,104,83,169,109,155,86,1834,252,22,31,0,14,114,95,18,31,10,16,0,14,251,143,284,149,251,134,244,159,268,136,161,85,211,142
1400000US06037310705,2404,662,384,160,107,92,0,14,0,14,0,14,0,14,0,14,0,14,6,10,0,14,52,80,7,10,0,14,12,18,30,33,277,117,0,14,0,14,0,14,0,14,0,14,0,14,40,46,15,22,9,14,0,14,33,43,0,14,180,91,2020,687,964,292,89,63,0,14,28,44,17,27,0,14,0,14,113,126,241,122,101,42,113,127,144,46,23,36,95,56,1056,417,13,25,0,14,0,14,86,132,76,120,0,14,52,59,241,111,141,92,128,128,72,54,92,59,155,67
1400000US06037310800,5201,739,913,499,674,413,0,19,0,19,0,19,0,19,0,19,0,19,0,19,84,125,38,91,346,360,40,47,166,137,0,19,239,155,0,19,0,19,0,19,0,19,0,19,0,19,0,19,57,89,0,19,0,19,0,19,132,125,50,51,4288,672,2134,430,22,34,0,19,233,190,36,55,152,129,132,110,106,96,241,158,331,159,437,188,224,124,123,80,97,67,2154,324,21,34,0,19,113,106,127,73,20,33,0,19,169,108,295,149,290,129,349,160,400,169,245,129,125,93
1400000US06037310900,6714,732,344,172,243,152,0,19,0,19,17,27,0,19,0,19,76,116,0,19,16,29,36,32,0,19,0,19,81,91,17,32,101,71,0,19,0,19,0,19,0,19,0,19,0,19,0,19,0,19,15,23,24,37,37,53,0,19,25,41,6370,736,3294,453,189,161,24,43,348,178,24,39,0,19,83,80,185,154,515,241,554,212,499,179,397,151,272,125,204,114,3076,508,142,140,0,19,87,87,157,93,24,44,38,56,207,155,423,198,447,142,557,219,459,168,363,173,172,112
1400000US06037311000,3723,462,362,307,90,84,0,14,0,14,0,14,0,14,0,14,13,21,0,14,0,14,50,79,0,14,17,22,10,15,0,14,272,231,0,14,0,14,80,127,33,54,0,14,10,18,11,18,0,14,51,61,34,36,36,52,14,22,3,5,3361,364,1716,221,30,35,7,13,305,102,71,69,0,14,47,55,80,42,145,84,429,135,200,107,219,85,121,59,62,33,1645,231,82,59,15,24,85,55,33,31,5,12,8,14,94,61,122,70,330,108,195,97,356,124,166,64,154,113
1400000US06037311100,3918,642,354,256,132,98,0,14,0,14,0,14,0,14,0,14,0,14,0,14,27,38,0,14,94,87,0,14,11,16,0,14,222,169,0,14,0,14,15,23,56,62,43,68,0,14,7,13,0,14,14,20,76,81,1,2,9,16,1,2,3564,663,1682,375,61,51,38,43,148,72,66,60,48,51,84,51,76,46,262,176,237,78,219,60,188,81,171,82,84,45,1882,354,53,46,0,14,136,78,100,59,0,14,60,40,21,23,291,209,391,172,256,93,192,69,196,72,186,76
1400000US06037311200,3106,701,126,83,73,57,0,14,0,14,0,14,0,14,0,14,0,14,0,14,38,46,9,16,0,14,3,9,15,17,8,10,53,43,0,14,0,14,0,14,0,14,0,14,0,14,8,13,9,15,0,14,0,14,17,20,13,17,6,10,2980,694,1280,283,68,40,23,25,72,46,0,14,0,14,0,14,66,56,261,200,247,70,204,80,173,57,77,57,89,44,1700,469,141,77,31,31,41,33,0,14,22,24,13,21,195,287,310,110,301,92,107,62,341,177,86,37,112,62
1400000US06037311300,3776,575,197,135,79,90,0,14,0,14,0,14,0,14,0,14,0,14,0,14,19,21,0,14,0,14,60,89,0,14,0,14,118,92,0,14,0,14,0,14,0,14,16,26,16,26,8,13,0,14,2,5,23,28,9,15,0,14,44,46,3579,532,1915,316,149,83,16,24,106,60,57,37,0,14,64,65,130,81,402,271,276,82,364,109,190,88,118,80,43,31,1664,309,33,33,14,20,87,67,15,24,21,30,74,71,68,40,314,235,204,72,426,140,294,115,67,42,47,38
1400000US06037311400,2408,374,82,61,27,29,0,14,0,14,0,14,0,14,0,14,0,14,0,14,14,22,0,14,13,19,0,14,0,14,0,14,55,53,0,14,0,14,0,14,0,14,0,14,0,14,14,22,0,14,0,14,10,15,12,20,19,30,0,14,2326,376,1129,224,91,100,10,14,125,114,64,54,5,8,12,15,57,31,152,77,150,61,207,80,115,48,105,35,36,24,1197,218,49,38,7,14,110,109,85,40,0,14,23,26,6,9,174,91,220,89,169,62,149,53,111,46,94,43
1400000US06037311500,6026,1127,431,199,212,144,19,31,0,19,0,19,0,19,0,19,0,19,14,23,0,19,0,19,90,105,89,88,0,19,0,19,219,140,0,19,0,19,19,30,0,19,0,19,0,19,81,115,63,72,0,19,24,30,0,19,15,24,17,29,5595,1114,2589,576,103,69,0,19,71,72,77,83,72,74,97,83,335,273,465,175,350,108,535,249,241,122,215,93,28,25,3006,657,97,75,0,19,144,91,130,86,13,22,159,197,253,245,676,232,173,90,554,251,358,167,272,122,177,90
1400000US06037311601,2986,1460,271,116,112,72,0,14,0,14,0,14,0,14,0,14,0,14,10,22,0,14,13,21,42,42,33,40,14,21,0,14,159,79,0,14,0,14,10,15,0,14,0,14,0,14,12,21,18,27,24,28,20,25,14,22,42,64,19,80,2715,1453,1030,473,30,42,14,21,13,21,0,14,145,219,53,86,57,77,141,89,111,71,305,226,93,73,44,42,24,62,1685,1010,271,340,0,14,301,216,154,215,0,14,12,25,55,71,219,97,319,263,160,103,145,86,26,24,23,21
1400000US06037311602,4618,621,453,223,274,195,0,14,0,14,0,14,0,14,17,30,0,14,187,178,12,19,26,41,12,25,0,14,0,14,20,31,179,119,0,14,20,36,11,22,0,14,0,14,0,14,66,97,32,39,17,30,17,28,0,14,16,26,0,14,4165,622,2417,455,214,193,0,14,104,88,77,65,0,14,28,41,146,122,555,216,456,219,198,111,234,94,319,129,86,83,1748,301,0,14,0,14,65,71,130,111,0,14,41,46,69,77,527,196,343,126,315,158,89,79,67,66,102,58
1400000US06037311700,5521,776,476,260,188,144,0,19,0,19,0,19,0,19,25,39,0,19,19,32,0,19,26,42,65,102,12,18,24,38,17,31,288,189,0,19,0,19,0,19,0,19,0,19,0,19,0,19,96,130,0,19,0,19,137,106,0,19,55,52,5045,864,2418,477,228,117,29,46,117,94,47,62,0,19,0,19,112,84,524,338,327,143,422,162,313,128,232,97,67,58,2627,488,156,107,0,19,306,155,0,19,0,19,0,19,88,68,338,216,395,123,387,131,440,301,299,116,218,111
1400000US06037311801,2811,463,505,402,222,189,0,14,0,14,7,11,0,14,0,14,97,155,10,18,53,81,45,45,0,14,10,23,0,14,0,14,283,223,0,14,7,10,9,14,0,14,0,14,0,14,58,76,10,15,50,51,142,168,7,10,0,14,0,14,2306,323,1136,241,27,29,0,14,139,125,8,15,0,14,27,27,110,51,300,128,102,59,203,56,75,45,100,84,45,45,1170,177,66,56,0,14,36,41,38,47,0,14,15,25,36,40,285,93,157,76,174,67,141,72,128,87,94,60
1400000US06037311802,4081,776,295,212,192,171,42,59,0,14,0,14,0,14,0,14,0,14,0,14,53,59,21,23,26,40,13,19,0,14,37,53,103,70,0,14,0,14,9,18,0,14,0,14,8,17,0,14,16,23,0,14,14,20,47,47,7,10,2,8,3786,799,2017,575,250,138,15,25,97,61,67,56,0,14,0,14,62,45,696,486,291,127,170,102,263,216,88,53,18,27,1769,368,73,70,0,14,168,85,47,52,41,65,7,17,199,157,494,276,355,131,153,69,123,70,100,81,9,17
1400000US06037320101,3341,486,240,174,95,93,0,14,0,14,0,14,17,28,0,14,0,14,23,29,17,27,0,14,16,24,15,23,7,10,0,14,145,106,0,14,0,14,18,29,7,11,0,14,0,14,0,14,0,14,67,86,7,10,31,23,5,9,10,15,3101,487,1524,285,5,8,8,14,164,85,104,65,0,14,55,47,89,40,273,109,227,79,261,109,133,67,162,119,43,31,1577,288,75,66,0,14,64,53,34,30,40,45,62,49,138,59,253,105,244,74,238,70,267,124,90,42,72,44
1400000US06037320102,3654,774,391,259,177,122,36,49,0,14,0,14,0,14,0,14,14,22,0,14,19,30,57,55,26,23,5,8,0,14,20,29,214,149,32,36,0,14,50,55,0,14,0,14,0,14,19,27,22,27,59,56,25,26,7,11,0,14,0,14,3263,870,1718,544,91,100,46,32,69,70,118,104,14,15,34,37,226,89,267,142,167,89,283,102,176,62,213,174,14,17,1545,367,66,40,14,17,24,23,8,12,77,43,32,34,168,91,241,147,293,138,258,91,130,59,147,52,87,56
1400000US06037320201,3939,1046,490,253,163,97,0,14,0,14,10,18,11,18,0,14,0,14,0,14,27,34,18,23,37,47,21,36,22,34,17,29,327,175,44,59,0,14,29,28,7,14,10,17,7,13,24,28,26,42,43,34,42,46,37,42,0,14,58,63,3449,1048,1811,638,66,77,12,18,176,149,130,138,23,39,66,66,140,124,110,85,467,313,117,86,380,145,124,67,0,14,1638,459,57,57,0,14,5,24,82,69,38,57,129,93,156,168,292,162,208,108,217,119,217,72,147,80,90,62
1400000US06037320202,5803,898,414,296,177,151,3,9,0,19,34,47,0,19,0,19,0,19,72,74,0,19,39,51,0,19,0,19,29,31,0,19,237,169,34,49,0,19,7,16,35,48,0,19,3,9,71,64,3,8,31,45,24,22,11,14,10,14,8,13,5389,905,3036,643,103,86,32,46,206,88,51,60,12,21,47,50,306,115,473,161,516,255,628,307,217,100,298,112,147,101,2353,403,145,103,0,19,171,101,103,71,4,8,41,49,227,105,351,162,320,120,320,130,272,122,322,128,77,61
1400000US06037320300,6711,879,781,337,385,176,44,77,0,19,9,14,19,47,0,19,0,19,36,39,115,99,20,33,18,20,0,19,61,75,63,79,396,207,0,19,0,19,31,38,31,37,0,19,0,19,18,26,97,106,50,50,28,26,15,19,30,29,96,82,5930,801,3140,631,104,108,24,30,328,123,309,150,13,21,38,43,318,161,660,520,395,158,292,109,347,123,181,73,131,68,2790,364,90,70,93,73,245,120,72,74,0,19,66,51,286,163,484,140,384,118,394,166,296,124,233,92,147,65
1400000US06037400205,2385,319,37,27,0,14,0,14,0,14,0,14,0,14,0,14,0,14,0,14,0,14,0,14,0,14,0,14,0,14,0,14,37,27,0,14,0,14,0,14,0,14,0,14,0,14,0,14,0,14,0,14,0,14,0,14,27,22,10,16,2348,319,1130,171,8,12,34,37,155,82,57,55,38,48,19,29,29,58,88,66,85,61,227,92,202,55,133,52,55,38,1218,226,57,71,5,11,101,70,59,59,0,14,0,14,83,52,89,60,129,43,175,68,158,67,299,87,63,36
1400000US06037400206,5194,710,74,56,47,38,0,19,0,19,0,19,0,19,0,19,0,19,7,13,0,19,0,19,3,6,10,15,12,18,15,23,27,32,0,19,0,19,11,17,0,19,0,19,0,19,0,19,0,19,9,14,0,19,0,19,7,9,0,19,5120,710,2544,400,50,41,44,44,189,113,85,51,45,38,108,72,211,77,357,236,200,75,373,104,403,131,303,77,176,51,2576,365,68,64,67,58,263,121,47,53,22,19,29,24,148,86,270,167,266,84,391,122,388,145,278,84,339,101
1400000US06037400207,4601,597,93,64,46,29,0,14,0,14,0,14,0,14,0,14,0,14,0,14,3,6,0,14,0,14,23,22,8,13,12,19,47,39,0,14,0,14,0,14,0,14,0,14,0,14,0,14,9,14,0,14,0,14,16,21,0,14,22,26,4508,604,2160,285,113,67,0,14,219,113,219,93,44,40,52,50,180,128,76,49,258,71,343,109,258,125,232,68,166,57,2348,394,85,88,24,29,240,134,172,199,43,61,49,43,174,117,100,56,248,77,320,127,317,108,348,80,228,83
1400000US06037400208,1382,205,0,14,0,14,0,14,0,14,0,14,0,14,0,14,0,14,0,14,0,14,0,14,0,14,0,14,0,14,0,14,0,14,0,14,0,14,0,14,0,14,0,14,0,14,0,14,0,14,0,14,0,14,0,14,0,14,0,14,1382,205,634,96,22,23,0,14,50,27,15,16,37,30,0,14,10,16,20,22,106,52,94,35,93,58,134,43,53,20,748,151,7,11,0,14,61,32,21,22,11,17,16,17,63,37,25,21,94,29,110,30,135,85,129,54,76,29
1400000US06037400209,4689,580,251,170,139,97,0,14,0,14,0,14,24,36,0,14,0,14,24,37,0,14,0,14,25,36,43,37,23,27,0,14,112,81,0,14,0,14,0,14,0,14,0,14,0,14,0,14,24,35,0,14,60,46,19,27,9,14,0,14,4438,622,2298,375,91,77,0,14,110,59,108,68,43,54,44,39,205,133,293,268,229,78,257,103,423,132,319,96,176,71,2140,330,45,40,10,17,153,108,67,76,34,47,116,74,146,73,137,159,209,81,335,97,379,141,358,111,151,63
1400000US06037400304,8406,1024,1169,651,531,328,97,153,0,19,44,68,0,19,0,19,0,19,50,45,112,146,0,19,121,90,34,57,63,71,10,17,638,392,95,149,0,19,71,112,141,129,0,19,0,19,50,70,83,131,78,82,31,40,61,66,11,17,17,30,7237,1133,3426,460,180,167,102,133,270,154,91,73,10,16,116,143,225,138,355,142,519,161,688,289,544,261,246,144,80,68,3811,765,184,166,12,19,506,283,0,19,29,49,47,51,280,175,893,585,484,200,649,315,361,162,214,99,152,98
1400000US06037400402,4324,668,131,85,30,15,0,14,0,14,0,14,0,14,0,14,0,14,0,14,10,21,13,24,0,14,0,14,0,14,7,12,101,83,0,14,0,14,0,14,0,14,0,14,0,14,0,14,13,18,0,14,42,56,9,15,6,11,31,39,4193,679,1922,295,31,28,8,15,87,41,71,64,24,23,71,71,205,109,153,97,298,98,288,147,438,188,198,63,50,32,2271,454,257,139,0,14,120,49,120,88,0,14,68,57,351,275,190,69,244,91,244,59,327,168,235,86,115,80
1400000US06037400403,4188,774,437,357,242,178,0,14,0,14,39,54,0,14,7,14,0,14,98,126,7,11,40,54,26,32,14,21,5,10,6,12,195,218,0,14,41,55,41,55,0,14,38,52,7,14,0,14,38,52,0,14,6,13,7,12,7,12,10,17,3751,841,1804,436,146,154,0,14,236,125,37,43,7,11,21,22,113,68,165,126,214,89,116,74,398,204,271,104,80,44,1947,439,106,133,11,19,72,72,105,62,0,14,108,85,109,95,284,154,157,65,174,69,455,163,236,81,130,63
1400000US06037400404,4246,551,74,70,25,26,0,14,0,14,0,14,0,14,0,14,14,22,0,14,4,8,0,14,0,14,0,14,7,11,0,14,49,48,0,14,0,14,0,14,0,14,0,14,0,14,13,19,13,23,0,14,14,22,0,14,0,14,9,12,4172,545,1989,326,83,87,0,14,90,73,118,86,16,24,82,70,167,118,192,146,228,97,259,121,337,137,292,102,125,59,2183,361,34,43,24,39,242,124,109,85,16,26,15,21,150,73,158,96,244,106,276,96,428,171,275,91,212,95
1400000US06037400501,1825,272,80,45,43,24,0,14,0,14,0,14,0,14,0,14,5,8,0,14,0,14,0,14,0,14,12,13,11,13,15,13,37,23,0,14,0,14,0,14,0,14,0,14,0,14,0,14,6,9,0,14,0,14,22,17,5,9,4,7,1745,284,832,168,21,20,0,14,41,24,6,9,5,8,21,25,43,25,32,25,95,31,99,40,266,140,57,27,146,52,913,139,16,15,7,11,95,38,43,32,13,14,34,21,28,18,67,32,79,33,117,38,208,112,84,31,122,69
1400000US06037400602,4359,571,511,266,259,148,67,78,0,14,0,14,11,16,10,15,35,56,0,14,28,31,36,40,45,60,0,14,0,14,27,31,252,165,30,47,22,37,12,22,0,14,0,14,11,20,0,14,70,62,58,80,20,21,10,21,19,21,0,14,3848,541,2262,425,201,142,0,14,154,105,120,111,0,14,11,19,94,75,635,195,318,184,251,114,241,109,128,59,109,49,1586,283,69,59,0,14,161,102,22,31,10,16,34,38,102,65,259,104,198,90,353,115,156,63,111,49,111,60
1400000US06037400603,4793,735,270,207,121,118,0,14,0,14,0,14,10,15,0,14,0,14,44,69,0,14,2,7,4,9,54,53,1,5,6,10,149,109,0,14,0,14,0,14,0,14,0,14,0,14,22,35,0,14,17,28,31,42,62,65,17,27,0,14,4523,750,2370,597,71,55,47,39,230,117,47,44,18,26,106,101,178,145,462,310,294,124,383,187,253,93,234,83,47,42,2153,368,96,89,47,55,91,65,52,49,8,13,17,24,96,82,332,119,421,194,393,175,291,111,210,92,99,67
1400000US06037400605,6323,622,1055,423,424,215,24,37,0,19,95,98,0,19,0,19,3,5,91,74,49,51,99,77,18,28,0,19,45,72,0,19,631,262,57,63,0,19,37,41,0,19,0,19,20,32,105,93,0,19,93,72,23,29,6,12,143,128,147,130,5268,692,2556,407,221,76,46,61,86,65,62,57,95,82,63,92,69,49,389,143,410,147,335,124,359,109,245,107,176,93,2712,427,173,84,43,57,78,58,40,46,0,19,51,43,143,101,463,146,243,104,400,144,458,165,416,264,204,97
1400000US06037400801,5619,599,294,222,159,127,0,19,0,19,0,19,0,19,0,19,31,47,0,19,49,73,21,34,0,19,0,19,45,52,13,22,135,117,0,19,16,29,33,50,32,49,0,19,0,19,0,19,15,26,19,32,0,19,11,17,9,16,0,19,5325,582,2632,417,228,162,25,39,109,82,129,109,0,19,59,47,96,77,332,171,402,153,402,131,462,136,183,111,205,77,2693,374,143,120,42,64,116,98,78,74,49,56,79,64,277,173,390,192,260,125,437,175,412,120,199,96,211,93
1400000US06037401001,2605,303,76,56,25,26,0,14,0,14,0,14,0,14,0,14,0,14,0,14,0,14,0,14,0,14,25,26,0,14,0,14,51,45,0,14,0,14,0,14,0,14,0,14,0,14,0,14,13,21,0,14,0,14,11,17,0,14,27,36,2529,309,1176,134,60,48,10,19,61,43,25,24,57,57,68,41,60,38,65,56,144,55,168,72,189,83,115,53,154,87,1353,230,46,48,2,14,107,53,120,78,27,22,11,16,75,49,103,65,165,44,174,72,169,81,166,74,188,76
1400000US06037401002,4541,651,298,136,54,43,0,14,0,14,0,14,0,14,0,14,0,14,0,14,10,14,0,14,17,30,0,14,8,12,19,22,244,107,0,14,0,14,0,14,0,14,0,14,0,14,44,42,15,24,0,14,33,35,51,36,55,48,46,27,4243,664,2130,380,146,79,65,61,185,118,18,21,19,26,48,51,175,63,291,112,289,84,342,156,312,131,148,74,92,83,2113,360,144,90,0,14,140,86,88,61,76,115,47,33,146,104,196,84,340,129,289,68,313,117,171,72,163,106
1400000US06037401101,5449,893,521,223,310,170,0,19,0,19,42,50,0,19,0,19,24,29,28,34,43,68,74,70,11,18,30,34,40,64,18,31,211,94,0,19,0,19,14,23,14,23,0,19,0,19,9,15,36,43,22,25,0,19,33,35,49,44,34,41,4928,924,2518,532,110,86,30,32,176,89,252,200,57,54,193,184,138,92,165,78,441,164,268,106,299,111,208,118,181,113,2410,480,80,76,95,70,351,235,53,51,0,19,50,45,164,105,238,114,443,193,328,127,218,78,148,86,242,122
1400000US06037401102,3767,644,189,112,106,95,0,14,0,14,0,14,0,14,0,14,0,14,31,49,14,20,49,53,0,14,12,17,0,14,0,14,83,59,0,14,0,14,24,37,0,14,0,14,0,14,0,14,0,14,29,39,0,14,18,27,0,14,12,16,3578,679,1645,302,98,67,20,24,86,54,40,40,50,56,27,42,196,120,241,118,396,184,208,98,139,57,85,47,59,35,1933,436,140,103,85,96,211,166,83,57,70,91,36,35,188,124,399,187,180,57,241,111,80,60,149,54,71,33
1400000US06037401201,3493,782,213,178,103,84,0,14,0,14,0,14,0,14,0,14,0,14,0,14,0,14,0,14,52,57,0,14,3,6,48,68,110,115,58,63,0,14,0,14,0,14,0,14,0,14,0,14,0,14,48,52,0,14,0,14,4,7,0,14,3280,812,1407,325,71,83,10,17,81,66,60,43,29,47,52,41,135,64,143,71,277,110,166,88,191,65,131,73,61,34,1873,606,159,123,15,22,164,106,61,52,37,34,67,62,232,311,120,78,208,61,317,182,209,58,137,59,147,79
1400000US06037401202,4077,501,264,155,169,125,0,14,0,14,0,14,0,14,0,14,0,14,7,12,65,85,47,62,11,17,16,25,23,22,0,14,95,67,0,14,0,14,0,14,0,14,0,14,0,14,31,28,7,12,0,14,7,12,34,50,16,18,0,14,3813,508,1977,301,33,33,21,33,59,44,182,120,28,34,78,62,140,64,214,99,223,111,297,102,321,123,265,108,116,68,1836,294,26,25,0,14,109,71,86,86,0,14,54,40,193,73,158,86,172,97,250,81,259,83,252,144,277,100
1400000US06037401203,4760,611,614,281,266,130,14,17,0,14,60,92,0,14,0,14,24,38,0,14,37,44,33,32,33,41,43,47,13,19,9,13,348,176,42,39,4,7,49,51,25,40,0,14,16,24,0,14,25,23,35,42,22,35,85,62,43,47,2,5,4146,679,1880,318,62,51,5,8,140,89,72,57,5,8,26,28,192,85,315,216,291,123,309,113,228,73,170,81,65,57,2266,440,75,63,0,14,260,142,22,26,16,20,117,94,286,151,315,217,225,93,267,111,210,81,208,92,265,132
1400000US06037401303,2246,377,89,75,31,28,0,14,0,14,0,14,0,14,0,14,0,14,8,11,0,14,7,10,0,14,16,23,0,14,0,14,58,70,0,14,0,14,0,14,0,14,0,14,0,14,0,14,0,14,0,14,12,16,0,14,4,6,42,67,2157,380,1024,205,35,30,10,12,32,28,43,32,33,37,25,18,123,56,31,28,53,30,215,113,123,45,212,51,89,43,1133,216,7,14,0,14,55,26,56,50,0,14,21,19,85,46,109,48,80,24,202,108,231,71,192,73,95,52
1400000US06037401304,4870,535,362,278,242,196,0,14,0,14,46,74,0,14,0,14,0,14,22,33,0,14,0,14,0,14,59,71,95,108,20,33,120,100,0,14,0,14,0,14,0,14,0,14,0,14,22,33,2,6,0,14,41,65,19,30,18,29,18,29,4508,512,2419,358,186,107,0,14,147,77,151,178,37,61,30,40,220,124,191,98,346,107,314,209,332,130,351,130,114,72,2089,304,69,99,22,40,85,77,0,14,17,27,88,75,74,56,119,72,239,100,486,219,356,147,257,120,277,191
1400000US06037401311,6766,706,719,400,258,186,53,85,0,19,47,76,0,19,0,19,0,19,28,44,74,78,33,47,0,19,23,38,0,19,0,19,461,245,52,83,27,42,31,49,0,19,0,19,0,19,49,44,171,118,24,36,28,42,0,19,77,73,2,5,6047,739,2701,437,184,114,32,45,101,81,64,70,10,18,12,35,183,116,408,214,418,166,393,146,333,128,379,123,184,101,3346,459,233,126,0,19,230,105,288,159,0,19,139,112,211,128,480,165,308,114,379,160,536,163,194,100,348,114
1400000US06037401312,4525,465,240,163,97,88,0,14,0,14,0,14,9,18,0,14,9,17,9,16,16,20,9,17,25,38,12,19,0,14,8,13,143,101,0,14,0,14,25,39,0,14,0,14,0,14,0,14,43,55,9,16,22,34,0,14,30,43,14,18,4285,546,2128,314,141,101,0,14,135,62,14,22,62,83,47,40,53,41,265,148,301,162,219,88,285,87,284,104,322,134,2157,320,61,47,0,14,23,29,103,63,11,19,15,26,169,109,308,119,281,123,153,62,305,91,387,150,341,116
1400000US06037401500,5790,936,500,207,193,102,0,19,0,19,0,19,8,15,0,19,24,23,14,22,15,23,44,46,51,56,7,13,15,18,15,22,307,159,0,19,0,19,28,47,0,19,0,19,35,50,16,18,53,52,0,19,128,73,35,36,6,10,6,11,5290,970,2697,525,368,245,115,112,192,84,31,49,19,32,22,24,276,118,448,160,229,92,304,96,367,160,250,73,76,45,2593,510,262,199,47,59,147,93,74,55,0,19,118,73,149,101,314,127,415,171,299,93,376,164,248,74,144,69
1400000US06037401601,5059,607,499,281,160,105,23,38,0,19,0,19,0,19,0,19,0,19,20,33,48,69,0,19,18,28,8,14,0,19,43,43,339,228,0,19,0,19,0,19,0,19,0,19,0,19,0,19,56,64,72,115,28,33,21,27,72,89,90,59,4560,579,2255,361,58,61,89,75,42,69,30,40,147,135,50,67,115,89,300,148,337,173,169,114,202,95,467,211,249,108,2305,313,58,97,0,19,122,139,71,82,0,19,88,87,59,53,253,135,138,112,277,166,338,211,554,148,347,131
1400000US06037401602,5343,701,731,368,279,131,0,19,0,19,0,19,0,19,0,19,0,19,0,19,31,44,74,86,63,57,56,55,34,41,21,25,452,279,0,19,0,19,191,185,19,29,0,19,0,19,29,48,14,25,57,60,73,58,29,41,31,37,9,14,4612,768,2543,411,17,29,11,21,200,115,112,71,18,25,114,94,333,162,506,240,273,132,395,124,294,156,207,89,63,48,2069,418,34,33,23,27,224,150,61,59,23,31,4,9,121,83,115,77,229,124,582,205,238,106,351,156,64,43
1400000US06037401705,2596,266,236,131,161,110,0,14,0,14,0,14,46,52,0,14,0,14,0,14,23,31,14,22,15,20,51,59,12,16,0,14,75,51,0,14,0,14,0,14,0,14,0,14,12,17,0,14,0,14,15,26,12,17,6,10,30,29,0,14,2360,258,1170,180,62,46,0,14,144,56,52,39,0,14,28,27,119,66,84,45,90,55,250,60,132,61,165,55,44,32,1190,137,29,30,0,14,79,44,31,31,15,23,54,39,90,37,76,55,168,54,219,64,147,49,181,66,101,58
1400000US06037401706,5099,632,631,289,249,153,77,67,0,19,14,26,0,19,0,19,0,19,19,24,61,57,9,18,0,19,14,19,0,19,55,67,382,175,0,19,23,33,23,33,0,19,0,19,0,19,34,37,135,85,0,19,24,29,76,81,0,19,67,62,4468,655,2483,505,227,162,0,19,210,141,72,62,22,32,39,61,345,238,444,213,308,102,419,160,259,111,129,72,9,14,1985,268,101,98,0,19,188,123,123,91,54,69,18,23,220,84,258,116,322,99,267,86,195,103,167,72,72,51
1400000US06037401707,7904,1430,939,379,390,259,72,93,0,19,19,31,38,45,0,19,18,30,0,19,34,37,9,18,43,43,15,19,130,172,12,22,549,266,0,19,0,19,0,19,10,45,0,19,0,19,49,49,77,100,41,58,73,78,106,89,107,99,86,55,6965,1415,3382,764,175,146,109,120,247,121,121,96,67,61,22,38,446,350,454,179,668,375,487,226,349,152,118,70,119,70,3583,747,317,202,0,19,0,19,0,19,24,40,164,93,360,237,448,152,619,263,506,195,370,107,431,194,344,114
1400000US06037401801,4176,730,120,137,85,130,0,14,0,14,27,45,27,45,0,14,0,14,0,14,0,14,31,40,0,14,0,14,0,14,0,14,35,40,0,14,0,14,0,14,0,14,0,14,0,14,0,14,0,14,0,14,0,14,0,14,35,40,0,14,4056,768,1742,362,48,58,0,14,145,86,79,74,39,42,41,58,73,71,205,84,203,105,261,146,220,74,332,238,96,53,2314,478,73,73,0,14,259,171,222,167,40,34,55,45,211,98,136,73,336,177,298,111,213,75,385,209,86,75
1400000US06037401802,3896,477,197,115,78,57,0,14,0,14,0,14,15,24,0,14,0,14,1,7,0,14,13,22,1,7,35,40,0,14,13,20,119,85,0,14,0,14,14,23,15,24,15,24,0,14,0,14,0,14,13,20,22,26,39,40,1,6,0,14,3699,458,1853,288,44,45,31,46,120,64,51,49,0,14,53,37,221,194,139,89,350,111,313,110,143,78,260,82,128,58,1846,321,89,53,21,28,226,134,117,77,11,15,8,14,56,35,96,60,311,99,176,57,241,146,271,79,223,102
1400000US06037401901,182,70,6,8,6,8,0,14,0,14,0,14,0,14,0,14,0,14,0,14,6,8,0,14,0,14,0,14,0,14,0,14,0,14,0,14,0,14,0,14,0,14,0,14,0,14,0,14,0,14,0,14,0,14,0,14,0,14,0,14,176,69,104,49,5,7,0,14,5,7,5,7,5,8,6,8,5,8,6,8,8,10,9,9,40,36,10,10,0,14,72,30,5,8,0,14,5,7,0,14,0,14,0,14,0,14,25,20,13,11,9,9,4,6,6,8,5,8
1400000US06037401902,5591,765,363,229,49,45,0,19,0,19,0,19,0,19,0,19,0,19,0,19,0,19,0,19,0,19,14,22,13,22,22,34,314,201,20,36,0,19,14,23,0,19,0,19,0,19,5,11,44,64,32,28,46,55,17,27,14,23,122,141,5228,765,2307,558,165,169,6,14,39,38,10,17,80,101,13,19,147,124,372,191,281,142,158,114,537,234,143,73,356,139,2921,456,32,37,11,18,113,89,37,50,10,17,41,39,212,153,348,192,442,149,311,180,414,153,218,96,732,312
1400000US06037402001,4128,664,873,396,283,176,0,14,0,14,72,83,63,78,0,14,0,14,22,34,14,24,14,22,0,14,0,14,18,30,80,57,590,328,15,24,0,14,0,14,69,99,71,102,0,14,33,55,81,75,55,59,68,97,23,31,81,73,94,86,3255,726,1654,479,157,83,37,61,207,112,0,14,0,14,68,68,165,172,306,148,227,102,259,180,104,49,61,40,63,38,1601,324,111,101,14,22,51,35,22,25,17,20,23,25,160,91,287,145,133,63,399,234,168,75,91,79,125,54
1400000US06037402002,3615,457,317,160,124,74,21,34,0,14,12,16,0,14,0,14,0,14,21,47,39,60,10,15,0,14,21,24,0,14,0,14,193,131,0,14,12,17,23,33,0,14,0,14,0,14,7,12,9,14,29,53,0,14,7,11,9,13,97,81,3298,476,1603,259,90,56,11,18,74,50,9,16,0,14,38,46,86,54,172,70,202,83,297,137,388,175,106,44,130,45,1695,312,42,44,27,31,35,37,0,14,28,31,26,40,170,124,262,121,129,55,299,66,155,100,355,186,167,56
1400000US06037402101,4563,594,659,235,227,143,10,16,0,14,50,71,9,17,0,14,0,14,20,24,13,24,17,48,47,59,9,13,52,45,0,14,432,142,10,18,9,17,20,22,9,17,0,14,0,14,19,30,161,107,101,45,27,48,34,43,40,43,2,7,3904,632,1976,335,65,42,6,14,142,85,72,91,10,16,53,59,204,81,411,127,374,143,217,102,204,70,93,59,125,76,1928,385,83,67,45,72,133,78,105,69,14,21,127,178,97,58,252,111,168,63,252,99,266,81,213,80,173,86
1400000US06037402102,4720,797,540,308,171,123,0,14,0,14,42,55,0,14,0,14,0,14,46,50,10,16,9,15,0,14,40,42,24,27,0,14,369,221,92,120,0,14,0,14,0,14,0,14,0,14,45,55,111,25,38,49,60,70,7,12,0,14,16,18,4180,797,2178,413,83,99,24,30,195,119,86,59,32,32,20,26,236,127,344,133,303,105,338,113,218,102,131,81,168,81,2002,423,191,202,0,14,137,83,33,38,19,32,21,23,41,33,386,129,193,83,393,126,267,100,200,70,121,83
1400000US06037402200,6775,830,299,205,132,129,44,69,0,19,37,62,0,19,0,19,0,19,2,11,27,44,0,19,20,36,0,19,2,6,0,19,167,104,0,19,0,19,0,19,0,19,0,19,0,19,0,19,62,71,86,92,0,19,0,19,19,28,0,19,6476,848,3425,555,313,209,86,83,244,129,55,70,64,77,0,19,432,270,403,155,515,180,343,159,424,127,339,142,207,93,3051,460,172,115,0,19,296,162,111,105,0,19,65,88,301,152,383,152,390,130,312,144,447,173,334,128,240,107
1400000US06037402301,5249,653,859,408,443,170,38,46,49,74,12,20,0,19,0,19,45,56,44,42,21,53,54,72,102,95,58,59,16,27,4,10,416,283,51,64,8,25,47,60,12,19,44,56,5,12,10,18,29,33,88,61,39,41,10,16,65,68,8,23,4390,776,2242,471,50,62,0,19,252,107,94,97,0,19,87,74,120,61,274,137,313,133,424,200,315,135,217,87,96,70,2148,392,257,141,55,69,81,53,83,67,14,21,50,38,189,94,317,174,243,120,343,144,226,103,190,50,100,71
1400000US06037402303,3480,563,607,262,283,125,47,67,0,14,22,27,7,14,0,14,0,14,43,45,21,32,55,41,55,49,33,37,0,14,0,14,324,161,9,18,7,15,9,17,47,51,9,16,25,36,64,63,26,30,72,53,27,30,6,9,23,37,0,14,2873,551,1467,252,72,78,11,18,52,47,87,49,23,29,0,14,238,71,322,114,281,92,141,86,137,77,64,38,39,41,1406,352,141,96,44,58,68,56,57,43,40,36,43,71,191,90,229,78,199,111,161,83,104,64,111,52,18,32
1400000US06037402304,4046,774,765,311,425,227,21,38,0,14,75,81,62,80,0,14,7,13,40,30,49,51,81,79,20,27,35,36,35,40,0,14,340,156,25,32,15,25,38,34,0,14,12,19,17,20,59,41,9,14,51,40,47,37,36,39,0,14,31,38,3281,764,1614,366,165,93,0,14,139,105,33,31,25,32,33,32,281,156,273,156,145,63,210,105,165,87,128,67,17,20,1667,452,72,54,18,21,182,130,74,59,16,29,10,17,204,96,279,121,192,63,219,108,240,115,93,62,68,38
1400000US06037402403,4325,795,356,222,144,109,0,14,0,14,11,17,19,22,0,14,0,14,36,44,0,14,23,26,24,38,0,14,12,20,19,30,212,128,0,14,10,16,8,15,8,14,10,16,0,14,67,68,0,14,34,34,11,17,13,19,9,13,42,40,3969,726,2073,344,100,91,25,30,155,75,120,99,7,11,64,62,141,66,483,188,158,84,122,87,431,172,222,131,45,42,1896,425,168,141,19,23,212,126,37,52,15,23,20,28,129,74,332,158,160,74,242,124,361,140,150,73,51,41
1400000US06037402404,9,12,0,14,0,14,0,14,0,14,0,14,0,14,0,14,0,14,0,14,0,14,0,14,0,14,0,14,0,14,0,14,0,14,0,14,0,14,0,14,0,14,0,14,0,14,0,14,0,14,0,14,0,14,0,14,0,14,0,14,9,12,5,7,0,14,0,14,0,14,0,14,0,14,0,14,0,14,0,14,0,14,0,14,0,14,5,7,0,14,4,6,0,14,0,14,0,14,0,14,0,14,0,14,0,14,0,14,0,14,0,14,0,14,4,6,0,14
1400000US06037402405,2551,275,453,259,266,158,0,14,0,14,2,14,4,27,0,14,0,14,94,87,2,3,50,66,34,41,52,50,22,30,6,9,187,107,0,14,0,14,0,14,0,14,0,14,2,13,34,33,43,38,22,30,30,43,27,38,23,28,6,8,2098,335,1112,198,43,35,0,14,70,41,90,63,0,14,60,36,124,45,123,78,245,91,85,56,102,48,147,56,23,20,986,214,66,56,0,14,104,58,53,41,7,11,22,22,130,57,107,50,153,52,149,61,122,47,39,32,34,24
1400000US06037402406,4469,679,515,478,210,202,41,62,0,14,0,14,42,65,0,14,23,34,7,12,42,65,3,8,44,52,0,14,0,14,8,16,305,290,0,14,22,44,81,124,22,43,0,14,0,14,34,51,52,66,49,74,19,38,15,20,11,16,0,14,3954,527,1707,281,31,44,19,29,8,14,89,63,0,14,45,50,228,107,267,132,291,100,264,92,226,82,167,51,72,54,2247,371,207,113,25,43,160,93,225,156,0,14,66,61,109,61,362,118,180,83,274,104,258,102,285,213,96,54
1400000US06037402501,5385,674,1163,562,552,313,92,124,0,19,101,107,11,18,0,19,33,51,62,67,43,45,96,80,18,21,12,20,73,61,11,17,611,330,84,78,0,19,38,44,71,65,0,19,34,47,30,34,182,97,37,46,0,19,70,63,65,55,0,19,4222,779,2215,505,206,111,9,15,137,82,49,64,0,19,76,64,430,271,360,116,409,154,247,126,165,76,81,67,46,54,2007,391,144,78,41,47,223,107,81,54,38,37,64,65,253,113,362,177,244,128,194,90,181,77,120,56,62,55
1400000US06037402503,4688,841,768,489,403,265,31,49,0,14,7,12,0,14,0,14,0,14,74,93,28,44,82,85,20,33,48,58,102,119,11,15,365,245,0,14,0,14,0,14,16,26,15,25,0,14,65,69,125,159,40,42,84,83,7,11,13,20,0,14,3920,781,2023,373,173,108,0,14,226,164,100,62,14,23,41,63,193,96,300,148,448,169,205,130,198,119,110,92,15,43,1897,469,71,59,48,53,207,101,63,48,58,72,129,157,255,188,174,90,332,132,182,109,230,109,110,64,38,40
1400000US06037402504,2262,313,544,233,278,131,0,14,0,14,10,16,0,14,0,14,27,31,19,27,16,26,13,23,48,32,60,43,61,60,24,27,266,129,0,14,0,14,0,14,0,14,9,15,12,18,23,30,37,31,39,38,21,22,26,39,99,92,0,14,1718,276,944,174,7,11,0,14,62,39,62,40,22,22,28,29,90,51,143,79,97,53,172,80,141,76,47,44,73,58,774,190,22,23,5,8,32,33,27,28,16,24,0,14,69,41,170,90,60,35,96,44,66,35,164,90,47,33
1400000US06037402601,2844,395,609,174,215,128,43,30,0,14,10,17,12,14,24,36,6,10,6,10,14,16,42,89,19,49,33,49,0,14,6,9,394,138,0,14,0,14,23,28,0,14,0,14,0,14,33,36,172,95,49,34,70,50,0,14,31,32,16,14,2235,446,1271,305,135,75,7,12,49,32,94,45,17,28,29,39,139,100,157,87,200,69,129,59,239,123,40,31,36,29,964,176,59,43,6,10,37,36,19,31,14,17,43,42,36,27,115,63,235,103,86,41,184,62,80,43,50,39
1400000US06037402602,4496,756,401,186,166,138,0,14,0,14,0,14,0,14,0,14,0,14,92,112,0,14,13,19,33,36,18,31,10,16,0,14,235,134,0,14,0,14,0,14,0,14,0,14,0,14,63,69,0,14,4,10,5,15,12,20,17,27,134,107,4095,729,1730,339,54,91,0,14,48,53,88,65,70,75,19,28,170,79,212,128,105,97,489,244,202,135,126,66,147,122,2365,590,13,22,0,14,101,109,62,62,29,36,156,98,202,75,120,135,321,194,623,311,417,388,190,132,131,130
1400000US06037402702,5009,598,1588,621,781,341,0,19,0,19,114,98,38,47,101,97,40,47,103,66,42,41,161,107,47,55,52,67,68,62,15,25,807,368,57,69,37,57,74,79,65,81,43,54,15,23,38,76,109,77,153,104,62,53,74,50,66,67,14,24,3421,630,1843,362,89,98,32,53,137,82,26,31,0,19,44,61,197,102,420,171,392,154,184,97,218,99,97,56,7,10,1578,340,152,95,69,72,64,65,19,33,0,19,0,19,161,106,181,88,319,142,175,81,294,97,108,76,36,41
1400000US06037402703,5443,1445,675,320,269,144,26,43,0,19,147,109,0,19,0,19,9,14,6,12,35,42,0,19,0,19,28,34,18,21,0,19,406,198,50,55,24,38,21,33,65,85,0,19,9,14,16,18,55,51,87,69,15,32,5,8,20,23,39,44,4768,1491,2099,515,110,87,8,14,397,362,74,67,18,20,0,19,171,135,297,146,173,85,391,204,171,85,96,59,193,107,2669,1028,245,301,152,189,191,106,159,151,141,144,196,151,122,94,552,333,108,70,347,192,189,94,158,86,109,87
1400000US06037402705,3698,477,267,177,121,87,0,14,0,14,28,33,12,19,0,14,0,14,8,12,1,4,0,14,27,33,30,28,10,16,5,9,146,105,0,14,0,14,29,35,28,35,0,14,0,14,26,27,22,32,0,14,35,32,1,3,0,14,5,8,3431,466,1866,319,51,34,10,16,184,79,176,72,0,14,11,13,244,94,254,84,265,82,203,89,213,65,185,95,70,40,1565,225,26,29,0,14,139,57,38,40,69,34,46,46,128,88,196,81,232,70,227,105,211,52,218,102,35,33
1400000US06037402706,3288,458,469,228,163,97,0,14,0,14,29,40,4,11,7,13,18,29,6,11,0,14,15,21,63,50,9,14,3,5,9,13,306,157,22,32,0,14,4,11,29,40,27,38,4,11,6,10,49,47,25,37,21,18,60,50,16,25,43,54,2819,427,1328,219,18,32,0,14,57,66,46,37,7,10,59,56,89,70,172,70,195,73,337,102,174,82,80,54,94,57,1491,277,56,40,14,22,129,81,70,50,0,14,20,24,254,84,229,117,209,90,231,99,103,60,94,54,82,58
1400000US06037402801,4599,755,927,394,480,223,26,41,0,14,35,43,72,66,9,14,10,15,17,29,120,124,63,86,73,85,37,40,0,14,18,31,447,237,51,56,26,42,28,44,50,55,0,14,21,36,39,45,102,81,67,61,9,14,43,51,11,16,0,14,3672,745,2086,507,119,93,0,14,258,253,144,86,82,83,79,67,253,111,344,152,300,126,328,150,97,75,75,60,7,12,1586,348,100,99,0,14,149,113,192,147,91,66,44,71,198,109,143,83,205,88,174,90,156,86,80,76,54,44
1400000US06037402803,3339,531,392,257,146,91,0,14,0,14,0,14,15,24,26,37,19,29,0,14,0,14,19,29,6,10,25,37,28,28,8,12,246,181,33,34,0,14,0,14,66,79,0,14,0,14,0,14,48,50,56,60,6,9,0,14,37,34,0,14,2947,458,1621,251,13,17,3,5,164,102,47,33,89,47,43,31,173,55,298,98,278,85,271,65,158,58,54,41,30,22,1326,248,16,20,0,14,119,51,79,46,8,13,41,32,237,82,111,54,178,64,280,61,137,54,54,29,66,49
1400000US06037402804,4160,662,574,264,197,124,12,18,7,12,39,49,0,14,0,14,0,14,19,18,22,19,25,28,51,52,22,31,0,14,0,14,377,199,29,39,29,40,23,33,25,27,31,33,29,34,22,37,41,39,46,47,69,55,33,31,0,14,0,14,3586,665,1927,424,79,73,0,14,242,144,151,120,29,34,87,67,198,79,239,96,269,135,209,89,280,86,107,72,37,42,1659,288,52,32,25,24,185,145,92,50,16,18,26,24,216,86,164,88,331,119,249,95,209,81,86,56,8,24
1400000US06037402902,6622,930,728,342,331,227,38,41,0,19,2,8,0,19,0,19,0,19,77,102,90,81,50,99,0,19,13,21,12,18,49,55,397,209,40,42,0,19,17,28,0,19,15,25,21,36,14,24,66,78,28,28,29,41,90,92,11,17,66,71,5894,957,3038,560,187,85,0,19,467,324,81,49,0,19,105,68,201,73,564,184,457,130,351,123,300,98,279,148,46,43,2856,497,228,95,0,19,299,144,39,42,40,37,91,78,254,106,380,129,441,187,303,112,340,116,246,155,195,90
1400000US06037402903,3835,338,475,217,242,142,0,14,0,14,29,27,8,14,0,14,0,14,5,10,35,35,7,10,43,36,0,14,53,45,62,86,233,111,11,18,0,14,10,17,0,14,0,14,16,16,13,21,18,21,36,35,53,39,30,34,24,34,22,22,3360,379,1566,237,56,57,21,25,122,68,22,34,82,60,13,19,223,97,212,100,192,94,248,104,245,66,63,51,67,43,1794,262,154,117,30,35,112,64,22,23,13,21,144,60,208,100,297,76,190,73,213,58,236,66,53,27,122,65
1400000US06037402904,3628,509,548,435,263,218,46,55,0,14,61,76,12,17,7,12,50,74,24,26,0,14,27,28,12,13,8,12,11,12,5,8,285,226,0,14,0,14,103,149,6,11,0,14,19,23,8,10,55,73,47,49,10,12,7,11,21,23,9,9,3080,395,1598,253,95,68,0,14,106,57,5,9,24,32,82,49,67,41,348,126,266,92,176,59,167,61,188,97,74,39,1482,197,146,72,23,23,92,51,92,60,19,19,5,7,190,62,207,75,163,47,153,57,220,70,110,53,62,34
1400000US06037403000,6425,814,488,239,180,142,0,19,0,19,49,78,0,19,24,37,28,36,10,15,17,18,2,4,23,36,11,18,16,18,0,19,308,150,26,43,25,41,22,35,11,18,0,19,24,37,21,33,76,83,62,52,10,15,19,21,2,6,10,17,5937,813,3102,528,63,54,0,19,192,106,94,67,50,54,28,29,479,156,671,220,401,182,290,109,532,199,169,84,133,100,2835,465,139,87,50,50,162,105,133,87,45,46,91,67,245,137,413,161,298,91,436,191,330,157,362,192,131,69
1400000US06037403305,2299,294,228,110,102,54,0,14,8,14,24,22,0,14,0,14,12,14,0,14,11,14,33,24,0,14,4,6,4,6,6,9,126,60,0,14,0,14,31,22,0,14,0,14,5,8,24,30,16,18,31,23,6,10,4,6,9,8,0,14,2071,311,940,150,40,37,13,16,70,63,44,38,11,13,23,17,58,37,120,64,55,32,192,78,193,42,73,33,48,20,1131,204,80,51,45,66,135,76,57,43,4,7,9,11,37,18,137,51,142,73,146,46,188,53,123,39,28,17
1400000US06037403316,6801,868,527,418,223,216,0,19,0,19,0,19,0,19,0,19,0,19,0,19,0,19,0,19,0,19,29,35,142,205,52,58,304,220,0,19,13,22,0,19,0,19,0,19,0,19,0,19,18,26,11,18,0,19,142,172,75,93,45,52,6274,860,2903,447,203,175,0,19,74,62,122,91,0,19,102,65,62,55,538,263,373,170,550,218,289,119,388,179,202,112,3371,565,131,116,18,29,245,191,133,86,0,19,34,39,200,111,367,183,495,246,404,177,339,113,599,320,406,221
1400000US06037403317,4996,590,210,130,61,54,0,19,0,19,9,13,0,19,0,19,0,19,0,19,0,19,10,16,0,19,0,19,14,23,28,41,149,96,0,19,0,19,37,43,0,19,0,19,0,19,18,21,9,12,0,19,0,19,15,22,0,19,70,59,4786,577,2366,363,21,18,0,19,186,77,102,55,8,13,68,45,127,75,386,182,267,109,263,94,402,135,353,106,183,83,2420,303,109,92,4,7,208,98,15,26,21,31,53,43,227,59,196,88,183,72,437,76,403,127,300,76,264,134
1400000US06037403318,5858,592,500,250,216,138,0,19,0,19,0,19,0,19,0,19,0,19,29,48,38,42,1,5,0,19,90,103,58,87,0,19,284,144,0,19,0,19,0,19,0,19,0,19,0,19,61,77,44,41,0,19,40,58,63,86,76,93,0,19,5358,634,2527,384,174,110,80,92,73,73,30,45,41,48,0,19,174,94,256,111,399,115,376,127,307,115,291,139,326,192,2831,419,210,111,30,48,48,72,29,48,25,40,46,51,191,86,331,136,294,103,416,131,291,115,502,226,418,249
1400000US06037403319,4305,605,443,179,153,91,0,14,0,14,11,22,8,12,0,14,9,18,7,12,23,35,18,21,12,18,45,56,9,17,11,19,290,138,16,21,0,14,7,12,25,39,0,14,20,32,0,14,36,34,13,20,56,50,50,58,56,50,11,17,3862,642,1921,483,59,63,0,14,120,64,46,70,16,21,40,50,189,156,326,179,294,116,294,144,234,100,180,72,123,73,1941,274,66,70,0,14,144,115,41,36,59,64,38,48,66,57,310,97,349,83,295,142,217,85,192,70,164,62
1400000US06037403320,5381,741,480,333,296,221,0,19,0,19,43,54,42,53,16,26,8,16,44,45,32,28,11,18,75,62,0,19,11,17,14,21,184,121,13,21,0,19,42,53,0,19,0,19,29,33,12,21,0,19,0,19,35,44,0,19,52,44,1,2,4901,853,2369,503,36,36,0,19,170,162,182,142,17,25,29,28,77,60,228,76,195,77,389,154,377,97,452,138,217,78,2532,413,59,56,76,66,77,49,200,148,0,19,77,66,99,49,260,111,242,92,415,150,413,103,377,120,237,78
1400000US06037403321,4922,594,722,370,328,148,66,99,0,14,0,14,0,14,0,14,0,14,16,22,0,14,0,14,14,22,34,35,100,88,98,63,394,238,0,14,73,109,0,14,0,14,0,14,0,14,35,28,76,95,0,14,10,15,61,61,71,68,68,76,4200,480,2118,306,95,65,20,33,153,74,70,62,10,16,10,17,138,67,307,138,219,91,357,102,377,96,177,76,185,100,2082,275,82,52,19,32,154,82,34,34,22,34,31,38,116,84,333,157,171,81,309,99,360,118,223,82,228,90
1400000US06037403323,5331,678,350,159,180,98,0,19,0,19,0,19,0,19,4,15,0,19,0,19,9,18,20,23,51,39,33,38,35,37,28,25,170,97,0,19,0,19,0,19,0,19,0,19,0,19,24,28,0,19,0,19,37,38,30,37,68,56,11,17,4981,697,2483,360,62,53,16,26,97,80,87,61,4,15,157,92,248,114,227,123,384,194,441,126,372,127,192,105,196,75,2498,394,112,92,44,61,139,88,95,63,38,49,90,79,138,109,272,115,466,206,418,99,361,135,118,64,207,66
1400000US06037403324,6418,835,1092,853,515,430,0,19,0,19,72,101,84,123,0,19,0,19,98,122,0,19,159,153,62,97,23,40,17,29,0,19,577,453,0,19,71,99,0,19,70,99,46,73,81,118,76,92,0,19,59,83,73,102,81,119,18,30,2,5,5326,832,2498,479,41,59,0,19,84,80,108,82,46,68,56,57,244,107,258,150,135,108,340,165,452,150,494,157,240,134,2828,428,0,19,0,19,103,74,44,48,16,28,141,79,150,75,373,220,139,113,452,184,574,176,461,164,375,182
1400000US06037403325,4697,516,376,259,220,157,0,14,0,14,51,48,40,43,12,19,2,7,7,11,24,37,0,14,12,18,39,61,33,34,0,14,156,115,0,14,20,31,2,8,26,39,0,14,0,14,0,14,36,42,35,45,17,20,0,14,4,6,16,25,4321,518,2026,291,113,80,11,17,117,59,70,39,38,31,97,53,148,63,228,96,238,65,384,124,253,103,192,83,137,83,2295,304,72,44,12,17,295,124,134,98,33,29,88,98,82,51,271,126,302,86,359,99,285,97,251,86,111,66
1400000US06037403326,2350,301,94,59,41,26,0,14,0,14,0,14,0,14,0,14,6,8,3,7,7,9,0,14,0,14,8,14,0,14,17,17,53,39,0,14,0,14,0,14,0,14,0,14,5,8,11,26,0,14,5,9,5,8,0,14,6,10,21,17,2256,307,939,142,20,19,7,12,45,36,23,23,17,17,24,24,48,35,102,50,168,61,137,59,68,39,198,86,82,44,1317,191,82,66,23,20,113,43,64,44,10,15,48,34,134,62,103,43,163,63,134,42,163,57,200,81,80,37
1400000US06037403327,2402,264,102,108,62,73,0,14,0,14,0,14,0,14,0,14,0,14,0,14,37,40,0,14,0,14,25,36,0,14,0,14,40,39,0,14,0,14,0,14,0,14,0,14,0,14,2,5,0,14,27,35,11,16,0,14,0,14,0,14,2300,283,1005,156,41,34,5,10,73,41,0,14,6,10,25,21,55,40,183,54,78,58,204,62,151,71,102,49,82,37,1295,197,16,19,0,14,9,14,68,34,71,62,25,35,141,63,74,48,167,89,193,73,164,55,217,61,150,57
1400000US06037403328,5338,495,703,335,393,182,33,38,0,19,55,58,37,58,0,19,0,19,39,43,57,49,24,27,44,38,22,31,24,29,58,60,310,163,0,19,0,19,41,52,0,19,0,19,35,49,10,15,19,21,27,27,111,83,0,19,40,31,27,45,4635,622,2152,314,92,53,84,70,139,97,69,57,12,18,42,33,128,67,393,177,266,113,313,89,299,88,179,83,136,65,2483,371,167,120,14,25,195,101,141,81,0,19,17,20,162,86,336,116,310,86,239,76,584,159,170,70,148,60
1400000US06037403401,4654,522,704,400,335,222,0,14,0,14,41,64,8,12,0,14,6,10,83,117,67,79,91,86,0,14,16,19,11,18,12,19,369,258,53,81,0,14,67,74,16,25,0,14,43,63,0,14,0,14,42,48,6,10,106,86,13,22,23,28,3950,457,2064,408,166,80,10,16,134,86,93,100,0,14,22,26,154,82,331,173,257,85,151,98,339,151,212,102,195,70,1886,245,76,52,40,40,202,95,52,39,38,42,61,62,36,29,144,90,285,103,249,98,299,117,245,96,159,65
1400000US06037403402,3236,381,158,162,44,44,0,14,0,14,0,14,0,14,0,14,0,14,0,14,0,14,0,14,27,38,0,14,0,14,17,20,114,121,0,14,0,14,31,44,0,14,27,37,0,14,1,2,0,14,0,14,27,37,0,14,23,25,5,8,3078,395,1605,262,64,53,37,48,86,67,63,43,8,12,43,39,149,74,232,95,160,77,234,106,219,57,225,80,85,43,1473,215,42,31,22,29,39,45,36,39,29,29,11,18,91,73,252,105,95,63,192,97,300,60,244,57,120,53
1400000US06037403403,5061,535,755,420,349,219,0,19,0,19,69,82,69,82,0,19,12,18,8,12,0,19,15,25,82,74,5,10,89,128,0,19,406,283,0,19,0,19,33,43,13,21,16,20,0,19,3,8,0,19,99,76,87,98,12,17,132,172,11,16,4306,553,2017,291,51,37,9,13,135,84,109,69,14,13,40,30,157,96,154,75,199,79,218,66,296,88,537,143,98,42,2289,324,158,95,18,28,95,66,95,67,41,36,6,11,100,52,236,120,222,89,273,84,415,120,514,141,116,61
1400000US06037403404,2103,280,175,100,75,44,0,14,0,14,6,9,10,16,13,17,0,14,0,14,0,14,13,17,10,12,0,14,17,19,6,9,100,59,15,19,0,14,14,18,6,9,0,14,9,10,14,15,0,14,17,17,12,16,0,14,13,14,0,14,1928,275,928,161,32,26,0,14,77,43,50,37,0,14,20,22,62,38,111,45,74,44,117,44,183,50,90,39,112,43,1000,148,40,25,14,15,42,21,48,28,3,5,10,14,44,26,111,53,86,41,128,53,199,47,152,45,123,35
1400000US06037403407,2361,306,130,94,80,70,0,14,9,13,26,22,0,14,0,14,0,14,8,13,0,14,11,16,12,18,1,5,5,8,8,13,50,35,0,14,0,14,0,14,0,14,0,14,8,12,0,14,0,14,10,14,21,19,7,11,4,6,0,14,2231,290,1082,157,49,41,2,7,57,34,53,36,0,14,20,22,48,33,167,87,138,48,126,40,204,95,146,42,72,37,1149,166,43,42,7,11,84,56,34,35,10,11,57,30,69,49,175,79,85,41,96,37,296,127,159,42,34,21
1400000US06037403408,6156,627,539,216,274,122,43,63,0,19,0,19,0,19,0,19,1,4,8,12,32,29,0,19,53,36,41,35,35,39,61,52,265,108,0,19,0,19,0,19,0,19,0,19,0,19,16,17,17,18,13,18,20,22,9,15,133,71,57,38,5617,672,2962,414,116,79,54,62,306,156,77,62,16,26,30,26,238,94,246,105,398,164,384,156,374,96,514,140,209,77,2655,352,47,45,74,102,201,98,38,29,0,19,54,48,142,60,208,88,383,159,262,105,577,174,443,102,226,90
1400000US06037403409,3965,399,317,206,192,179,0,14,0,14,6,10,11,13,0,14,46,65,101,107,0,14,0,14,11,14,6,9,11,17,0,14,125,76,3,6,0,14,21,30,0,14,0,14,0,14,35,40,0,14,9,10,35,34,13,15,9,14,0,14,3648,373,1846,230,32,47,40,44,194,103,62,39,5,8,51,43,96,58,229,88,139,66,239,73,294,90,285,65,180,94,1802,205,68,54,29,34,128,69,15,17,61,54,36,27,89,55,214,84,210,84,232,67,280,79,277,66,163,97
1400000US06037403500,1414,267,68,51,31,34,0,14,0,14,0,14,0,14,0,14,0,14,0,14,19,26,0,14,0,14,0,14,9,14,3,6,37,36,0,14,0,14,0,14,0,14,0,14,0,14,0,14,0,14,27,33,0,14,0,14,3,7,7,10,1346,257,652,137,55,30,0,14,38,31,9,10,8,12,13,15,42,49,63,60,101,35,51,38,149,55,101,35,22,18,694,171,24,27,0,14,0,14,4,8,7,12,4,8,73,52,73,63,67,18,51,30,146,58,93,55,152,80
1400000US06037403601,6686,1147,575,282,307,175,33,59,0,19,0,19,0,19,0,19,0,19,13,22,133,110,0,19,1,8,66,86,39,51,22,35,268,150,0,19,0,19,0,19,0,19,0,19,0,19,20,32,27,49,52,83,0,19,53,51,77,96,39,41,6111,1185,3203,874,60,84,153,93,275,322,124,111,0,19,9,15,235,139,430,202,547,247,464,278,532,170,200,102,174,80,2908,430,52,91,0,19,241,90,108,110,0,19,99,112,227,166,302,197,307,108,357,144,687,258,304,113,224,96
1400000US06037403702,4276,670,91,57,86,63,0,14,0,14,0,14,0,14,0,14,0,14,0,14,4,9,16,25,0,14,0,14,37,57,29,27,5,12,0,14,0,14,0,14,0,14,0,14,0,14,0,14,5,12,0,14,0,14,0,14,0,14,0,14,4185,674,2056,337,69,51,110,106,81,53,93,69,0,14,66,43,126,77,385,161,248,99,118,67,448,131,207,65,105,53,2129,374,133,62,0,14,226,120,87,51,43,31,8,14,93,46,323,151,247,92,155,64,515,160,163,61,136,56
1400000US06037403703,4806,705,199,106,81,18,0,14,0,14,0,14,0,14,0,14,0,14,0,14,0,14,0,14,19,83,26,40,36,43,0,14,118,107,0,14,0,14,0,14,0,14,0,14,0,14,0,14,9,14,28,43,27,41,13,20,13,21,28,22,4607,712,2198,478,42,41,19,23,139,54,149,105,46,48,48,67,304,147,245,118,158,60,386,132,252,92,289,184,121,58,2409,353,147,57,21,28,155,88,125,84,33,49,64,51,171,89,279,109,172,76,382,111,337,91,228,108,295,99
1400000US06037403721,5666,893,477,283,240,187,80,126,0,19,0,19,0,19,8,13,44,57,30,48,0,19,3,16,19,23,45,40,11,18,0,19,237,127,9,14,9,14,0,19,0,19,0,19,0,19,27,31,30,28,51,66,42,51,45,37,0,19,24,28,5189,737,2586,459,263,147,17,22,122,76,46,53,9,13,66,56,402,254,334,150,291,130,270,124,332,131,261,160,173,102,2603,415,133,156,0,19,241,133,103,86,9,15,27,26,282,117,242,108,296,98,360,118,338,112,312,195,260,107
1400000US06037403722,5563,725,810,387,486,278,64,71,22,36,79,71,66,79,0,19,43,67,5,11,45,62,50,54,77,82,35,33,0,19,0,19,324,168,26,42,0,19,10,17,54,58,0,19,0,19,0,19,120,81,74,82,0,19,23,26,17,20,0,19,4753,711,2348,366,134,90,0,19,303,149,66,45,28,23,22,22,327,137,514,121,367,133,202,73,213,73,120,62,52,32,2405,487,278,183,23,27,112,94,120,88,32,22,16,18,243,126,445,190,346,108,196,96,325,71,110,57,159,64
1400000US06037403801,5518,729,396,303,45,44,0,19,0,19,0,19,0,19,0,19,9,17,0,19,0,19,0,19,8,12,4,12,24,37,0,19,351,289,0,19,0,19,0,19,76,95,0,19,0,19,54,87,64,58,68,84,17,27,4,11,68,90,0,19,5122,741,2729,476,178,126,28,45,185,152,115,101,18,28,44,51,182,104,748,235,327,162,187,89,488,188,140,66,89,83,2393,444,129,88,0,19,228,105,35,35,74,78,42,53,155,96,385,231,454,145,401,211,263,132,118,74,109,60
1400000US06037403802,5749,801,631,280,337,169,33,47,25,45,42,41,22,32,29,33,0,19,35,40,38,76,15,39,10,16,25,75,45,39,18,29,294,146,12,20,0,19,30,33,0,19,0,19,13,23,0,19,30,44,45,37,12,22,13,21,17,26,122,108,5118,867,2461,439,149,108,9,18,170,89,27,27,0,19,69,80,140,80,472,197,459,190,212,98,300,163,321,159,133,111,2657,489,139,132,27,43,93,87,15,25,10,16,31,30,147,119,414,194,597,188,229,98,313,132,422,184,220,151
1400000US06037403901,2862,269,353,211,151,124,26,33,0,14,23,30,0,14,0,14,0,14,8,13,31,51,24,30,13,15,6,12,0,14,20,22,202,109,0,14,0,14,23,30,0,14,23,28,0,14,0,14,66,53,21,26,6,10,9,14,49,47,5,7,2509,269,1292,190,109,56,19,29,64,58,55,46,12,19,37,31,127,58,171,60,183,80,180,59,171,52,99,62,65,34,1217,131,29,33,17,26,46,35,45,33,2,4,48,47,129,41,126,61,203,69,176,62,169,63,98,46,129,46
1400000US06037403902,4810,804,644,399,208,154,6,22,0,19,4,7,53,63,0,19,0,19,14,15,2,11,87,85,0,19,37,58,5,8,0,19,436,300,0,19,3,12,51,84,0,19,44,62,37,57,36,40,34,49,136,124,3,7,0,19,64,64,28,58,4166,770,1899,332,108,105,0,19,216,172,7,12,0,19,55,43,111,71,328,145,268,105,354,156,214,84,153,69,85,58,2267,488,370,206,29,31,174,135,59,45,1,9,50,76,149,90,419,144,224,117,204,99,330,91,146,53,112,51
1400000US06037404000,4375,660,249,134,166,103,0,14,0,14,59,79,0,14,0,14,0,14,7,20,10,16,65,69,12,17,13,29,0,14,0,14,83,67,0,14,0,14,0,14,0,14,0,14,0,14,3,7,7,11,26,36,16,29,27,40,4,8,0,14,4126,661,2178,430,165,113,0,14,132,84,51,50,15,20,65,57,210,119,419,172,379,245,243,107,288,111,131,53,80,40,1948,340,54,68,29,45,83,53,48,51,10,18,36,41,182,91,484,154,295,108,241,73,210,113,158,61,118,45
1400000US06037404100,6325,824,508,460,271,271,9,17,31,49,0,19,0,19,0,19,0,19,0,19,24,29,71,116,0,19,31,27,41,57,64,103,237,198,0,19,0,19,10,15,0,19,0,19,16,24,0,19,87,80,46,74,20,23,13,21,0,19,45,70,5817,726,2871,367,110,75,114,105,268,104,55,60,21,35,87,67,334,131,438,166,540,209,364,136,196,101,279,90,65,50,2946,552,92,106,0,19,324,219,209,131,45,54,95,100,225,96,454,165,402,132,342,125,420,110,214,79,124,65
1400000US06037404201,3538,461,545,258,155,107,0,14,0,14,48,54,9,14,0,14,0,14,2,7,33,49,41,42,20,21,0,14,2,4,0,14,390,165,35,53,0,14,57,57,0,14,0,14,0,14,11,18,67,57,61,42,14,21,40,50,50,44,55,78,2993,490,1380,272,154,112,30,29,115,79,23,25,14,23,25,37,110,80,201,99,297,109,146,74,189,76,50,41,26,25,1613,293,164,96,0,14,154,94,22,27,26,37,33,52,130,59,305,141,191,94,247,82,174,90,116,60,51,40
1400000US06037404203,3337,621,432,178,214,114,0,14,24,35,0,14,6,8,0,14,6,9,78,100,31,37,31,30,33,42,5,8,0,14,0,14,218,101,34,40,0,14,14,15,0,14,0,14,0,14,41,44,34,33,24,18,5,7,35,38,15,13,16,18,2905,576,1344,349,60,44,32,34,107,110,86,86,50,45,53,37,56,47,155,70,202,93,222,88,128,49,112,73,81,49,1561,268,75,48,0,14,180,76,52,43,21,21,48,42,231,121,200,97,257,86,181,68,199,61,40,19,77,70
1400000US06037404301,6213,894,1403,717,806,359,130,136,53,59,169,169,95,92,18,31,0,19,82,66,61,58,78,71,27,34,37,45,49,51,7,12,597,380,138,181,0,19,24,37,30,47,15,25,37,35,0,19,141,154,60,72,52,48,21,33,63,55,16,18,4810,515,2492,337,106,84,9,10,151,89,70,53,9,13,14,17,350,121,494,228,252,131,431,161,332,123,180,77,94,72,2318,322,91,56,0,19,203,89,91,56,40,50,102,74,297,126,382,153,325,102,329,95,240,101,172,109,46,31
1400000US06037404302,2347,335,48,77,31,48,9,18,0,14,0,14,0,14,0,14,0,14,8,14,0,14,0,14,8,15,0,14,6,9,0,14,17,30,0,14,0,14,0,14,9,16,0,14,0,14,0,14,0,14,8,14,0,14,0,14,0,14,0,14,2299,343,1089,209,62,63,26,30,76,51,80,62,36,40,6,14,85,43,162,67,222,66,52,30,133,37,130,66,19,17,1210,199,75,52,10,15,143,76,64,40,3,7,31,31,144,68,115,51,154,71,185,66,124,50,118,65,44,28
1400000US06037404401,3776,640,314,301,203,225,60,96,27,43,34,53,0,14,0,14,0,14,50,71,17,28,15,24,0,14,0,14,0,14,0,14,111,92,22,34,0,14,0,14,0,14,0,14,0,14,0,14,11,17,29,33,7,11,0,14,12,18,30,36,3462,549,1909,346,55,59,0,14,223,92,169,114,35,35,57,69,126,91,299,127,332,144,262,114,83,48,150,88,118,50,1553,309,72,76,61,72,0,14,8,13,60,65,17,26,258,132,192,94,254,112,216,117,179,86,111,59,125,61
1400000US06037404402,4612,637,353,224,182,146,26,46,23,41,34,46,0,14,0,14,0,14,42,37,9,18,12,21,17,29,0,14,6,11,13,19,171,105,0,14,0,14,0,14,0,14,0,14,0,14,54,42,22,39,19,21,60,63,16,26,0,14,0,14,4259,651,2105,400,131,104,0,14,40,35,124,82,11,18,38,48,265,157,448,222,229,89,327,117,270,100,114,73,108,65,2154,383,47,44,31,30,202,97,21,26,52,57,57,53,187,107,504,150,198,71,319,174,254,80,177,90,105,59
1400000US06037404501,2526,441,460,161,215,86,0,14,0,14,39,44,21,25,0,14,6,11,20,20,0,14,63,46,7,13,28,27,4,15,27,25,245,104,0,14,12,19,45,39,28,37,0,14,0,14,28,26,15,22,46,43,37,33,9,13,25,21,0,14,2066,431,944,201,7,19,0,14,54,46,40,33,45,34,41,39,124,56,103,60,99,42,204,86,43,30,140,111,44,33,1122,303,46,36,6,9,34,33,106,62,0,14,30,36,231,176,84,44,204,82,169,61,118,68,72,41,22,23
1400000US06037404503,3047,344,209,114,105,73,0,14,0,14,0,14,0,14,0,14,5,9,23,30,0,14,19,24,14,15,25,32,19,17,0,14,104,53,0,14,0,14,7,11,4,8,0,14,0,14,0,14,4,9,13,15,22,29,4,9,35,30,15,12,2838,352,1434,189,97,51,0,14,136,53,40,45,0,14,54,29,141,60,145,59,318,121,187,72,163,54,120,48,33,39,1404,240,40,42,0,14,81,54,68,43,24,27,41,38,121,54,276,111,141,46,197,76,167,51,128,55,120,66
1400000US06037404504,4821,763,851,442,543,324,0,14,0,14,57,66,24,26,0,14,81,71,19,31,28,40,0,14,56,81,172,130,90,136,16,27,308,180,0,14,0,14,10,15,47,66,34,42,0,14,65,70,21,31,20,21,60,62,0,14,20,21,31,36,3970,795,2334,474,62,56,34,54,132,106,142,124,12,20,135,91,402,178,654,207,182,98,263,138,202,104,48,51,66,59,1636,467,41,53,0,14,34,45,28,40,54,61,0,14,312,277,410,186,181,101,250,92,128,67,127,63,71,72
1400000US06037404600,1372,161,59,35,12,12,3,5,0,14,0,14,0,14,0,14,0,14,0,14,2,3,0,14,0,14,0,14,2,4,5,8,47,26,2,5,0,14,2,4,0,14,0,14,2,4,4,7,4,5,7,7,4,6,3,4,6,6,13,11,1313,158,635,83,40,25,9,15,46,24,48,39,11,10,14,10,46,18,124,36,62,28,104,29,61,25,32,20,38,35,678,92,43,29,0,14,38,18,26,20,21,22,12,18,75,25,125,51,51,21,108,24,80,28,42,19,57,29
1400000US06037404701,5332,703,722,336,274,139,0,19,0,19,11,21,22,36,10,16,10,20,58,55,25,35,52,52,49,47,37,34,0,19,0,19,448,223,0,19,28,43,29,43,26,37,0,19,0,19,86,54,12,18,99,74,61,43,43,38,20,32,44,38,4610,812,2391,541,234,233,14,22,143,64,143,121,54,48,20,24,336,135,266,85,249,105,367,121,282,124,238,84,45,43,2219,406,24,26,0,19,85,50,111,66,18,30,56,59,99,62,406,156,338,151,293,119,291,123,291,82,207,98
1400000US06037404702,4941,619,796,343,370,152,78,73,33,38,43,59,0,14,8,30,8,29,41,59,16,22,0,14,53,48,17,20,73,50,0,14,426,208,46,65,0,14,28,44,52,51,0,14,0,14,0,14,67,63,48,47,48,70,16,19,114,60,7,12,4145,793,2100,405,64,52,10,19,95,71,16,21,20,29,28,33,273,147,305,140,388,179,415,136,131,76,237,114,118,73,2045,489,27,33,0,14,212,123,49,59,38,31,169,178,246,124,199,113,232,122,363,117,198,75,207,96,105,68
1400000US06037404703,3172,498,362,178,170,95,0,14,15,24,0,14,0,14,0,14,0,14,21,25,9,15,51,36,12,19,28,27,15,15,19,24,192,98,0,14,0,14,24,39,6,10,8,12,0,14,14,22,31,31,30,28,43,42,13,14,8,12,15,19,2810,487,1442,318,48,32,19,29,94,48,33,28,0,14,83,39,161,66,244,85,323,148,203,73,126,51,95,60,13,14,1368,263,42,39,28,26,109,52,148,112,13,16,36,38,154,79,190,75,216,90,99,42,190,50,66,39,77,37
1400000US06037404804,4305,462,728,550,322,259,58,86,0,14,59,68,46,67,0,14,0,14,0,14,13,21,132,106,8,26,0,14,6,12,0,14,406,309,9,30,0,14,103,94,53,71,28,44,49,71,33,47,50,66,75,72,6,9,0,14,0,14,0,14,3577,533,1825,302,40,40,0,14,127,79,95,73,0,14,60,53,276,121,196,67,255,117,323,121,184,91,140,60,129,71,1752,295,89,67,5,12,176,106,62,60,15,17,84,87,137,64,247,96,266,96,166,86,171,74,142,58,192,76
1400000US06037404805,2859,550,462,141,208,93,71,61,0,14,0,14,27,25,7,11,0,14,6,10,13,21,21,23,6,10,0,14,34,34,23,36,254,87,0,14,0,14,40,45,8,13,0,14,0,14,19,23,0,14,37,29,54,57,10,18,34,35,52,43,2397,582,1196,286,68,49,0,14,44,45,20,19,10,15,0,14,190,82,270,130,143,82,126,55,167,98,90,50,68,49,1201,328,48,41,8,14,122,105,45,49,0,14,40,46,125,54,167,111,106,63,116,39,245,109,114,43,65,36
1400000US06037404806,6120,822,830,323,425,176,17,27,0,19,52,49,35,45,19,30,31,29,50,48,92,71,10,17,29,39,10,24,39,94,41,49,405,186,51,53,17,29,40,47,0,19,34,44,33,43,13,22,39,39,25,28,63,52,10,24,55,66,25,41,5290,808,2744,420,227,146,12,13,197,90,94,72,40,41,165,102,270,97,588,179,310,131,212,78,231,87,172,83,226,120,2546,480,30,29,4,5,200,130,187,119,31,37,71,54,257,114,277,97,357,104,374,95,291,122,287,90,180,123
1400000US06037404901,4898,878,832,410,512,276,13,20,12,18,58,58,0,14,11,16,59,66,44,55,51,42,100,78,10,16,0,14,133,144,21,24,320,196,40,52,0,14,34,37,26,44,0,14,0,14,1,3,21,23,67,63,45,54,22,25,12,19,52,50,4066,871,1764,337,41,62,0,14,65,60,131,91,17,19,27,21,175,86,176,115,308,115,309,143,373,147,118,75,24,27,2302,676,99,81,0,14,24,27,26,26,0,14,67,64,383,261,283,230,306,135,247,123,503,318,208,110,156,86
1400000US06037404902,3095,375,384,185,158,98,30,29,0,14,8,13,0,14,0,14,7,13,3,5,34,37,17,20,8,11,49,40,2,5,0,14,226,114,17,27,0,14,85,55,0,14,6,10,0,14,0,14,50,30,12,19,10,15,29,35,17,16,0,14,2711,396,1295,220,43,29,10,16,91,47,39,28,28,25,18,16,132,53,209,72,187,72,185,75,134,60,123,44,96,42,1416,241,32,28,0,14,86,46,61,36,39,33,48,46,141,66,143,66,202,71,186,48,195,54,190,63,93,41
1400000US06037404903,2667,283,226,128,91,68,0,14,0,14,16,19,0,14,0,14,0,14,0,14,4,8,41,32,11,16,17,20,2,5,0,14,135,74,16,23,0,14,17,19,0,14,9,11,0,14,3,5,3,6,29,28,21,23,27,30,10,15,0,14,2441,326,1209,210,115,46,10,18,106,60,79,45,4,8,28,22,31,23,213,84,169,70,172,68,154,61,60,36,68,34,1232,148,62,47,48,36,75,47,32,25,0,14,4,8,133,55,204,78,184,48,155,48,169,59,75,38,91,46
1400000US06037405001,5172,608,755,521,337,275,0,19,0,19,0,19,19,29,72,104,7,12,55,65,27,27,47,54,70,103,17,16,23,24,0,19,418,279,85,106,30,46,19,29,63,102,0,19,7,11,5,8,8,12,61,54,88,92,7,11,38,39,7,13,4417,542,2470,356,89,60,0,19,122,71,58,49,25,40,91,81,287,106,357,159,393,163,289,117,401,136,249,103,109,64,1947,330,64,52,0,19,62,60,39,44,28,30,80,53,287,115,181,106,172,70,343,115,278,87,311,103,102,58
1400000US06037405002,2935,534,264,113,119,57,0,14,0,14,8,13,0,14,0,14,0,14,37,34,9,14,14,15,0,14,10,16,22,22,19,20,145,69,18,20,0,14,13,19,0,14,0,14,0,14,0,14,8,12,25,25,9,16,6,9,66,40,0,14,2671,528,1379,253,9,22,6,9,50,34,53,44,31,26,60,42,114,53,300,119,166,65,140,45,193,68,129,49,128,80,1292,347,161,169,0,14,71,77,28,28,12,19,3,5,119,65,194,76,118,56,148,45,269,89,120,66,49,35
1400000US06037405101,5302,932,1081,692,714,575,0,19,0,19,266,426,85,124,10,17,28,40,74,66,13,23,12,14,86,102,61,58,50,41,29,29,367,177,24,28,0,19,23,26,0,19,0,19,0,19,79,86,34,41,108,120,10,23,30,30,35,36,24,30,4221,648,2150,405,52,41,39,39,196,167,71,42,8,13,84,57,279,112,383,137,290,178,237,95,272,86,179,65,60,57,2071,334,32,36,52,36,115,75,155,96,0,19,47,47,226,119,287,111,307,140,418,84,177,75,162,67,93,68
1400000US06037405102,5026,540,544,293,247,153,50,77,0,19,0,19,0,19,24,38,21,34,8,13,25,39,0,19,22,35,5,8,85,65,7,12,297,161,0,19,0,19,29,46,22,36,0,19,0,19,8,14,20,32,43,48,11,15,36,47,121,112,7,11,4482,477,2443,295,121,87,79,81,217,116,94,76,67,73,21,23,118,61,469,139,428,137,378,162,194,87,159,97,98,64,2039,319,66,75,4,7,185,119,17,24,85,63,18,20,121,62,259,111,324,128,321,106,233,95,223,96,183,119
1400000US06037405201,5195,709,479,300,211,129,0,19,0,19,0,19,11,21,0,19,28,43,18,21,0,19,12,19,87,76,37,48,9,14,9,15,268,191,0,19,0,19,85,113,0,19,0,19,0,19,27,42,24,36,48,54,47,47,19,20,9,14,9,14,4716,773,2420,532,103,67,0,19,234,144,74,59,14,22,13,20,247,103,399,161,338,146,245,126,446,206,137,78,170,116,2296,372,72,64,0,19,138,115,64,67,17,21,78,70,228,117,310,111,347,150,398,121,290,108,286,92,68,42
1400000US06037405202,4519,777,381,231,227,180,0,14,0,14,24,29,0,14,0,14,0,14,30,46,30,48,60,59,43,53,10,14,3,6,27,38,154,95,12,18,0,14,22,39,0,14,0,14,10,18,0,14,31,38,10,17,24,35,0,14,9,15,36,32,4138,779,1981,324,43,43,0,14,214,115,53,52,29,40,125,101,228,97,342,153,146,60,334,110,301,123,96,44,70,56,2157,551,55,44,0,14,47,53,126,73,0,14,95,71,395,244,336,196,293,108,330,95,196,81,175,66,109,60
1400000US06037405203,2744,305,390,181,164,79,16,26,0,14,0,14,0,14,0,14,0,14,0,14,12,21,55,47,22,25,51,39,2,3,6,10,226,127,0,14,0,14,6,9,0,14,12,20,13,20,10,15,99,74,5,7,35,33,45,35,1,3,0,14,2354,335,1141,178,48,37,8,12,16,20,42,38,0,14,69,47,154,55,223,80,115,58,113,54,169,63,112,56,72,52,1213,229,70,51,5,8,150,132,31,32,11,18,12,13,110,73,142,58,98,53,154,67,186,72,171,78,73,40
1400000US06037405301,3053,403,398,197,200,114,0,14,0,14,12,15,0,14,11,23,0,14,0,14,15,19,57,41,17,28,59,75,19,25,10,15,198,122,0,14,4,8,25,28,12,25,0,14,28,34,12,25,0,14,15,24,20,26,58,47,18,17,6,8,2655,449,1308,275,40,39,38,60,93,72,36,31,0,14,64,56,132,92,203,104,199,110,212,99,183,79,63,32,45,37,1347,247,98,70,0,14,46,37,113,94,0,14,77,56,160,76,202,80,179,74,139,54,179,60,116,59,38,31
1400000US06037405302,5899,777,462,193,182,91,5,10,0,19,12,20,0,19,0,19,9,15,28,29,0,19,38,39,12,16,21,22,57,68,0,19,280,135,0,19,0,19,0,19,10,16,0,19,24,32,7,11,72,95,29,31,38,45,29,28,53,63,18,20,5437,761,2736,508,168,112,36,41,244,132,49,44,0,19,55,53,331,224,436,191,425,127,314,121,375,135,191,92,112,67,2701,371,156,76,55,66,214,133,155,106,71,67,96,71,135,81,382,140,435,121,295,128,341,127,249,103,117,52
1400000US06037405400,4904,643,262,185,175,133,17,30,0,14,18,32,31,44,0,14,0,14,0,14,0,14,63,57,19,26,7,13,20,24,0,14,87,71,0,14,0,14,0,14,0,14,0,14,0,14,12,29,2,5,14,26,0,14,15,22,37,37,7,13,4642,703,2334,458,106,155,50,35,182,96,35,44,68,56,64,56,333,224,320,157,174,101,498,190,202,88,261,90,41,28,2308,358,211,73,23,27,46,48,41,46,0,14,38,31,258,112,452,211,359,127,331,109,228,85,242,84,79,61
1400000US06037405500,6123,936,797,425,423,200,44,52,8,13,26,22,23,22,7,12,64,74,23,22,98,99,27,33,57,72,37,27,9,15,0,19,374,262,39,47,30,44,52,65,9,13,0,19,7,12,53,80,46,44,17,20,79,75,8,13,19,22,15,17,5326,891,2309,397,36,29,12,18,127,103,117,82,68,66,33,26,182,94,356,108,400,152,381,108,215,97,260,103,122,60,3017,553,134,88,64,101,168,92,50,48,44,56,127,75,195,95,441,142,337,135,391,119,330,154,466,209,270,127
1400000US06037405600,5741,792,609,250,239,106,21,32,0,19,0,19,19,29,0,19,0,19,64,70,23,26,13,21,58,70,3,8,32,37,6,10,370,217,0,19,57,79,0,19,0,19,0,19,18,28,5,12,112,87,65,78,0,19,26,41,49,72,38,41,5132,844,2469,448,104,104,22,35,118,82,108,75,37,52,83,81,157,78,535,285,263,89,342,113,332,132,250,84,118,71,2663,489,39,36,14,22,187,165,61,48,26,21,16,21,263,163,482,238,341,123,399,135,274,108,279,103,282,193
1400000US06037405701,3829,613,738,345,280,125,0,14,0,14,33,38,100,60,1,22,24,31,33,40,20,24,19,30,36,36,6,10,1,2,7,15,458,301,75,100,36,53,133,125,0,14,0,14,0,14,0,14,113,98,56,48,0,14,7,12,29,28,9,15,3091,587,1657,346,83,84,0,14,82,117,54,54,38,60,69,100,224,119,357,130,143,72,96,65,253,116,194,98,64,47,1434,317,17,23,32,48,169,128,59,94,12,19,0,14,110,85,187,111,112,57,301,151,200,107,188,81,47,55
1400000US06037405702,5333,810,598,289,228,137,11,18,0,19,44,55,21,24,0,19,10,17,7,12,4,8,76,61,40,34,15,20,0,19,0,19,370,184,57,66,0,19,23,36,0,19,0,19,9,15,44,46,33,38,55,56,55,66,13,16,0,19,81,71,4735,816,2537,655,53,62,20,23,76,52,111,75,32,49,66,59,465,312,364,205,321,114,469,198,320,111,162,75,78,53,2198,319,80,67,20,23,151,90,113,78,8,14,42,31,241,120,246,100,347,153,296,104,304,105,214,75,136,105
1400000US06037405800,5702,931,363,214,134,78,19,30,0,19,0,19,0,19,0,19,0,19,0,19,41,39,21,20,8,12,23,29,11,16,11,19,229,178,18,30,0,19,0,19,0,19,0,19,0,19,9,15,42,49,0,19,7,12,13,17,125,165,15,22,5339,914,2642,434,102,79,102,86,204,101,173,103,15,23,69,60,222,107,488,198,396,167,286,119,288,95,215,94,82,53,2697,580,334,223,11,22,195,134,39,44,0,19,76,57,212,150,245,123,583,176,228,116,501,180,107,64,166,68
1400000US06037405900,4622,547,345,289,227,226,0,14,0,14,0,14,0,14,0,14,0,14,151,229,3,4,0,14,20,23,27,29,26,24,0,14,118,84,0,14,0,14,0,14,0,14,0,14,9,15,17,26,0,14,10,16,47,61,10,15,10,15,15,18,4277,537,2013,303,50,42,44,72,171,94,81,87,0,14,18,25,247,112,280,151,277,92,298,122,247,108,176,146,124,52,2264,369,221,183,10,18,155,79,120,95,0,14,65,72,270,109,317,132,365,146,252,108,200,100,186,89,103,62
1400000US06037406000,5254,775,303,305,128,111,0,19,0,19,0,19,31,49,0,19,32,50,8,12,0,19,12,15,0,19,16,18,2,4,27,34,175,202,55,87,0,19,35,56,0,19,0,19,0,19,0,19,30,42,22,34,0,19,12,15,0,19,21,34,4951,734,2531,396,130,97,0,19,202,75,74,65,82,74,32,50,284,127,268,97,370,175,336,127,428,118,125,46,200,92,2420,387,127,93,44,29,146,73,118,77,10,15,0,19,169,110,315,86,221,72,400,158,443,174,172,63,255,104
1400000US06037406101,3211,551,50,36,15,17,0,14,0,14,0,14,0,14,0,14,0,14,0,14,0,14,0,14,0,14,0,14,0,14,15,17,35,30,0,14,0,14,0,14,0,14,0,14,0,14,0,14,19,21,8,13,8,12,0,14,0,14,0,14,3161,552,1577,331,96,109,32,34,92,54,16,20,32,40,29,36,110,68,255,117,268,97,272,150,185,75,146,72,44,31,1584,302,37,40,13,20,78,66,28,32,0,14,127,101,83,50,323,177,253,102,178,128,319,83,64,43,81,48
1400000US06037406103,7176,957,685,345,257,215,0,19,0,19,0,19,39,63,0,19,0,19,0,19,75,31,83,136,0,19,12,20,37,60,11,19,428,254,0,19,0,19,50,68,11,18,0,19,0,19,60,82,20,34,84,98,13,21,85,91,70,78,35,32,6491,989,3110,457,112,74,33,54,184,122,153,113,177,211,114,97,216,103,475,181,362,163,367,139,499,186,116,87,302,190,3381,641,228,104,0,19,37,43,93,71,116,114,79,68,337,213,462,173,552,279,514,134,454,184,316,134,193,98
1400000US06037406201,3311,566,571,328,123,67,0,14,0,14,0,14,0,14,0,14,0,14,6,13,7,15,21,29,0,14,13,19,46,42,30,33,448,302,0,14,23,32,104,116,47,80,0,14,6,13,7,13,30,33,0,14,6,13,68,85,68,66,89,61,2740,468,1285,232,63,59,21,28,0,14,28,31,20,30,0,14,99,102,229,107,126,70,189,99,208,130,267,121,35,38,1455,315,30,36,0,14,94,71,80,57,22,29,31,50,194,106,224,104,124,63,230,95,166,103,100,61,160,122
1400000US06037406300,5633,567,339,163,181,97,0,19,0,19,10,16,0,19,8,13,0,19,6,10,4,10,55,58,7,13,58,65,0,19,33,31,158,94,24,32,0,19,0,19,0,19,0,19,0,19,0,19,28,45,23,31,15,18,8,12,21,24,39,48,5294,554,2550,365,82,72,62,80,258,152,23,28,103,85,37,43,156,76,352,170,358,124,156,72,345,150,328,98,290,129,2744,354,195,106,0,19,107,62,28,42,0,19,55,54,188,128,435,168,330,106,206,91,433,167,336,115,431,190
1400000US06037406413,7065,713,330,169,81,77,0,19,0,19,14,23,16,26,0,19,0,19,0,19,0,19,2,6,29,35,3,4,13,25,4,6,249,131,0,19,0,19,0,19,0,19,0,19,0,19,3,8,80,87,57,47,0,19,64,74,12,19,33,42,6735,714,3192,421,238,117,5,8,168,138,33,27,70,60,197,125,280,115,329,164,379,110,437,125,474,127,236,111,346,138,3543,383,116,116,0,19,224,124,120,90,84,91,42,40,206,105,366,136,440,118,665,189,436,121,379,144,465,157
1400000US06037406500,7815,868,921,510,298,207,0,19,0,19,0,19,11,25,13,25,10,31,69,79,34,41,58,84,5,8,97,93,1,8,0,19,623,422,109,147,0,19,2,10,51,68,27,48,58,66,19,31,89,94,93,92,30,46,78,73,50,75,17,28,6894,979,3787,731,167,124,120,164,486,247,142,119,28,44,12,23,283,164,715,291,438,200,628,243,377,135,205,163,186,112,3107,431,32,51,0,19,185,121,51,50,26,34,145,141,33,39,484,207,567,199,462,254,492,189,455,168,175,122
1400000US06037406601,5042,532,393,271,98,76,0,19,0,19,0,19,0,19,0,19,35,53,0,19,0,19,35,55,11,19,0,19,17,19,0,19,295,209,36,56,0,19,40,63,0,19,0,19,0,19,16,20,121,113,9,14,32,50,10,17,18,20,13,26,4649,556,2441,327,52,47,0,19,166,119,114,60,48,54,27,24,278,116,241,98,409,109,372,137,330,146,238,95,166,71,2208,333,71,62,34,43,139,91,142,112,14,23,26,24,112,77,268,100,237,76,345,104,307,99,217,97,296,107
1400000US06037406602,4564,834,520,230,271,120,22,30,0,14,0,14,39,46,24,36,8,13,3,7,12,21,0,14,26,20,33,32,26,25,78,83,249,126,0,14,0,14,14,23,0,14,4,8,27,41,0,14,0,14,45,45,17,20,40,33,30,43,72,77,4044,832,2124,627,89,68,13,21,161,189,48,42,21,29,41,37,156,101,372,216,208,116,234,99,379,126,177,88,225,203,1920,305,69,56,18,28,81,75,55,65,0,14,38,40,87,61,245,137,194,118,285,103,456,130,182,83,210,81
1400000US06037406701,3053,681,231,140,72,48,18,28,0,14,8,11,0,14,0,14,0,14,0,14,0,14,0,14,27,36,0,14,6,9,13,19,159,98,38,41,0,14,5,8,17,26,0,14,7,10,26,29,20,24,0,14,10,13,17,19,0,14,19,15,2822,663,1541,496,56,46,7,11,97,68,87,76,0,14,44,41,217,158,331,184,128,65,120,55,118,50,222,131,114,69,1281,219,25,21,0,14,34,40,44,43,0,14,37,36,66,41,231,73,183,97,179,85,183,62,170,64,129,61
1400000US06037406702,6760,896,591,315,277,157,0,19,0,19,0,19,57,52,0,19,0,19,75,62,47,55,0,19,68,54,30,31,0,19,0,19,314,206,0,19,0,19,29,49,44,62,0,19,13,29,77,59,0,19,68,65,6,11,16,24,0,19,61,96,6169,882,2799,475,216,140,13,23,256,187,123,109,61,63,29,34,205,132,509,166,496,161,147,84,344,152,198,100,202,99,3370,524,275,120,57,66,303,172,146,146,66,94,28,50,147,105,679,185,417,149,390,143,426,221,245,85,191,134
1400000US06037406801,4585,687,455,284,229,151,52,74,0,14,0,14,0,14,0,14,0,14,0,14,72,70,8,13,86,84,4,11,7,12,0,14,226,153,49,70,0,14,9,14,0,14,0,14,0,14,0,14,9,14,0,14,51,71,66,89,15,23,27,40,4130,617,2151,372,19,35,0,14,289,128,16,18,60,49,19,23,164,77,435,197,175,82,316,87,264,70,212,102,182,97,1979,316,121,90,12,18,147,84,45,44,15,20,38,38,125,91,304,149,204,65,204,91,342,110,256,146,166,60
1400000US06037406903,7956,953,1764,1150,994,717,178,168,0,19,162,146,0,19,11,19,49,75,208,245,12,22,73,85,103,132,94,93,68,81,36,32,770,457,0,19,25,42,106,135,12,22,0,19,0,19,39,51,112,133,29,32,192,153,19,31,64,60,172,131,6192,1477,3006,731,128,116,0,19,153,112,297,223,51,61,78,71,324,151,212,97,603,266,323,145,444,178,258,126,135,77,3186,801,125,109,6,11,348,235,203,159,0,19,79,65,382,237,235,147,415,238,525,159,233,135,368,147,267,94
1400000US06037407001,5411,763,399,246,278,155,12,19,7,12,0,19,0,19,0,19,44,69,15,23,4,8,41,51,0,19,74,112,61,60,20,19,121,115,0,19,0,19,0,19,4,8,7,11,0,19,4,7,11,17,6,12,0,19,11,14,72,106,6,10,5012,771,2857,550,115,86,0,19,115,97,26,32,0,19,103,82,243,128,439,221,842,435,490,179,165,75,244,101,75,57,2155,437,28,33,18,28,154,102,71,59,16,25,76,64,158,79,213,81,335,106,366,125,180,85,340,129,200,185
1400000US06037407002,3627,469,149,102,42,40,0,14,0,14,0,14,6,10,0,14,0,14,3,5,14,29,0,14,4,6,0,14,0,14,15,22,107,84,4,6,0,14,0,14,0,14,0,14,4,6,13,13,14,35,0,14,58,64,0,14,14,21,0,14,3478,446,1895,304,117,70,0,14,215,73,77,39,32,32,111,81,146,64,238,100,196,70,218,78,243,87,185,63,117,53,1583,208,28,32,17,26,146,79,1,2,37,40,0,14,140,63,199,92,352,99,133,68,258,77,168,53,104,38
1400000US06037407101,4155,650,735,296,331,149,0,14,0,14,32,34,78,96,0,14,0,14,20,27,57,72,22,29,29,32,23,23,48,54,22,32,404,191,52,42,0,14,53,44,50,39,21,28,29,30,47,54,6,12,53,35,26,27,14,16,32,36,21,30,3420,584,1761,415,74,56,0,14,82,51,68,56,15,17,49,44,124,65,348,266,332,118,156,78,362,153,68,46,83,47,1659,269,56,55,0,14,95,58,26,26,27,27,42,44,137,71,315,136,188,74,389,137,179,58,105,70,100,53
1400000US06037407102,5487,572,332,212,153,116,0,19,0,19,0,19,31,48,0,19,0,19,29,45,21,35,43,55,0,19,18,20,0,19,11,17,179,112,0,19,0,19,0,19,0,19,0,19,0,19,37,49,46,49,26,33,34,45,33,44,3,5,0,19,5155,626,2824,447,151,165,54,64,166,68,90,70,67,59,18,23,198,93,494,194,344,125,379,133,341,157,325,166,197,97,2331,308,85,59,0,19,178,95,53,44,84,69,59,49,164,91,345,93,323,139,346,151,347,118,170,114,177,96
1400000US06037407201,3312,527,203,121,53,47,3,6,0,14,8,15,3,10,0,14,0,14,3,9,6,11,23,22,7,12,0,14,0,14,0,14,150,95,17,31,0,14,0,14,4,10,0,14,4,9,52,45,10,13,31,34,6,10,4,9,9,14,13,21,3109,569,1661,355,11,16,10,16,91,40,141,70,40,41,29,27,129,68,348,131,124,74,297,77,165,138,157,91,119,46,1448,265,16,20,17,27,103,78,24,27,24,23,24,37,166,58,286,96,121,55,295,72,166,80,138,54,68,42
1400000US06037407202,3132,554,466,389,202,184,8,14,0,14,0,14,0,14,25,31,8,12,0,14,7,12,20,33,27,47,0,14,6,10,101,121,264,211,0,14,0,14,0,14,27,33,0,14,0,14,14,16,32,49,8,12,12,14,0,14,153,152,18,28,2666,498,1381,271,61,55,0,14,68,41,70,54,9,15,36,36,114,63,227,120,125,59,269,93,170,80,157,62,75,44,1285,260,46,39,0,14,116,74,30,25,35,40,25,24,89,49,226,103,160,65,131,46,209,97,89,41,129,59
1400000US06037407301,3701,538,460,229,245,138,19,30,0,14,0,14,36,43,30,36,0,14,22,25,18,22,36,40,17,25,66,46,1,2,0,14,215,115,0,14,0,14,17,27,0,14,19,25,0,14,5,7,0,14,59,47,48,50,53,41,0,14,14,21,3241,572,1746,391,115,77,40,41,36,52,70,67,0,14,36,36,205,108,360,146,205,109,140,76,226,73,208,115,105,58,1495,298,121,63,0,14,206,135,0,14,0,14,0,14,86,56,211,93,211,110,153,69,275,98,94,55,138,73
1400000US06037407302,3716,819,483,268,190,119,4,7,0,14,37,59,17,27,0,14,16,25,0,14,7,11,25,16,9,14,39,34,27,31,9,12,293,166,47,75,0,14,38,41,0,14,0,14,0,14,40,41,19,27,11,10,62,67,45,36,24,18,7,16,3233,792,1706,640,17,27,117,148,231,130,177,138,79,103,79,51,35,32,243,88,184,137,147,79,181,57,110,55,106,33,1527,244,57,45,34,39,122,68,76,82,18,30,22,24,122,58,228,64,352,132,98,45,157,54,167,53,74,36
1400000US06037407400,1744,349,61,58,38,37,6,11,0,14,5,8,0,14,0,14,0,14,1,9,1,5,8,18,2,4,3,8,8,16,4,10,23,27,0,14,0,14,0,14,0,14,0,14,0,14,5,8,0,14,3,9,1,5,1,5,13,13,0,14,1683,351,780,150,36,27,20,25,70,46,20,25,0,14,26,24,35,31,36,30,133,66,113,46,108,51,145,38,38,24,903,249,12,18,33,54,56,60,29,23,0,14,64,38,93,77,143,65,85,54,155,60,92,47,67,34,74,54
1400000US06037407501,4175,668,496,298,207,128,0,14,0,14,29,47,0,14,11,18,0,14,0,14,0,14,0,14,66,53,79,106,18,30,4,6,289,198,40,34,0,14,57,61,12,19,33,50,0,14,37,33,12,19,0,14,33,30,2,6,60,57,3,4,3679,685,2046,435,113,74,64,67,238,114,148,93,19,30,77,66,206,93,175,73,272,124,259,119,310,205,98,50,67,44,1633,317,30,46,39,52,115,50,102,75,0,14,36,46,131,104,105,81,372,106,201,92,184,99,197,77,121,78
1400000US06037407502,3571,412,279,177,121,69,0,14,0,14,19,26,7,12,0,14,0,14,16,18,4,7,30,34,2,5,19,28,18,25,6,9,158,117,0,14,0,14,41,41,18,26,0,14,8,11,1,3,3,4,44,38,19,30,17,24,0,14,7,11,3292,436,1651,226,10,12,12,12,66,46,56,39,0,14,45,34,218,81,252,96,290,106,256,81,246,76,92,50,108,57,1641,283,26,24,10,15,65,51,43,29,7,11,67,52,234,111,179,49,163,60,284,87,234,70,133,62,196,72
1400000US06037407601,4155,701,414,273,179,127,0,14,0,14,48,55,0,14,0,14,8,14,43,45,12,19,23,25,0,14,0,14,0,14,45,66,235,183,9,16,0,14,28,42,0,14,0,14,0,14,57,55,11,17,0,14,83,92,22,33,25,38,0,14,3741,727,1992,454,187,111,89,98,83,72,37,59,29,44,12,22,235,108,341,177,322,180,231,104,199,76,115,45,112,70,1749,311,90,78,40,45,204,125,0,14,12,18,0,14,184,112,311,148,177,100,289,105,197,108,119,51,126,72
1400000US06037407602,4086,554,493,183,213,110,0,14,0,14,0,14,5,9,23,34,44,41,35,32,9,14,16,23,38,36,31,30,9,12,3,4,280,120,7,13,0,14,20,24,25,26,0,14,8,11,54,67,13,14,7,12,82,40,10,14,46,45,8,9,3593,592,1826,383,16,18,6,10,80,42,128,97,22,26,55,37,251,139,234,136,372,131,199,53,284,92,115,46,64,35,1767,278,48,44,0,14,189,92,94,48,35,25,53,36,168,83,214,89,246,103,196,61,303,115,131,43,90,42
1400000US06037407701,4311,469,631,269,351,177,15,23,0,14,68,52,13,21,13,19,39,33,61,55,8,14,40,33,0,14,7,12,76,86,11,17,280,151,14,22,0,14,13,21,16,25,46,50,0,14,42,48,28,30,34,30,23,37,16,17,23,28,25,38,3680,521,2103,358,201,123,20,28,131,77,39,39,35,38,81,74,243,130,378,125,173,86,293,155,312,94,69,52,128,57,1577,226,36,41,10,17,68,43,11,18,25,31,38,38,118,71,366,130,176,84,271,105,160,66,119,62,179,81
1400000US06037407702,6634,832,754,442,413,267,48,65,42,58,11,17,0,19,11,18,0,19,0,19,64,70,22,26,34,47,86,61,65,57,30,29,341,188,0,19,0,19,11,17,0,19,0,19,0,19,74,66,127,85,28,26,11,19,43,54,33,29,14,18,5880,960,2798,510,39,30,18,21,191,155,142,129,47,48,47,48,216,110,669,306,311,100,644,213,251,103,85,54,138,114,3082,582,152,89,57,62,219,154,116,83,7,14,83,87,165,106,423,217,368,123,740,211,285,124,168,72,299,139
1400000US06037407801,4816,826,256,144,101,73,0,14,0,14,0,14,8,15,0,14,7,17,8,15,0,14,0,14,45,59,8,15,22,31,3,4,155,81,0,14,0,14,0,14,0,14,0,14,11,16,44,50,9,14,0,14,38,41,1,6,52,46,0,14,4560,770,2239,376,64,57,0,14,135,73,176,99,0,14,21,32,289,196,364,90,333,122,325,128,268,97,175,112,89,56,2321,462,134,107,10,15,208,71,103,102,18,22,15,21,405,169,274,77,267,100,235,92,190,82,293,131,169,89
1400000US06037407802,3174,360,144,65,51,49,0,14,0,14,0,14,0,14,0,14,9,17,8,14,7,13,12,18,0,14,2,4,13,17,0,14,93,40,0,14,0,14,0,14,0,14,0,14,0,14,16,18,17,26,9,17,0,14,11,13,37,38,3,5,3030,370,1587,251,27,27,0,14,132,74,58,42,20,23,28,22,211,81,310,137,190,66,182,76,258,79,80,30,91,46,1443,172,37,34,0,14,95,52,58,37,0,14,46,31,173,89,201,52,181,74,226,75,191,46,151,49,84,33
1400000US06037407901,4190,869,180,123,82,61,0,14,0,14,0,14,0,14,0,14,0,14,0,14,0,14,0,14,16,23,27,34,24,26,15,22,98,81,0,14,0,14,0,14,0,14,0,14,0,14,0,14,4,8,25,25,0,14,0,14,53,57,16,30,4010,895,2023,467,12,21,5,8,239,114,237,122,28,42,0,14,236,118,251,119,314,115,232,91,217,102,214,79,38,41,1987,475,0,14,0,14,219,109,72,58,32,41,70,61,298,106,277,181,337,124,271,80,158,71,133,54,120,71
1400000US06037407902,1616,278,172,103,84,49,0,14,0,14,0,14,0,14,0,14,0,14,0,14,0,14,12,17,10,19,28,24,24,21,10,16,88,62,0,14,0,14,0,14,0,14,0,14,0,14,0,14,13,16,1,3,11,17,10,11,34,31,19,19,1444,290,799,198,0,14,0,14,12,18,20,24,8,12,21,24,72,54,221,88,63,33,122,58,162,78,25,22,73,40,645,125,17,18,0,14,32,33,24,27,3,7,11,16,33,23,45,25,80,33,145,61,142,61,54,36,59,35
1400000US06037408003,4599,590,480,380,255,234,4,6,0,14,36,41,10,15,0,14,9,15,0,14,0,14,74,87,9,15,10,16,9,13,94,133,225,161,21,28,0,14,20,31,5,8,0,14,22,29,7,13,4,7,0,14,8,14,26,27,17,27,95,135,4119,510,2003,238,56,50,5,9,98,60,100,52,68,62,44,27,216,88,348,96,215,91,422,120,144,65,240,71,47,32,2116,336,76,74,0,14,161,140,82,70,0,14,26,24,195,112,218,69,378,131,231,58,279,56,275,93,195,64
1400000US06037408004,2394,602,401,145,169,77,26,27,14,25,34,38,14,20,0,14,11,17,3,5,24,26,16,18,0,14,10,14,0,14,17,17,232,86,8,12,0,14,0,14,0,14,8,11,0,14,67,49,38,33,39,37,12,18,36,31,20,18,4,6,1993,566,981,263,78,66,6,10,47,30,48,32,0,14,12,19,113,95,204,71,143,62,127,53,114,76,66,33,23,19,1012,358,49,49,0,14,21,25,25,32,4,7,9,14,21,18,225,107,56,32,119,58,184,75,84,32,215,210
1400000US06037408005,5318,675,311,236,180,142,0,19,0,19,0,19,35,56,0,19,0,19,64,82,0,19,12,27,43,57,0,19,26,30,0,19,131,114,0,19,0,19,33,53,0,19,0,19,0,19,22,28,11,18,29,46,0,19,0,19,12,19,24,31,5007,644,2416,360,153,116,10,17,166,92,99,72,36,34,25,23,261,164,276,123,300,108,387,174,351,130,218,85,134,59,2591,367,96,58,52,52,198,156,91,53,4,9,69,48,181,74,345,111,325,144,389,123,410,107,196,69,235,83
1400000US06037408006,3876,462,264,170,130,131,0,14,0,14,0,14,0,14,0,14,0,14,85,125,16,18,0,14,0,14,10,22,19,29,0,14,134,101,0,14,0,14,0,14,0,14,27,43,0,14,0,14,20,22,0,14,0,14,87,80,0,14,0,14,3612,483,1955,297,204,109,47,54,258,95,66,77,60,40,16,29,147,57,250,101,285,113,238,93,215,72,74,43,95,53,1657,242,39,34,0,14,113,86,97,69,29,41,36,35,150,74,254,116,355,100,105,52,149,68,265,94,65,48
1400000US06037408133,5820,1015,466,261,161,77,0,19,0,19,0,19,0,19,0,19,0,19,21,33,8,25,0,19,31,58,19,27,23,23,59,39,305,252,14,25,44,65,13,23,49,59,0,19,0,19,33,49,32,39,53,57,10,16,6,10,17,18,34,38,5354,1030,2436,383,170,118,17,29,186,102,31,33,67,63,49,50,126,79,539,195,361,102,359,117,329,161,110,65,92,45,2918,796,310,204,43,50,234,217,78,71,0,19,71,51,122,83,579,267,396,135,251,77,433,193,232,114,169,72
1400000US06037408134,2640,388,278,124,117,63,0,14,0,14,13,19,0,14,0,14,0,14,10,16,13,33,17,19,0,14,32,38,17,15,15,17,161,73,0,14,0,14,0,14,13,19,0,14,0,14,12,20,13,27,0,14,48,48,24,26,31,22,20,17,2362,379,1074,233,22,18,36,31,7,11,0,14,0,14,19,19,65,37,215,103,161,104,134,54,171,73,154,58,90,42,1288,191,28,30,12,17,35,37,32,28,16,24,0,14,151,84,135,50,95,36,199,62,194,102,285,70,106,54
1400000US06037408135,4473,893,963,518,331,286,0,14,0,14,205,272,0,14,0,14,0,14,31,51,23,23,5,11,14,20,16,18,28,24,9,15,632,355,0,14,0,14,9,13,105,100,0,14,0,14,36,54,225,279,57,73,14,17,117,114,69,39,0,14,3510,846,1584,354,82,71,32,50,67,62,0,14,13,19,64,47,144,77,257,183,184,94,257,115,238,113,154,57,92,96,1926,575,138,125,11,19,30,29,81,77,22,25,26,24,109,69,178,98,332,203,251,91,365,190,280,160,103,51
1400000US06037408136,3620,450,306,138,156,100,0,14,0,14,0,14,8,16,0,14,0,14,37,45,46,44,0,14,36,43,23,40,6,10,0,14,150,80,0,14,0,14,8,16,0,14,0,14,0,14,23,27,29,37,0,14,40,39,25,36,7,10,18,22,3314,464,1569,304,24,28,0,14,146,84,27,33,0,14,15,21,213,112,241,109,221,88,267,80,187,80,85,52,143,68,1745,250,149,116,19,34,91,76,87,69,16,26,111,76,84,74,187,92,191,76,299,70,207,92,109,55,195,78
1400000US06037408137,4085,526,537,256,305,165,0,14,0,14,44,64,0,14,0,14,0,14,0,14,146,113,57,56,8,12,44,37,0,14,6,12,232,122,0,14,0,14,0,14,34,49,0,14,0,14,46,44,42,61,25,28,0,14,58,66,27,27,0,14,3548,484,1712,266,10,17,31,35,121,75,46,56,49,61,58,62,189,108,234,112,199,88,356,120,235,148,104,53,80,51,1836,279,23,31,0,14,149,87,123,117,10,17,52,48,113,75,243,104,323,118,218,81,234,102,189,104,159,97
1400000US06037408138,4874,662,385,227,165,122,0,14,0,14,19,30,16,25,0,14,0,14,15,23,19,29,6,13,19,30,44,56,14,24,13,21,220,125,0,14,0,14,20,31,16,26,0,14,0,14,15,23,29,25,17,28,48,52,30,34,19,24,26,32,4489,701,2231,419,146,112,48,75,124,106,93,71,70,78,14,20,189,93,520,175,244,121,318,220,222,95,179,112,64,51,2258,454,88,67,0,14,83,78,268,179,0,14,50,45,114,84,356,161,258,109,359,154,299,123,249,121,134,88
1400000US06037408139,3942,682,510,359,245,182,23,34,0,14,89,87,0,14,0,14,46,68,1,8,30,29,23,34,21,34,5,8,7,12,0,14,265,189,0,14,21,31,16,25,0,14,0,14,55,63,42,46,28,28,56,66,39,53,0,14,7,11,1,5,3432,540,1728,411,69,52,28,37,38,40,31,38,17,18,46,31,213,78,248,86,229,107,271,116,265,84,161,65,112,61,1704,206,90,59,21,23,55,42,19,21,15,18,29,35,204,57,347,133,177,60,210,77,278,87,133,50,126,75
1400000US06037408140,3297,697,210,133,102,101,46,56,0,14,3,9,0,14,1,11,0,14,9,14,34,43,3,6,0,14,3,6,0,14,3,6,108,63,0,14,0,14,2,11,6,11,0,14,0,14,13,19,6,10,12,18,12,18,31,32,0,14,26,21,3087,711,1463,409,70,39,0,14,37,37,116,90,36,53,62,59,209,98,182,76,304,137,117,56,184,79,61,41,85,84,1624,449,74,60,14,19,91,67,88,54,45,71,43,37,266,127,192,126,244,90,238,98,165,77,118,39,46,34
1400000US06037408141,4052,534,748,442,312,210,65,55,50,69,48,48,0,14,0,14,25,40,46,65,5,9,58,49,0,14,7,12,4,7,4,7,436,248,0,14,0,14,10,18,50,50,60,50,79,89,32,35,36,46,85,77,36,41,0,14,48,44,0,14,3304,560,1635,334,10,16,5,12,14,20,56,54,15,26,122,80,298,103,258,99,249,137,261,96,100,54,163,65,84,61,1669,332,0,14,0,14,43,47,61,53,0,14,88,103,181,78,259,108,214,122,315,115,102,54,223,103,183,88
1400000US06037408212,4598,753,472,285,190,114,0,14,0,14,33,49,32,49,0,14,0,14,14,16,0,14,37,37,46,39,13,27,15,18,0,14,282,183,0,14,21,33,22,33,0,14,0,14,10,15,6,11,73,65,25,31,31,47,7,12,28,25,59,54,4126,726,1968,319,65,67,17,23,225,88,119,83,32,30,13,22,112,71,250,102,139,66,343,127,130,63,193,63,330,177,2158,459,34,47,17,27,0,14,77,88,55,68,80,86,136,91,271,123,239,94,325,114,380,97,390,174,154,111
1400000US06037408213,5395,663,773,272,506,197,0,19,27,41,22,32,0,19,0,19,0,19,24,23,175,137,40,45,49,45,47,37,95,83,27,35,267,110,0,19,0,19,28,42,0,19,0,19,0,19,13,13,49,44,25,37,26,22,59,41,20,18,47,42,4622,687,2293,363,123,83,18,29,98,96,27,41,61,86,56,68,244,124,312,131,281,125,304,123,327,123,307,133,135,91,2329,405,6,9,0,19,280,137,28,39,26,37,56,49,94,59,395,190,317,122,389,146,262,82,349,133,127,65
1400000US06037408301,5509,850,1064,597,480,263,0,19,0,19,29,40,74,78,28,39,0,19,25,36,10,22,163,110,0,19,99,83,43,56,9,18,584,366,0,19,0,19,69,71,66,74,8,17,45,59,16,21,35,50,158,137,120,111,17,34,50,51,0,19,4445,935,2236,513,88,78,22,22,55,56,60,47,23,39,24,39,271,179,395,164,205,112,390,185,341,151,156,131,206,86,2209,523,28,33,0,19,34,35,69,65,2,7,69,52,518,235,287,143,248,106,332,167,243,106,232,95,147,74
1400000US06037408302,3303,477,283,166,152,94,73,81,0,14,16,29,0,14,0,14,0,14,0,14,13,21,11,17,8,13,0,14,0,14,31,27,131,88,0,14,11,17,0,14,0,14,0,14,0,14,16,26,68,79,0,14,7,11,11,17,7,11,11,18,3020,530,1595,236,6,13,9,14,51,45,116,72,32,47,0,14,292,123,145,74,242,123,224,97,273,127,48,44,157,58,1425,396,81,70,0,14,107,93,77,94,31,45,37,49,200,113,97,61,217,112,192,89,209,106,70,40,107,47
1400000US06037408303,3966,780,204,132,78,66,0,14,0,14,0,14,0,14,0,14,0,14,0,14,24,31,17,27,0,14,33,38,4,8,0,14,126,109,0,14,0,14,0,14,0,14,0,14,0,14,0,14,9,13,0,14,0,14,7,12,85,107,25,23,3762,800,1888,445,190,162,10,18,115,57,85,39,35,37,3,12,33,33,374,187,232,129,161,78,367,127,139,84,144,73,1874,433,113,113,14,26,111,80,17,26,20,39,41,31,281,121,269,184,208,83,280,101,157,86,261,112,102,68
1400000US06037408401,4272,710,419,214,241,168,27,41,0,14,51,52,0,14,0,14,0,14,21,32,6,9,32,41,0,14,55,57,47,42,2,5,178,83,8,13,8,12,0,14,0,14,0,14,7,14,15,16,19,23,31,39,19,31,0,14,47,49,24,37,3853,674,2045,334,129,64,46,36,93,47,61,47,33,32,47,41,208,96,316,102,183,84,370,129,143,63,284,81,132,107,1808,406,88,61,11,17,75,67,38,33,10,16,11,16,101,61,261,101,196,83,315,138,213,71,260,138,229,147
1400000US06037408402,6047,689,736,362,399,214,17,20,0,19,50,70,44,69,0,19,0,19,0,19,29,24,73,93,7,11,76,67,68,67,35,28,337,162,0,19,0,19,11,17,12,17,4,8,12,18,0,19,14,18,67,69,92,82,49,51,53,61,23,24,5311,789,2383,406,41,34,23,25,56,37,85,54,21,23,32,42,146,84,247,115,462,158,378,184,296,127,387,166,209,90,2928,502,101,69,0,19,197,102,154,93,25,21,63,44,100,42,394,169,393,146,264,87,374,123,406,155,457,203
1400000US06037408503,6600,983,476,214,208,113,26,40,0,19,0,19,0,19,0,19,0,19,0,19,25,38,42,53,0,19,50,54,0,19,65,66,268,128,0,19,0,19,0,19,0,19,0,19,0,19,0,19,44,36,7,12,13,19,55,57,2,7,147,74,6124,992,3094,511,28,32,28,41,305,123,57,49,35,35,65,60,288,110,294,172,474,209,300,121,498,146,499,183,223,71,3030,613,176,165,17,30,250,163,79,61,17,24,126,82,146,83,474,205,322,148,335,123,498,150,362,106,228,76
1400000US06037408504,5366,675,478,287,245,189,58,55,0,19,43,47,8,12,0,19,3,9,26,32,11,21,49,46,28,39,12,19,7,11,0,19,233,114,0,19,0,19,0,19,12,22,24,36,19,34,19,20,51,46,43,42,50,43,15,25,0,19,0,19,4888,732,2538,418,165,80,14,22,232,129,60,46,37,35,20,23,207,96,371,173,445,115,393,143,274,114,235,83,85,54,2350,387,148,87,53,47,219,117,48,37,6,13,41,38,180,76,305,124,350,120,292,83,282,91,222,78,204,74
1400000US06037408505,2360,299,207,138,93,73,16,25,0,14,24,27,0,14,0,14,0,14,0,14,9,13,15,19,9,15,0,14,0,14,20,22,114,71,15,25,0,14,12,17,0,14,0,14,0,14,0,14,22,26,20,22,16,17,6,14,0,14,23,24,2153,283,1093,143,24,22,0,14,60,36,47,36,8,13,26,24,60,37,130,50,131,47,144,56,179,47,135,32,149,50,1060,153,34,34,2,5,62,49,0,14,7,11,47,35,19,18,128,58,143,66,134,66,171,42,135,51,178,50
1400000US06037408623,3112,384,198,131,81,68,12,18,0,14,8,12,8,12,0,14,16,20,0,14,1,4,16,18,3,6,3,6,3,4,11,12,117,72,15,19,0,14,11,17,10,15,0,14,0,14,0,14,4,6,10,15,7,10,14,14,25,25,21,18,2914,401,1425,244,36,32,8,11,138,72,13,16,12,14,43,38,152,106,222,95,162,48,168,103,141,58,192,87,138,35,1489,196,119,68,0,14,136,65,37,27,0,14,5,9,135,91,180,62,160,53,152,56,259,130,141,42,165,46
1400000US06037408624,3272,379,320,130,166,76,0,14,0,14,0,14,0,14,0,14,10,16,27,39,12,18,24,36,10,16,31,35,14,21,38,46,154,77,0,14,0,14,0,14,12,21,10,16,0,14,6,10,8,14,9,16,23,24,44,51,24,32,18,23,2952,393,1497,295,9,15,32,47,55,48,112,43,0,14,46,36,98,89,260,131,167,80,222,93,214,87,204,69,78,56,1455,243,25,21,0,14,124,64,13,24,0,14,0,14,93,57,169,82,118,58,240,98,251,113,220,78,202,114
1400000US06037408625,3708,483,354,158,203,100,0,14,0,14,8,13,0,14,0,14,0,14,0,14,69,75,32,32,12,19,54,44,28,26,0,14,151,91,0,14,0,14,19,23,0,14,0,14,0,14,0,14,9,14,65,54,8,13,39,37,11,18,0,14,3354,494,1647,331,16,22,15,26,138,87,34,33,0,14,77,72,84,52,179,102,190,83,339,118,181,68,114,68,280,108,1707,221,24,29,14,21,80,56,59,42,17,20,66,46,122,53,115,71,239,89,225,84,249,82,179,110,318,112
1400000US06037408626,3726,545,347,210,128,80,0,14,0,14,0,14,0,14,0,14,36,57,0,14,15,24,7,13,0,14,42,66,23,28,5,11,219,159,0,14,0,14,0,14,56,86,0,14,0,14,9,18,38,42,0,14,35,53,47,41,12,16,22,23,3379,543,1646,252,56,55,13,21,25,26,28,26,0,14,48,53,99,78,258,85,186,93,212,136,241,106,339,116,141,65,1733,346,55,50,0,14,55,45,14,23,0,14,14,22,138,82,192,86,167,74,231,138,346,85,233,79,288,154
1400000US06037408627,2665,287,280,114,131,61,3,8,0,14,4,7,0,14,0,14,0,14,17,19,22,20,6,10,41,40,10,11,5,8,23,32,149,67,0,14,0,14,0,14,0,14,9,12,0,14,14,16,0,14,5,8,15,15,23,23,21,17,62,45,2385,323,1234,167,0,14,10,15,91,41,15,13,9,14,37,25,64,53,137,47,103,43,277,121,134,49,219,62,138,48,1151,192,5,8,5,7,95,59,13,19,0,14,39,28,80,44,81,52,133,59,208,75,169,67,183,57,140,50
1400000US06037408628,5463,753,712,265,303,135,0,19,13,21,13,21,12,18,0,19,0,19,23,25,14,23,78,67,22,20,88,59,21,25,19,21,409,185,0,19,0,19,39,64,0,19,0,19,0,19,38,36,29,35,44,57,23,27,48,62,50,42,138,120,4751,739,2168,316,50,61,50,52,246,130,51,40,17,22,74,64,120,77,314,173,209,93,277,93,301,88,297,93,162,67,2583,497,180,202,22,25,135,55,90,81,20,27,61,57,275,171,213,112,298,112,383,116,398,126,272,99,236,80
1400000US06037408629,3028,352,300,75,112,20,0,14,0,14,0,14,0,14,0,14,0,14,6,8,0,14,44,7,44,7,0,14,18,18,0,14,188,74,0,14,0,14,0,14,0,14,0,14,0,14,18,17,0,14,24,36,3,6,57,37,60,46,26,19,2728,351,1266,209,108,56,5,9,93,46,31,28,7,10,66,42,61,44,121,62,176,55,159,65,191,68,146,58,102,39,1462,196,75,51,0,14,93,62,14,16,0,14,15,16,145,71,228,77,197,62,186,62,192,60,130,45,187,61
1400000US06037408631,5121,761,948,525,358,188,43,43,38,37,0,19,3,11,0,19,0,19,20,24,16,23,122,115,43,54,42,38,4,8,27,29,590,353,42,41,0,19,188,153,39,39,0,19,54,48,8,13,50,48,37,36,57,56,61,40,32,48,22,25,4173,767,2191,446,0,19,34,49,78,51,69,66,21,25,35,31,278,201,272,109,370,205,356,132,380,193,233,89,65,59,1982,365,0,19,0,19,108,91,120,91,0,19,21,27,99,66,146,72,360,150,303,110,465,233,199,63,161,76
1400000US06037408703,5326,488,565,291,277,171,0,19,0,19,59,79,30,40,0,19,0,19,32,40,19,22,43,39,0,19,37,31,35,32,22,26,288,137,0,19,0,19,0,19,28,39,0,19,0,19,22,21,11,16,35,38,77,64,52,42,41,39,22,26,4761,544,2389,338,107,64,0,19,116,93,69,66,28,29,35,30,155,70,369,135,208,77,239,109,521,99,374,128,168,69,2372,288,60,50,0,19,83,66,13,21,27,42,41,41,184,101,232,110,220,73,196,89,680,127,427,84,209,77
1400000US06037408705,5351,879,588,389,261,195,0,19,0,19,0,19,0,19,0,19,0,19,12,17,41,47,3,7,43,48,16,21,136,171,10,17,327,219,0,19,0,19,0,19,0,19,0,19,0,19,0,19,0,19,0,19,46,54,205,200,35,36,41,20,4763,800,2508,553,128,137,0,19,333,266,164,209,0,19,70,56,124,79,195,107,333,158,345,118,334,151,246,67,236,85,2255,329,32,32,14,25,113,68,44,44,0,19,46,46,106,85,219,90,454,248,385,82,329,138,228,75,285,104
1400000US06037408707,6787,770,374,236,238,186,0,19,0,19,19,32,0,19,0,19,44,68,70,78,0,19,0,19,44,68,27,37,16,26,18,31,136,76,0,19,0,19,0,19,20,33,0,19,0,19,9,19,24,33,25,35,42,66,0,19,0,19,16,25,6413,770,2800,361,69,59,24,28,36,36,82,97,101,108,90,67,173,65,316,164,262,118,394,148,588,225,298,122,367,152,3613,506,72,59,52,65,281,218,157,110,40,49,54,42,298,180,328,139,255,117,558,190,734,220,563,182,221,96
1400000US06037408722,3952,555,758,273,295,164,39,44,0,14,30,44,12,19,0,14,0,14,0,14,25,38,20,25,29,29,0,14,117,95,23,28,463,157,12,19,0,14,47,40,11,17,0,14,0,14,0,14,11,18,73,43,126,92,40,44,32,31,111,84,3194,594,1792,358,0,14,0,14,81,61,0,14,0,14,34,33,119,67,268,129,281,111,234,109,326,111,324,155,125,69,1402,292,0,14,0,14,43,42,42,39,0,14,55,40,29,27,96,68,198,118,209,97,260,101,348,121,122,69
1400000US06037408724,5374,713,848,582,303,263,42,64,21,35,0,19,20,37,0,19,0,19,50,61,0,19,95,87,56,67,12,19,7,11,0,19,545,382,124,147,0,19,139,155,22,36,0,19,0,19,49,54,104,86,54,65,21,33,25,28,7,11,0,19,4526,674,2526,423,178,123,39,57,160,90,46,52,24,25,111,80,198,108,560,214,423,173,390,148,256,101,92,69,49,39,2000,376,172,111,38,45,90,57,97,69,9,16,73,58,262,104,403,144,234,68,369,125,143,82,80,48,30,29
1400000US06037408725,5868,681,931,281,423,140,0,19,0,19,27,34,7,11,0,19,54,56,4,12,8,12,62,46,74,48,77,50,68,54,42,41,508,186,61,61,0,19,45,49,0,19,0,19,24,37,14,22,73,54,23,28,69,47,44,50,17,19,138,75,4937,780,2258,321,25,26,0,19,58,43,47,45,13,16,76,59,142,68,344,142,306,127,286,79,358,113,312,111,291,139,2679,520,147,138,40,45,177,130,58,49,0,19,73,45,102,50,263,128,280,124,388,113,378,130,495,192,278,158
1400000US06037408800,4523,619,878,274,326,149,31,49,19,29,87,71,18,30,3,8,0,14,51,39,71,65,20,27,0,14,26,51,0,14,0,14,552,197,34,45,0,14,3,8,3,8,0,14,0,14,206,144,138,99,75,72,21,62,72,89,0,14,0,14,3645,687,1985,466,144,132,0,14,153,129,37,37,13,19,23,32,228,114,648,238,231,97,190,89,159,85,89,52,70,55,1660,398,93,65,0,14,109,109,71,97,23,26,0,14,268,107,489,180,206,131,244,83,103,56,28,23,26,26
1400000US06037408900,5359,515,524,272,176,86,0,19,0,19,0,19,0,19,0,19,0,19,3,8,0,19,4,11,6,11,73,50,39,45,51,37,348,244,0,19,0,19,0,19,45,76,0,19,0,19,0,19,51,87,0,19,0,19,27,31,65,49,160,122,4835,498,2299,321,59,55,0,19,185,111,96,72,21,33,66,109,166,117,134,115,242,107,502,166,199,103,166,72,463,145,2536,346,123,138,0,19,86,65,85,69,0,19,134,93,78,61,167,115,232,105,250,129,321,126,557,184,503,184
1400000US06037409000,7495,1162,1994,618,875,397,82,125,0,19,42,35,56,85,117,114,29,29,67,79,164,191,45,67,101,121,38,43,66,109,68,57,1119,436,55,85,0,19,88,99,24,40,0,19,0,19,268,201,181,150,227,144,52,58,109,106,95,155,20,33,5501,1272,2646,607,146,125,15,27,67,68,68,60,36,49,19,30,177,84,435,192,566,222,523,330,240,118,329,270,25,43,2855,734,114,117,21,37,282,234,111,83,19,34,141,118,210,123,414,167,408,246,367,256,484,384,221,101,63,60
1400000US06037409100,5434,628,933,422,529,286,11,18,0,19,179,159,31,49,31,47,39,49,11,18,56,62,49,41,28,26,50,57,0,19,44,52,404,162,15,23,0,19,63,63,0,19,0,19,0,19,9,14,51,66,103,58,49,49,41,38,33,29,40,31,4501,599,2315,375,44,42,21,30,75,61,45,47,45,35,74,53,262,140,428,137,297,122,324,119,410,146,199,80,91,50,2186,357,183,66,60,66,104,75,6,11,37,43,52,33,236,129,353,127,196,63,324,107,306,97,189,103,140,63
1400000US06037430003,4981,769,152,155,32,35,0,14,0,14,0,14,0,14,0,14,0,14,0,14,0,14,0,14,0,14,24,35,8,12,0,14,120,155,0,14,0,14,0,14,0,14,0,14,0,14,73,117,0,14,23,37,0,14,8,14,7,12,9,14,4829,788,2419,374,114,78,24,29,153,86,105,92,0,14,15,19,155,119,300,174,361,151,196,78,495,152,229,81,272,117,2410,518,42,38,11,18,306,125,43,39,16,20,94,63,65,65,278,341,228,94,243,78,386,161,394,136,304,104
1400000US06037430004,3385,408,182,96,103,57,0,14,0,14,0,14,0,14,12,22,0,14,0,14,40,44,0,14,43,23,8,15,0,14,0,14,79,64,0,14,0,14,0,14,0,14,0,14,0,14,0,14,0,14,11,20,16,26,0,14,10,15,42,48,3203,411,1725,327,129,90,29,36,52,48,157,117,3,9,74,61,34,33,300,123,205,68,180,77,261,113,251,87,50,38,1478,201,13,26,12,20,29,34,30,37,5,11,33,34,68,41,212,100,205,76,234,93,238,105,162,61,237,99
1400000US06037430005,3982,623,385,201,114,96,0,14,0,14,0,14,0,14,0,14,0,14,0,14,75,79,0,14,11,19,28,36,0,14,0,14,271,134,0,14,0,14,0,14,0,14,0,14,0,14,9,17,68,68,17,27,10,20,144,121,0,14,23,26,3597,604,1747,310,56,64,40,61,162,99,16,25,0,14,41,47,133,56,200,124,244,96,294,117,283,200,215,69,63,42,1850,364,157,104,0,14,133,96,0,14,42,48,4,9,55,46,263,125,254,115,215,96,310,255,223,77,194,65
1400000US06037430101,4691,569,840,280,348,163,0,14,0,14,0,14,0,14,34,48,24,33,0,14,36,50,0,14,14,92,71,100,39,33,130,90,492,195,0,14,0,14,26,35,36,50,0,14,0,14,0,14,61,62,24,31,0,14,35,40,60,74,250,127,3851,619,1809,333,85,75,3,28,103,71,25,32,20,31,6,11,46,46,364,121,262,134,320,151,366,116,111,80,98,87,2042,392,29,40,0,14,99,112,48,50,0,14,43,49,153,110,358,154,80,53,351,110,336,112,238,154,307,155
1400000US06037430102,4938,650,285,114,152,82,0,14,0,14,5,8,0,14,0,14,0,14,0,14,7,10,0,14,8,11,18,30,87,72,27,21,133,76,0,14,0,14,0,14,0,14,0,14,0,14,1,4,21,25,10,17,7,11,6,9,55,37,33,37,4653,684,2364,391,184,100,0,14,262,175,92,63,25,19,82,55,158,114,454,217,295,89,271,152,342,116,129,81,70,41,2289,401,174,109,34,30,109,85,104,53,22,25,33,43,486,344,288,129,249,101,192,85,259,106,148,81,191,67
1400000US06037430200,992,139,47,29,9,7,0,14,0,14,0,14,0,14,0,14,0,14,0,14,0,14,0,14,5,5,0,14,0,14,4,5,38,26,0,14,0,14,6,7,3,4,0,14,0,14,7,7,0,14,6,7,5,5,4,4,2,3,5,6,945,139,464,89,14,15,0,14,17,13,0,14,2,3,10,11,46,27,26,16,34,18,43,20,130,47,30,14,112,64,481,74,5,5,0,14,14,11,12,13,0,14,11,10,3,3,35,18,23,13,66,36,124,38,33,14,155,44
1400000US06037430301,4420,667,196,144,52,64,0,14,0,14,0,14,0,14,0,14,0,14,0,14,0,14,0,14,0,14,7,11,11,42,34,41,144,130,0,14,0,14,0,14,0,14,0,14,0,14,0,14,58,93,52,78,0,14,0,14,0,14,34,41,4224,636,2189,465,103,79,50,37,21,26,225,266,34,31,69,39,126,78,158,111,218,75,346,175,484,170,260,69,95,42,2035,302,69,50,0,14,92,64,141,104,89,97,45,35,37,27,167,112,275,149,291,139,375,91,277,82,177,70
1400000US06037430302,4936,504,281,175,137,116,0,14,0,14,0,14,0,14,0,14,0,14,0,14,23,33,54,90,39,62,0,14,21,33,0,14,144,136,0,14,0,14,0,14,0,14,0,14,0,14,22,35,77,117,3,7,0,14,22,33,20,31,0,14,4655,507,2420,315,113,72,41,63,254,119,64,78,0,14,33,40,232,134,184,132,234,89,358,174,447,146,285,121,175,79,2235,382,188,157,23,37,82,81,31,35,0,14,97,84,39,46,190,107,471,153,360,113,375,134,170,90,209,106
1400000US06037430400,4221,615,197,125,76,69,0,14,0,14,0,14,0,14,0,14,12,19,18,22,0,14,0,14,24,24,16,18,6,11,0,14,121,80,0,14,0,14,0,14,0,14,0,14,5,10,9,15,43,63,12,19,6,10,32,29,0,14,14,13,4024,622,2073,315,30,53,0,14,201,108,108,68,25,21,84,55,86,53,235,133,188,89,282,73,324,114,252,96,258,158,1951,390,35,31,38,50,122,63,43,37,68,56,23,25,166,201,176,111,191,84,284,73,242,102,423,181,140,62
1400000US06037430501,4217,485,161,81,104,61,0,14,0,14,0,14,0,14,0,14,0,14,28,43,0,14,18,20,10,16,17,20,22,21,9,15,57,41,0,14,0,14,0,14,0,14,0,14,0,14,4,8,0,14,0,14,14,29,0,14,21,20,18,21,4056,476,2019,401,100,70,12,21,141,83,76,51,59,54,51,41,83,50,415,440,215,71,247,85,265,100,207,81,148,63,2037,234,48,70,22,25,73,41,82,63,63,42,85,62,54,45,200,109,240,79,288,84,443,162,296,83,143,49
1400000US06037430502,6666,491,338,196,143,133,49,78,0,19,33,41,0,19,0,19,0,19,0,19,0,19,16,28,11,17,14,24,9,17,11,3,195,103,0,19,0,19,0,19,0,19,14,23,0,19,0,19,17,27,21,33,13,21,0,19,48,41,82,65,6328,510,2936,344,256,171,0,19,113,101,88,85,95,102,31,52,170,122,475,217,423,164,265,138,510,158,325,138,185,82,3392,356,112,75,0,19,222,147,190,161,0,19,14,25,36,42,340,166,689,192,154,94,886,275,283,103,466,168
1400000US06037430600,4185,573,371,150,158,91,12,19,0,14,0,14,13,19,14,19,13,19,10,14,8,13,0,14,25,23,22,28,41,66,0,14,213,95,10,18,0,14,16,22,0,14,0,14,10,16,9,12,12,18,31,29,35,26,36,20,0,14,54,62,3814,569,1869,316,91,83,16,26,42,42,66,72,33,32,36,36,147,84,218,63,167,110,311,156,312,116,228,74,202,80,1945,367,38,38,0,14,153,69,236,187,54,57,0,14,178,163,244,87,124,67,267,72,238,93,240,82,173,73
1400000US06037430701,4736,618,296,146,159,114,8,15,10,16,0,14,0,14,0,14,0,14,0,14,0,14,82,102,15,18,23,26,10,15,11,18,137,69,0,14,0,14,10,16,17,21,0,14,11,17,0,14,25,26,15,20,21,24,18,19,20,30,0,14,4440,623,2118,374,165,179,21,34,130,67,107,60,18,20,16,19,117,78,268,112,262,113,223,72,211,77,279,104,301,198,2322,364,18,19,27,26,193,87,96,67,18,22,56,51,105,73,263,118,307,105,391,107,262,87,182,79,404,208
1400000US06037430721,3253,394,422,212,195,102,0,14,0,14,0,14,0,14,0,14,0,14,23,27,14,22,31,85,51,59,22,25,54,73,0,14,227,137,0,14,0,14,0,14,0,14,0,14,0,14,0,14,51,51,0,14,19,22,34,52,48,47,75,77,2831,489,1480,359,23,27,30,33,172,93,31,33,64,61,16,20,53,41,275,230,196,137,187,74,168,84,179,117,86,46,1351,237,73,66,0,14,78,49,92,65,0,14,77,48,76,59,99,68,127,59,211,84,243,100,160,69,115,73
1400000US06037430723,4893,806,255,110,112,80,0,14,0,14,7,16,0,14,0,14,0,14,18,31,40,47,8,13,11,19,18,20,10,17,0,14,143,68,8,16,0,14,0,14,0,14,0,14,14,22,13,21,28,30,0,14,33,29,0,14,23,21,24,28,4638,776,2332,470,106,68,0,14,112,80,84,66,89,113,132,57,206,128,491,192,212,149,279,115,384,181,87,62,150,87,2306,409,60,65,0,14,160,105,145,108,82,83,38,43,147,108,242,115,395,110,359,156,349,147,146,82,183,100
1400000US06037430724,5321,601,705,289,424,190,0,19,0,19,76,92,0,19,0,19,76,112,16,18,75,96,73,68,49,59,34,43,25,41,0,19,281,136,35,41,0,19,0,19,59,54,0,19,0,19,26,23,32,38,14,23,44,54,35,33,19,23,17,25,4616,624,2400,454,57,56,51,55,289,131,79,63,10,16,106,82,39,31,366,136,429,137,502,373,217,114,169,66,86,102,2216,335,44,61,22,35,240,123,125,93,8,13,73,44,114,72,235,112,469,162,272,89,296,112,113,54,205,107
1400000US06037430801,7130,1042,831,600,538,366,0,19,0,19,179,209,0,19,0,19,78,130,90,95,16,25,0,19,88,136,61,51,0,19,26,29,293,253,0,19,0,19,0,19,90,129,0,19,23,38,0,19,49,79,87,124,30,36,0,19,14,22,0,19,6299,1021,2652,521,225,130,0,19,310,181,151,99,0,19,14,22,65,57,432,193,399,192,388,155,452,168,185,94,31,41,3647,891,130,132,116,117,487,303,64,45,0,19,81,70,296,271,645,259,619,285,291,132,432,218,412,188,74,59
1400000US06037430802,3973,517,218,154,118,115,0,14,0,14,0,14,0,14,0,14,0,14,19,28,74,109,0,14,0,14,20,26,5,8,0,14,100,63,0,14,0,14,0,14,11,17,0,14,10,16,20,30,10,16,9,15,0,14,0,14,30,30,10,15,3755,531,1706,291,32,29,14,18,94,49,75,63,49,35,32,28,172,145,178,93,120,55,334,96,307,99,154,71,145,69,2049,350,32,40,0,14,166,78,96,80,6,10,67,59,217,106,242,112,228,92,229,103,359,121,124,56,283,108
1400000US06037430803,5199,588,304,135,115,65,0,19,0,19,0,19,8,14,0,19,12,21,24,27,0,19,19,18,7,12,0,19,45,44,0,19,189,112,0,19,0,19,0,19,0,19,0,19,0,19,0,19,10,17,21,27,66,78,12,20,43,37,37,50,4895,619,2438,409,95,64,39,45,189,137,106,120,0,19,31,31,135,77,276,84,259,103,333,138,304,136,375,119,296,137,2457,347,161,128,0,19,208,105,49,45,13,20,31,29,159,79,202,109,359,143,363,111,344,102,336,146,232,101
1400000US06037430901,4199,448,400,156,242,101,64,62,0,14,0,14,0,14,0,14,0,14,5,8,28,29,32,47,14,14,40,43,49,64,10,12,158,78,0,14,0,14,0,14,0,14,0,14,0,14,0,14,52,49,10,14,0,14,38,28,13,14,45,29,3799,460,1815,287,163,62,16,21,121,93,78,57,27,33,93,62,168,75,264,86,325,93,266,126,137,57,115,48,42,38,1984,314,10,17,39,44,229,94,59,40,0,14,10,16,209,131,266,111,386,118,298,136,296,85,83,50,99,53
1400000US06037430902,4915,611,307,162,95,67,10,16,0,19,9,14,0,19,0,19,25,41,4,9,29,28,0,19,0,19,9,15,9,14,0,19,212,138,0,19,0,19,0,19,0,19,0,19,0,19,37,44,93,126,0,19,0,19,24,22,29,38,29,28,4608,547,2301,332,76,78,74,59,149,88,191,148,12,21,16,18,158,120,367,147,354,130,390,189,307,115,149,69,58,47,2307,331,243,129,0,19,106,69,97,82,60,81,48,48,114,77,469,168,384,133,302,138,225,85,119,49,140,78
1400000US06037431002,3137,322,264,109,54,38,0,14,0,14,0,14,0,14,0,14,0,14,1,2,9,15,1,2,10,17,9,15,8,12,16,19,210,88,0,14,0,14,10,16,10,18,0,14,0,14,0,14,8,15,10,16,40,28,39,39,20,23,73,49,2873,361,1359,161,119,83,0,14,63,48,53,41,74,62,23,26,88,54,150,64,184,72,114,53,229,86,174,66,88,47,1514,285,140,93,31,36,19,21,41,43,0,14,7,12,77,49,229,99,168,75,147,67,327,148,203,55,125,64
1400000US06037431003,4613,1276,1261,874,600,494,101,90,44,43,166,249,0,14,0,14,80,103,0,14,52,75,55,48,12,22,90,108,0,14,0,14,661,425,164,190,0,14,34,55,74,111,0,14,11,22,9,13,131,80,152,116,0,14,75,62,11,18,0,14,3352,1147,1574,508,83,56,9,14,54,55,54,66,0,14,8,13,59,60,325,219,246,80,195,111,360,241,133,53,48,32,1778,665,104,74,0,14,230,189,52,61,0,14,75,57,25,28,360,236,208,68,317,264,212,84,145,81,50,37
1400000US06037431004,3138,328,369,219,157,105,51,76,0,14,0,14,0,14,0,14,17,28,11,22,0,14,0,14,11,18,0,14,47,73,20,31,212,144,49,75,0,14,11,19,0,14,0,14,0,14,0,14,42,64,42,67,19,25,0,14,30,36,19,30,2769,325,1287,198,80,67,0,14,60,62,59,68,0,14,10,19,178,102,226,96,241,113,178,79,143,74,66,55,46,31,1482,228,73,52,30,32,106,46,113,88,1,12,12,18,73,63,243,100,249,66,214,103,173,70,114,49,81,65
1400000US06037431100,7321,814,688,421,349,229,0,19,0,19,0,19,61,71,45,63,35,55,16,27,30,48,0,19,85,101,14,23,14,23,49,74,339,222,0,19,0,19,36,59,0,19,0,19,34,55,16,27,50,80,32,52,0,19,20,33,120,103,31,45,6633,866,3396,540,280,162,0,19,268,159,204,154,19,34,132,131,399,134,701,168,468,176,344,154,330,126,178,123,73,66,3237,489,36,42,0,19,241,152,141,128,39,67,31,41,205,203,740,234,536,206,367,137,418,117,349,167,134,92
1400000US06037431200,6335,673,487,218,221,98,0,19,0,19,11,19,0,19,21,24,10,15,27,28,16,20,24,27,17,22,22,24,25,34,48,45,266,134,26,41,0,19,5,8,12,19,35,41,17,26,15,23,33,37,35,39,20,27,32,37,3,9,33,26,5848,746,3080,489,233,96,25,36,338,151,145,94,52,45,155,125,209,86,549,175,292,117,351,149,390,91,152,69,189,93,2768,376,107,80,19,25,157,84,170,104,29,27,62,47,243,90,541,158,238,80,454,135,371,89,272,131,105,62
1400000US06037431300,2516,405,190,87,54,41,0,14,0,14,4,7,9,15,0,14,0,14,7,11,16,17,10,12,0,14,8,12,0,14,0,14,136,64,0,14,0,14,0,14,0,14,0,14,0,14,39,48,0,14,37,25,7,11,14,19,27,24,12,14,2326,389,1286,245,161,71,17,21,67,46,54,53,15,16,7,11,77,64,183,80,131,50,182,79,162,50,150,47,80,48,1040,220,28,34,9,14,68,41,11,10,0,14,14,17,75,71,191,88,104,46,173,65,162,63,182,59,23,34
1400000US06037431400,3647,577,320,281,106,59,0,14,0,14,0,14,0,14,0,14,0,14,10,15,58,42,24,39,14,19,0,14,0,14,0,14,214,244,95,157,28,46,0,14,0,14,0,14,0,14,0,14,0,14,28,32,0,14,11,16,52,83,0,14,3327,500,1641,356,15,26,55,91,178,96,10,18,0,14,64,59,84,82,173,79,194,113,280,104,141,83,302,109,145,65,1686,208,28,41,0,14,66,57,110,71,16,26,29,25,115,63,199,114,74,58,312,101,152,64,350,121,235,99
1400000US06037431501,3652,369,295,140,141,93,0,14,0,14,0,14,3,9,0,14,0,14,10,16,0,14,34,52,12,16,41,50,41,46,0,14,154,85,0,14,0,14,0,14,0,14,0,14,2,8,44,32,6,11,0,14,22,34,38,30,31,29,11,16,3357,365,1761,255,131,73,11,18,79,43,88,77,35,49,55,57,98,66,277,127,160,85,206,82,277,119,240,80,104,47,1596,195,55,47,12,19,100,70,56,40,17,25,14,17,15,17,174,64,180,65,320,95,206,79,264,83,183,83
1400000US06037431502,4708,717,657,386,321,211,40,52,0,14,0,14,0,14,0,14,0,14,23,34,11,17,70,74,55,82,59,61,16,20,47,66,336,188,20,32,43,55,0,14,0,14,0,14,0,14,4,8,60,47,18,14,73,78,43,36,23,21,52,57,4051,698,2076,456,150,126,0,14,124,64,93,119,0,14,77,109,137,105,304,123,234,72,345,125,274,88,231,77,107,60,1975,338,101,98,18,27,84,53,34,26,45,53,58,57,156,81,153,98,369,98,323,137,258,76,181,48,195,71
1400000US06037431600,3893,537,334,157,167,89,0,14,0,14,0,14,11,18,0,14,0,14,0,14,12,18,36,31,13,21,7,11,45,39,43,39,167,83,0,14,0,14,0,14,0,14,0,14,0,14,0,14,13,20,25,29,0,14,19,21,63,46,47,45,3559,552,1665,305,96,79,47,65,119,81,22,26,0,14,25,26,170,152,108,66,167,76,351,152,194,68,216,81,150,74,1894,295,120,119,84,64,84,56,42,40,12,24,38,37,84,48,116,84,306,137,292,149,359,96,143,56,214,77
1400000US06037431701,6188,894,541,429,190,187,0,19,0,19,58,80,32,56,0,19,0,19,15,26,0,19,0,19,77,84,0,19,0,19,8,17,351,257,0,19,0,19,122,158,0,19,0,19,0,19,23,41,48,53,47,66,33,48,0,19,16,26,62,70,5647,990,2598,445,121,152,0,19,235,179,57,70,22,34,8,21,196,93,151,134,483,122,255,151,367,152,257,102,446,284,3049,666,202,120,0,19,237,142,90,89,41,44,56,63,151,101,193,117,472,181,631,316,376,182,291,120,309,148
1400000US06037431800,4922,605,463,182,188,115,0,19,0,19,0,19,0,19,0,19,0,19,0,19,18,28,45,47,37,57,33,36,26,40,29,32,275,138,0,19,0,19,7,12,7,12,0,19,0,19,0,19,28,38,21,25,35,54,30,33,75,68,72,117,4459,611,1984,375,125,65,0,19,198,89,58,82,7,12,21,26,8,15,376,208,201,91,321,99,139,79,322,138,208,90,2475,332,18,21,18,28,78,66,107,79,51,48,24,27,127,80,301,120,391,120,241,134,348,134,425,197,346,170
1400000US06037431900,3346,528,146,97,50,44,0,14,0,14,0,14,0,14,0,14,10,15,0,14,22,24,0,14,0,14,0,14,18,22,0,14,96,67,10,17,0,14,12,18,13,20,0,14,0,14,0,14,0,14,10,16,10,15,10,17,20,23,11,18,3200,533,1548,263,53,50,37,41,88,63,3,13,13,22,33,34,96,64,196,96,310,188,227,97,236,109,133,69,123,60,1652,326,86,70,0,14,45,40,31,35,15,23,35,31,99,60,200,108,190,97,338,113,240,107,258,178,115,67
1400000US06037432001,2024,235,93,54,26,32,0,14,0,14,0,14,0,14,0,14,0,14,0,14,0,14,0,14,0,14,2,5,24,32,0,14,67,44,0,14,0,14,0,14,0,14,0,14,0,14,0,14,9,16,0,14,16,17,2,4,22,22,18,14,1931,235,984,161,15,17,0,14,30,27,15,18,23,26,33,35,116,80,124,55,150,67,204,72,112,46,103,44,59,31,947,126,68,47,0,14,95,50,41,31,8,13,0,14,66,51,124,74,84,33,192,65,119,47,67,32,83,43
1400000US06037432002,5356,768,568,323,276,168,30,47,0,19,18,26,18,26,0,19,0,19,0,19,21,35,17,26,69,60,55,65,30,37,18,29,292,188,20,31,18,26,0,19,28,43,26,41,0,19,29,42,25,29,61,73,19,31,17,32,0,19,49,43,4788,775,2505,529,75,110,58,63,283,114,72,56,8,15,30,33,360,350,196,101,337,158,387,169,259,119,275,126,165,99,2283,337,66,54,0,19,187,103,96,70,68,65,48,39,126,75,116,61,294,88,461,172,333,135,267,113,221,69
1400000US06037432101,4801,672,281,235,124,120,0,14,9,15,0,14,26,39,0,14,0,14,0,14,9,14,1,5,36,37,8,13,35,37,0,14,157,123,0,14,0,14,47,46,0,14,0,14,0,14,0,14,27,31,28,34,5,9,16,27,33,37,1,3,4520,676,2315,450,139,76,12,18,169,90,146,109,7,11,54,40,193,169,269,154,378,141,361,170,276,137,201,90,110,77,2205,317,119,67,0,14,222,110,88,60,38,32,39,39,32,32,248,105,322,90,395,178,284,106,248,91,170,73
1400000US06037432102,5777,588,328,185,194,128,10,17,0,19,0,19,0,19,0,19,0,19,45,39,30,39,9,16,43,44,57,54,0,19,0,19,134,74,0,19,10,18,0,19,0,19,0,19,0,19,12,15,0,19,8,16,62,47,18,19,0,19,24,27,5449,597,2775,314,80,50,49,62,260,111,263,112,84,55,145,71,124,55,157,74,321,99,485,122,331,99,254,72,222,69,2674,363,68,55,11,18,259,119,84,52,22,25,108,77,239,102,186,87,330,106,439,128,351,95,340,91,237,90
1400000US06037432201,4554,975,407,162,201,97,0,14,0,14,9,16,0,14,8,13,0,14,0,14,29,35,20,45,16,22,33,21,52,45,34,36,206,91,0,14,7,30,0,14,0,14,0,14,0,14,0,14,0,14,6,27,8,13,69,52,44,42,72,55,4147,981,2422,945,98,79,21,30,108,73,49,51,0,14,99,66,241,98,215,205,701,532,284,113,229,103,113,54,264,212,1725,288,84,85,9,13,135,70,9,15,20,23,9,16,66,33,246,157,338,80,291,81,194,98,212,95,112,62
1400000US06037432202,3388,475,232,171,143,136,0,14,0,14,0,14,0,14,0,14,0,14,0,14,62,64,0,14,46,57,0,14,35,47,0,14,89,63,0,14,0,14,0,14,0,14,0,14,0,14,0,14,14,21,7,14,7,14,6,13,44,50,11,19,3156,448,1587,211,32,49,0,14,51,52,67,67,0,14,0,14,131,75,330,113,101,70,219,90,258,74,219,90,179,84,1569,300,47,52,19,31,68,50,17,35,0,14,0,14,82,70,184,97,208,65,294,124,308,98,193,91,149,63
1400000US06037432300,3746,772,336,257,137,113,0,14,0,14,15,23,40,53,11,19,0,14,7,13,0,14,0,14,0,14,0,14,0,14,64,70,199,166,0,14,0,14,11,19,0,14,0,14,77,103,7,14,5,9,46,51,0,14,27,22,0,14,26,27,3410,801,1717,633,182,207,0,14,172,150,23,34,13,20,69,77,147,96,181,109,194,92,207,111,231,93,193,55,105,82,1693,341,105,76,0,14,261,192,38,41,24,23,20,33,126,73,253,97,146,79,207,77,187,64,212,52,114,46
1400000US06037432401,3704,647,339,252,216,177,47,71,0,14,31,34,0,14,0,14,21,31,17,23,8,12,33,43,14,29,23,20,22,24,0,14,123,84,23,35,0,14,0,14,0,14,0,14,0,14,28,33,19,19,21,29,0,14,8,11,16,16,8,12,3365,687,1660,393,107,107,65,92,56,39,142,107,0,14,67,80,156,74,237,96,227,125,203,78,165,54,153,89,82,42,1705,350,89,66,56,63,132,113,55,44,67,61,96,67,77,42,177,72,221,111,198,57,244,85,206,112,87,45
1400000US06037432402,5495,861,982,335,494,220,44,45,25,29,77,66,42,57,34,54,0,19,40,39,35,37,15,33,61,55,29,39,39,36,53,44,488,166,68,97,0,19,43,38,13,23,0,19,0,19,54,45,54,48,80,58,59,48,14,21,56,46,47,39,4513,814,2363,474,147,144,0,19,86,74,141,87,0,19,186,112,177,96,359,183,426,157,366,120,229,131,181,69,65,39,2150,389,57,52,0,19,154,91,48,66,122,89,30,32,155,114,424,218,238,114,386,153,246,103,191,60,99,58
1400000US06037432501,3993,392,562,271,111,82,0,14,0,14,0,14,0,14,27,42,0,14,0,14,0,14,0,14,48,66,13,19,23,31,0,14,451,210,0,14,0,14,18,28,0,14,0,14,16,27,16,26,14,21,146,111,40,45,26,32,101,74,74,70,3431,424,1824,289,55,69,1,10,49,44,56,55,0,14,34,36,211,106,171,117,407,148,267,99,296,157,163,83,114,55,1607,268,86,86,0,14,154,67,41,38,16,25,11,17,198,95,152,108,198,72,238,92,181,75,248,94,84,74
1400000US06037432502,4179,1027,267,166,136,108,18,28,0,14,16,25,0,14,0,14,5,8,10,12,0,14,23,27,24,27,0,14,22,21,18,17,131,80,0,14,0,14,17,25,0,14,0,14,0,14,4,8,21,25,61,56,9,11,0,14,19,25,0,14,3912,1036,1980,420,258,279,12,20,79,70,55,64,22,27,4,8,185,93,252,120,417,137,234,83,224,125,135,51,103,56,1932,682,78,69,58,54,37,34,56,59,25,29,13,22,233,169,487,437,167,67,254,107,201,102,220,68,103,45
1400000US06037432601,6515,971,1383,559,779,315,66,65,0,19,88,76,100,88,32,49,28,45,73,77,72,81,47,55,72,69,70,68,98,114,33,36,604,274,17,29,64,55,53,47,65,83,29,46,34,55,18,24,58,63,106,72,42,55,29,24,76,57,13,21,5132,910,2775,521,160,105,42,37,236,123,84,90,62,68,47,64,383,215,228,115,455,185,414,166,232,95,322,161,110,65,2357,480,72,63,48,80,183,149,36,39,36,36,48,46,112,69,392,152,380,151,255,127,504,217,128,54,163,90
1400000US06037432602,4197,604,506,285,318,176,27,40,0,14,25,37,39,44,0,14,23,34,17,19,0,14,42,43,34,40,36,29,7,12,68,53,188,115,0,14,25,37,0,14,25,38,10,16,10,16,10,15,0,14,22,32,17,19,10,14,21,24,38,42,3691,640,2040,397,93,66,34,49,172,151,85,86,67,72,0,14,90,54,389,119,269,102,205,102,256,89,244,93,136,97,1651,308,41,53,0,14,99,79,22,25,48,44,36,34,89,53,166,86,186,97,259,95,147,70,351,98,207,151
1400000US06037432700,4616,753,971,405,464,234,41,65,48,61,64,72,24,27,12,19,24,17,42,46,61,71,18,27,57,67,24,27,37,43,12,19,507,207,67,76,13,20,45,51,0,14,37,46,27,44,37,39,12,19,94,69,50,47,73,67,52,54,0,14,3645,737,1995,384,19,24,15,24,196,190,17,21,0,14,87,70,197,128,157,87,340,158,278,106,454,253,87,49,148,83,1650,463,42,34,15,23,11,19,18,20,9,14,100,163,177,101,193,83,274,225,282,113,185,106,199,112,145,80
1400000US06037432801,2214,328,606,211,285,147,63,60,0,14,75,71,21,30,8,14,0,14,20,28,20,23,0,14,11,17,4,6,11,13,52,30,321,106,0,14,21,21,25,46,8,15,14,23,0,14,12,19,25,20,48,45,0,14,6,9,27,19,135,48,1608,323,812,176,16,27,0,14,17,28,5,9,6,9,42,41,52,37,146,63,58,51,66,46,170,68,107,57,127,41,796,200,0,14,0,14,16,19,31,37,11,14,24,25,68,94,97,59,85,62,81,43,86,46,130,53,167,53
1400000US06037432802,5460,1011,1318,790,700,485,25,23,0,19,51,51,5,11,111,115,14,23,75,93,100,120,65,62,45,45,57,59,47,53,105,153,618,330,0,19,0,19,54,62,0,19,0,19,0,19,139,134,125,78,80,64,66,96,60,53,94,96,0,19,4142,701,2301,541,210,98,30,49,163,88,23,33,8,16,79,60,314,193,651,241,301,156,161,97,188,170,92,53,81,59,1841,337,90,76,0,19,198,107,68,56,50,50,10,18,201,114,419,134,330,112,225,87,98,61,93,51,59,63
1400000US06037432901,4322,551,864,433,348,185,0,14,0,14,34,51,0,14,0,14,47,60,7,14,31,37,60,59,37,51,66,67,60,53,6,10,516,291,15,27,0,14,78,54,0,14,0,14,0,14,68,59,58,57,89,74,76,84,8,12,62,56,62,71,3458,630,1637,348,68,83,56,40,0,14,117,70,25,41,11,15,109,82,306,201,142,76,204,111,459,131,65,64,75,49,1821,411,28,42,18,32,91,71,181,134,16,25,125,104,74,69,204,105,192,81,323,139,318,120,175,94,76,64
1400000US06037432902,2873,358,218,106,90,51,0,14,0,14,0,14,0,14,0,14,0,14,22,20,4,6,30,29,5,7,3,6,5,9,21,18,128,79,0,14,0,14,0,14,11,16,0,14,0,14,12,17,0,14,29,32,13,16,12,15,33,40,18,21,2655,341,1489,244,92,48,16,22,60,50,71,49,28,26,64,36,102,46,183,71,191,61,181,68,204,65,158,54,139,53,1166,181,10,16,4,7,80,46,51,33,0,14,14,19,44,25,180,79,135,62,166,51,179,64,165,51,138,59
1400000US06037433103,6246,628,753,311,250,130,43,70,0,19,0,19,17,16,20,20,0,19,11,15,6,10,37,46,17,21,38,29,42,38,19,23,503,211,88,88,11,18,0,19,6,10,0,19,11,17,44,51,47,48,48,39,66,54,48,39,99,100,35,32,5493,646,2867,382,90,80,0,19,133,88,141,94,22,31,103,82,268,119,352,153,427,145,535,158,380,132,289,111,127,64,2626,348,35,41,0,19,61,51,61,46,44,44,187,91,268,92,316,141,342,114,444,124,395,152,280,94,193,76
1400000US06037433200,5824,740,885,358,356,162,9,14,0,19,20,32,0,19,0,19,20,25,30,35,65,47,46,44,51,60,62,76,42,63,11,16,529,231,48,53,0,19,56,54,21,33,27,43,20,31,44,42,28,26,44,44,25,41,99,100,42,50,75,59,4939,718,2338,414,138,82,56,60,86,64,42,42,38,41,49,44,230,100,298,104,478,227,272,92,308,158,232,100,111,72,2601,433,102,75,21,24,211,105,60,41,13,16,100,55,201,78,424,188,333,109,308,97,228,142,381,125,219,98
1400000US06037433302,1713,436,55,48,25,41,0,14,0,14,0,14,0,14,0,14,0,14,0,14,0,14,0,14,3,6,16,37,4,7,2,5,30,47,0,14,0,14,0,14,0,14,0,14,0,14,0,14,0,14,0,14,15,45,12,17,3,5,0,14,1658,439,865,238,27,26,0,14,104,70,0,14,17,29,19,25,79,60,107,75,127,55,129,83,200,93,56,39,0,14,793,227,54,39,0,14,69,53,17,28,0,14,19,23,108,84,157,94,84,53,77,78,120,76,33,31,55,41
1400000US06037433304,4164,561,777,296,548,227,0,14,0,14,63,72,79,78,17,23,37,48,33,35,33,43,90,86,20,42,37,42,112,87,27,43,229,121,0,14,0,14,5,11,17,31,22,36,25,42,9,14,18,24,31,37,45,41,42,39,5,9,10,16,3387,614,1615,319,38,65,0,14,135,108,138,73,40,40,118,63,143,96,261,125,149,95,140,84,240,109,160,68,53,37,1772,347,94,79,52,50,148,83,85,71,14,22,38,37,203,79,238,113,249,92,187,92,242,89,125,73,97,55
1400000US06037433305,4649,573,670,262,354,162,29,45,0,14,50,48,0,14,17,30,48,43,24,34,34,34,24,35,26,35,40,62,28,27,34,33,316,140,7,18,0,14,25,38,7,17,0,14,13,19,42,42,44,44,15,21,37,43,31,33,51,64,44,35,3979,678,2128,436,109,81,33,36,130,74,86,69,35,38,28,26,238,113,379,150,329,166,191,114,171,85,282,209,117,93,1851,337,115,89,0,14,37,36,30,46,26,39,23,28,257,149,372,123,178,89,243,119,355,128,46,44,169,91
1400000US06037433306,2930,445,566,238,176,107,0,14,0,14,11,17,34,35,0,14,0,14,19,20,8,12,23,24,56,61,15,20,10,15,0,14,390,182,26,30,0,14,88,126,0,14,16,24,6,13,45,49,32,29,57,43,48,47,71,59,1,4,0,14,2364,419,1195,222,60,45,0,14,105,56,52,31,7,10,39,35,137,56,233,105,124,71,147,54,131,47,78,42,82,46,1169,256,15,17,2,10,92,59,82,55,16,20,50,42,95,54,143,64,138,64,166,54,161,79,137,111,72,39
1400000US06037433307,2909,323,786,283,388,146,36,36,0,14,6,9,81,44,31,33,16,24,64,43,43,61,48,38,0,14,15,17,22,20,26,31,398,147,78,67,0,14,46,30,23,26,16,24,0,14,16,17,65,56,46,37,0,14,19,20,57,39,32,31,2123,366,1174,213,18,22,10,16,119,75,76,57,37,35,36,40,91,49,127,71,134,70,242,126,53,34,164,76,67,60,949,232,55,51,0,14,10,11,56,48,0,14,18,28,83,69,128,57,152,72,128,71,137,61,126,65,56,49
1400000US06037433402,4677,758,932,443,434,208,22,34,22,34,52,54,88,87,0,14,0,14,91,60,107,76,42,45,0,14,10,16,0,14,0,14,498,253,58,81,0,14,110,86,22,35,61,87,0,14,32,52,33,38,108,85,21,21,0,14,53,55,0,14,3745,826,2095,575,0,14,33,32,80,90,128,79,112,116,14,24,432,174,248,106,334,259,308,123,291,118,94,61,21,32,1650,339,94,78,51,52,136,100,82,76,25,36,77,81,129,76,249,116,201,105,313,111,204,123,37,43,52,46
1400000US06037433403,4706,666,1240,475,504,254,122,101,38,56,83,75,84,71,37,54,0,14,12,19,24,27,29,45,35,27,12,21,19,31,9,18,736,257,14,22,0,14,102,75,100,69,27,43,46,43,90,72,101,69,103,69,50,44,38,35,29,28,36,53,3466,607,1770,325,96,70,67,95,129,88,90,75,28,40,62,58,198,106,294,135,269,132,198,104,116,88,212,95,11,21,1696,342,83,89,0,14,134,85,95,84,18,15,69,64,82,58,284,147,145,80,303,195,323,102,133,60,27,30
1400000US06037433505,3997,748,608,238,277,126,0,14,22,35,0,14,0,14,0,14,0,14,33,27,0,14,10,24,63,45,48,59,41,48,60,58,331,141,0,14,0,14,9,19,28,37,0,14,14,20,10,15,0,14,80,69,36,43,21,29,113,73,20,43,3389,752,1876,423,21,25,0,14,145,128,139,79,0,14,87,82,158,96,319,119,93,60,333,198,477,228,89,53,15,17,1513,403,129,114,0,14,137,102,57,57,46,47,0,14,40,46,261,137,151,72,263,126,200,91,202,166,27,27
1400000US06037433506,3405,524,911,320,465,198,27,29,12,22,41,27,34,33,0,14,86,72,37,26,37,33,12,17,154,93,11,20,14,22,0,14,446,144,0,14,8,14,35,35,0,14,41,62,0,14,73,55,40,37,52,42,74,58,57,46,13,20,53,53,2494,528,1413,347,59,49,0,14,80,51,58,76,9,17,21,28,126,72,364,189,160,81,113,64,248,134,150,110,25,23,1081,259,49,51,0,14,64,50,45,47,30,32,33,33,76,52,235,94,74,51,163,71,139,64,128,96,45,43
1400000US06037433601,4832,609,273,149,163,96,0,14,0,14,0,14,0,14,0,14,0,14,28,40,11,17,41,44,11,16,13,20,12,19,47,40,110,71,0,14,0,14,0,14,0,14,0,14,11,18,21,32,0,14,0,14,11,15,1,7,35,40,31,35,4559,601,2251,336,53,54,37,33,118,81,108,73,60,83,23,25,224,103,156,82,370,147,330,112,324,110,186,73,262,91,2308,373,59,65,30,35,68,47,23,34,27,33,25,31,104,77,338,99,276,93,471,106,262,125,318,145,307,108
1400000US06037433602,2771,394,542,291,297,178,7,11,0,14,33,54,35,49,0,14,5,10,7,12,7,11,33,43,73,63,19,18,7,10,71,50,245,136,30,50,0,14,0,14,5,9,0,14,5,8,10,12,0,14,59,61,11,13,23,18,80,60,22,16,2229,362,1065,185,10,14,0,14,17,19,75,44,25,28,46,32,145,60,73,47,169,68,211,82,121,47,84,39,89,47,1164,210,25,23,0,14,15,14,26,23,0,14,25,23,160,77,78,44,223,79,198,77,123,42,203,65,88,47
1400000US06037433803,3302,472,698,491,371,286,33,36,0,14,40,38,0,14,8,12,44,63,3,6,0,14,30,33,85,75,119,130,9,11,0,14,327,210,0,14,0,14,0,14,34,38,56,73,7,12,4,6,30,43,44,36,33,32,35,52,63,45,21,25,2604,307,1236,179,89,55,0,14,49,34,63,45,31,27,0,14,91,57,201,74,301,90,73,44,112,44,139,61,87,59,1368,188,83,59,47,28,112,58,20,19,7,10,4,7,48,35,241,68,154,53,113,59,248,66,168,80,123,59
1400000US06037433804,4623,606,1239,734,593,366,198,157,0,14,44,44,39,48,26,44,19,27,100,76,16,27,101,96,28,25,0,14,22,33,0,14,646,384,184,209,17,28,64,102,11,20,0,14,53,60,78,71,87,66,68,64,18,21,18,29,19,31,29,47,3384,555,1750,329,83,78,0,14,158,86,88,52,0,14,94,74,120,67,331,120,157,84,384,109,205,143,94,58,36,35,1634,324,64,58,0,14,186,127,31,41,35,41,22,28,139,59,207,93,314,138,233,107,174,72,102,62,127,60
1400000US06037433901,5076,660,1119,439,639,257,15,23,0,19,104,69,59,46,35,44,0,19,56,52,98,68,32,38,42,51,148,74,33,51,17,26,480,245,21,31,0,19,32,34,42,48,0,19,54,76,62,91,12,19,75,64,77,64,100,55,5,10,0,19,3957,726,1733,345,0,19,39,61,25,30,65,70,6,10,13,23,270,121,228,106,254,98,399,216,267,118,97,66,70,78,2224,458,133,118,41,62,102,69,143,84,38,36,30,44,226,150,399,111,320,143,319,171,326,145,85,44,62,47
1400000US06037433903,5389,797,1296,668,523,402,153,160,0,19,49,48,29,39,0,19,16,29,0,19,121,112,17,27,15,24,97,136,26,38,0,19,773,333,111,113,0,19,199,141,45,49,0,19,0,19,50,66,105,87,38,44,110,126,33,34,44,46,38,38,4093,646,2078,369,61,55,28,34,101,77,106,91,24,38,79,45,182,112,230,123,361,125,333,127,359,158,128,71,86,53,2015,374,58,70,0,19,102,88,44,43,107,82,0,19,226,115,219,98,327,108,421,208,228,96,139,78,144,65
1400000US06037434001,4408,508,544,324,285,192,43,61,0,14,22,36,28,45,21,34,0,14,58,59,23,35,50,75,21,33,0,14,0,14,19,33,259,161,0,14,0,14,0,14,78,112,0,14,0,14,0,14,0,14,25,35,73,62,21,32,45,52,17,19,3864,574,1724,301,70,67,24,36,99,78,106,74,15,21,22,25,141,60,303,132,220,92,193,106,310,111,105,72,116,81,2140,380,285,172,38,46,130,88,35,41,108,87,23,33,103,81,269,115,343,132,268,98,272,104,151,89,115,74
1400000US06037434003,3704,363,505,256,274,161,26,25,23,22,0,14,16,24,13,14,23,22,5,8,72,77,0,14,42,30,43,24,8,10,3,6,231,116,14,21,0,14,24,23,20,26,0,14,14,18,0,14,48,33,38,25,20,26,30,27,23,22,0,14,3199,394,1695,230,195,93,0,14,93,55,62,41,24,28,86,61,138,72,250,101,220,74,227,80,239,84,104,47,57,43,1504,258,80,55,35,34,91,54,50,38,26,22,53,40,122,49,253,86,177,72,201,85,198,68,142,47,76,58
1400000US06037434004,2868,562,361,219,140,100,6,14,0,14,55,45,0,14,0,14,0,14,0,14,0,14,0,14,75,68,4,7,0,14,0,14,221,120,0,14,0,14,11,26,100,101,0,14,0,14,0,14,5,12,43,43,0,14,24,35,0,14,38,34,2507,605,1259,314,115,81,8,12,67,48,18,17,7,9,38,33,96,60,169,88,159,65,104,56,111,76,169,90,198,115,1248,323,27,29,0,14,56,49,37,38,13,23,0,14,78,51,260,117,95,53,158,71,166,84,221,116,137,102
1400000US06037434100,6007,591,909,353,380,156,0,19,8,14,40,51,36,47,0,19,24,23,46,38,12,15,22,28,120,93,33,28,28,37,11,13,529,224,24,23,0,19,92,69,47,56,30,36,6,9,43,42,100,83,35,34,66,45,50,49,13,15,23,22,5098,660,2405,457,89,56,0,19,224,147,113,64,21,26,105,68,307,165,255,115,269,100,302,109,333,139,249,110,138,100,2693,402,142,87,0,19,78,60,79,62,154,89,76,68,270,113,394,142,262,105,346,113,410,114,249,104,233,111
1400000US06037460001,1790,422,22,24,0,14,0,14,0,14,0,14,0,14,0,14,0,14,0,14,0,14,0,14,0,14,0,14,0,14,0,14,22,24,0,14,0,14,0,14,0,14,0,14,0,14,0,14,0,14,5,7,0,14,0,14,0,14,17,24,1768,423,996,324,82,122,36,49,56,60,68,90,13,15,38,39,32,26,64,34,67,48,116,48,169,96,149,64,106,77,772,128,43,34,11,14,18,20,7,12,7,10,10,13,29,22,68,37,97,77,138,59,118,44,112,55,114,63
1400000US06037460002,2850,305,118,104,30,44,0,14,0,14,15,24,0,14,0,14,0,14,0,14,0,14,0,14,3,8,0,14,12,20,0,14,88,72,0,14,0,14,0,14,0,14,0,14,0,14,7,12,13,21,0,14,12,19,12,19,11,19,33,52,2732,315,1315,220,38,38,11,19,175,88,6,9,8,13,56,65,14,18,118,65,253,82,55,33,167,85,249,67,165,64,1417,170,62,47,17,20,132,81,26,25,0,14,0,14,28,22,108,62,181,73,155,82,228,83,255,89,225,85
1400000US06037460101,5204,865,231,148,149,124,0,19,0,19,0,19,0,19,0,19,10,18,0,19,25,32,5,6,15,21,88,104,6,16,0,19,82,94,0,19,0,19,0,19,0,19,0,19,0,19,0,19,0,19,0,19,0,19,30,34,0,19,52,85,4973,881,2407,493,176,64,14,25,122,79,39,43,0,19,76,120,145,133,159,90,327,94,132,66,516,180,362,177,339,138,2566,466,95,96,14,27,94,79,55,53,0,19,35,36,154,179,154,109,227,89,278,159,637,198,312,139,511,206
1400000US06037460200,5534,1133,535,368,118,94,50,79,0,19,0,19,0,19,0,19,0,19,0,19,0,19,22,34,0,19,7,12,0,19,39,43,417,303,0,19,0,19,48,76,0,19,0,19,45,73,26,35,37,59,0,19,99,110,0,19,39,58,123,109,4999,1118,2459,501,14,27,12,24,201,96,15,29,0,19,69,72,154,76,178,139,380,123,486,136,450,194,182,95,318,250,2540,707,227,144,16,28,286,230,64,68,0,19,119,117,125,88,255,169,399,131,225,113,324,103,107,69,393,226
1400000US06037460301,4342,601,169,89,37,28,0,14,0,14,0,14,0,14,0,14,0,14,6,15,0,14,0,14,0,14,12,18,13,19,6,14,132,85,13,20,0,14,15,23,0,14,0,14,0,14,10,16,17,27,21,23,11,18,36,33,9,14,0,14,4173,600,2094,394,315,253,0,14,182,92,72,73,9,13,29,28,21,27,158,93,251,124,412,115,253,100,254,101,138,72,2079,353,99,60,0,14,122,84,133,136,13,21,36,34,83,73,199,109,282,112,380,155,258,86,344,108,130,74
1400000US06037460302,4444,879,318,185,154,83,0,14,0,14,0,14,0,14,13,23,0,14,14,23,15,19,9,30,42,52,53,58,0,14,8,12,164,131,0,14,0,14,0,14,11,17,11,20,11,20,40,69,0,14,0,14,64,59,0,14,27,41,0,14,4126,890,2058,515,46,40,0,14,144,185,115,59,24,32,115,60,309,259,205,87,304,235,245,105,323,107,166,70,62,54,2068,410,33,38,15,23,131,83,69,62,24,27,32,34,96,67,171,87,298,96,442,197,215,80,447,317,95,49
1400000US06037460401,1061,180,78,53,35,26,5,9,0,14,11,11,0,14,0,14,0,14,0,14,0,14,0,14,0,14,14,13,5,7,0,14,43,42,0,14,0,14,0,14,0,14,0,14,0,14,0,14,0,14,5,7,0,14,34,41,4,6,0,14,983,179,467,95,17,13,0,14,79,45,4,7,0,14,0,14,20,24,61,40,94,42,62,43,53,32,34,20,43,24,516,121,19,20,0,14,4,6,26,34,0,14,10,14,38,40,57,40,94,29,86,43,96,47,58,30,28,21
1400000US06037460501,5425,509,154,87,49,34,0,19,0,19,0,19,0,19,0,19,0,19,0,19,0,19,0,19,0,19,49,34,0,19,0,19,105,61,0,19,0,19,0,19,0,19,0,19,0,19,0,19,0,19,0,19,22,24,27,26,44,39,12,18,5271,491,2725,282,150,83,22,26,446,143,110,61,32,26,88,61,147,73,220,96,321,102,283,84,436,113,284,85,186,89,2546,275,103,82,60,53,298,101,141,71,82,75,66,48,98,65,83,54,374,99,374,89,336,101,320,76,211,98
1400000US06037460502,4704,797,124,88,90,75,0,14,0,14,0,14,0,14,0,14,30,41,11,17,1,2,17,23,0,14,11,17,20,33,0,14,34,36,0,14,0,14,0,14,0,14,0,14,0,14,0,14,0,14,0,14,0,14,10,16,0,14,24,28,4580,802,2300,369,59,41,38,34,305,126,128,68,14,15,86,50,225,199,121,65,276,124,390,191,348,86,251,64,59,38,2280,465,143,163,14,22,154,64,253,155,32,29,159,179,49,28,98,50,335,114,387,156,316,91,204,60,136,63
1400000US06037460601,5202,467,171,117,54,47,0,19,0,19,10,16,0,19,0,19,0,19,0,19,0,19,0,19,0,19,44,46,0,19,0,19,117,75,0,19,0,19,10,16,9,13,7,10,0,19,7,13,6,11,0,19,9,15,69,56,0,19,0,19,5031,461,2463,284,145,89,51,44,211,92,135,51,18,22,40,34,145,60,184,152,329,103,374,97,269,98,326,100,236,95,2568,251,153,77,40,29,220,100,150,81,28,27,70,57,132,83,147,83,331,76,431,103,268,98,465,98,133,72
1400000US06037460700,4597,642,248,179,93,81,0,14,0,14,0,14,0,14,0,14,0,14,41,40,13,19,0,14,0,14,26,40,3,10,10,17,155,142,0,14,0,14,12,18,0,14,0,14,0,14,0,14,0,14,23,27,0,14,72,79,0,14,48,62,4349,678,2349,412,30,37,37,46,136,66,200,152,124,143,71,42,233,102,207,98,181,88,336,140,293,76,286,79,215,72,2000,303,45,40,43,41,154,151,114,80,0,14,107,66,53,36,108,61,203,90,377,145,247,92,330,78,219,73
1400000US06037460800,2826,334,38,38,16,24,0,14,0,14,0,14,0,14,0,14,13,22,0,14,3,7,0,14,0,14,0,14,0,14,0,14,22,26,0,14,0,14,0,14,0,14,0,14,0,14,0,14,0,14,0,14,14,23,0,14,0,14,8,15,2788,315,1266,190,11,17,23,26,37,43,0,14,16,17,29,30,39,40,41,31,180,101,126,63,299,67,242,91,223,80,1522,194,101,54,0,14,215,98,35,34,13,18,3,9,73,52,32,33,156,71,168,58,252,71,202,77,272,95
1400000US06037460900,6382,762,1239,629,560,370,87,98,0,19,0,19,104,110,0,19,0,19,26,32,58,66,101,98,123,153,61,86,0,19,0,19,679,409,57,91,0,19,40,62,34,55,0,19,87,87,101,140,145,127,38,54,82,99,45,72,13,28,37,57,5143,770,2503,453,164,150,39,60,94,63,25,45,83,75,21,25,160,105,614,273,472,198,251,109,450,193,75,50,55,49,2640,478,182,121,76,60,159,129,90,129,22,36,0,19,156,88,694,210,432,156,223,114,398,187,145,74,63,93
1400000US06037461000,5217,747,363,246,130,126,0,19,3,17,0,19,17,29,0,19,18,30,3,16,35,44,0,19,26,40,28,24,0,19,0,19,233,177,19,35,0,19,19,33,0,19,17,31,3,16,13,22,68,67,4,15,39,43,40,48,11,16,0,19,4854,765,2262,286,140,97,25,21,158,86,23,22,60,53,24,38,200,100,370,142,243,95,418,125,315,92,209,118,77,65,2592,627,196,165,12,18,167,111,110,78,30,34,19,27,176,84,270,99,374,187,480,188,300,105,306,142,152,86
1400000US06037461100,5372,771,654,365,333,222,30,45,0,19,0,19,69,109,0,19,0,19,62,53,0,19,0,19,34,55,53,51,0,19,85,92,321,175,6,13,0,19,35,56,0,19,0,19,0,19,5,12,26,39,31,49,10,14,73,60,63,68,72,72,4718,797,2322,512,56,55,0,19,171,76,83,76,29,41,65,45,347,271,231,112,450,213,277,89,248,129,234,81,131,67,2396,400,168,102,17,27,117,81,126,103,0,19,0,19,84,56,353,188,255,107,325,154,207,92,309,157,435,124
1400000US06037461200,4422,478,172,110,114,78,0,14,0,14,0,14,4,9,0,14,0,14,0,14,9,13,16,23,15,21,8,13,53,58,9,15,58,52,0,14,0,14,0,14,12,19,0,14,0,14,13,18,9,14,12,17,4,9,8,13,0,14,0,14,4250,485,2085,343,77,69,38,38,210,130,134,83,13,19,67,36,88,58,118,50,193,78,366,121,352,92,242,92,187,71,2165,286,43,29,4,7,112,56,52,31,25,32,48,41,71,42,245,137,212,59,320,100,474,179,250,87,309,99
1400000US06037461300,5945,789,671,397,167,133,0,19,0,19,0,19,0,19,0,19,0,19,14,24,56,91,16,26,19,32,0,19,49,54,13,28,504,319,79,103,0,19,0,19,0,19,0,19,0,19,0,19,139,114,58,93,14,23,94,110,56,87,64,82,5274,853,2204,389,60,56,0,19,138,119,0,19,32,50,79,61,151,113,418,274,313,156,232,104,310,121,282,135,189,103,3070,553,93,74,20,33,177,124,174,136,45,46,18,29,24,19,578,253,286,214,319,152,730,287,385,165,221,120
1400000US06037461400,2615,385,139,76,61,39,0,14,0,14,0,14,0,14,0,14,0,14,0,14,8,18,5,6,14,19,9,14,25,25,0,14,78,59,0,14,0,14,0,14,0,14,0,14,0,14,0,14,24,23,6,10,22,36,5,11,7,14,14,18,2476,390,1293,227,123,80,15,18,95,56,18,20,36,35,35,32,83,62,119,63,161,73,169,78,190,52,142,103,107,82,1183,217,78,60,0,14,49,47,49,49,15,25,12,18,102,66,123,69,166,77,166,79,152,85,114,65,157,70
1400000US06037461501,3560,436,435,240,179,105,0,14,0,14,0,14,22,33,0,14,0,14,30,48,18,25,23,33,35,46,22,36,0,14,29,36,256,152,0,14,0,14,48,51,27,41,0,14,0,14,0,14,0,14,65,57,3,6,18,24,45,37,50,35,3125,405,1500,226,123,78,0,14,121,73,36,38,7,13,18,22,79,65,261,115,299,104,210,94,185,90,100,60,61,53,1625,293,95,61,0,14,64,49,15,23,61,58,37,62,108,58,216,79,177,59,206,101,165,61,302,113,179,107
1400000US06037461502,5234,613,908,263,462,186,13,21,5,19,46,49,4,7,0,19,24,35,12,26,81,93,163,120,27,41,19,34,53,74,15,24,446,200,0,19,0,19,8,21,4,8,0,19,0,19,23,52,45,54,68,62,134,138,51,45,50,49,63,77,4326,596,2146,287,54,42,104,71,27,25,6,10,24,30,40,25,218,116,428,171,420,136,302,89,249,141,128,59,146,88,2180,424,165,102,6,15,149,111,44,51,58,60,122,86,106,57,163,87,344,112,298,93,148,90,290,170,287,227
1400000US06037461600,4832,841,826,332,287,192,3,7,0,14,74,74,8,16,0,14,0,14,147,115,2,13,2,6,18,22,19,20,14,15,0,14,539,237,24,35,0,14,32,52,13,18,0,14,0,14,81,77,105,86,16,19,75,73,173,94,14,18,6,10,4006,811,2252,587,37,33,8,14,58,63,123,98,125,169,69,51,151,62,333,251,413,194,321,154,273,144,193,74,148,76,1754,380,34,33,0,14,43,43,164,114,0,14,112,123,101,55,144,59,299,181,256,96,258,95,147,82,196,69
1400000US06037461700,1353,222,58,33,44,27,0,14,0,14,0,14,0,14,0,14,8,13,9,12,4,7,1,5,4,7,17,20,1,3,0,14,14,16,0,14,0,14,0,14,0,14,0,14,0,14,0,14,4,8,5,13,0,14,0,14,0,14,5,7,1295,229,627,126,48,37,6,10,54,27,12,14,0,14,10,15,6,8,47,29,80,34,77,36,61,27,177,63,49,26,668,133,18,19,0,14,70,50,2,5,0,14,0,14,22,24,64,51,65,20,90,34,96,46,137,49,104,55
1400000US06037461901,4748,812,1311,844,729,420,122,131,0,14,139,183,60,50,0,14,47,43,41,40,78,59,91,65,101,157,31,29,19,40,0,14,582,451,0,14,0,14,0,14,106,149,0,14,0,14,122,160,54,48,69,47,163,125,18,21,42,46,8,14,3437,503,1773,273,97,78,0,14,149,91,62,45,11,17,108,83,114,66,454,146,223,106,201,105,193,102,101,51,60,54,1664,363,113,89,0,14,99,84,30,37,0,14,8,12,95,68,570,183,193,70,189,77,216,96,135,69,16,18
1400000US06037461902,2353,247,582,177,261,101,0,14,0,14,0,14,0,14,0,14,0,14,0,14,99,57,76,54,0,14,53,40,23,29,10,16,321,112,0,14,0,14,0,14,0,14,0,14,0,14,42,35,11,17,47,56,26,32,108,91,24,31,63,75,1771,299,854,202,43,52,0,14,0,14,0,14,0,14,0,14,57,56,394,97,152,74,61,86,70,42,48,61,29,46,917,174,11,17,0,14,47,51,0,14,8,13,0,14,55,35,362,120,153,61,104,72,58,38,93,82,26,46
1400000US06037462001,4491,912,854,572,437,276,0,14,25,40,99,117,0,14,0,14,0,14,97,135,105,117,5,12,53,72,42,4,0,14,11,19,417,342,43,71,0,14,60,100,0,14,0,14,0,14,50,70,31,50,88,82,43,59,49,59,53,86,0,14,3637,937,1777,409,236,125,39,52,41,53,28,35,0,14,0,14,120,131,259,144,445,228,125,113,351,145,45,30,88,34,1860,619,202,161,31,53,98,86,44,69,34,53,45,41,177,170,378,193,226,118,190,143,300,172,61,30,74,32
1400000US06037462002,3799,510,1299,460,588,239,133,113,23,28,101,72,51,60,0,14,0,14,0,14,54,46,54,47,64,61,7,10,82,5,19,29,711,270,29,28,10,22,146,100,72,55,0,14,22,33,17,32,83,49,68,57,87,66,29,34,5,9,143,174,2500,445,1303,223,20,23,20,36,81,68,56,55,0,14,29,36,230,101,182,96,372,108,144,66,64,46,91,61,14,19,1197,293,44,62,0,14,70,68,6,12,0,14,144,101,142,98,119,72,212,71,230,102,82,60,94,74,54,37
1400000US06037462100,4423,707,374,143,133,109,0,14,5,10,6,9,0,14,0,14,52,85,22,25,0,14,18,22,0,14,19,31,11,14,0,14,241,112,6,10,0,14,0,14,0,14,0,14,0,14,0,14,6,9,5,9,20,25,50,68,34,33,120,79,4049,727,2055,385,59,46,53,68,107,79,97,73,51,51,69,74,205,88,356,151,227,108,568,186,89,53,116,56,58,66,1994,433,35,38,44,46,131,85,135,109,25,38,37,27,290,139,250,99,392,129,288,142,178,100,116,75,73,78
1400000US06037462201,3561,520,1043,203,410,162,17,21,0,14,0,14,0,14,14,19,13,19,90,107,74,61,27,44,9,15,16,25,49,50,101,75,633,139,0,14,0,14,42,43,23,24,0,14,0,14,38,39,66,46,68,68,81,47,30,26,122,86,163,99,2518,589,1342,406,48,50,0,14,8,16,15,17,0,14,0,14,33,25,415,233,403,202,95,60,103,76,105,72,117,55,1176,281,21,21,9,15,43,48,12,22,9,20,10,18,147,97,380,134,83,55,71,51,140,139,76,52,175,94
1400000US06037462202,3168,515,581,194,272,152,0,14,0,14,27,31,0,14,0,14,0,14,66,69,0,14,0,14,63,60,80,121,0,14,36,55,309,178,0,14,0,14,0,14,0,14,0,14,0,14,87,66,58,37,67,50,64,75,33,122,0,14,0,14,2587,495,1405,361,20,23,0,14,0,14,0,14,0,14,0,14,120,81,466,150,287,139,226,221,151,82,67,36,68,39,1182,232,128,95,0,14,10,18,0,14,0,14,61,62,53,47,398,119,159,74,120,82,57,48,112,55,84,40
1400000US06037462301,4311,498,556,291,193,133,35,42,0,14,0,14,0,14,0,14,0,14,28,35,29,34,0,14,13,20,88,96,0,14,0,14,363,249,16,27,0,14,24,37,39,43,8,13,0,14,80,114,58,45,14,22,29,34,93,93,0,14,2,5,3755,499,1886,275,58,43,0,14,118,81,92,68,11,18,5,12,68,43,585,136,311,74,330,134,198,59,47,38,63,45,1869,312,109,57,0,14,50,44,21,25,17,21,71,70,128,78,426,118,323,101,398,128,186,99,92,66,48,40
1400000US06037462302,3591,489,592,227,312,177,0,14,0,14,37,48,0,14,0,14,0,14,7,11,19,21,101,139,38,65,76,77,8,12,26,43,280,144,8,13,0,14,0,14,0,14,0,14,0,14,79,109,46,51,23,26,32,68,17,19,27,25,48,56,2999,379,1932,436,25,41,0,14,186,103,28,54,0,14,122,111,154,122,622,283,271,127,207,125,245,139,48,27,24,25,1067,348,21,33,25,45,26,48,53,64,0,14,0,14,49,48,289,129,258,135,115,62,135,78,65,36,31,33
1400000US06037462400,3715,578,480,255,167,99,0,14,0,14,44,64,0,14,15,28,0,14,32,45,14,23,14,20,0,14,39,34,0,14,9,15,313,176,0,14,44,64,42,42,13,22,0,14,0,14,18,29,12,23,87,75,38,49,13,20,15,23,31,30,3235,547,1760,385,120,130,7,11,112,103,65,49,29,32,56,48,113,83,184,105,251,120,269,101,230,74,271,102,53,44,1475,269,8,12,0,14,28,31,20,26,37,23,9,15,93,87,264,122,189,95,290,117,271,75,210,79,56,43
1400000US06037462500,6704,668,365,253,137,133,0,19,0,19,0,19,0,19,0,19,0,19,0,19,0,19,53,77,0,19,4,6,0,19,80,98,228,144,0,19,0,19,0,19,0,19,0,19,0,19,0,19,0,19,0,19,28,32,15,25,144,123,41,49,6339,762,2969,446,136,98,184,235,226,195,125,81,73,116,76,69,54,60,198,85,414,107,467,189,493,185,289,116,234,112,3370,495,100,66,42,44,194,116,128,145,19,32,62,75,291,136,233,124,735,174,477,258,709,300,211,84,169,118
1400000US06037462600,2374,321,257,109,87,56,6,9,0,14,0,14,0,14,0,14,0,14,16,21,1,3,5,8,37,38,1,6,21,17,0,14,170,94,0,14,0,14,26,30,0,14,0,14,0,14,26,29,7,10,27,27,40,32,21,36,23,18,0,14,2117,346,1114,185,52,41,16,23,72,41,99,89,19,17,11,17,14,14,114,66,133,44,220,84,138,30,146,57,80,62,1003,186,33,30,6,10,80,93,67,36,7,10,48,40,15,16,59,35,105,40,210,77,124,49,110,44,139,46
1400000US06037462700,5728,554,852,352,452,206,0,19,0,19,0,19,30,45,0,19,0,19,29,36,14,23,115,87,102,103,11,29,96,95,55,73,400,215,0,19,41,65,41,65,0,19,0,19,0,19,31,40,59,66,19,30,45,52,14,23,132,99,18,39,4876,528,2442,299,45,61,0,19,47,64,119,82,76,113,112,124,168,120,552,240,413,158,344,158,191,109,253,185,122,127,2434,377,125,90,54,65,182,142,79,71,88,101,37,40,89,91,484,216,423,152,296,151,348,142,204,133,25,28
1400000US06037462800,2882,464,479,279,336,233,47,61,0,14,0,14,0,14,0,14,0,14,4,7,19,30,15,20,164,235,31,38,46,50,10,18,143,123,0,14,0,14,0,14,0,14,0,14,0,14,0,14,54,59,0,14,26,39,25,35,38,50,0,14,2403,330,989,228,121,95,0,14,26,38,28,42,17,20,0,14,80,55,226,91,104,72,138,55,96,57,113,60,40,29,1414,199,75,46,0,14,104,52,34,31,0,14,0,14,40,41,326,82,164,81,322,162,168,67,72,47,109,63
1400000US06037462900,3721,424,173,100,53,45,0,14,0,14,0,14,0,14,11,17,0,14,0,14,3,8,0,14,11,17,10,14,5,10,13,22,120,69,0,14,0,14,0,14,11,18,0,14,0,14,0,14,7,12,41,47,16,19,15,20,12,18,18,27,3548,436,2005,356,263,97,17,25,77,66,37,35,0,14,25,29,128,82,229,131,219,102,294,106,286,123,163,56,267,244,1543,193,82,55,36,34,113,43,31,31,0,14,73,44,52,43,115,59,329,78,158,58,215,72,190,72,149,94
1400000US06037463000,2595,366,111,67,36,32,0,14,0,14,0,14,0,14,0,14,0,14,0,14,0,14,2,13,0,14,0,14,4,7,30,32,75,46,0,14,0,14,0,14,0,14,0,14,0,14,0,14,16,26,0,14,0,14,0,14,8,13,51,38,2484,368,1262,251,18,25,0,14,80,44,94,64,13,17,0,14,73,67,248,118,237,160,157,55,121,72,132,60,89,55,1222,190,92,76,39,52,81,68,12,20,0,14,20,26,44,41,302,106,106,54,186,63,123,74,133,80,84,44
1400000US06037463103,5457,617,506,314,265,187,32,48,0,19,28,43,17,28,0,19,0,19,0,19,26,39,56,50,18,28,4,13,32,39,52,81,241,154,0,19,0,19,46,54,0,19,0,19,0,19,0,19,91,97,15,25,59,84,7,12,23,27,0,19,4951,688,2457,407,79,61,65,58,131,64,47,43,0,19,119,83,185,107,287,120,360,230,504,110,223,77,304,118,153,86,2494,418,177,124,25,35,112,65,80,74,11,19,4,8,183,108,142,95,398,134,401,106,268,95,352,150,341,153
1400000US06037463200,3261,480,314,199,225,181,0,14,0,14,0,14,0,14,0,14,0,14,46,36,32,36,0,14,99,153,7,11,0,14,41,44,89,56,0,14,0,14,0,14,0,14,0,14,0,14,7,12,6,11,3,30,0,14,7,13,22,38,44,38,2947,460,1517,236,41,37,22,25,132,83,64,49,36,42,0,14,106,62,176,80,212,101,298,148,152,64,201,70,77,51,1430,265,30,30,0,14,74,70,16,19,10,17,24,28,51,59,164,70,264,85,143,49,201,84,172,59,281,121
1400000US06037463300,1918,344,142,80,48,34,0,14,0,14,0,14,0,14,0,14,6,10,0,14,0,14,5,9,22,32,0,14,0,14,15,15,94,55,0,14,0,14,0,14,0,14,0,14,0,14,0,14,5,8,0,14,25,28,14,14,31,31,19,17,1776,352,971,264,68,56,0,14,14,16,66,61,6,8,26,42,93,86,124,63,128,44,111,67,172,66,81,31,82,34,805,138,25,31,0,14,64,38,30,22,8,11,29,32,4,7,73,38,136,49,117,39,158,65,122,32,39,22
1400000US06037463400,5687,717,785,343,381,204,0,19,22,35,66,102,0,19,0,19,0,19,21,34,35,40,23,37,89,120,59,79,16,26,50,77,404,167,0,19,0,19,22,35,0,19,0,19,0,19,23,36,71,66,77,91,57,78,17,27,37,58,100,100,4902,795,2465,465,78,54,0,19,177,76,35,37,0,19,22,35,230,173,330,134,804,333,278,130,181,106,208,100,122,91,2437,415,211,136,57,53,139,80,12,20,0,19,0,19,74,53,435,171,485,207,312,108,303,137,306,137,103,61
1400000US06037463500,5065,716,561,209,360,173,0,19,0,19,0,19,0,19,0,19,0,19,79,72,42,38,53,69,99,94,17,37,0,19,70,107,201,148,0,19,0,19,0,19,0,19,0,19,0,19,89,78,19,24,76,120,0,19,0,19,0,19,17,28,4504,694,2296,492,149,135,17,27,68,83,0,19,0,19,50,80,164,108,638,173,492,184,196,81,229,145,174,131,119,126,2208,374,241,189,0,19,51,61,47,76,59,50,0,19,236,147,652,223,305,139,230,106,82,74,129,84,176,92
1400000US06037463601,6366,678,905,450,326,246,0,19,0,19,69,109,0,19,0,19,0,19,0,19,9,15,63,99,28,45,0,19,133,136,24,33,579,254,0,19,0,19,68,109,32,52,0,19,0,19,118,111,154,142,0,19,58,70,11,24,0,19,138,86,5461,646,2350,334,151,187,0,19,0,19,0,19,0,19,53,73,121,141,757,261,405,149,224,103,292,145,86,75,261,113,3111,479,113,100,0,19,134,108,74,88,0,19,0,19,146,114,1019,247,613,222,352,162,188,72,164,109,308,172
1400000US06037463602,5757,603,1212,320,582,228,0,19,0,19,79,61,0,19,0,19,36,57,37,47,119,115,18,29,129,80,29,52,0,19,135,124,630,204,43,33,0,19,44,34,45,35,0,19,0,19,95,94,115,98,38,59,18,28,46,69,37,53,149,109,4545,565,1906,305,41,52,0,19,0,19,0,19,14,32,0,19,33,42,613,212,412,172,268,149,247,126,129,76,149,83,2639,445,16,25,0,19,49,53,37,60,0,19,0,19,221,200,710,199,608,380,310,162,228,116,254,131,206,111
1400000US06037463700,3734,419,147,92,65,54,0,14,0,14,0,14,0,14,0,14,0,14,8,12,9,15,0,14,26,42,14,21,8,13,0,14,82,63,0,14,0,14,0,14,0,14,0,14,0,14,0,14,26,36,0,14,0,14,39,44,17,26,0,14,3587,433,1723,303,30,47,0,14,0,14,27,41,0,14,171,116,37,47,290,127,334,146,248,134,165,78,143,61,278,97,1864,291,115,123,12,19,35,43,12,20,0,14,35,60,63,77,311,110,331,140,261,137,197,86,227,108,265,117
1400000US06037463800,3949,542,155,110,55,38,0,14,0,14,0,14,0,14,0,14,0,14,0,14,0,14,0,14,0,14,48,37,7,12,0,14,100,74,0,14,0,14,0,14,0,14,0,14,35,42,11,19,0,14,0,14,0,14,45,34,9,15,0,14,3794,561,1979,381,119,57,18,20,247,179,89,49,20,24,37,28,80,59,215,175,207,59,262,114,337,124,178,66,170,94,1815,265,142,86,0,14,90,55,48,35,11,18,6,11,45,36,232,128,287,99,223,67,257,95,295,83,179,65
1400000US06037463900,2850,335,94,70,27,25,0,14,0,14,0,14,0,14,0,14,0,14,0,14,0,14,12,20,0,14,4,9,8,13,3,6,67,53,12,19,0,14,0,14,0,14,0,14,0,14,0,14,0,14,11,17,0,14,0,14,2,6,42,32,2756,335,1161,204,112,89,0,14,12,20,13,21,0,14,36,29,47,31,166,81,132,76,199,75,115,43,176,74,153,65,1595,183,8,13,0,14,47,40,38,27,21,24,31,29,50,41,263,98,152,83,222,83,194,86,267,81,302,124
1400000US06037464000,5402,715,134,95,113,87,0,19,0,19,0,19,0,19,0,19,0,19,0,19,0,19,11,19,78,77,24,40,0,19,0,19,21,24,0,19,0,19,0,19,0,19,0,19,0,19,0,19,0,19,12,18,0,19,0,19,9,15,0,19,5268,705,2564,420,84,70,11,18,191,131,54,55,46,44,76,55,85,75,297,132,371,165,617,291,317,136,264,116,151,74,2704,372,102,98,0,19,130,129,75,63,37,47,74,67,16,27,369,125,425,116,567,208,333,111,180,95,396,134
1400000US06037464101,2223,328,125,77,42,32,0,14,0,14,0,14,0,14,0,14,0,14,0,14,5,7,7,13,16,24,0,14,7,11,7,11,83,61,0,14,0,14,0,14,0,14,16,23,0,14,0,14,32,49,0,14,16,22,0,14,0,14,19,17,2098,326,1018,193,44,50,20,21,76,43,38,33,7,12,18,20,18,20,153,84,99,50,85,49,195,71,162,63,103,33,1080,166,22,21,0,14,129,77,23,26,7,11,38,31,28,39,137,58,70,46,115,46,201,69,133,52,177,78
1400000US06037464102,4542,1075,481,445,320,302,0,14,0,14,16,28,0,14,0,14,0,14,0,14,167,175,0,14,97,136,7,12,33,47,0,14,161,149,0,14,0,14,0,14,0,14,7,12,0,14,6,10,92,143,7,12,6,12,0,14,0,14,43,53,4061,697,2118,417,35,46,89,137,222,112,114,72,63,56,8,16,36,40,155,90,331,181,325,192,287,90,281,87,172,76,1943,332,151,118,24,27,81,52,98,113,8,12,94,88,70,59,163,82,224,82,278,169,365,83,288,81,99,58
1400000US06037464200,5451,904,216,183,63,54,0,19,0,19,0,19,0,19,0,19,0,19,15,25,0,19,0,19,21,35,0,19,27,36,0,19,153,157,0,19,0,19,0,19,0,19,0,19,0,19,0,19,0,19,32,49,0,19,47,47,63,96,11,16,5235,943,2620,596,87,52,49,78,348,191,123,64,160,108,85,54,212,122,182,89,201,69,415,129,298,89,322,102,138,67,2615,430,190,142,12,22,177,73,106,87,56,55,70,42,79,46,209,110,253,110,461,100,363,107,340,100,299,100
1400000US06037480002,3603,612,324,198,118,80,0,14,0,14,0,14,0,14,0,14,28,37,0,14,0,14,10,15,21,23,27,40,10,16,22,24,206,125,0,14,0,14,25,38,0,14,27,36,0,14,29,34,9,14,11,16,39,40,27,40,31,27,8,14,3279,641,1691,435,44,39,10,18,73,56,63,44,0,14,34,37,54,40,166,148,108,44,260,91,357,169,165,62,357,237,1588,260,99,73,20,29,122,62,64,49,0,14,42,35,125,55,109,48,220,87,208,74,318,165,130,45,131,51
1400000US06037480011,4981,536,769,286,336,162,31,48,0,19,0,19,63,53,12,14,23,24,10,16,51,51,57,73,0,19,29,27,43,41,17,19,433,168,34,54,0,19,0,19,22,23,10,14,71,89,0,19,9,14,56,64,107,71,64,47,31,28,29,25,4212,546,1919,332,123,91,37,31,146,91,88,64,8,14,49,34,225,154,257,104,413,117,153,58,228,77,144,73,48,34,2293,364,66,66,49,49,229,152,126,95,11,19,69,68,110,70,338,162,438,144,273,75,230,73,284,153,70,41
1400000US06037480012,4787,544,444,294,202,156,0,14,0,14,48,47,0,14,0,14,0,14,17,24,0,14,42,55,25,28,11,18,28,26,31,36,242,148,0,14,0,14,22,29,32,38,0,14,21,29,55,58,0,14,23,27,27,32,28,27,13,16,21,28,4343,609,2128,301,90,64,15,18,144,105,148,91,0,14,46,40,146,65,287,92,217,85,436,142,250,89,216,98,133,61,2215,407,8,16,35,56,126,78,46,35,12,19,114,101,156,78,323,132,212,96,449,172,269,91,206,89,259,160
1400000US06037480101,4181,542,546,208,280,130,41,43,0,14,33,36,24,36,0,14,15,23,0,14,18,27,53,43,0,14,33,29,39,60,24,38,266,102,0,14,0,14,43,42,0,14,0,14,38,53,11,18,20,26,21,31,63,42,37,56,11,17,22,22,3635,571,1678,264,106,44,22,25,134,57,105,57,46,33,22,26,89,57,219,129,191,79,139,63,309,97,184,79,112,76,1957,386,179,199,61,38,20,29,10,19,0,14,45,43,114,79,230,122,314,99,208,75,301,118,294,101,181,99
1400000US06037480102,3830,509,264,201,132,128,0,14,0,14,27,33,31,33,0,14,0,14,26,32,13,21,0,14,35,33,0,14,0,14,0,14,132,89,0,14,0,14,26,34,0,14,0,14,0,14,0,14,0,14,22,29,22,28,34,35,11,18,17,19,3566,516,1675,253,67,62,22,33,40,37,51,37,28,26,27,26,139,104,205,73,283,96,144,56,321,121,256,89,92,41,1891,297,131,65,0,14,64,50,29,28,8,13,26,24,165,95,298,142,213,89,265,70,332,119,227,77,133,54
1400000US06037480201,3597,331,83,78,33,30,0,14,0,14,0,14,0,14,0,14,0,14,3,2,0,14,9,16,0,14,10,17,0,14,11,18,50,50,10,15,0,14,11,18,0,14,0,14,0,14,9,15,0,14,0,14,10,16,10,16,0,14,0,14,3514,342,1674,254,21,23,0,14,198,106,54,32,42,34,66,44,57,32,118,59,213,70,307,97,268,82,229,84,101,50,1840,195,55,42,11,18,82,71,176,72,0,14,16,19,75,49,116,51,214,50,268,105,494,139,157,47,176,68
1400000US06037480202,2742,415,85,58,48,47,0,14,0,14,0,14,0,14,0,14,0,14,0,14,0,14,0,14,0,14,0,14,8,12,40,46,37,27,0,14,0,14,0,14,0,14,0,14,0,14,0,14,5,9,0,14,12,19,3,7,11,12,6,9,2657,395,1244,201,24,19,0,14,54,30,16,17,11,9,31,34,136,68,145,65,152,61,185,81,186,80,118,51,186,66,1413,258,45,31,0,14,62,42,40,28,7,11,68,40,107,65,123,70,108,50,225,75,193,74,250,129,185,64
1400000US06037480302,3903,485,530,162,169,117,0,14,0,14,0,14,0,14,0,14,0,14,74,70,0,14,0,14,0,14,6,10,40,44,49,33,361,83,0,14,0,14,0,14,0,14,0,14,0,14,12,19,8,13,36,56,92,71,8,12,113,79,92,53,3373,496,1571,349,174,97,0,14,76,66,119,129,0,14,19,29,86,54,174,85,338,131,120,58,219,84,161,79,85,55,1802,268,88,103,0,14,151,80,35,54,0,14,40,48,29,35,359,107,299,100,208,78,233,58,213,117,147,74
1400000US06037480303,4326,468,439,240,189,128,53,43,0,14,24,39,0,14,0,14,0,14,39,46,42,39,11,16,7,11,13,20,0,14,0,14,250,127,0,14,0,14,39,43,0,14,0,14,0,14,29,35,100,63,11,16,16,18,18,21,24,38,13,20,3887,559,1902,391,121,74,10,15,98,68,26,29,8,13,32,50,128,96,424,185,360,183,302,121,225,82,108,69,60,48,1985,316,106,74,71,77,24,28,24,28,0,14,45,37,188,97,398,186,283,120,227,84,300,113,138,72,181,72
1400000US06037480304,4099,459,649,201,294,173,0,14,0,14,9,14,56,64,48,54,0,14,11,19,50,46,14,18,56,55,13,20,27,19,10,17,355,129,0,14,0,14,8,12,13,20,0,14,0,14,45,42,26,30,36,43,14,15,90,69,57,33,66,36,3450,469,1706,280,47,45,0,14,40,52,14,23,9,15,25,23,109,64,419,136,206,73,366,135,268,111,146,70,57,36,1744,291,63,77,0,14,23,27,18,28,43,54,128,146,115,69,291,81,288,90,207,110,215,126,223,89,130,57
1400000US06037480400,5895,658,651,339,181,155,0,19,0,19,27,43,0,19,0,19,0,19,26,40,15,26,55,65,26,43,15,25,4,14,13,22,470,230,56,67,0,19,0,19,0,19,0,19,0,19,66,81,94,81,59,62,26,40,27,41,55,42,87,87,5244,713,2915,467,15,25,94,125,571,179,0,19,0,19,0,19,240,158,485,186,375,138,440,176,388,192,193,106,114,91,2329,383,60,68,27,42,46,55,57,73,61,70,34,56,105,110,374,164,465,158,312,107,357,193,229,81,202,136
1400000US06037480500,5285,574,111,110,38,43,0,19,0,19,0,19,0,19,0,19,0,19,0,19,0,19,17,31,21,35,0,19,0,19,0,19,73,85,18,34,0,19,0,19,0,19,0,19,0,19,0,19,55,67,0,19,0,19,0,19,0,19,0,19,5174,598,2572,457,128,86,30,37,173,105,175,100,81,66,40,44,27,35,256,134,447,210,308,104,455,167,257,112,195,90,2602,295,100,82,14,23,267,111,56,57,43,58,61,54,144,79,252,125,283,107,444,117,470,172,250,98,218,93
1400000US06037480601,3783,367,277,134,183,105,0,14,0,14,39,61,0,14,17,26,0,14,0,14,41,38,57,73,17,27,12,20,0,14,0,14,94,54,0,14,0,14,0,14,0,14,0,14,0,14,0,14,53,47,17,20,0,14,11,19,13,21,0,14,3506,413,1608,244,158,84,24,27,144,90,26,26,21,34,61,51,45,34,344,135,303,79,240,89,131,57,37,34,74,49,1898,317,72,57,42,40,165,86,119,95,80,76,77,90,13,19,291,93,404,139,227,107,288,103,56,43,64,47
1400000US06037480602,4145,561,61,59,48,49,0,14,0,14,7,13,7,13,0,14,0,14,0,14,21,35,0,14,13,18,0,14,0,14,0,14,13,17,0,14,0,14,0,14,0,14,0,14,0,14,0,14,7,12,6,11,0,14,0,14,0,14,0,14,4084,562,1999,344,160,145,34,40,126,45,74,64,23,20,79,59,118,67,256,146,527,256,264,90,197,90,56,36,85,54,2085,276,0,14,0,14,168,88,96,52,28,29,91,48,68,45,229,119,446,195,439,144,206,87,130,58,184,92
1400000US06037480702,4722,362,119,102,53,46,0,14,0,14,6,11,0,14,7,12,5,11,0,14,0,14,0,14,0,14,25,39,0,14,10,16,66,63,12,18,0,14,6,11,0,14,0,14,0,14,9,15,0,14,0,14,6,10,33,51,0,14,0,14,4603,378,2457,265,286,156,61,65,325,138,73,44,14,17,60,34,99,59,135,81,310,81,524,181,184,69,236,85,150,56,2146,238,102,63,22,25,184,100,115,50,14,16,80,61,29,26,229,99,394,110,348,108,229,107,282,69,118,58
1400000US06037480703,3883,605,416,200,214,100,17,27,0,14,0,14,55,68,0,14,8,13,7,12,39,39,15,24,34,26,0,14,10,15,29,21,202,120,0,14,0,14,0,14,0,14,0,14,45,55,0,14,7,11,44,53,54,57,15,15,19,22,18,20,3467,643,1589,281,139,90,7,12,91,52,77,47,15,23,32,34,183,136,110,75,333,182,282,109,158,68,116,42,46,34,1878,438,21,21,0,14,247,133,99,67,0,14,44,39,60,43,202,147,339,179,399,132,214,75,141,87,112,41
1400000US06037480704,4069,503,288,155,98,86,0,14,17,28,16,26,14,23,0,14,0,14,10,16,8,13,4,9,0,14,24,28,0,14,5,9,190,83,10,19,0,14,23,28,13,23,0,14,0,14,8,13,43,44,13,14,30,30,20,24,6,10,24,26,3781,508,2068,444,70,48,13,21,119,60,134,88,56,61,95,65,93,41,268,130,531,393,266,76,220,80,109,57,94,70,1713,197,44,43,0,14,96,59,96,55,18,28,61,42,157,63,172,73,263,69,375,97,213,88,124,66,94,42
1400000US06037480802,3119,373,506,282,208,140,0,14,0,14,0,14,14,22,0,14,39,59,0,14,32,48,16,19,43,49,26,36,2,4,36,53,298,165,0,14,0,14,0,14,0,14,0,14,60,54,24,38,32,38,0,14,71,66,22,33,56,70,33,39,2613,393,1357,244,13,21,10,15,52,37,52,54,0,14,23,26,66,50,231,102,259,108,193,85,273,109,126,76,59,34,1256,214,0,14,12,19,68,42,52,38,14,19,25,33,63,33,147,96,173,74,165,69,200,111,130,64,207,73
1400000US06037480803,2961,327,208,156,96,69,0,14,0,14,0,14,0,14,0,14,0,14,0,14,10,16,0,14,21,26,17,21,25,26,23,29,112,99,0,14,0,14,0,14,0,14,0,14,0,14,8,14,30,38,0,14,20,25,9,14,0,14,45,57,2753,376,1359,246,61,54,0,14,73,52,35,39,12,21,47,71,34,33,158,77,153,63,134,73,360,133,192,82,100,57,1394,176,36,37,25,33,37,38,12,19,0,14,73,67,76,61,185,87,142,55,150,80,284,125,237,78,137,75
1400000US06037480804,4717,659,460,214,126,55,0,14,0,14,0,14,0,14,0,14,0,14,0,14,22,24,44,38,0,14,3,6,0,14,57,38,334,172,0,14,0,14,68,84,0,14,0,14,0,14,14,18,32,41,32,36,27,33,0,14,68,49,93,65,4257,613,2015,324,142,95,0,14,209,113,0,14,0,14,37,34,176,108,362,132,291,108,315,155,309,75,111,64,63,62,2242,393,107,85,58,88,84,78,41,35,9,13,16,20,74,44,599,198,340,127,233,122,329,116,185,78,167,93
1400000US06037480901,3737,466,655,265,335,165,0,14,0,14,9,14,0,14,17,26,0,14,104,111,23,29,49,37,8,12,61,60,64,50,0,14,320,174,0,14,0,14,0,14,20,31,0,14,44,66,0,14,0,14,37,33,88,86,45,44,35,34,51,75,3082,506,1459,229,63,63,20,33,45,38,0,14,5,9,0,14,174,99,412,149,201,82,134,87,251,84,91,44,63,55,1623,341,97,73,36,56,25,32,28,33,6,12,40,51,94,105,349,120,300,117,175,72,206,76,192,88,75,76
1400000US06037480902,4009,690,984,582,384,217,0,14,14,29,9,15,0,14,0,14,44,68,8,13,60,36,178,212,0,14,41,38,18,24,12,19,600,378,36,47,0,14,0,14,138,210,0,14,0,14,54,58,53,48,161,160,42,51,30,27,13,21,73,70,3025,437,1525,250,176,119,0,14,193,96,39,43,12,21,26,30,91,57,366,138,141,81,60,45,229,83,116,87,76,81,1500,274,11,19,0,14,185,91,70,64,0,14,8,14,78,46,330,115,184,93,172,85,231,90,124,60,107,80
1400000US06037480903,2806,492,458,385,241,203,0,14,0,14,13,23,0,14,0,14,58,88,0,14,15,25,11,20,4,6,126,109,14,21,0,14,217,191,0,14,0,14,0,14,12,21,0,14,0,14,52,80,8,13,20,25,56,85,41,42,28,32,0,14,2348,401,1162,255,117,61,23,25,22,23,22,30,9,14,7,12,37,37,280,183,130,68,195,82,74,41,164,53,82,57,1186,199,110,51,24,26,105,63,0,14,0,14,26,32,44,46,201,103,126,52,105,58,167,74,200,57,78,55
1400000US06037481001,4036,700,593,274,265,213,0,14,0,14,0,14,0,14,0,14,0,14,0,14,45,40,0,14,18,22,0,14,184,195,18,24,328,161,29,36,0,14,0,14,0,14,0,14,0,14,0,14,38,41,0,14,60,71,103,85,36,38,62,53,3443,556,1707,368,0,14,9,15,55,58,118,104,11,17,0,14,67,51,315,143,416,242,230,121,164,116,162,80,160,66,1736,296,34,46,56,90,182,96,67,58,9,15,80,74,58,46,178,89,257,101,159,76,173,76,297,122,186,74
1400000US06037481002,5791,569,791,344,330,168,23,41,0,19,0,19,17,31,0,19,38,47,13,22,80,67,0,19,33,40,92,87,0,19,34,47,461,275,49,78,0,19,0,19,0,19,0,19,0,19,19,32,165,126,65,71,64,71,83,85,16,27,0,19,5000,631,2641,370,192,129,0,19,139,119,74,92,18,36,58,93,155,89,621,194,573,199,124,84,275,145,234,118,178,92,2359,396,43,53,34,39,281,172,0,19,0,19,12,18,59,76,440,168,257,149,316,154,491,172,201,75,225,146
1400000US06037481101,4165,681,597,256,367,164,18,23,43,51,7,11,32,40,0,14,0,14,0,14,19,22,115,83,12,19,41,40,50,44,30,30,230,114,39,53,0,14,0,14,0,14,8,13,16,21,27,36,12,19,69,45,0,14,16,20,4,8,39,39,3568,701,1418,252,101,75,0,14,74,51,125,93,0,14,23,26,113,59,211,92,214,88,222,122,154,62,90,46,91,55,2150,561,183,96,0,14,173,138,49,58,98,81,14,21,66,46,445,136,187,79,354,171,361,262,96,69,124,92
1400000US06037481102,3650,419,332,208,190,137,40,63,0,14,0,14,0,14,0,14,22,33,36,38,36,57,22,35,0,14,9,14,25,40,0,14,142,91,20,31,0,14,0,14,0,14,0,14,0,14,29,35,17,27,20,31,12,19,29,42,15,22,0,14,3318,370,1531,239,119,119,26,39,103,87,116,74,0,14,41,43,87,59,284,121,276,124,235,103,125,84,70,47,49,51,1787,293,64,65,38,58,139,66,45,53,15,24,13,20,105,83,387,189,322,102,190,70,169,65,148,88,152,78
1400000US06037481103,5477,750,779,490,285,158,0,19,0,19,0,19,37,62,0,19,0,19,9,16,9,16,32,39,60,88,112,80,11,18,15,23,494,366,111,160,0,19,75,110,0,19,0,19,9,16,37,35,82,98,10,16,45,32,114,82,0,19,11,18,4698,674,2341,443,63,69,38,58,110,80,21,25,20,30,144,81,68,48,279,164,455,308,452,128,371,113,122,67,198,88,2357,390,77,77,63,56,118,72,20,24,12,20,51,51,190,85,320,137,192,93,439,112,299,115,188,84,388,223
1400000US06037481201,3775,554,752,425,240,132,24,29,0,14,0,14,0,14,0,14,0,14,48,78,28,32,50,67,32,26,6,11,43,41,9,15,512,305,26,33,0,14,131,192,9,14,0,14,0,14,35,32,98,95,57,59,84,70,13,15,34,25,25,37,3023,475,1406,293,105,83,0,14,59,58,10,17,34,41,25,24,101,68,373,156,154,73,147,83,153,73,193,91,52,48,1617,228,134,76,8,12,73,64,71,63,40,45,43,44,57,44,312,125,226,127,212,85,230,86,167,81,44,38
1400000US06037481203,6206,879,728,442,358,246,0,19,0,19,17,29,65,93,0,19,0,19,45,58,31,48,31,48,72,83,43,66,41,50,13,21,370,218,0,19,0,19,65,92,26,43,0,19,0,19,0,19,51,75,64,63,61,79,0,19,85,68,18,28,5478,938,2710,673,202,245,38,55,108,82,125,134,14,24,155,114,202,173,261,137,522,253,335,153,299,121,319,184,130,78,2768,477,226,186,24,31,267,213,118,111,19,23,16,28,130,102,365,191,360,136,432,180,368,154,341,139,102,52
1400000US06037481300,3032,440,238,126,117,67,16,24,0,14,10,19,0,14,0,14,0,14,0,14,4,6,14,20,10,13,9,9,42,25,12,15,121,67,10,21,10,11,0,14,0,14,0,14,0,14,0,14,5,9,8,18,11,13,24,19,37,32,16,18,2794,437,1323,221,89,37,42,50,73,45,0,14,0,14,59,42,137,65,137,59,182,64,208,101,162,64,135,46,99,51,1471,268,120,63,20,20,128,106,15,22,2,4,26,40,60,29,271,90,144,57,212,72,163,51,224,81,86,39
1400000US06037481401,5001,596,568,299,245,130,0,19,0,19,0,19,0,19,0,19,0,19,66,73,25,37,13,21,36,36,14,18,75,60,16,20,323,202,69,114,0,19,0,19,27,40,0,19,22,33,6,10,33,39,31,37,55,50,29,47,39,33,12,18,4433,599,2565,395,94,68,20,26,113,82,97,69,5,8,83,80,241,99,470,155,326,138,334,113,387,135,229,94,166,67,1868,277,48,40,17,31,91,72,44,41,16,25,51,42,80,43,250,119,227,80,322,93,419,130,194,80,109,52
1400000US06037481403,3038,1138,529,205,176,100,0,14,0,14,31,45,0,14,0,14,0,14,48,34,16,21,0,14,43,48,13,15,9,16,16,18,353,128,0,14,0,14,55,43,0,14,0,14,13,20,50,45,18,25,25,15,83,59,12,13,57,49,40,28,2509,1122,1245,492,88,73,0,14,46,49,97,67,0,14,9,14,54,39,186,85,199,161,207,166,234,127,92,47,33,22,1264,648,19,23,0,14,21,25,0,14,8,13,11,18,97,55,113,70,113,54,237,127,375,401,158,66,112,121
1400000US06037481404,3842,575,309,173,129,86,21,31,0,14,0,14,0,14,0,14,0,14,0,14,13,12,2,6,27,40,9,10,38,34,19,30,180,115,27,41,0,14,0,14,0,14,0,14,0,14,3,7,11,17,36,41,4,8,35,46,32,30,32,52,3533,591,1802,316,110,59,15,24,103,52,125,92,45,53,92,84,33,36,218,114,216,126,236,87,268,131,225,84,116,74,1731,330,16,26,12,19,127,92,14,22,74,61,17,21,144,105,207,131,242,98,326,146,154,72,227,108,171,70
1400000US06037481500,4449,485,534,247,251,145,30,33,0,14,16,23,18,27,35,54,0,14,51,49,0,14,11,17,15,24,12,19,17,20,46,37,283,118,11,17,0,14,16,24,0,14,0,14,14,21,11,16,19,30,52,60,37,32,0,14,81,56,42,32,3915,523,1896,280,26,30,0,14,54,42,56,52,17,20,155,169,51,44,275,124,261,101,271,108,300,99,272,81,158,74,2019,299,42,37,52,44,85,84,76,68,0,14,25,27,77,52,198,106,354,117,289,163,250,77,295,83,276,82
1400000US06037481603,3691,412,436,173,170,80,0,14,0,14,0,14,42,43,0,14,0,14,0,14,0,14,7,13,56,50,23,27,25,31,17,20,266,124,24,40,0,14,7,11,0,14,0,14,0,14,9,15,43,42,40,40,17,24,43,35,37,33,46,35,3255,407,1507,257,93,58,39,35,40,35,51,44,0,14,0,14,114,59,233,108,179,73,177,78,347,177,195,75,39,31,1748,252,122,83,0,14,164,100,64,70,0,14,22,25,172,84,246,91,179,70,228,85,317,123,150,57,84,37
1400000US06037481604,3993,703,389,238,202,128,12,19,0,14,0,14,0,14,21,30,10,14,30,25,26,28,22,31,24,28,26,23,31,34,0,14,187,123,0,14,0,14,39,44,0,14,0,14,0,14,22,26,28,27,33,37,9,14,20,24,36,37,0,14,3604,657,1756,387,100,77,55,88,153,133,83,84,33,33,7,13,98,59,294,158,299,82,194,84,193,97,150,80,97,55,1848,394,135,158,15,24,29,34,77,67,0,14,33,36,119,76,348,156,312,153,283,102,208,117,201,71,88,70
1400000US06037481605,2811,364,394,292,193,156,0,14,0,14,47,49,9,15,0,14,0,14,21,33,7,12,0,14,38,42,0,14,28,35,43,44,201,140,8,13,0,14,38,47,0,14,8,12,8,12,6,10,7,12,12,16,60,45,7,11,40,43,7,13,2417,377,1248,259,70,63,25,38,111,53,13,20,50,48,37,57,51,44,108,73,386,170,178,75,134,75,33,25,52,44,1169,202,106,111,0,14,24,29,18,28,43,52,0,14,47,37,244,107,168,76,114,63,157,70,151,96,97,46
1400000US06037481606,5002,640,597,317,231,167,0,19,0,19,0,19,0,19,7,10,8,19,72,87,54,41,8,19,20,26,35,39,20,29,7,13,366,178,51,78,0,19,0,19,10,22,0,19,0,19,32,51,28,29,27,28,70,57,99,61,49,42,0,19,4405,691,2279,410,61,61,26,36,59,54,167,109,0,19,0,19,165,96,398,152,177,90,493,181,294,145,169,63,270,132,2126,354,103,63,46,61,114,71,77,101,0,19,16,27,117,72,245,104,261,101,320,126,255,102,297,92,275,137
1400000US06037481711,4190,654,762,278,361,165,0,14,0,14,0,14,12,21,19,22,9,14,16,18,47,54,112,80,11,18,33,29,53,53,49,42,401,194,11,18,0,14,23,25,0,14,0,14,0,14,5,8,32,52,95,103,16,19,0,14,127,105,92,68,3428,741,1731,425,30,29,18,20,172,128,41,48,0,14,13,20,113,63,200,100,289,161,296,141,184,84,219,108,156,69,1697,402,21,24,11,18,90,104,25,25,10,16,94,119,80,83,228,109,155,115,308,146,285,117,150,73,240,104
1400000US06037481712,5269,818,1053,410,464,250,11,19,0,19,82,85,24,44,0,19,33,36,31,24,93,130,22,36,41,47,35,35,9,15,83,64,589,202,48,77,0,19,38,52,0,19,9,14,19,21,21,24,54,55,67,63,93,68,65,39,18,28,157,79,4216,810,2059,422,0,19,75,78,28,35,137,96,93,105,16,27,175,91,226,109,76,47,484,175,336,127,152,73,261,194,2157,433,41,49,0,19,58,74,145,103,102,99,11,18,277,132,195,105,282,154,429,112,279,106,159,92,179,109
1400000US06037481713,2892,454,359,172,191,98,8,12,14,24,0,14,8,13,0,14,0,14,18,28,12,17,15,21,10,17,33,38,8,13,65,76,168,104,0,14,2,14,2,13,0,14,0,14,21,33,19,23,16,19,27,27,0,14,49,38,32,49,0,14,2533,514,1374,330,65,47,0,14,53,46,35,38,0,14,40,46,50,43,196,117,344,173,152,84,261,102,101,65,77,54,1159,225,34,31,0,14,53,49,39,45,0,14,38,46,100,52,150,103,129,67,213,103,140,70,114,66,149,75
1400000US06037481714,2595,329,712,221,286,97,23,26,0,14,0,14,17,18,19,27,9,13,13,13,9,14,27,22,12,13,26,26,58,48,73,45,426,155,31,33,0,14,20,23,5,9,0,14,0,14,40,30,19,25,53,38,30,27,46,42,50,34,132,85,1883,316,907,199,46,47,0,14,11,17,53,47,19,26,19,20,117,66,79,56,70,39,140,57,203,71,33,26,117,47,976,179,25,26,0,14,29,27,32,37,5,9,25,35,37,36,134,54,65,46,198,57,153,70,76,44,197,61
1400000US06037481800,2364,230,117,52,33,24,0,14,0,14,0,14,0,14,0,14,7,12,0,14,12,15,0,14,0,14,1,6,7,10,6,9,84,37,0,14,0,14,0,14,0,14,8,11,0,14,8,12,7,12,0,14,0,14,19,19,4,6,38,19,2247,238,1049,124,0,14,8,11,30,28,32,29,7,11,8,11,80,46,110,50,164,49,183,55,171,67,119,50,137,56,1198,148,23,20,0,14,133,64,46,42,23,17,37,25,92,50,57,34,138,39,165,46,208,68,136,53,140,40
1400000US06037481901,5568,547,517,204,238,93,31,45,0,19,0,19,15,23,0,19,0,19,15,21,7,6,41,27,13,14,47,35,37,36,32,28,279,137,15,23,14,22,0,19,14,23,10,15,0,19,0,19,1,11,33,36,70,52,78,81,14,17,30,27,5051,617,2414,340,47,35,71,37,308,148,72,57,11,17,50,42,121,70,423,168,342,112,387,117,270,82,138,56,174,66,2637,362,99,64,26,28,199,100,30,25,79,116,54,41,118,57,228,92,344,88,506,158,264,133,307,87,383,129
1400000US06037481902,3172,468,245,94,133,78,0,14,0,14,0,14,6,9,0,14,0,14,0,14,69,61,0,14,7,11,51,56,0,14,0,14,112,73,0,14,0,14,0,14,0,14,0,14,5,8,0,14,59,51,8,12,25,37,0,14,15,20,0,14,2927,479,1486,326,79,62,43,58,93,120,61,57,27,29,10,16,78,60,246,121,273,88,175,75,139,85,144,51,118,55,1441,252,28,29,44,37,66,67,36,36,23,30,22,28,99,117,300,123,185,83,257,97,146,61,144,56,91,43
1400000US06037482001,2549,279,185,121,134,109,0,14,0,14,0,14,0,14,0,14,9,14,79,103,0,14,1,7,9,14,6,10,9,16,21,18,51,36,0,14,0,14,0,14,9,14,0,14,0,14,5,7,0,14,0,14,7,10,6,8,9,17,15,17,2364,279,1175,178,102,62,42,40,80,72,22,31,0,14,13,19,39,39,90,69,150,63,146,57,180,71,163,50,148,65,1189,193,27,29,0,14,42,43,37,37,24,34,110,78,77,59,52,39,148,54,139,59,159,75,170,65,204,72
1400000US06037482002,6650,859,691,438,237,210,0,19,0,19,0,19,0,19,0,19,0,19,58,90,17,28,0,19,0,19,135,141,0,19,27,32,454,287,0,19,0,19,0,19,0,19,54,86,0,19,0,19,44,54,47,71,0,19,216,225,27,35,66,60,5959,916,3065,517,36,41,100,161,156,119,163,128,28,47,25,46,186,99,449,238,312,161,611,231,397,159,324,126,278,201,2894,531,136,127,97,111,42,48,152,114,61,77,77,63,227,149,355,230,327,167,327,149,411,154,311,147,371,217
1400000US06037482101,3885,550,511,201,184,88,0,14,0,14,0,14,0,14,0,14,0,14,38,34,0,14,45,49,31,29,41,37,19,15,10,16,327,143,0,14,0,14,54,61,0,14,10,16,0,14,0,14,19,22,52,46,11,17,65,47,73,55,43,38,3374,487,1641,324,46,59,0,14,57,44,43,67,0,14,15,24,146,90,274,99,179,99,248,107,240,109,222,118,171,84,1733,296,50,49,0,14,96,62,30,35,0,14,7,12,84,53,261,119,226,126,273,109,232,85,205,89,269,121
1400000US06037482102,3112,457,183,101,99,63,0,14,0,14,0,14,0,14,0,14,8,11,0,14,4,8,2,8,12,12,0,14,65,59,8,13,84,50,0,14,0,14,0,14,5,9,0,14,5,8,18,14,0,14,0,14,5,7,27,28,16,16,8,13,2929,468,1366,173,82,56,0,14,37,30,29,20,0,14,80,42,87,34,162,52,150,64,171,82,157,49,185,59,226,108,1563,334,15,16,20,16,121,90,5,10,23,17,47,40,78,62,100,37,324,171,131,47,188,47,273,96,238,107
1400000US06037482201,3779,580,804,263,420,153,0,14,0,14,11,18,20,29,0,14,17,23,20,23,71,65,26,29,72,90,78,88,33,32,72,70,384,149,10,16,0,14,19,28,0,14,0,14,0,14,6,10,29,32,44,43,44,59,63,55,26,21,143,96,2975,581,1303,241,18,24,18,26,56,48,18,26,0,14,33,41,147,164,295,122,176,98,136,81,226,90,95,50,85,47,1672,400,17,18,20,22,143,76,43,49,3,11,0,14,182,164,365,214,149,60,118,57,284,110,158,63,190,74
1400000US06037482202,5111,741,576,229,230,134,0,19,0,19,22,39,11,20,0,19,0,19,7,15,32,30,29,30,31,28,55,53,43,37,0,19,346,132,10,17,11,19,0,19,0,19,0,19,13,19,35,28,82,67,20,22,13,19,67,53,95,55,0,19,4535,807,2252,406,104,76,9,15,242,156,19,25,0,19,200,139,132,99,329,107,282,121,284,148,214,72,331,167,106,49,2283,512,87,74,0,19,86,80,34,55,4,10,63,68,148,106,368,193,308,141,265,123,365,96,316,163,239,101
1400000US06037482301,4974,1136,698,328,353,188,0,14,0,14,71,66,11,19,7,13,42,55,55,34,23,27,70,71,32,28,7,12,26,30,9,15,345,151,0,14,0,14,14,22,23,29,0,14,26,27,14,18,0,14,70,62,65,54,81,64,11,15,41,42,4276,1177,2158,604,56,49,31,42,109,89,106,123,0,14,102,77,169,75,241,108,287,127,314,167,441,247,188,124,114,55,2118,623,89,90,0,14,34,34,22,36,7,13,85,93,78,38,218,100,218,85,468,327,414,126,216,76,269,182
1400000US06037482303,4596,496,828,349,460,205,19,26,0,14,13,22,20,26,12,21,35,34,52,45,82,56,27,29,76,49,47,40,70,53,7,12,368,163,0,14,12,22,30,32,0,14,0,14,0,14,36,35,74,70,25,26,23,27,61,52,67,51,40,47,3768,440,2011,300,95,76,26,40,17,23,102,86,34,39,43,50,139,72,304,95,389,167,323,107,213,86,214,77,112,64,1757,263,89,53,13,19,94,68,78,50,0,14,27,34,123,63,130,71,175,85,239,79,298,95,369,91,122,68
1400000US06037482304,2972,509,703,273,326,132,33,40,26,29,33,39,15,21,0,14,44,32,25,35,4,11,25,21,44,54,64,59,13,11,0,14,377,154,30,35,0,14,57,40,26,29,7,11,0,14,18,23,32,33,91,54,29,28,56,54,26,23,5,8,2269,504,1219,321,71,45,0,14,58,51,66,55,42,37,50,53,87,53,202,120,199,82,144,55,161,62,113,61,26,17,1050,232,49,37,12,18,29,24,33,24,0,14,14,14,106,55,114,44,151,71,217,91,161,71,87,47,77,41
1400000US06037482401,3553,319,416,161,221,93,19,34,0,14,5,9,20,22,7,10,7,12,6,10,6,9,41,37,21,19,41,30,37,41,11,11,195,88,0,14,0,14,9,11,6,9,12,13,7,11,14,14,6,10,23,19,29,23,47,46,42,38,0,14,3137,322,1713,186,56,56,0,14,79,43,65,47,12,14,49,33,117,56,327,100,273,83,221,69,238,68,167,81,109,43,1424,208,58,37,0,14,64,34,25,19,25,26,47,33,113,43,210,77,193,76,171,46,220,74,182,80,116,60
1400000US06037482403,3291,489,442,306,113,85,0,14,0,14,0,14,0,14,0,14,0,14,18,24,0,14,17,27,28,43,24,37,26,30,0,14,329,245,0,14,0,14,19,31,24,40,0,14,29,42,80,100,0,14,26,29,55,55,29,29,60,65,7,11,2849,430,1337,243,58,40,17,29,112,58,7,12,25,27,40,35,141,59,225,101,132,45,126,69,216,79,85,43,153,111,1512,244,29,30,0,14,84,66,74,52,0,14,55,44,130,54,198,74,158,50,121,67,331,156,131,44,201,124
1400000US06037482404,3244,964,173,132,86,63,0,14,0,14,0,14,0,14,0,14,0,14,0,14,0,14,26,44,21,25,21,29,18,29,0,14,87,84,0,14,0,14,0,14,0,14,0,14,0,14,18,31,25,45,0,14,0,14,15,25,29,32,0,14,3071,985,1679,611,0,14,18,28,50,54,27,27,0,14,291,429,156,87,191,72,154,58,161,70,393,185,150,60,88,47,1392,424,23,32,0,14,0,14,7,23,0,14,18,27,25,22,212,91,121,69,72,57,459,318,230,96,225,90
1400000US06037482502,3512,470,869,396,521,304,89,107,0,14,20,28,0,14,50,73,6,11,26,37,0,14,77,71,102,94,92,80,26,28,33,24,348,143,3,6,0,14,37,37,0,14,7,14,0,14,36,32,16,24,91,73,41,31,23,19,75,73,19,19,2643,418,1374,243,11,17,21,23,159,92,93,56,47,57,26,21,130,51,74,41,225,71,227,92,139,52,140,43,82,39,1269,208,40,40,8,12,76,47,34,30,19,23,51,28,62,44,83,47,256,90,247,83,140,68,165,43,88,45
1400000US06037482503,3980,635,558,253,238,111,24,34,0,14,21,30,57,48,0,14,0,14,0,14,0,14,39,42,33,34,42,39,0,14,22,35,320,163,5,22,0,14,94,81,44,71,0,14,20,29,7,12,5,21,32,37,9,16,19,29,20,33,65,63,3422,680,2019,506,117,118,0,14,112,176,0,14,94,81,97,73,184,113,393,190,214,112,223,108,255,108,214,73,116,67,1403,306,26,42,0,14,13,22,0,14,15,25,35,41,83,46,269,124,141,79,190,72,266,104,244,133,121,79
1400000US06037482521,5038,723,473,194,234,109,0,19,0,19,0,19,13,20,0,19,0,19,44,48,24,27,0,19,37,30,43,52,34,30,39,36,239,121,0,19,0,19,0,19,0,19,0,19,0,19,16,24,22,23,0,19,30,32,20,23,129,101,22,25,4565,702,2162,383,131,123,23,26,77,53,38,35,40,52,51,32,103,59,466,175,333,109,234,84,240,82,290,108,136,63,2403,366,208,140,21,27,135,74,33,28,28,39,0,19,131,49,388,155,261,87,369,134,403,142,275,102,151,73
1400000US06037482522,4384,591,209,94,103,62,11,17,0,14,11,18,0,14,0,14,0,14,5,9,28,25,0,14,12,17,11,16,16,18,9,16,106,59,13,19,0,14,7,12,0,14,0,14,0,14,16,25,18,20,11,15,6,10,15,20,10,15,10,15,4175,602,1991,338,40,30,39,39,54,44,79,72,22,26,21,24,97,55,419,163,304,117,160,79,305,111,184,71,267,153,2184,394,124,81,61,49,44,45,105,70,11,18,36,33,90,72,313,109,265,112,247,86,225,74,348,164,315,180
1400000US06037482600,6611,900,274,178,115,83,0,19,0,19,0,19,18,30,0,19,0,19,0,19,41,49,0,19,16,25,0,19,20,31,20,32,159,113,0,19,0,19,0,19,0,19,15,24,0,19,14,22,15,25,0,19,32,51,0,19,49,52,34,40,6337,888,2872,480,98,107,0,19,116,88,42,50,0,19,44,59,282,177,266,108,414,118,594,247,297,118,383,144,336,154,3465,513,346,98,109,122,210,164,112,113,0,19,12,20,164,85,418,247,430,103,674,223,338,158,342,135,310,129
1400000US06037482701,3788,447,267,173,139,106,0,14,0,14,0,14,0,14,0,14,0,14,4,8,32,47,0,14,0,14,20,22,8,13,75,66,128,87,0,14,0,14,0,14,0,14,0,14,0,14,0,14,33,55,0,14,13,15,46,49,9,14,27,24,3521,435,1779,292,18,20,47,44,127,84,67,56,60,77,83,72,94,50,108,76,437,148,292,137,163,64,133,73,150,65,1742,270,139,93,26,20,82,66,18,22,20,26,90,62,122,69,178,97,336,123,249,87,118,58,151,71,213,90
1400000US06037482702,2658,305,213,119,76,47,0,14,0,14,0,14,0,14,0,14,0,14,0,14,0,14,0,14,0,14,30,26,27,38,19,18,137,86,0,14,0,14,0,14,0,14,0,14,0,14,14,18,4,6,0,14,6,11,38,39,24,33,51,61,2445,300,1276,191,84,34,12,18,40,41,20,21,0,14,33,35,99,64,265,101,135,58,113,48,233,73,168,41,74,37,1169,165,167,87,30,24,16,16,0,14,54,54,22,21,53,37,215,77,119,40,136,56,189,40,106,38,62,30
1400000US06037482801,3920,652,441,198,258,126,35,41,0,14,14,22,0,14,7,11,0,14,41,39,14,21,12,19,45,36,19,24,47,38,24,29,183,105,0,14,0,14,13,21,0,14,23,34,0,14,0,14,24,21,42,41,20,24,14,21,21,21,26,30,3479,707,1451,285,86,78,12,20,90,65,9,15,19,25,46,51,41,30,177,84,311,163,153,68,192,69,241,101,74,51,2028,476,43,37,8,13,313,290,29,28,23,27,9,14,133,51,295,109,217,138,165,73,288,99,176,73,329,126
1400000US06037500100,3610,461,191,111,99,68,0,14,0,14,0,14,0,14,0,14,0,14,15,25,19,27,0,14,13,20,26,30,0,14,26,24,92,54,0,14,0,14,0,14,0,14,0,14,0,14,0,14,10,18,2,4,1,4,39,33,19,21,21,26,3419,468,1705,245,15,22,61,65,179,106,56,52,11,18,9,14,116,82,264,119,138,82,196,59,226,120,236,68,198,84,1714,296,34,37,0,14,121,59,109,86,21,24,85,75,165,94,126,57,193,87,302,145,161,59,236,77,161,116
1400000US06037500202,4774,967,171,91,52,39,0,14,0,14,0,14,0,14,0,14,0,14,0,14,22,31,0,14,15,27,0,14,12,16,3,7,119,74,0,14,0,14,0,14,0,14,0,14,0,14,47,73,3,7,0,14,0,14,35,39,21,24,13,19,4603,945,2217,533,25,38,0,14,198,143,109,76,7,13,101,74,129,111,193,109,93,61,510,233,337,94,283,169,232,108,2386,464,204,193,14,23,58,81,77,97,5,9,75,66,246,106,265,154,170,134,314,130,424,140,324,144,210,65
1400000US06037500203,4093,592,92,62,4,9,0,14,0,14,0,14,0,14,0,14,0,14,0,14,0,14,0,14,0,14,4,9,0,14,0,14,88,65,0,14,0,14,0,14,0,14,0,14,0,14,0,14,0,14,0,14,0,14,0,14,16,21,72,61,4001,615,1829,335,260,177,0,14,165,111,12,28,39,55,12,21,168,121,180,108,147,76,244,113,393,127,109,59,100,53,2172,362,149,99,17,28,171,90,58,60,110,74,18,28,124,99,153,118,356,129,323,126,301,125,148,58,244,112
1400000US06037500204,2336,431,78,59,37,43,0,14,0,14,0,14,0,14,0,14,0,14,0,14,0,14,4,8,30,43,0,14,3,8,0,14,41,44,0,14,0,14,0,14,0,14,0,14,0,14,0,14,4,7,0,14,33,43,4,8,0,14,0,14,2258,425,1201,273,108,121,11,15,82,46,57,41,0,14,0,14,14,15,76,45,204,154,262,144,192,140,112,52,83,38,1057,222,37,41,67,103,31,29,13,16,0,14,11,15,41,31,156,118,123,46,203,111,139,50,137,49,99,46
1400000US06037500300,2541,388,179,112,55,44,0,14,0,14,0,14,0,14,0,14,0,14,12,18,0,14,0,14,23,26,0,14,20,28,0,14,124,86,0,14,0,14,0,14,11,19,0,14,0,14,9,17,0,14,16,25,44,52,9,17,35,35,0,14,2362,388,1359,247,49,55,19,25,62,70,45,30,0,14,13,21,61,79,129,63,162,72,204,90,277,102,205,116,133,53,1003,190,0,14,0,14,34,37,44,47,0,14,0,14,26,32,84,39,110,54,128,85,275,89,158,134,144,57
1400000US06037500402,4606,929,395,247,120,75,22,35,0,14,0,14,15,25,0,14,0,14,0,14,0,14,0,14,66,69,0,14,17,28,0,14,275,200,0,14,0,14,48,54,27,42,0,14,16,29,25,38,17,29,48,46,16,26,14,25,15,27,49,48,4211,964,2244,557,0,14,28,45,133,86,192,131,60,59,99,130,280,106,179,110,146,103,288,109,488,312,207,81,144,154,1967,459,0,14,0,14,121,78,45,57,0,14,44,57,331,170,179,101,300,121,320,152,342,211,115,66,170,151
1400000US06037500403,3855,411,745,452,448,306,116,103,0,14,60,54,60,54,0,14,0,14,57,51,3,3,55,78,0,14,96,95,0,14,1,3,297,188,9,18,0,14,0,14,122,107,0,14,0,14,0,14,9,17,0,14,0,14,143,145,0,14,14,24,3110,449,1600,263,81,63,47,63,119,75,21,20,26,30,136,99,155,90,190,66,131,71,238,111,201,76,179,76,76,39,1510,305,39,43,0,14,140,90,83,76,0,14,26,32,69,40,141,71,148,80,224,80,262,92,139,71,239,236
1400000US06037500404,4398,525,325,248,149,153,17,28,0,14,16,25,0,14,0,14,0,14,0,14,33,46,21,28,31,43,0,14,0,14,31,43,176,117,16,28,0,14,16,26,0,14,17,27,0,14,0,14,57,68,14,23,30,41,3,7,11,18,12,16,4073,611,2067,399,98,87,40,54,189,116,92,71,0,14,79,78,92,71,182,95,353,136,309,148,308,115,194,86,131,83,2006,285,78,84,19,31,126,75,24,27,17,26,85,74,129,67,226,101,306,113,282,105,301,102,243,122,170,72
1400000US06037500500,2754,437,312,140,160,72,0,14,0,14,5,7,9,10,4,7,0,14,20,24,14,19,29,36,4,6,38,34,2,8,35,41,152,79,0,14,0,14,0,14,0,14,7,10,16,12,7,10,0,14,4,7,22,15,39,40,19,23,38,39,2442,449,1197,275,64,41,0,14,90,51,59,50,10,16,100,61,50,38,150,99,163,75,233,119,118,60,105,43,55,39,1245,215,48,45,0,14,108,79,79,43,23,27,49,38,99,64,138,70,197,85,191,75,90,37,96,46,127,55
1400000US06037500600,5837,930,673,492,481,376,28,46,33,55,129,150,35,54,24,35,10,18,33,39,74,77,65,60,0,19,0,19,42,54,8,13,192,125,0,19,0,19,0,19,0,19,0,19,24,35,0,19,0,19,57,66,18,21,52,54,0,19,41,54,5164,853,2516,467,153,106,0,19,200,95,63,60,37,42,60,49,320,139,328,129,374,133,362,171,405,123,124,56,90,53,2648,469,45,45,28,39,99,81,132,67,62,52,104,68,586,181,357,142,233,110,321,116,346,142,139,49,196,114
1400000US06037500700,6642,754,513,443,273,239,0,19,0,19,0,19,0,19,0,19,9,18,23,19,0,19,37,38,33,31,11,18,0,19,160,219,240,215,0,19,0,19,0,19,0,19,0,19,0,19,9,17,19,24,33,42,0,19,9,17,0,19,170,196,6129,651,3103,527,84,66,68,55,247,151,74,66,39,43,42,53,391,173,461,193,307,94,507,175,325,139,327,151,231,93,3026,347,148,66,7,13,215,129,174,101,12,19,205,146,208,106,311,124,333,80,424,153,323,105,296,93,370,108
1400000US06037500800,5097,845,574,432,227,173,0,19,0,19,0,19,43,57,0,19,0,19,40,53,0,19,1,5,56,58,10,15,44,50,33,35,347,274,47,62,0,19,44,58,0,19,54,56,13,19,17,18,0,19,97,108,9,14,0,19,56,53,10,17,4523,848,2184,435,55,44,62,69,108,92,91,78,0,19,9,14,114,67,457,242,326,193,184,109,448,177,104,54,226,96,2339,507,210,193,48,72,160,138,11,18,0,19,11,17,329,255,364,152,240,130,255,107,304,124,230,89,177,76
1400000US06037500900,5101,677,1119,438,356,180,0,19,0,19,0,19,0,19,0,19,54,62,68,75,16,27,38,58,33,39,27,28,95,84,25,31,763,371,0,19,80,125,39,59,7,12,0,19,0,19,60,76,36,55,112,135,64,71,28,34,277,280,60,40,3982,647,1951,384,42,64,17,25,116,67,73,70,16,25,73,116,203,117,320,145,90,75,474,164,129,72,323,83,75,51,2031,352,29,33,39,58,123,86,103,63,32,45,24,29,154,97,349,145,162,80,273,120,264,99,276,102,203,134
1400000US06037501001,2880,509,285,340,139,162,27,43,0,14,29,47,0,14,0,14,40,47,26,30,10,14,0,14,0,14,0,14,7,10,0,14,146,180,0,14,0,14,30,48,27,44,0,14,0,14,29,48,16,26,26,42,5,7,6,10,0,14,7,10,2595,394,1401,243,65,76,35,38,78,48,37,40,15,16,58,65,177,98,198,72,217,89,210,82,136,59,76,47,99,45,1194,215,47,46,0,14,79,50,24,24,7,10,30,33,165,104,252,73,141,61,154,76,164,73,98,59,33,27
1400000US06037501002,4465,483,76,49,39,30,0,14,0,14,0,14,0,14,0,14,7,13,0,14,0,14,0,14,16,21,0,14,7,15,9,15,37,33,0,14,0,14,0,14,0,14,0,14,0,14,0,14,0,14,0,14,17,26,13,22,7,14,0,14,4389,489,2213,344,82,85,42,30,119,81,83,62,0,14,98,74,243,75,340,236,318,81,301,99,298,121,161,63,128,65,2176,260,0,14,14,17,299,84,31,31,43,49,51,41,152,101,170,81,356,79,351,95,236,74,280,107,193,79
1400000US06037501200,5060,543,321,166,160,95,0,19,0,19,0,19,14,29,0,19,0,19,39,35,0,19,13,20,0,19,46,35,21,27,27,27,161,94,0,19,0,19,0,19,0,19,12,19,12,20,16,24,17,24,13,18,37,32,34,35,20,23,0,19,4739,587,2444,439,229,86,17,21,111,51,162,114,6,11,144,117,185,107,443,163,365,93,409,143,186,76,51,33,136,54,2295,261,202,138,9,17,128,64,48,38,11,17,67,54,211,105,337,100,280,105,345,134,214,74,292,90,151,78
1400000US06037501301,3065,599,89,71,83,72,0,14,0,14,0,14,0,14,0,14,0,14,0,14,0,14,21,30,43,65,0,14,7,12,12,20,6,23,0,14,0,14,0,14,0,14,0,14,0,14,0,14,0,14,0,14,0,14,6,23,0,14,0,14,2976,606,1188,274,0,14,0,14,29,37,110,101,0,14,56,48,66,62,180,117,227,74,165,65,200,97,151,94,4,9,1788,525,29,36,15,29,198,97,178,115,0,14,10,15,65,49,329,308,196,69,237,79,186,107,148,53,197,213
1400000US06037501302,4345,586,200,150,116,80,0,14,0,14,0,14,0,14,0,14,28,45,0,14,0,14,1,8,29,28,21,22,37,60,0,14,84,79,12,19,0,14,11,18,0,14,0,14,0,14,0,14,0,14,0,14,3,8,17,19,40,65,1,6,4145,598,2038,341,107,102,28,34,239,153,104,85,0,14,8,13,204,118,376,137,206,94,234,106,334,205,55,43,143,105,2107,397,48,42,0,14,62,49,30,45,12,19,0,14,375,210,322,116,339,165,241,130,361,206,261,175,56,44
1400000US06037501400,3297,616,455,234,159,91,0,14,27,44,0,14,0,14,0,14,0,14,23,37,0,14,7,13,0,14,0,14,92,75,10,16,296,186,0,14,0,14,54,90,0,14,0,14,0,14,71,112,81,79,15,23,0,14,10,15,55,56,10,16,2842,620,1357,335,100,85,0,14,72,73,39,60,58,68,21,33,177,85,165,89,249,120,177,79,129,71,104,79,66,40,1485,394,125,121,21,23,98,69,80,61,0,14,48,44,90,66,173,89,254,124,134,89,167,83,181,73,114,73
1400000US06037501501,2097,244,140,98,49,40,5,8,0,14,4,7,0,14,4,7,0,14,0,14,29,32,0,14,0,14,7,10,0,14,0,14,91,74,0,14,0,14,4,8,31,34,0,14,4,7,0,14,22,30,7,10,23,28,0,14,0,14,0,14,1957,233,1021,156,45,37,5,8,31,27,12,13,22,19,35,34,70,48,64,42,179,60,118,47,160,74,194,58,86,37,936,146,67,41,5,9,34,23,27,22,5,7,22,18,74,57,60,30,113,42,142,49,165,60,165,46,57,29
1400000US06037501503,5474,762,1004,488,384,211,23,31,0,19,71,103,0,19,0,19,34,58,24,34,15,18,81,106,16,29,106,87,0,19,14,24,620,326,140,119,79,68,48,61,0,19,17,27,0,19,0,19,92,68,127,97,16,26,16,25,35,45,50,69,4470,843,2197,396,66,61,45,78,143,91,58,63,49,61,32,44,244,137,418,178,443,163,209,119,209,113,268,162,13,21,2273,594,12,22,0,19,224,180,31,51,42,62,76,59,364,190,361,178,374,144,320,131,259,114,138,101,72,101
1400000US06037501504,3551,599,644,227,215,130,25,38,0,14,0,14,0,14,0,14,0,14,36,44,40,52,41,53,0,14,27,45,26,30,20,24,429,206,0,14,0,14,36,51,35,50,0,14,0,14,60,83,0,14,73,87,19,22,36,43,108,107,62,45,2907,624,1341,323,93,103,50,77,53,62,13,21,37,44,9,14,19,21,161,86,201,108,230,134,213,97,60,40,202,112,1566,343,100,77,0,14,146,122,11,17,0,14,16,19,138,149,281,134,197,97,235,128,57,45,114,50,271,109
1400000US06037501600,6360,849,915,546,245,139,0,19,0,19,99,114,0,19,0,19,0,19,78,78,0,19,0,19,42,52,24,48,2,8,0,19,670,471,105,121,100,115,27,46,0,19,99,141,0,19,42,70,44,48,168,156,51,76,0,19,13,23,21,34,5445,813,2860,386,184,136,47,59,150,109,134,131,55,65,43,53,135,96,457,211,321,181,374,132,363,116,403,129,194,107,2585,521,89,83,0,19,199,173,121,133,11,18,139,142,270,84,203,103,323,118,434,182,377,105,221,115,198,73
1400000US06037501700,3780,453,364,276,144,139,34,54,0,14,0,14,0,14,0,14,0,14,0,14,40,50,32,48,12,20,21,23,0,14,5,8,220,163,0,14,31,50,0,14,0,14,0,14,0,14,10,15,81,90,4,7,0,14,26,42,48,77,20,22,3416,384,1587,214,9,18,0,14,254,117,19,19,38,34,35,37,208,104,242,110,106,63,329,100,78,46,155,72,114,72,1829,266,41,49,58,89,95,58,58,43,9,15,34,42,168,77,239,133,144,71,434,112,202,89,108,52,239,199
1400000US06037501802,3271,374,185,173,89,101,0,14,0,14,37,55,0,14,0,14,0,14,0,14,13,20,29,44,0,14,0,14,0,14,10,16,96,94,24,38,0,14,0,14,31,46,0,14,0,14,0,14,1,16,12,24,2,17,26,32,0,14,0,14,3086,363,1687,228,122,67,11,17,227,112,50,45,26,39,8,14,212,68,192,100,307,101,179,92,193,85,116,61,44,34,1399,210,23,30,44,45,107,65,27,31,34,40,10,15,76,43,263,107,227,78,162,74,172,71,65,38,189,91
1400000US06037501803,4702,932,461,298,192,140,5,14,0,14,64,70,0,14,11,18,0,14,21,35,29,42,51,57,11,17,0,14,0,14,0,14,269,176,6,14,0,14,65,85,35,51,0,14,10,21,12,19,26,33,47,49,40,44,28,35,0,14,0,14,4241,936,2031,555,183,107,0,14,125,89,138,95,8,22,67,70,92,83,442,295,387,203,198,104,234,76,42,47,115,63,2210,483,243,269,8,16,340,174,18,29,0,14,103,93,242,108,360,147,287,115,202,107,272,141,75,56,60,47
1400000US06037501804,1902,310,366,157,127,79,6,9,0,14,41,42,0,14,0,14,0,14,8,12,48,44,17,21,7,12,0,14,0,14,0,14,239,121,36,37,0,14,5,8,5,8,0,14,0,14,44,51,48,38,11,13,15,23,12,10,23,19,40,51,1536,284,751,158,57,43,0,14,88,58,22,31,21,34,9,13,64,41,139,60,112,59,76,44,81,48,59,55,23,23,785,168,32,36,11,20,57,44,57,56,7,11,0,14,112,70,112,52,103,52,142,63,75,30,51,30,26,25
1400000US06037501900,4299,638,210,100,125,78,0,14,0,14,0,14,0,14,32,31,0,14,33,28,0,14,3,7,0,14,17,29,14,16,26,33,85,42,0,14,0,14,0,14,0,14,0,14,0,14,0,14,0,14,19,25,4,7,4,7,13,15,45,37,4089,637,2101,453,93,83,55,48,173,139,79,128,50,50,25,33,216,92,213,127,299,105,335,123,263,95,202,75,98,97,1988,325,73,87,6,13,182,102,102,114,23,32,17,27,169,123,139,67,415,128,264,85,306,126,250,111,42,39
1400000US06037502003,2567,393,594,264,219,111,0,14,0,14,17,24,26,24,0,14,32,32,30,31,4,6,44,41,31,27,29,23,6,6,0,14,375,168,55,46,0,14,47,43,9,12,18,24,27,25,66,60,42,40,43,29,22,19,13,12,28,27,5,7,1973,328,1175,234,57,45,33,28,87,46,104,63,0,14,40,30,116,51,226,102,163,68,156,62,113,51,64,26,16,17,798,148,21,17,7,9,6,9,39,38,0,14,60,43,66,39,97,37,135,55,170,60,91,38,49,29,57,28
1400000US06037502004,3577,638,384,211,205,136,0,14,0,14,23,34,29,36,13,19,37,39,11,17,23,27,8,11,18,26,12,18,25,26,6,9,179,97,0,14,0,14,16,23,14,20,6,9,0,14,20,20,9,13,21,31,47,40,11,16,19,23,16,18,3193,657,1824,416,27,25,19,22,244,162,88,80,5,8,106,72,181,82,258,100,125,69,263,112,325,93,95,46,88,38,1369,300,102,84,27,40,73,56,67,57,44,45,0,14,188,113,130,60,179,59,155,62,183,68,114,54,107,102
1400000US06037502005,4606,866,168,92,92,75,0,14,0,14,0,14,0,14,0,14,0,14,45,57,8,24,12,18,11,31,12,36,4,6,0,14,76,56,0,14,0,14,0,14,0,14,0,14,0,14,12,20,0,14,0,14,25,39,0,14,39,37,0,14,4438,877,2540,519,99,83,55,75,272,135,163,107,72,99,49,63,215,104,388,194,517,244,190,80,294,106,124,75,102,65,1898,397,87,76,110,107,124,105,21,44,50,77,46,49,127,72,291,127,337,135,245,95,252,95,67,47,141,100
1400000US06037502100,5799,637,844,445,156,115,52,81,0,19,0,19,13,22,0,19,0,19,0,19,18,38,0,19,0,19,0,19,59,59,14,22,688,391,51,79,91,120,47,55,0,19,0,19,0,19,13,21,162,167,58,64,12,20,88,118,41,41,125,122,4955,584,2386,290,110,64,5,8,93,56,79,58,52,51,37,48,131,87,392,144,471,134,404,177,295,80,196,81,121,79,2569,354,227,105,0,19,251,107,56,51,11,22,14,18,180,79,433,121,473,130,341,127,245,88,223,96,115,67
1400000US06037502200,7013,829,321,203,126,90,0,19,0,19,0,19,0,19,0,19,0,19,0,19,28,30,10,15,23,52,12,20,53,55,0,19,195,140,28,30,0,19,19,31,15,23,0,19,17,25,12,19,14,21,15,22,8,15,20,23,31,37,16,27,6692,836,3419,395,160,106,34,42,345,149,10,16,27,31,80,53,315,116,684,191,380,141,548,161,402,115,327,108,107,66,3273,589,120,140,80,66,306,98,73,60,19,30,18,29,370,219,655,267,312,108,434,155,446,116,306,91,134,66
1400000US06037502303,8058,1042,1707,1220,807,640,41,59,0,19,0,19,37,60,35,51,20,31,18,28,199,154,0,19,119,117,132,202,97,99,109,169,900,610,0,19,8,13,57,62,90,104,19,31,35,51,0,19,52,57,78,70,18,27,246,223,94,101,203,234,6351,1097,3131,581,278,185,40,56,163,172,120,100,102,87,54,88,238,244,617,272,469,208,337,172,389,242,175,101,149,109,3220,644,196,186,0,19,258,242,25,40,14,22,111,104,405,209,640,313,202,120,405,162,554,215,140,87,270,152
1400000US06037502401,4605,817,315,176,103,80,0,14,0,14,0,14,0,14,0,14,0,14,22,24,11,19,0,14,0,14,4,9,34,39,32,32,212,117,0,14,0,14,0,14,0,14,0,14,0,14,0,14,13,21,13,20,0,14,19,21,33,38,134,83,4290,841,2102,434,78,62,35,54,256,178,54,52,58,46,68,54,157,101,334,123,342,158,312,121,253,114,135,93,20,23,2188,465,32,36,22,24,251,133,69,64,43,57,109,75,255,152,131,68,327,165,367,128,230,165,204,110,148,68
1400000US06037502402,3365,289,209,152,102,69,0,14,0,14,0,14,0,14,0,14,0,14,19,27,0,14,27,31,0,14,42,38,7,10,7,10,107,93,0,14,0,14,21,30,21,30,0,14,0,14,0,14,16,22,19,27,5,7,0,14,11,12,14,16,3156,354,1411,189,51,63,21,26,34,44,53,35,0,14,14,13,111,48,199,93,256,64,215,68,200,69,101,46,156,77,1745,242,118,58,46,35,42,41,72,57,0,14,40,34,96,58,332,103,205,66,178,76,186,67,261,129,169,54
1400000US06037502500,3825,476,464,287,125,101,0,14,7,17,0,14,0,14,0,14,7,16,44,62,0,14,38,55,0,14,22,30,0,14,7,12,339,224,8,12,0,14,0,14,7,17,16,28,15,28,35,56,29,31,79,104,14,26,36,41,62,69,38,46,3361,557,1924,358,106,73,49,68,158,101,49,31,40,34,82,63,230,73,208,115,299,102,235,91,217,74,154,68,97,65,1437,267,25,37,26,41,177,77,125,82,6,15,26,28,126,77,142,98,185,77,218,106,168,77,180,64,33,29
1400000US06037502602,4027,545,168,96,94,64,16,23,0,14,0,14,0,14,0,14,0,14,12,18,21,36,39,44,0,14,6,12,0,14,0,14,74,43,15,23,0,14,0,14,0,14,0,14,0,14,0,14,10,17,0,14,37,31,0,14,6,10,6,12,3859,548,1764,303,121,78,0,14,130,73,47,50,51,65,46,34,194,120,368,147,164,86,169,95,270,100,124,60,80,49,2095,395,93,97,16,26,85,64,34,43,29,41,0,14,428,145,360,212,277,109,253,104,288,101,186,79,46,38
1400000US06037502603,3261,580,327,194,122,97,0,14,0,14,0,14,14,21,0,14,26,32,26,31,7,10,2,7,27,33,0,14,10,18,10,17,205,127,0,14,0,14,0,14,0,14,0,14,35,35,74,55,0,14,33,38,25,30,6,11,22,34,10,16,2934,587,1321,225,41,32,0,14,36,35,165,72,15,19,0,14,96,85,167,57,192,89,243,123,138,54,103,55,125,59,1613,434,147,44,14,18,54,41,97,61,0,14,9,12,91,51,357,135,223,140,132,47,120,53,240,187,129,52
1400000US06037502604,3580,592,246,103,158,71,0,14,0,14,0,14,0,14,16,22,0,14,16,17,19,20,21,22,10,15,11,13,65,50,0,14,88,63,0,14,0,14,0,14,0,14,0,14,0,14,10,14,6,9,6,9,9,14,15,21,26,27,16,23,3334,581,1668,298,101,51,27,38,77,60,81,55,25,27,69,43,70,58,222,75,257,89,133,61,379,254,124,74,103,59,1666,333,61,43,12,14,154,83,39,34,12,16,0,14,96,52,286,108,133,68,161,46,441,293,160,85,111,61
1400000US06037502700,7072,657,549,234,271,118,36,59,0,19,0,19,0,19,0,19,0,19,0,19,81,101,52,65,40,59,26,32,36,50,0,19,278,174,0,19,0,19,0,19,0,19,0,19,0,19,46,48,0,19,0,19,0,19,42,43,170,156,20,29,6523,686,3162,389,69,51,20,29,319,171,53,57,41,33,97,78,303,126,543,218,404,156,455,167,434,138,212,112,212,147,3361,525,205,111,22,22,245,76,46,39,17,25,123,89,315,186,672,204,457,106,521,154,290,117,238,120,210,103
1400000US06037502801,6263,709,510,263,149,80,0,19,0,19,17,26,0,19,0,19,0,19,25,37,2,6,15,24,36,34,24,30,11,16,19,30,361,204,19,29,0,19,27,31,0,19,0,19,26,38,28,35,67,49,15,24,21,24,83,73,35,42,40,47,5753,767,2785,430,166,110,20,26,166,143,137,71,38,40,36,36,392,163,342,158,415,115,445,140,294,119,226,88,108,56,2968,428,170,105,0,19,187,113,113,64,57,40,76,70,196,107,463,195,326,124,422,109,430,112,313,92,215,94
1400000US06037502901,5350,711,528,363,329,245,24,39,0,19,0,19,21,35,0,19,20,33,0,19,57,70,18,29,21,34,53,55,108,92,7,12,199,135,0,19,0,19,44,71,0,19,0,19,0,19,0,19,22,30,20,32,0,19,60,66,27,39,26,33,4822,776,2147,322,49,44,0,19,149,77,76,68,0,19,34,26,253,115,336,144,311,101,446,176,224,75,175,97,94,49,2675,605,139,82,49,63,292,147,75,70,38,39,16,20,56,55,551,216,312,139,422,182,361,169,184,87,180,63
1400000US06037503000,5762,820,770,570,407,228,54,81,39,66,0,19,0,19,0,19,0,19,31,36,58,82,66,82,122,93,17,26,20,28,0,19,363,356,66,100,0,19,82,135,0,19,0,19,0,19,41,60,0,19,82,92,0,19,75,88,17,25,0,19,4992,828,2696,592,133,68,26,40,184,127,69,60,61,84,65,73,460,228,468,259,318,176,455,124,307,144,117,70,33,30,2296,485,136,90,59,56,147,140,93,96,41,62,0,19,352,131,296,137,257,139,502,274,259,94,102,65,52,42
1400000US06037503103,5579,635,1138,693,554,363,0,19,15,21,54,65,0,19,17,26,0,19,175,160,25,40,100,89,22,22,72,63,74,67,0,19,584,359,0,19,0,19,72,70,55,67,0,19,0,19,88,66,55,66,12,17,18,27,123,87,41,46,120,86,4441,869,2384,528,323,148,83,82,229,134,40,61,49,58,8,13,240,117,461,208,257,134,153,93,411,139,73,53,57,39,2057,413,67,60,0,19,54,46,75,58,69,70,60,55,208,95,431,171,235,119,327,117,301,120,129,83,101,55
1400000US06037503104,2335,549,125,88,65,57,0,14,0,14,0,14,0,14,20,22,8,16,0,14,0,14,21,28,0,14,0,14,5,9,11,16,60,44,0,14,0,14,0,14,0,14,0,14,13,16,0,14,0,14,7,15,6,9,0,14,18,29,16,19,2210,553,1088,279,50,41,5,12,97,49,82,86,4,11,23,27,79,48,238,132,139,64,162,56,93,48,69,44,47,68,1122,318,144,190,7,11,58,47,45,40,26,34,35,23,89,48,97,37,251,104,164,69,103,78,90,45,13,14
1400000US06037503105,3355,394,208,129,111,74,0,14,0,14,0,14,0,14,0,14,33,37,1,3,17,22,0,14,16,36,40,48,0,14,4,6,97,96,0,14,0,14,0,14,16,26,0,14,0,14,42,46,0,14,14,23,17,38,0,14,0,14,8,15,3147,420,1477,274,109,81,0,14,89,54,100,110,149,104,33,44,130,91,211,146,198,96,166,91,186,73,89,72,17,27,1670,279,148,89,25,40,80,89,41,43,77,63,23,37,50,51,215,110,371,132,192,93,237,76,177,86,34,34
1400000US06037503106,3820,560,491,274,123,98,0,14,0,14,0,14,0,14,0,14,0,14,9,16,53,51,0,14,0,14,61,82,0,14,0,14,368,195,110,99,32,52,0,14,0,14,0,14,11,23,38,46,54,48,11,21,0,14,19,24,57,84,36,44,3329,593,1771,362,76,50,0,14,132,85,87,55,27,39,80,59,136,135,194,124,343,141,260,97,170,97,223,113,43,36,1558,274,91,67,2,10,119,68,24,38,7,31,57,67,157,78,210,98,328,112,226,74,145,64,120,55,72,62
1400000US06037503201,3879,750,409,218,197,131,28,45,0,14,0,14,0,14,0,14,0,14,0,14,30,49,33,42,46,55,28,45,32,30,0,14,212,129,0,14,0,14,32,42,6,11,0,14,0,14,0,14,23,37,11,17,73,69,22,25,38,49,7,11,3470,726,1671,317,101,79,19,31,192,154,23,29,46,55,44,45,72,51,305,150,311,128,233,139,166,89,116,63,43,28,1799,537,113,101,29,48,115,71,40,39,112,127,91,60,343,376,141,81,258,98,192,120,102,50,168,70,95,53
1400000US06037503202,4282,736,661,381,315,212,60,91,0,14,10,16,0,14,0,14,0,14,22,31,0,14,61,92,39,39,61,68,16,24,46,48,346,205,0,14,10,17,78,97,0,14,0,14,7,10,0,14,64,89,25,34,60,55,24,23,27,39,51,57,3621,663,1710,351,153,99,0,14,142,90,32,37,22,23,27,32,46,43,181,101,266,90,266,109,349,181,194,106,32,28,1911,394,83,74,31,37,94,65,76,46,29,24,0,14,248,175,287,118,263,71,177,93,336,168,181,74,106,57
1400000US06037503301,3330,729,136,119,60,59,0,14,0,14,0,14,0,14,0,14,0,14,13,24,8,15,0,14,0,14,39,48,0,14,0,14,76,88,0,14,0,14,0,14,0,14,0,14,12,22,19,28,0,14,19,27,0,14,6,13,20,28,0,14,3194,739,1474,347,30,38,16,28,102,74,94,77,23,35,26,25,90,72,204,110,134,54,273,135,270,97,171,158,41,35,1720,495,59,51,0,14,79,64,62,48,5,12,25,24,294,267,113,71,188,64,254,97,374,223,116,53,151,59
1400000US06037503302,6105,634,845,446,442,283,0,19,0,19,18,27,0,19,17,27,51,84,122,156,31,35,30,43,69,66,34,42,53,50,17,20,403,191,0,19,0,19,0,19,49,83,0,19,16,27,38,38,129,92,81,78,0,19,83,49,0,19,7,12,5260,637,2746,321,246,182,80,79,299,112,157,78,30,35,28,45,192,81,413,143,347,108,351,130,320,118,169,74,114,61,2514,433,178,131,0,19,268,108,33,42,46,53,136,86,249,191,360,117,504,132,254,91,264,92,123,69,99,63
1400000US06037503401,7608,1223,270,176,169,113,0,19,0,19,0,19,0,19,0,19,0,19,0,19,0,19,2,6,17,28,44,49,106,93,0,19,101,88,0,19,0,19,0,19,0,19,0,19,0,19,0,19,25,42,0,19,21,34,24,42,0,19,31,52,7338,1201,3386,593,110,83,0,19,269,157,245,209,51,64,229,234,273,196,712,294,523,217,350,181,291,146,199,113,134,73,3952,795,242,204,45,54,165,108,318,230,23,33,145,130,237,166,278,141,1048,751,395,213,534,164,300,152,222,117
1400000US06037503402,4091,389,234,172,78,62,0,14,0,14,0,14,0,14,0,14,0,14,0,14,24,37,34,53,0,14,14,15,6,11,0,14,156,127,0,14,0,14,0,14,0,14,0,14,0,14,51,80,0,14,22,35,0,14,35,28,26,26,22,27,3857,372,1785,311,43,42,48,56,135,88,123,80,81,71,0,14,214,133,215,136,329,109,181,92,219,71,115,54,82,54,2072,279,97,72,25,26,251,119,115,73,20,32,45,38,128,75,260,145,242,97,293,104,359,119,125,73,112,64
1400000US06037503501,6783,1520,156,138,72,105,0,19,0,19,0,19,0,19,0,19,0,19,0,19,70,105,0,19,0,19,2,2,0,19,0,19,84,94,0,19,0,19,0,19,0,19,0,19,0,19,0,19,13,22,9,15,0,19,56,87,0,19,6,10,6627,1525,3555,899,152,101,22,25,171,90,54,36,29,27,61,48,435,190,869,296,535,250,608,362,349,133,147,118,123,110,3072,729,127,101,19,30,310,310,52,52,0,19,159,130,428,210,396,182,398,140,501,222,301,128,120,52,261,206
1400000US06037503502,3885,540,165,76,68,40,0,14,0,14,0,14,0,14,0,14,0,14,13,24,0,14,0,14,12,19,43,35,0,14,0,14,97,59,0,14,0,14,0,14,0,14,0,14,0,14,0,14,29,34,24,37,0,14,22,27,0,14,22,25,3720,563,1786,357,80,86,73,76,185,117,88,60,9,11,24,27,188,97,273,133,286,103,191,90,234,97,110,48,45,33,1934,366,110,76,15,19,262,158,111,70,24,27,119,80,114,83,299,116,201,91,249,72,221,88,141,62,68,46
1400000US06037503601,3986,607,179,93,60,47,0,14,0,14,0,14,0,14,0,14,0,14,0,14,8,12,15,22,0,14,13,15,0,14,24,35,119,62,0,14,0,14,0,14,0,14,0,14,0,14,6,11,7,11,0,14,34,40,25,27,15,23,32,36,3807,608,1856,398,39,48,0,14,159,114,154,108,50,51,51,40,136,76,282,85,258,126,306,123,207,101,91,48,123,60,1951,298,101,85,9,15,109,70,121,71,41,46,80,66,154,57,257,118,289,109,216,75,244,82,215,65,115,68
1400000US06037503602,3851,354,196,98,87,49,0,14,0,14,0,14,0,14,0,14,0,14,0,14,39,42,16,19,0,14,7,12,7,11,18,18,109,74,0,14,0,14,0,14,0,14,0,14,0,14,30,43,0,14,0,14,0,14,54,51,8,19,17,18,3655,374,1705,225,136,99,2,11,104,78,45,42,43,40,20,23,86,64,180,98,183,82,243,104,220,92,280,90,163,86,1950,262,84,65,8,14,101,74,151,81,22,21,38,34,146,75,240,82,240,118,165,86,372,127,235,85,148,72
1400000US06037503701,5034,568,200,88,55,49,0,19,0,19,0,19,0,19,10,14,0,19,0,19,12,19,0,19,19,39,0,19,4,7,10,16,145,81,0,19,0,19,0,19,0,19,0,19,0,19,0,19,32,36,0,19,10,13,52,61,22,24,29,41,4834,585,2499,343,43,31,69,63,95,60,121,81,37,48,109,88,256,98,377,140,491,196,292,97,214,96,209,84,186,118,2335,327,86,65,47,71,184,104,107,78,9,13,31,30,187,93,163,100,485,141,300,103,353,93,198,78,185,103
1400000US06037503702,4948,592,187,128,65,66,8,18,0,14,8,18,0,14,0,14,0,14,0,14,8,18,9,16,5,8,9,15,8,13,10,13,122,83,0,14,0,14,9,18,0,14,0,14,0,14,4,13,16,22,13,21,8,22,15,19,3,5,54,57,4761,608,2425,321,122,53,6,16,158,67,77,52,96,70,175,126,233,78,268,128,354,137,393,125,255,90,135,58,153,54,2336,347,127,87,3,10,227,134,67,46,32,37,40,32,177,79,310,130,357,126,411,107,275,89,170,65,140,54
1400000US06037503704,4522,603,340,141,79,58,0,14,0,14,0,14,0,14,0,14,0,14,36,48,0,14,0,14,0,14,0,14,22,25,21,17,261,127,0,14,0,14,0,14,0,14,10,16,20,31,0,14,0,14,0,14,17,20,0,14,54,59,160,101,4182,619,2016,370,55,49,10,16,142,102,51,40,0,14,20,22,189,159,153,87,118,79,246,88,211,90,311,178,510,217,2166,336,11,19,0,14,103,95,16,21,15,20,43,45,87,72,73,48,143,77,242,107,468,177,423,249,542,144
1400000US06037503705,2926,444,108,60,43,47,0,14,0,14,0,14,0,14,0,14,0,14,0,14,0,14,4,10,0,14,3,8,28,43,8,14,65,53,0,14,0,14,0,14,0,14,0,14,0,14,23,37,0,14,0,14,1,11,9,17,16,29,16,20,2818,451,1447,393,172,197,0,14,66,81,29,31,3,12,35,59,167,136,75,60,220,173,277,95,157,108,159,68,87,47,1371,261,0,14,0,14,83,57,98,61,24,28,19,32,43,39,75,41,157,59,233,88,204,115,221,80,214,125
1400000US06037503801,3712,376,387,250,228,173,7,11,7,11,70,105,0,14,0,14,30,41,0,14,7,12,54,52,0,14,8,12,22,24,23,22,159,111,6,10,0,14,35,52,0,14,0,14,0,14,33,48,0,14,52,50,7,12,7,12,11,15,8,12,3325,419,1422,171,49,41,6,9,112,78,36,40,33,39,6,10,172,78,125,50,195,87,177,78,253,89,123,68,135,68,1903,312,88,55,23,34,81,50,94,66,6,10,24,24,291,165,176,80,190,70,298,134,187,74,276,126,169,59
1400000US06037503802,5305,558,230,89,106,63,0,19,0,19,0,19,0,19,0,19,0,19,0,19,3,8,43,55,10,16,0,19,50,40,0,19,124,57,0,19,0,19,0,19,0,19,0,19,0,19,14,22,4,9,0,19,17,20,44,43,23,26,22,24,5075,557,2521,420,185,101,0,19,215,109,102,84,38,38,30,31,215,136,209,99,423,126,391,133,299,122,275,118,139,59,2554,336,91,83,0,19,78,46,142,81,9,14,118,130,164,72,419,142,397,97,426,203,378,110,176,58,156,71
1400000US06037503901,2244,216,96,77,24,19,0,14,0,14,0,14,0,14,0,14,1,6,0,14,0,14,4,6,0,14,11,12,5,8,3,4,72,70,6,9,0,14,6,8,0,14,0,14,0,14,0,14,19,32,12,10,1,5,28,34,0,14,0,14,2148,219,1146,122,45,43,18,17,72,50,54,42,6,10,13,17,26,19,183,62,214,75,166,64,194,55,65,35,90,52,1002,154,24,21,45,39,76,42,39,28,21,19,11,14,47,28,157,83,83,38,178,58,103,46,136,54,82,43
1400000US06037503902,5146,682,259,145,180,90,0,19,0,19,0,19,0,19,0,19,0,19,12,14,60,67,0,19,2,4,1,4,30,47,75,63,79,73,0,19,0,19,0,19,0,19,0,19,0,19,9,16,4,20,0,19,0,19,31,49,28,39,7,12,4887,726,2711,453,192,124,0,19,369,130,190,105,0,19,65,62,375,172,133,66,391,95,417,140,221,109,229,112,129,91,2176,333,152,78,0,19,108,68,26,29,69,79,24,28,140,88,232,97,293,98,399,136,257,109,277,135,199,75
1400000US06037504001,3406,612,232,192,52,54,0,19,0,19,0,19,0,19,0,19,0,19,0,19,0,19,0,19,0,19,9,15,0,19,43,52,180,188,0,19,0,19,0,19,0,19,0,19,0,19,0,19,0,19,0,19,0,19,0,19,114,183,66,62,3174,546,1799,470,116,37,0,19,191,82,29,28,11,17,54,48,97,61,191,80,170,74,192,51,444,430,154,69,150,89,1375,217,53,54,0,19,45,38,55,49,32,48,42,51,83,65,137,47,164,45,201,78,229,66,100,58,234,71
1400000US06037504002,4634,477,303,153,125,91,0,14,12,20,13,20,0,14,0,14,0,14,4,8,13,24,0,14,0,14,60,52,15,19,8,13,178,98,0,14,0,14,41,48,0,14,0,14,0,14,8,14,27,30,9,14,37,41,46,32,0,14,10,17,4331,493,2166,373,41,49,47,55,82,49,177,198,16,23,83,48,205,128,244,99,266,71,318,110,353,114,155,87,179,68,2165,283,112,70,0,14,259,144,59,55,0,14,111,68,250,135,225,82,208,80,368,101,235,76,114,62,224,86
1400000US06037504101,5225,609,464,193,193,80,0,19,0,19,0,19,0,19,0,19,0,19,12,19,20,22,76,44,0,19,29,31,37,41,19,19,271,142,32,41,20,35,10,16,0,19,0,19,23,35,28,36,27,34,2,4,21,33,7,11,47,45,54,35,4761,635,2273,321,79,65,60,62,228,125,131,81,27,38,11,17,296,158,207,95,326,98,402,131,221,82,176,78,109,55,2488,454,111,83,11,18,200,121,111,89,9,16,111,101,194,79,433,130,307,128,265,115,259,74,254,130,223,80
1400000US06037504200,7231,635,1638,613,916,363,28,46,0,19,173,117,56,68,0,19,139,111,9,15,44,48,112,113,56,68,98,86,43,44,158,148,722,306,0,19,0,19,13,21,52,62,0,19,92,78,195,146,30,40,101,99,72,60,0,19,128,99,39,45,5593,881,2815,470,77,72,0,19,269,161,74,56,24,36,37,36,277,119,456,174,474,180,337,166,308,104,239,107,243,151,2778,489,203,158,22,33,94,85,65,57,20,25,32,30,271,85,298,139,480,144,236,99,422,151,441,166,194,101
1400000US06037530005,3349,330,83,77,40,45,0,14,0,14,0,14,0,14,0,14,0,14,0,14,0,14,0,14,0,14,21,32,11,18,8,14,43,42,12,19,0,14,0,14,0,14,0,14,0,14,0,14,19,22,0,14,0,14,0,14,12,19,0,14,3266,340,1687,251,33,34,6,11,56,38,39,49,46,33,28,29,49,44,212,98,94,48,115,88,396,79,324,117,289,116,1579,197,85,47,0,14,61,37,6,9,14,22,24,30,138,116,165,88,92,41,175,85,318,89,221,64,280,83
1400000US06037530006,4620,592,357,148,99,64,0,14,0,14,23,37,0,14,0,14,0,14,11,17,0,14,28,26,20,25,10,17,7,13,0,14,258,113,0,14,0,14,12,19,31,29,0,14,30,28,39,40,0,14,48,32,6,12,28,35,29,34,35,26,4263,603,2008,282,151,103,0,14,108,75,50,59,0,14,33,39,129,83,435,155,437,128,214,75,184,79,109,45,158,82,2255,408,105,69,26,31,161,88,39,53,18,29,0,14,123,94,376,128,479,203,155,69,358,157,306,142,109,45
1400000US06037530007,6369,671,542,383,126,93,0,19,0,19,0,19,10,15,0,19,0,19,0,19,0,19,12,19,6,14,22,34,2,3,74,78,416,323,0,19,0,19,0,19,70,93,0,19,67,87,0,19,30,44,88,91,14,22,2,2,79,75,66,57,5827,685,3041,419,79,56,6,9,79,53,130,96,8,14,51,57,347,125,424,158,487,205,443,151,436,132,200,98,351,123,2786,365,175,123,9,14,108,64,45,39,16,24,165,104,292,107,219,128,359,111,316,112,428,133,383,202,271,106
1400000US06037530101,5077,496,1085,531,387,225,0,19,20,32,32,37,0,19,0,19,0,19,19,30,1,3,40,45,151,138,22,32,67,83,35,38,698,336,69,83,0,19,76,80,22,38,0,19,22,35,41,39,76,77,176,224,43,42,28,31,36,38,109,69,3992,520,1890,299,200,162,0,19,90,74,60,36,12,19,61,54,138,73,246,113,256,87,289,107,179,75,193,99,166,89,2102,323,71,48,0,19,129,90,127,85,48,47,34,54,236,121,235,172,264,90,293,117,279,96,119,66,267,107
1400000US06037530102,5044,528,559,184,187,80,13,19,0,19,0,19,10,18,0,19,0,19,0,19,38,41,0,19,40,17,6,11,27,29,53,64,372,139,10,19,0,19,11,19,0,19,0,19,0,19,0,19,81,78,9,17,0,19,42,61,74,61,145,77,4485,586,2340,387,116,64,14,24,165,113,150,99,34,39,84,69,179,111,412,197,230,117,399,111,207,83,176,80,174,99,2145,329,192,136,32,35,176,100,62,62,0,19,7,14,126,54,312,120,270,96,327,113,178,67,290,117,173,113
1400000US06037530202,4258,641,315,185,80,55,12,20,0,14,0,14,0,14,0,14,32,48,0,14,8,13,0,14,9,15,19,26,0,14,0,14,235,146,0,14,0,14,0,14,0,14,0,14,0,14,72,85,28,37,33,48,48,61,0,14,39,51,15,17,3943,572,2044,383,24,29,0,14,135,94,0,14,12,20,70,70,183,94,389,194,278,157,352,185,248,115,200,92,153,83,1899,306,0,14,15,24,48,55,138,94,0,14,101,101,149,97,258,165,204,93,419,131,85,49,304,157,178,92
1400000US06037530203,2762,322,737,425,388,261,12,18,0,14,68,70,69,68,0,14,0,14,45,55,22,24,84,74,31,29,11,15,12,21,34,54,349,221,100,137,0,14,57,76,0,14,0,14,0,14,0,14,65,65,54,63,11,17,28,26,22,24,12,15,2025,335,1009,199,44,43,15,24,42,54,11,19,9,15,99,82,17,21,190,96,147,97,201,117,41,28,123,51,70,52,1016,235,27,32,0,14,56,60,48,68,0,14,29,31,79,58,154,92,137,63,136,74,80,46,154,58,116,89
1400000US06037530204,3723,682,488,255,175,101,19,27,0,14,19,27,17,24,0,14,0,14,0,14,11,16,17,24,12,22,25,28,55,46,0,14,313,204,38,50,0,14,55,53,0,14,16,23,28,28,0,14,51,49,52,52,11,20,42,44,20,27,0,14,3235,733,1791,427,25,28,0,14,161,100,56,35,19,29,27,30,177,87,366,179,276,122,280,182,236,80,120,68,48,50,1444,359,24,25,0,14,113,104,39,44,19,24,19,29,163,83,196,140,301,131,157,130,260,108,48,37,105,53
1400000US06037530301,1896,335,269,174,92,63,15,19,0,14,22,26,0,14,0,14,0,14,7,14,19,22,0,14,21,25,0,14,8,14,0,14,177,114,16,24,15,23,59,55,0,14,0,14,0,14,14,29,16,20,42,31,0,14,7,16,8,14,0,14,1627,326,769,137,36,42,0,14,63,48,11,13,8,13,0,14,121,52,127,59,81,55,175,79,66,36,17,20,64,47,858,224,28,25,5,7,31,40,40,39,0,14,38,41,72,53,128,55,66,48,158,63,54,38,97,52,141,55
1400000US06037530302,5724,693,836,324,389,195,10,15,0,19,8,13,0,19,0,19,41,48,24,27,79,62,5,8,104,84,59,57,23,35,36,49,447,165,0,19,8,12,95,102,9,14,17,24,0,19,8,11,85,66,60,50,28,43,24,25,14,24,99,62,4888,717,2582,489,236,182,40,49,168,110,27,42,55,66,5,8,219,95,605,187,253,108,387,117,171,87,257,140,159,135,2306,424,106,82,0,19,60,55,15,24,26,43,204,96,267,175,446,198,257,119,278,109,269,108,210,130,168,95
1400000US06037530400,3886,857,1099,509,446,242,23,39,0,14,46,54,22,38,0,14,96,94,72,88,58,52,19,30,0,14,30,38,80,61,0,14,653,279,53,61,27,42,22,35,33,43,47,82,0,14,38,46,129,98,88,86,27,36,29,32,143,79,17,22,2787,921,1285,567,57,55,0,14,270,375,72,114,0,14,0,14,74,57,324,131,79,55,105,75,162,92,102,79,40,36,1502,457,133,175,6,15,82,58,29,37,0,14,48,61,141,87,326,251,102,59,223,139,163,94,90,64,159,93
1400000US06037530500,3930,565,700,394,328,244,56,64,43,49,37,57,54,56,0,14,33,44,0,14,20,30,33,36,8,11,0,14,44,39,0,14,372,172,0,14,0,14,21,34,21,34,0,14,53,53,0,14,44,68,109,70,14,14,35,33,23,23,52,38,3230,460,1467,255,22,36,41,44,61,46,82,68,29,47,99,69,127,71,190,113,332,121,171,94,142,64,131,77,40,31,1763,331,15,24,0,14,169,82,41,46,30,42,28,45,298,98,282,157,204,113,195,91,216,84,164,103,121,57
1400000US06037530603,4108,498,452,236,160,133,62,99,0,14,15,25,0,14,0,14,0,14,0,14,11,13,0,14,38,31,22,34,0,14,12,18,292,137,0,14,0,14,12,19,8,15,20,31,0,14,26,29,36,34,32,34,11,18,27,31,53,53,67,67,3656,458,1884,316,110,85,18,28,35,39,68,76,38,56,89,70,319,230,322,102,311,147,268,102,187,88,63,36,56,39,1772,271,56,34,0,14,135,76,19,22,43,37,21,24,175,102,286,107,292,109,266,104,199,89,199,72,81,49
1400000US06037530700,2048,342,332,145,160,81,0,14,0,14,10,16,0,14,0,14,16,27,21,23,25,24,23,25,23,23,24,24,9,10,9,14,172,87,24,27,0,14,0,14,0,14,0,14,5,8,6,12,21,21,9,13,37,37,30,27,9,14,31,45,1716,282,918,184,20,25,0,14,86,39,28,32,22,22,0,14,120,79,191,73,182,100,143,47,54,32,65,35,7,11,798,135,29,28,16,20,52,30,39,29,0,14,5,11,50,28,181,52,152,57,137,51,51,25,54,27,32,25
1400000US06037530801,5648,883,600,379,185,109,0,19,0,19,0,19,0,19,0,19,0,19,18,21,0,19,52,54,60,68,45,60,0,19,10,15,415,277,45,70,0,19,8,15,43,66,7,14,29,46,73,91,8,14,101,88,5,10,58,62,27,30,11,17,5048,870,2704,454,155,128,112,92,158,88,76,58,52,58,130,110,262,187,602,156,413,157,344,122,219,83,55,47,126,64,2344,479,109,80,27,34,133,72,109,81,58,65,111,101,269,142,481,201,416,125,275,121,176,87,115,54,65,46
1400000US06037530802,3060,338,238,149,126,71,0,14,0,14,29,29,0,14,0,14,5,13,24,26,5,11,28,23,18,21,10,14,7,12,0,14,112,88,13,27,0,14,5,14,17,27,0,14,5,12,11,17,10,14,31,24,0,14,7,11,8,16,5,8,2822,379,1469,224,69,41,14,18,110,59,78,55,12,17,68,38,187,66,200,71,311,96,114,52,166,57,91,40,49,36,1353,197,41,27,27,27,79,48,28,29,13,20,0,14,131,58,242,85,198,64,198,65,210,73,118,52,68,52
1400000US06037530901,3626,515,715,433,331,201,0,14,0,14,16,25,37,40,0,14,100,85,42,40,24,36,68,71,17,25,15,16,12,20,0,14,384,248,54,77,0,14,56,80,19,20,0,14,0,14,64,56,9,14,117,87,23,30,7,10,15,25,20,24,2911,482,1542,310,34,32,29,42,119,82,116,54,20,25,68,53,260,130,204,80,302,98,228,109,88,47,42,23,32,23,1369,237,6,10,0,14,160,95,28,31,58,43,73,44,126,60,154,75,285,115,252,92,78,40,59,33,90,50
1400000US06037530902,3600,708,1087,514,436,263,64,64,0,14,133,148,38,51,0,14,23,34,0,14,33,37,64,77,0,14,24,36,0,14,57,57,651,280,25,39,0,14,64,57,24,36,41,65,37,49,21,34,100,73,129,94,0,14,33,49,22,25,155,79,2513,471,1046,306,54,55,0,14,0,14,63,85,10,15,44,65,156,92,141,53,181,95,184,104,65,47,111,73,37,35,1467,252,133,87,0,14,58,55,77,77,0,14,87,66,90,62,166,98,118,62,190,81,227,166,214,119,107,64
1400000US06037531000,4579,764,395,238,183,149,55,65,0,14,36,62,0,14,0,14,11,20,0,14,8,14,0,14,0,14,44,47,15,23,14,21,212,115,0,14,0,14,0,14,0,14,0,14,0,14,0,14,6,11,117,91,10,16,14,18,14,22,51,46,4184,753,2164,517,21,33,22,34,98,125,163,102,0,14,54,48,376,154,342,163,278,151,312,96,346,156,112,67,40,40,2020,324,78,71,0,14,195,98,53,57,58,51,106,72,194,95,265,129,226,91,323,108,313,123,65,52,144,88
1400000US06037531101,4676,1019,917,540,450,283,60,71,0,14,181,176,38,49,14,22,0,14,95,70,2,9,15,29,27,33,0,14,17,27,1,2,467,299,53,84,0,14,31,50,0,14,0,14,14,22,79,88,50,56,84,81,58,54,16,25,0,14,82,121,3759,1163,2009,850,140,106,0,14,110,128,77,51,30,46,91,111,109,78,607,382,197,137,297,142,151,92,83,81,117,86,1750,488,65,68,0,14,47,54,87,69,36,47,103,69,248,127,266,120,221,128,273,127,179,110,92,64,133,78
1400000US06037531102,2359,282,484,173,189,107,3,7,0,14,0,14,16,25,0,14,0,14,40,38,7,12,18,26,12,17,66,53,10,14,17,21,295,98,21,29,0,14,11,15,12,17,0,14,0,14,0,14,19,21,38,32,17,18,41,46,61,47,75,48,1875,330,984,199,43,34,3,6,36,34,51,44,13,20,11,17,88,44,219,110,155,49,158,91,111,53,75,40,21,24,891,176,22,23,10,15,81,46,43,43,0,14,5,8,98,52,148,95,87,36,180,69,109,65,64,31,44,30
1400000US06037531201,4228,764,619,383,249,200,0,14,0,14,96,113,44,59,0,14,0,14,0,14,0,14,48,67,0,14,29,44,32,45,0,14,370,228,40,63,0,14,101,94,0,14,30,47,7,11,39,47,0,14,76,76,33,43,15,23,29,49,0,14,3609,759,2107,503,82,76,0,14,210,152,68,78,0,14,154,116,187,115,210,103,350,160,263,133,255,106,146,114,182,228,1502,319,8,14,11,17,71,70,75,58,51,45,35,43,122,86,96,62,314,133,253,116,170,85,113,71,183,150
1400000US06037531202,4547,922,964,416,414,189,33,38,0,14,71,68,121,95,0,14,0,14,6,11,46,53,26,32,17,26,26,39,68,65,0,14,550,256,28,33,0,14,0,14,14,23,34,52,97,76,36,30,158,121,26,32,21,37,65,66,71,76,0,14,3583,966,1891,674,30,29,0,14,285,215,140,169,52,82,143,111,192,126,225,107,179,107,279,154,238,133,128,90,0,14,1692,399,155,122,0,14,193,154,60,72,18,27,51,50,139,89,151,87,376,159,244,106,110,63,101,79,94,80
1400000US06037531301,5463,1023,1188,460,510,294,65,55,24,39,89,111,40,65,0,19,35,33,103,79,13,23,36,41,53,50,0,19,52,61,0,19,678,264,15,25,0,19,67,64,43,48,0,19,46,54,32,46,46,44,74,72,126,77,120,88,59,52,50,46,4275,991,2371,533,179,135,17,20,240,120,218,110,35,38,50,49,377,211,266,143,380,184,275,126,113,86,192,104,29,34,1904,556,39,57,119,130,120,82,109,106,88,109,85,72,310,134,186,85,346,159,186,70,186,119,82,68,48,45
1400000US06037531302,5176,636,1444,461,880,316,82,73,0,19,66,57,119,97,31,36,57,51,57,51,28,34,131,78,72,46,106,81,82,60,49,44,564,195,23,37,29,44,79,84,9,20,0,19,14,25,52,46,26,41,101,51,76,58,41,45,83,80,31,38,3732,651,2070,417,117,86,91,84,296,122,61,63,40,51,23,36,241,111,300,145,218,114,257,113,269,139,92,67,65,61,1662,332,8,16,26,26,114,83,26,35,62,59,51,44,223,105,367,170,175,91,278,106,262,107,51,37,19,24
1400000US06037531502,3084,463,653,262,285,153,50,55,7,13,18,19,7,14,0,14,19,20,29,33,38,53,11,18,49,39,38,54,14,23,5,7,368,130,13,21,0,14,76,50,49,40,5,8,14,17,6,8,49,35,26,23,45,37,36,50,19,24,30,26,2431,557,1289,346,113,75,0,14,139,75,188,96,0,14,13,15,199,88,192,92,148,77,152,78,89,53,40,28,16,18,1142,291,33,36,4,7,113,58,63,66,9,14,21,33,188,92,194,88,155,56,196,92,92,60,44,29,30,31
1400000US06037531503,2435,383,336,127,159,84,0,14,20,29,45,34,8,13,0,14,18,29,0,14,0,14,15,25,7,13,10,15,7,12,29,32,177,72,0,14,19,24,0,14,0,14,0,14,0,14,18,28,27,34,54,42,27,34,0,14,7,11,25,28,2099,394,1114,311,0,14,14,20,57,45,17,21,0,14,60,44,180,128,246,159,142,67,161,71,146,90,20,14,71,39,985,174,8,14,0,14,70,61,0,14,0,14,46,46,159,68,170,96,98,63,159,58,148,60,37,31,90,63
1400000US06037531504,3875,639,961,501,491,277,41,63,0,14,55,66,48,64,0,14,40,41,53,73,28,29,156,105,39,53,31,34,0,14,0,14,470,265,11,18,29,43,113,91,61,65,0,14,35,54,0,14,22,26,94,81,21,30,27,25,45,50,12,16,2914,727,1446,406,109,85,38,49,74,60,96,90,12,19,109,92,134,88,347,130,140,81,95,73,187,102,71,48,34,37,1468,396,93,68,0,14,245,107,9,14,0,14,42,44,136,73,305,135,175,106,169,93,148,80,103,57,43,39
1400000US06037531602,3648,627,625,376,253,196,27,34,0,14,24,30,24,30,0,14,18,30,63,85,21,33,26,32,0,14,50,63,0,14,0,14,372,307,0,14,0,14,0,14,0,14,0,14,0,14,163,229,45,48,44,41,69,80,0,14,32,35,19,22,3023,489,1541,280,68,58,22,35,109,72,110,81,0,14,50,49,133,84,316,113,306,130,132,77,116,79,97,69,82,45,1482,331,111,81,0,14,57,57,99,63,61,51,0,14,85,64,265,133,241,119,129,60,192,65,161,104,81,55
1400000US06037531603,3369,470,440,208,193,92,21,31,14,20,22,23,31,27,0,14,0,14,9,15,18,20,34,29,10,16,27,27,0,14,7,11,247,130,9,15,0,14,52,49,15,24,0,14,0,14,9,16,32,27,50,37,44,46,11,17,25,23,0,14,2929,521,1412,270,59,31,15,17,85,60,57,41,5,9,0,14,116,63,240,98,165,81,281,109,224,88,113,50,52,54,1517,295,69,41,11,16,149,57,42,35,49,35,66,55,193,88,281,103,142,73,190,58,162,67,92,39,71,37
1400000US06037531604,3107,418,812,312,380,164,0,14,0,14,84,48,60,45,0,14,13,20,19,22,55,46,110,63,15,23,7,12,12,15,5,8,432,167,7,11,7,12,31,49,38,39,0,14,55,47,33,37,71,53,43,37,81,44,23,27,23,22,20,20,2295,365,1256,243,67,51,0,14,90,47,52,39,5,8,35,29,123,62,252,109,138,59,168,56,183,69,85,40,58,35,1039,175,27,28,0,14,137,68,36,31,19,19,25,24,181,86,126,56,104,49,161,51,120,47,64,30,39,27
1400000US06037531701,5350,803,1037,820,457,293,28,45,22,35,0,19,0,19,0,19,0,19,0,19,102,122,72,91,63,57,120,134,28,33,22,34,580,553,111,137,0,19,97,116,0,19,0,19,0,19,0,19,102,151,32,38,45,73,117,134,22,32,54,43,4313,633,2186,351,81,55,22,33,202,108,61,77,24,28,39,32,321,160,232,97,338,128,392,151,209,105,127,74,138,69,2127,373,38,36,41,63,150,89,210,121,58,58,63,52,229,106,242,136,319,116,332,149,259,106,111,57,75,59
1400000US06037531702,4328,788,609,318,260,144,0,14,36,57,25,40,0,14,0,14,0,14,0,14,36,56,37,56,17,21,40,45,69,49,0,14,349,213,39,62,31,50,57,64,0,14,0,14,0,14,57,78,46,62,37,47,8,14,66,61,8,12,0,14,3719,841,2178,533,31,41,0,14,116,92,26,44,15,25,81,63,352,214,404,124,178,91,414,231,275,155,144,81,142,126,1541,486,42,60,43,59,134,130,0,14,69,70,50,69,175,78,315,206,202,102,284,113,87,65,92,45,48,39
1400000US06037531800,4420,785,353,231,161,125,14,25,0,14,31,34,0,14,0,14,18,27,0,14,36,59,20,29,30,31,12,22,0,14,0,14,192,132,0,14,0,14,31,36,13,22,0,14,0,14,19,30,24,43,35,40,14,22,38,47,0,14,18,20,4067,812,1652,259,18,33,16,27,20,28,17,28,57,55,86,71,303,147,299,130,325,105,188,84,158,83,144,70,21,23,2415,692,45,40,41,60,211,124,205,258,34,53,85,63,228,135,346,277,363,122,432,240,257,85,116,51,52,51
1400000US06037531901,6164,919,940,577,558,360,64,98,36,57,116,116,37,60,0,19,0,19,66,68,33,48,90,93,0,19,49,65,12,15,55,45,382,255,51,88,0,19,46,60,0,19,31,49,0,19,30,39,0,19,32,51,43,58,129,96,8,13,12,18,5224,1004,2921,601,130,101,0,19,122,69,129,86,55,54,67,62,199,82,564,296,371,156,448,187,521,206,196,107,119,102,2303,486,86,73,0,19,88,66,79,78,47,57,159,144,272,159,163,109,281,114,376,171,448,174,186,90,118,77
1400000US06037531902,3756,521,403,256,128,82,8,13,8,12,0,14,0,14,0,14,0,14,0,14,22,33,55,49,35,45,0,14,0,14,0,14,275,190,16,25,0,14,36,47,0,14,34,44,0,14,58,72,0,14,68,47,32,41,0,14,13,21,18,29,3353,565,1864,380,123,76,58,55,69,61,70,53,0,14,24,36,244,171,364,158,275,108,183,79,309,143,80,41,65,49,1489,228,85,59,30,41,42,46,56,56,34,39,0,14,114,49,246,93,184,71,189,97,183,67,159,52,167,94
1400000US06037532001,2857,482,369,271,191,137,33,53,14,23,14,23,0,14,0,14,0,14,18,26,43,53,33,55,9,14,0,14,15,20,12,19,178,159,0,14,0,14,59,97,9,15,0,14,0,14,0,14,26,43,7,12,8,12,14,22,36,56,19,22,2488,481,1064,241,56,61,0,14,31,28,34,44,0,14,74,82,35,45,143,112,157,86,119,81,159,125,144,84,112,70,1424,305,105,98,10,17,106,72,34,52,8,17,24,40,104,65,227,97,141,82,221,97,80,51,106,75,258,112
1400000US06037532002,3470,419,386,158,175,88,22,24,7,12,25,27,18,22,0,14,5,8,11,17,7,10,6,10,37,36,20,31,0,14,17,25,211,93,0,14,0,14,25,25,0,14,11,18,16,26,31,27,24,27,41,29,21,18,16,25,6,11,20,25,3084,453,1482,291,77,67,5,10,119,62,106,78,35,37,6,10,210,101,237,89,135,55,223,100,177,80,124,71,28,30,1602,251,90,71,0,14,86,57,76,40,24,27,37,32,134,89,270,91,215,79,300,109,123,63,128,51,119,50
1400000US06037532101,6940,1146,964,359,386,202,55,60,0,19,115,80,70,68,0,19,0,19,0,19,15,28,58,54,35,33,14,23,13,22,11,19,578,213,30,45,12,20,69,72,23,25,26,44,0,19,50,51,59,51,120,57,8,13,68,59,90,69,23,28,5976,1149,3431,749,195,132,144,142,216,187,72,56,52,63,209,222,424,247,684,279,522,145,260,106,249,84,367,187,37,41,2545,554,402,298,41,59,169,97,19,30,29,30,26,38,206,149,384,119,310,137,352,224,316,103,171,116,120,67
1400000US06037532102,3602,378,424,201,213,130,21,38,43,39,24,38,68,93,0,14,0,14,5,9,3,13,0,14,4,7,35,46,10,16,0,14,211,111,48,42,0,14,13,20,0,14,0,14,0,14,0,14,70,66,12,18,16,25,31,43,11,17,10,17,3178,407,1714,272,87,59,9,15,71,59,50,42,33,52,49,35,86,64,291,135,263,114,303,168,231,84,111,58,130,73,1464,196,88,60,0,14,40,44,63,48,17,23,19,19,84,71,290,120,258,108,98,68,206,108,153,59,148,62
1400000US06037532200,6095,811,860,453,234,163,26,43,0,19,55,69,0,19,0,19,0,19,69,78,79,68,0,19,2,6,2,4,0,19,1,5,626,369,98,99,0,19,0,19,23,41,22,38,61,91,74,69,123,97,101,72,48,63,47,53,21,24,8,13,5235,770,2849,524,106,94,7,11,259,134,165,90,21,35,104,62,221,103,591,168,404,225,355,179,371,229,143,92,102,82,2386,399,121,90,70,57,127,108,125,77,9,14,83,66,303,150,319,124,360,120,265,119,294,197,103,64,207,119
1400000US06037532302,4362,566,667,336,237,127,0,14,0,14,17,25,44,56,0,14,16,26,16,23,47,35,0,14,40,40,16,25,31,40,10,19,430,252,0,14,0,14,104,101,0,14,0,14,0,14,24,28,104,114,27,31,88,65,50,47,33,35,0,14,3695,647,1875,335,67,63,22,47,198,141,169,81,0,14,102,85,76,50,243,108,240,97,269,160,207,80,215,68,67,38,1820,382,58,59,0,14,130,87,109,74,9,18,141,104,192,145,290,125,187,91,196,90,247,123,167,93,94,64
1400000US06037532303,4367,651,466,334,133,104,26,36,0,14,0,14,9,14,0,14,0,14,12,23,12,19,1,8,44,63,0,14,9,23,20,30,333,251,0,14,7,14,52,66,7,15,0,14,42,60,61,64,12,24,6,13,71,63,0,14,7,10,68,50,3901,721,1976,431,140,81,17,29,135,86,16,27,0,14,6,18,223,115,425,161,155,90,131,79,343,130,305,194,80,60,1925,365,204,94,30,45,105,66,77,53,10,19,19,28,130,121,371,139,247,109,101,69,296,105,241,158,94,69
1400000US06037532304,3575,414,666,283,412,233,0,14,0,14,33,52,34,52,0,14,0,14,31,48,28,47,42,68,88,27,56,26,72,56,28,45,254,105,0,14,0,14,0,14,0,14,0,14,0,14,0,14,0,14,28,47,31,47,81,67,21,49,93,78,2909,465,1532,322,87,72,34,55,162,79,16,25,0,14,36,49,93,61,381,171,176,103,95,62,195,97,112,106,145,87,1377,275,43,42,0,14,94,40,0,14,0,14,33,35,154,96,278,145,145,79,174,87,118,85,153,86,185,123
1400000US06037532500,3739,522,656,380,304,186,40,63,0,14,82,130,0,14,0,14,0,14,27,41,16,23,0,14,48,76,13,20,10,15,68,77,352,217,31,50,0,14,13,21,0,14,0,14,27,44,0,14,87,84,63,70,0,14,49,46,29,48,53,48,3083,436,1580,246,34,39,20,32,181,89,0,14,14,22,148,62,155,105,249,121,303,118,177,90,160,73,100,70,39,42,1503,330,90,90,27,32,146,84,106,77,21,31,83,66,104,62,226,109,204,68,204,82,109,54,169,91,14,26
1400000US06037532605,4141,1231,1056,405,364,187,38,53,0,14,43,53,0,14,0,14,0,14,53,55,68,67,4,17,54,53,38,46,66,51,0,14,692,265,81,105,0,14,94,98,45,55,0,14,41,51,60,55,76,56,51,52,58,54,58,54,88,69,40,42,3085,1193,1420,595,0,14,29,47,35,34,0,14,0,14,12,20,312,203,246,159,151,83,201,133,100,73,253,260,81,45,1665,626,36,45,0,14,62,58,67,64,35,46,137,162,210,164,358,197,140,91,351,180,112,53,88,53,69,53
1400000US06037532606,3737,410,247,127,58,50,0,14,0,14,0,14,0,14,0,14,0,14,16,26,0,14,0,14,0,14,12,20,8,14,22,34,189,111,0,14,0,14,0,14,0,14,0,14,17,26,0,14,0,14,16,26,66,81,35,54,16,26,39,38,3490,417,1558,263,43,47,0,14,201,142,117,109,55,56,0,14,160,87,165,90,198,108,255,122,165,84,130,68,69,53,1932,282,74,62,0,14,191,88,96,70,29,34,49,42,164,74,409,137,333,131,242,90,163,87,131,58,51,84
1400000US06037532607,5006,601,1121,401,535,225,47,49,0,19,142,74,9,15,19,28,41,57,23,25,24,25,108,78,58,45,18,21,26,35,20,20,586,204,62,50,13,20,44,52,52,43,0,19,43,38,71,53,102,62,60,42,56,36,40,30,9,14,34,40,3885,534,1956,311,90,70,0,19,145,85,0,19,52,54,137,119,277,102,195,82,300,109,298,88,196,79,259,102,7,9,1929,286,67,63,6,10,86,85,68,44,13,21,100,51,221,101,254,106,348,96,182,57,330,84,154,83,100,59
1400000US06037532700,2967,436,421,330,150,143,30,46,0,14,33,35,0,14,0,14,0,14,0,14,0,14,47,51,40,45,0,14,0,14,0,14,271,194,29,45,0,14,28,42,48,52,0,14,20,28,0,14,29,34,54,47,15,25,48,54,0,14,0,14,2546,404,1335,241,27,29,15,23,43,32,33,36,0,14,60,44,179,82,119,57,175,73,205,116,282,112,95,54,102,62,1211,211,36,39,29,34,46,38,19,31,26,39,52,41,145,104,237,135,126,55,159,69,119,55,135,68,82,61
1400000US06037532800,3856,617,1053,392,496,260,0,14,0,14,105,77,102,117,36,44,24,35,38,42,45,52,95,60,32,37,0,14,19,23,0,14,557,197,112,71,0,14,72,54,10,17,22,34,30,35,35,39,100,67,81,56,60,52,20,23,13,20,2,4,2803,661,1442,382,103,110,0,14,101,83,103,65,0,14,42,35,159,74,269,111,246,109,216,83,94,47,74,45,35,35,1361,326,45,47,0,14,148,94,31,31,53,47,63,46,168,73,225,74,221,102,166,59,109,56,95,50,37,37
1400000US06037532900,6213,823,2290,764,887,333,67,79,0,19,135,91,102,79,36,57,10,16,155,152,101,74,83,71,58,56,69,72,71,45,0,19,1403,473,81,77,20,33,186,127,60,61,19,26,91,77,160,89,218,134,291,171,126,118,84,70,32,31,35,42,3923,944,1986,517,112,79,39,56,158,88,85,68,34,53,29,34,348,187,230,97,298,126,297,185,170,117,116,72,70,64,1937,499,113,83,24,27,115,83,42,39,117,150,109,77,222,98,348,161,165,78,250,158,238,121,126,72,68,61
1400000US06037533001,4423,874,696,336,254,116,0,14,0,14,4,10,31,31,0,14,0,14,38,42,0,14,10,18,101,78,21,34,49,55,0,14,442,251,27,30,23,34,45,48,36,53,40,40,23,34,54,59,9,13,49,43,20,31,94,74,22,31,0,14,3727,916,1867,301,103,65,8,14,138,67,75,54,0,14,18,30,179,83,484,161,269,95,151,77,313,166,66,50,63,69,1860,710,107,69,12,18,271,162,66,54,0,14,34,31,98,55,255,100,192,91,307,297,177,77,107,56,234,243
1400000US06037533002,2274,419,452,248,134,89,22,31,0,14,20,31,20,31,0,14,0,14,7,11,7,11,33,35,0,14,0,14,8,12,17,23,318,192,41,38,0,14,36,57,16,26,43,49,0,14,73,58,38,38,40,38,23,37,0,14,8,12,0,14,1822,371,872,177,0,14,0,14,73,58,54,39,12,16,10,13,107,66,109,71,218,71,129,47,116,52,43,51,1,5,950,262,30,48,5,16,79,65,37,35,7,13,15,16,139,82,116,74,142,68,96,45,163,55,94,48,27,35
1400000US06037533103,3258,395,621,222,243,113,23,26,17,25,33,33,46,53,6,12,49,37,10,14,12,19,18,22,18,23,0,14,11,15,0,14,378,137,22,25,0,14,9,15,46,37,9,14,24,29,16,24,28,22,128,51,37,38,23,25,21,23,15,22,2637,414,1406,249,93,91,30,33,168,75,102,59,20,24,54,53,121,49,248,93,198,73,161,84,108,68,83,39,20,28,1231,208,37,36,0,14,81,43,48,37,21,23,53,50,211,66,209,114,221,74,193,67,82,49,38,23,37,32
1400000US06037533104,4175,728,998,280,445,158,0,14,0,14,30,45,69,63,22,35,22,36,87,69,9,7,46,52,64,46,25,41,3,8,68,70,553,191,0,14,0,14,51,52,44,48,21,35,19,30,67,55,43,51,40,45,128,71,25,34,37,43,78,57,3177,727,1684,286,17,28,22,38,149,72,108,62,24,33,142,85,111,77,201,118,369,101,227,160,194,109,92,63,28,36,1493,486,195,163,0,14,137,113,63,66,0,14,47,51,64,50,233,106,309,201,118,60,177,96,118,62,32,38
1400000US06037533105,2267,457,367,163,114,74,28,30,0,14,13,21,20,31,0,14,0,14,11,17,15,21,13,21,0,14,0,14,14,21,0,14,253,105,0,14,15,21,50,52,26,44,11,17,0,14,5,9,47,43,22,23,0,14,62,50,15,21,0,14,1900,474,911,234,0,14,8,12,115,88,22,28,0,14,25,26,82,47,193,80,187,103,65,47,167,80,29,25,18,22,989,293,28,40,18,25,40,36,38,39,0,14,27,39,56,47,197,95,150,81,183,122,160,63,74,46,18,22
1400000US06037533108,4817,456,1128,395,404,182,42,47,11,17,59,60,33,27,20,24,13,21,52,44,67,67,53,42,0,14,20,24,12,17,22,24,724,254,58,63,0,14,116,94,69,55,0,14,28,29,49,53,38,35,106,64,148,81,34,43,51,46,27,32,3689,476,2006,315,16,25,19,27,68,60,51,35,90,77,66,50,375,144,330,136,270,109,328,120,239,109,108,57,46,45,1683,252,62,52,0,14,85,61,36,32,13,21,87,64,257,96,227,107,202,90,340,112,209,79,95,67,70,41
1400000US06037533201,2061,335,348,143,102,50,23,33,0,14,0,14,0,14,0,14,0,14,0,14,0,14,0,14,33,36,22,17,24,29,0,14,246,110,0,14,0,14,21,30,0,14,0,14,8,13,84,68,0,14,0,14,43,38,39,42,51,42,0,14,1713,345,940,206,29,37,4,7,46,41,70,40,16,25,0,14,152,85,176,74,109,55,113,61,112,61,56,38,57,46,773,179,53,52,0,14,48,45,48,44,0,14,22,23,7,11,125,65,125,58,115,52,117,58,49,38,64,43
1400000US06037533204,3972,549,473,284,199,146,0,14,0,14,110,96,0,14,0,14,14,23,25,40,6,10,7,10,21,33,15,22,1,4,0,14,274,153,23,35,0,14,59,55,0,14,0,14,0,14,56,47,21,31,64,54,27,28,0,14,0,14,24,36,3499,599,2036,404,252,127,23,28,213,97,45,44,73,64,47,42,262,136,356,141,197,108,190,117,189,89,107,68,82,55,1463,267,44,39,0,14,33,28,40,38,21,26,70,61,228,109,191,69,281,114,234,80,181,72,108,60,32,27
1400000US06037533300,3126,518,538,207,163,92,28,30,0,14,34,34,24,24,0,14,14,16,32,31,0,14,10,14,12,16,0,14,9,12,0,14,375,168,0,14,11,16,44,44,11,16,21,33,14,23,55,61,102,77,65,39,22,24,22,23,8,12,0,14,2588,512,1550,321,127,59,44,48,92,53,92,89,30,30,68,39,176,121,316,117,152,64,207,100,142,65,68,40,36,37,1038,234,147,111,12,18,57,41,48,52,18,28,17,18,91,63,221,90,113,51,143,84,72,47,53,40,46,38
1400000US06037533401,4579,715,808,573,517,462,0,14,0,14,72,113,0,14,0,14,63,97,24,33,0,14,83,117,105,128,46,69,69,61,55,56,291,167,0,14,0,14,0,14,0,14,25,35,12,18,83,75,25,34,56,87,11,17,24,33,55,51,0,14,3771,591,2048,290,93,76,33,36,322,122,262,81,36,38,65,67,161,94,420,158,161,67,213,93,137,88,120,75,25,22,1723,373,18,29,13,20,94,73,56,43,0,14,40,41,264,109,312,283,347,106,222,83,241,105,33,36,83,52
1400000US06037533402,3894,535,1217,606,623,326,105,116,0,14,151,105,31,36,0,14,12,18,81,80,90,73,17,28,46,50,90,88,0,14,0,14,594,314,65,59,0,14,111,85,47,51,0,14,44,48,44,48,112,90,71,67,28,33,72,80,0,14,0,14,2677,652,1339,350,40,63,0,14,87,74,43,44,20,26,74,58,132,98,233,114,259,126,225,124,120,80,79,62,27,34,1338,365,104,84,0,14,104,84,89,83,0,14,106,91,123,87,88,63,282,125,172,86,100,71,157,98,13,21
1400000US06037533403,2184,376,220,183,138,117,10,15,0,14,10,14,0,14,0,14,0,14,19,32,20,33,0,14,21,34,8,12,31,48,19,14,82,72,0,14,0,14,0,14,0,14,0,14,0,14,20,33,0,14,9,12,19,31,0,14,23,22,11,13,1964,386,895,195,21,20,5,7,34,33,11,16,0,14,34,37,194,78,67,47,59,37,103,59,151,53,110,107,106,56,1069,259,24,30,18,26,61,44,50,33,0,14,13,18,53,39,219,89,120,54,130,64,148,63,157,171,76,42
1400000US06037533501,2674,435,384,274,230,163,26,44,0,14,20,31,7,12,18,27,7,12,0,14,19,30,26,30,63,97,7,10,0,14,37,29,154,136,21,34,0,14,5,15,8,12,0,14,2,12,18,30,39,35,24,38,0,14,7,10,18,20,12,13,2290,413,1235,212,39,32,8,13,72,57,68,48,24,23,23,28,159,72,291,116,217,93,109,63,172,98,15,27,38,41,1055,267,67,45,0,14,72,54,15,21,0,14,27,28,151,80,208,117,168,76,166,90,118,61,0,14,63,32
1400000US06037533504,3654,476,723,310,275,145,0,14,0,14,34,31,14,22,19,31,0,14,45,39,60,61,34,38,11,18,27,29,0,14,31,46,448,199,0,14,0,14,61,59,34,31,0,14,33,36,39,45,30,31,96,60,31,37,7,15,83,97,34,43,2931,461,1480,279,34,30,50,51,109,48,86,64,0,14,76,53,102,61,214,108,171,71,302,131,173,79,132,44,31,44,1451,257,65,48,1,14,36,34,44,39,0,14,42,38,194,95,268,98,177,86,213,105,203,78,122,46,86,60
1400000US06037533601,4420,921,627,372,402,248,21,32,0,14,88,81,30,47,0,14,0,14,54,49,8,14,0,14,59,54,121,127,0,14,21,36,225,167,0,14,0,14,19,30,57,63,0,14,0,14,0,14,36,40,67,61,46,54,0,14,0,14,0,14,3793,972,2028,641,77,83,116,127,176,163,61,71,35,51,95,88,163,112,381,176,246,133,293,125,210,111,116,85,59,62,1765,405,123,95,20,31,50,64,113,93,28,26,31,37,107,75,438,218,158,96,287,121,210,120,120,52,80,60
1400000US06037533602,5134,731,853,413,394,203,38,44,0,19,33,40,0,19,0,19,37,55,52,63,53,66,21,34,51,61,0,19,74,71,35,40,459,219,49,58,13,20,30,39,10,15,0,19,52,64,12,18,81,69,9,13,34,41,87,85,69,67,13,19,4281,786,2214,523,412,366,14,22,250,138,100,90,15,27,63,62,92,81,286,168,389,145,158,92,160,94,200,92,75,69,2067,369,139,102,54,54,156,97,142,89,65,53,146,107,74,67,398,170,259,107,327,125,101,70,174,100,32,41
1400000US06037533603,5897,796,1331,552,464,190,0,19,0,19,101,75,19,29,0,19,36,42,106,118,0,19,65,53,33,37,38,58,21,25,45,72,867,408,41,44,0,19,111,155,81,73,41,67,26,42,148,106,39,35,66,63,139,99,118,89,26,28,31,30,4566,787,2236,470,51,63,17,28,310,155,98,74,66,70,0,19,258,150,412,127,222,120,193,111,343,100,120,66,146,76,2330,432,288,133,0,19,176,88,142,116,0,19,76,62,124,80,385,139,356,160,257,101,282,113,104,64,140,139
1400000US06037533701,2971,548,306,109,145,80,21,31,0,14,5,8,0,14,11,18,0,14,0,14,4,8,29,35,19,25,27,29,16,25,13,16,161,63,0,14,0,14,0,14,0,14,0,14,0,14,0,14,7,11,30,28,30,39,37,26,38,32,19,17,2665,577,1517,390,62,43,0,14,151,79,112,55,23,24,79,62,188,83,225,92,217,68,186,77,94,50,164,132,16,17,1148,224,76,56,0,14,104,63,25,24,16,17,11,14,73,48,135,67,157,62,197,62,145,54,161,122,48,34
1400000US06037533702,3686,467,1024,283,446,158,13,19,0,14,61,47,43,42,16,27,4,8,47,32,54,39,68,43,33,30,53,53,6,11,48,39,578,175,51,43,13,23,134,74,18,22,0,14,0,14,40,43,74,45,82,53,45,35,42,32,19,20,60,50,2662,521,1401,370,57,43,0,14,104,70,24,20,27,29,29,33,259,96,254,140,335,191,148,67,116,68,47,32,1,2,1261,230,43,32,20,22,117,64,17,20,13,21,51,35,156,69,225,105,190,65,153,58,155,80,69,49,52,44
1400000US06037533703,3648,474,556,270,139,83,0,14,0,14,35,42,0,14,0,14,36,45,30,45,19,24,0,14,0,14,19,21,0,14,0,14,417,206,30,48,0,14,47,48,53,56,37,35,0,14,25,41,43,44,17,23,67,59,17,20,21,33,60,58,3092,524,1528,315,107,80,11,17,77,64,77,79,12,19,42,53,222,102,360,143,138,92,237,126,142,70,67,58,36,33,1564,316,30,48,0,14,175,127,89,75,0,14,13,21,251,121,243,122,157,81,268,130,156,85,131,70,51,51
1400000US06037533803,5513,696,1627,822,766,423,0,19,26,43,221,182,32,39,0,19,64,62,119,116,31,50,47,52,99,116,15,22,99,92,13,21,861,417,0,19,28,43,128,94,92,114,0,19,23,36,130,120,79,73,200,131,20,22,44,56,82,66,35,54,3886,525,1958,284,83,73,26,39,51,44,33,36,31,36,94,76,227,103,342,140,335,142,213,99,310,98,148,85,65,54,1928,363,62,64,0,19,125,86,117,86,26,29,67,49,216,105,257,110,303,111,164,81,278,109,225,89,88,62
1400000US06037533804,3520,513,544,296,214,144,0,14,0,14,17,26,0,14,0,14,16,25,20,34,50,84,17,26,10,18,39,47,45,66,0,14,330,208,32,49,11,19,17,26,58,54,28,44,0,14,87,66,16,24,27,41,34,41,2,9,0,14,18,19,2976,524,1666,316,0,14,0,14,65,83,27,41,0,14,31,38,354,128,342,143,148,72,285,156,219,120,153,112,42,41,1310,293,14,23,13,21,45,55,85,63,21,37,82,71,67,56,204,112,68,55,404,147,151,71,59,54,97,61
1400000US06037533805,3912,649,746,403,327,193,0,14,0,14,75,111,0,14,0,14,0,14,4,9,50,57,84,56,48,39,60,84,6,9,0,14,419,262,89,89,0,14,56,68,0,14,0,14,5,9,52,45,51,58,9,11,102,81,21,25,22,22,12,20,3166,554,1498,331,151,112,3,6,92,66,56,46,26,27,56,47,99,74,226,179,267,102,150,70,208,115,133,77,31,29,1668,360,74,57,15,26,137,136,31,36,22,29,68,51,233,91,272,116,261,145,199,88,238,134,80,52,38,24
1400000US06037533806,3588,651,957,329,372,173,25,40,0,14,42,61,0,14,0,14,45,66,41,27,8,18,113,77,41,46,0,14,57,38,0,14,585,202,32,52,0,14,94,92,23,36,0,14,40,58,77,79,107,73,37,55,17,27,30,24,78,52,50,57,2631,671,1293,325,39,52,0,14,123,94,117,81,0,14,0,14,132,76,185,122,264,136,219,98,97,69,104,73,13,23,1338,396,131,106,23,34,92,75,85,102,0,14,121,121,153,86,145,83,185,92,201,98,129,61,73,64,0,14
1400000US06037533901,5172,503,1049,463,326,218,17,25,0,19,68,88,13,21,0,19,31,51,30,49,72,73,24,36,32,52,11,16,28,43,0,19,723,338,0,19,14,21,244,187,44,51,55,59,0,19,25,39,64,53,73,67,89,64,45,61,49,55,21,23,4123,576,2180,362,163,103,72,58,75,59,101,89,55,61,115,79,373,136,252,99,254,133,418,141,161,90,58,54,83,73,1943,347,237,147,16,24,158,95,102,83,0,19,114,71,223,104,274,98,256,120,272,88,135,82,76,58,80,55
1400000US06037533902,4415,877,734,344,303,152,21,35,9,14,0,14,0,14,0,14,0,14,55,49,53,57,40,40,67,86,0,14,58,43,0,14,431,260,32,50,0,14,49,55,79,68,0,14,0,14,54,61,38,46,52,66,57,45,20,22,31,35,19,21,3681,941,2013,497,82,58,13,21,127,76,142,157,146,153,34,37,249,160,520,186,269,95,201,91,123,54,47,44,60,57,1668,547,81,91,0,14,145,124,13,22,0,14,52,58,95,78,392,208,172,88,336,212,198,81,102,65,82,84
1400000US06037534001,5024,682,1187,644,540,331,45,65,0,19,77,94,107,108,0,19,0,19,11,18,0,19,72,81,68,92,131,86,17,26,12,21,647,342,128,121,0,19,89,92,0,19,0,19,10,15,65,49,89,83,60,78,29,35,52,57,66,60,59,55,3837,525,1877,315,54,48,0,19,136,100,52,49,0,19,57,46,167,92,340,130,332,116,266,130,222,115,189,82,62,73,1960,382,42,42,23,38,157,66,18,28,76,71,151,96,193,107,333,138,316,116,213,85,255,112,86,65,97,79
1400000US06037534002,3733,523,269,156,141,90,0,14,0,14,0,14,0,14,13,21,0,14,0,14,17,27,0,14,34,35,35,55,42,46,0,14,128,100,14,22,0,14,18,29,0,14,0,14,0,14,13,21,17,32,0,14,32,55,27,31,0,14,7,12,3464,520,1762,309,139,88,0,14,105,91,183,88,37,55,74,72,227,127,158,89,297,113,329,141,104,65,109,76,0,14,1702,311,112,99,46,53,177,80,43,47,17,30,20,32,244,118,276,109,162,74,296,125,153,86,96,73,60,49
1400000US06037534101,1852,419,188,81,73,40,0,14,0,14,29,32,0,14,0,14,3,9,0,14,7,11,0,14,34,34,0,14,0,14,0,14,115,64,0,14,0,14,6,20,12,17,0,14,0,14,8,13,47,41,21,22,7,14,7,11,7,13,0,14,1664,428,898,253,29,37,0,14,119,75,56,58,17,19,11,16,101,65,195,76,65,45,168,89,85,45,8,13,44,40,766,203,0,14,33,30,53,38,14,17,41,42,32,51,131,79,119,55,53,32,143,78,103,56,40,33,4,9
1400000US06037534102,5719,857,1572,757,782,451,21,32,118,149,252,239,92,76,39,52,0,19,49,54,0,19,11,20,66,60,64,72,70,74,0,19,790,342,207,165,0,19,30,47,0,19,0,19,29,47,45,51,163,124,145,79,40,44,20,26,50,48,61,52,4147,677,2194,435,87,82,0,19,171,95,89,47,24,29,58,49,173,94,495,214,325,220,456,145,188,99,61,61,67,57,1953,401,64,56,0,19,135,78,147,99,68,61,64,57,278,124,295,101,320,138,256,125,94,84,189,88,43,40
1400000US06037534201,3947,660,622,281,315,177,30,35,38,55,40,39,44,40,0,14,33,36,8,14,38,55,54,57,12,18,18,22,0,14,0,14,307,144,0,14,0,14,26,28,5,8,20,27,62,52,0,14,37,53,34,34,61,48,10,16,14,22,38,57,3325,709,1637,423,73,56,14,18,106,121,116,83,31,33,142,100,161,108,246,118,187,94,234,182,224,89,37,36,66,50,1688,412,43,52,0,14,163,104,94,73,42,41,64,63,276,136,202,115,309,98,261,123,74,69,90,49,70,57
1400000US06037534202,4726,594,1347,453,625,203,71,57,0,14,134,77,69,65,30,39,27,36,52,48,62,58,19,30,34,34,81,60,9,19,37,63,722,306,34,44,0,14,123,80,23,26,34,52,50,63,16,25,107,89,107,79,123,96,9,18,96,56,0,14,3379,583,1743,374,84,66,61,73,170,81,16,27,17,28,48,66,195,88,287,168,314,210,146,78,268,111,115,51,22,26,1636,311,120,74,0,14,104,69,32,38,18,30,62,61,208,110,244,112,352,118,167,121,153,82,67,48,109,92
1400000US06037534203,3280,578,590,195,222,97,16,24,0,14,8,13,4,8,23,24,0,14,11,12,95,85,31,34,6,8,6,10,22,26,0,14,368,155,0,14,0,14,51,37,0,14,0,14,33,40,63,49,25,24,44,30,5,9,14,23,72,58,61,69,2690,564,1505,360,157,105,0,14,190,89,103,74,17,21,31,35,169,115,220,111,150,75,245,106,145,66,61,56,17,16,1185,270,7,12,41,39,126,94,38,36,0,14,52,61,114,66,297,103,65,41,204,76,131,62,47,29,63,32
1400000US06037534301,3850,564,1356,480,499,202,41,52,38,59,102,79,61,68,0,14,31,45,68,61,18,41,33,43,65,58,0,14,42,48,0,14,857,332,40,50,37,47,158,101,75,54,29,44,11,24,97,94,63,59,243,140,42,47,22,32,12,19,28,41,2494,541,1195,294,106,99,0,14,61,53,35,42,16,28,54,66,98,80,209,97,226,142,132,99,176,91,60,38,22,32,1299,326,9,18,10,18,104,97,64,62,23,31,62,68,126,89,229,105,170,89,184,93,156,74,104,76,58,44
1400000US06037534302,3748,501,1091,400,476,189,25,28,16,24,84,61,42,35,33,28,86,50,66,46,2,3,41,38,26,20,35,32,20,29,0,14,615,236,58,48,0,14,83,57,78,52,17,19,0,14,80,53,68,50,118,52,22,25,46,36,45,69,0,14,2657,468,1516,247,115,71,0,14,143,71,48,48,0,14,10,16,122,61,244,93,289,132,303,162,171,73,35,26,36,31,1141,301,23,20,0,14,67,49,38,34,3,13,29,29,314,184,99,69,106,58,138,57,203,106,37,36,84,65
1400000US06037534403,3246,615,932,424,364,174,45,46,9,13,18,27,17,25,0,14,22,25,0,14,130,105,8,11,14,20,18,27,43,40,40,51,568,261,121,148,27,39,80,56,33,39,0,14,0,14,5,11,52,42,41,39,103,75,22,27,69,54,15,24,2314,625,1195,342,80,57,23,36,19,26,80,68,21,34,14,23,116,77,199,93,177,90,260,139,62,40,120,111,24,20,1119,327,41,40,13,21,24,42,54,43,14,23,0,14,108,54,340,135,94,48,181,107,146,67,92,120,12,15
1400000US06037534404,3199,439,651,302,331,160,20,29,15,25,39,39,25,36,0,14,24,34,70,64,20,29,53,42,20,19,28,33,6,9,11,16,320,158,20,28,0,14,0,14,39,43,12,19,14,21,55,42,22,22,67,48,20,23,25,30,34,39,12,13,2548,489,1219,241,101,61,55,37,83,59,17,27,21,23,36,32,139,74,187,82,170,89,144,58,185,78,58,39,23,20,1329,300,124,118,7,10,120,57,69,45,0,14,17,17,132,60,298,100,176,84,148,69,135,69,93,57,10,14
1400000US06037534405,4018,527,975,456,328,209,80,81,0,14,83,131,19,29,44,49,0,14,0,14,81,75,3,9,0,14,13,22,5,7,0,14,647,300,0,14,30,45,0,14,57,91,28,42,0,14,90,72,102,124,121,80,91,115,23,30,58,66,47,42,3043,549,1660,352,127,121,6,9,72,45,86,74,17,19,32,37,280,123,215,122,171,86,378,179,156,77,86,71,34,31,1383,299,116,99,0,14,196,120,41,52,0,14,46,55,156,78,246,78,93,56,250,115,132,74,84,60,23,25
1400000US06037534406,3944,470,1311,494,568,222,40,56,0,14,13,22,88,74,79,71,0,14,95,79,104,81,56,58,39,61,36,40,0,14,18,24,743,354,0,14,0,14,54,63,57,59,62,66,67,71,73,78,151,200,135,86,9,15,111,105,13,19,11,18,2633,608,1319,310,72,71,0,14,167,172,98,91,0,14,0,14,285,149,284,132,75,63,192,86,37,45,70,68,39,39,1314,343,79,90,0,14,188,119,21,35,0,14,0,14,104,79,429,156,108,101,196,86,84,56,69,66,36,38
1400000US06037534501,5482,1340,1112,437,558,272,64,61,28,44,30,42,0,19,40,61,38,44,19,29,111,78,195,217,22,27,11,15,0,19,0,19,554,247,25,32,0,19,86,71,41,37,4,10,43,51,22,30,103,66,35,44,147,127,0,19,9,15,39,59,4370,1178,2432,928,247,287,0,19,257,139,28,45,168,205,40,44,431,395,172,96,382,144,218,109,214,94,54,50,221,151,1938,326,121,83,0,19,50,63,137,55,66,62,5,12,213,115,295,101,292,174,164,79,273,108,222,84,100,63
1400000US06037534502,3722,577,422,268,234,162,29,46,0,14,34,40,0,14,0,14,46,53,46,49,10,15,0,14,35,40,0,14,0,14,34,45,188,125,0,14,0,14,35,41,0,14,0,14,0,14,23,34,47,53,38,42,21,32,0,14,0,14,24,39,3300,635,1748,352,127,97,0,14,103,60,95,78,11,16,42,43,173,85,263,108,271,139,321,146,150,110,164,107,28,21,1552,327,53,48,31,51,250,99,64,60,9,13,10,16,99,78,235,115,157,77,275,130,108,66,178,99,83,57
1400000US06037534700,3848,466,483,235,188,126,0,14,0,14,33,37,21,33,0,14,21,32,0,14,34,37,0,14,48,78,0,14,13,20,18,28,295,169,102,122,0,14,0,14,0,14,0,14,8,12,18,27,30,34,7,12,30,31,41,37,23,24,36,38,3365,492,1807,300,97,57,17,26,85,56,31,23,20,23,23,20,212,85,316,116,327,122,241,112,193,97,153,65,92,47,1558,277,54,31,0,14,169,103,47,40,24,28,0,14,91,45,164,62,262,96,192,76,184,80,269,102,102,49
1400000US06037534802,2558,358,512,318,226,147,60,75,0,14,54,67,12,18,0,14,0,14,16,25,20,26,27,28,0,14,23,26,7,10,7,10,286,179,58,73,0,14,21,23,36,37,0,14,0,14,12,17,50,46,57,49,9,14,26,33,0,14,17,22,2046,329,1138,231,43,36,0,14,156,89,34,26,0,14,33,33,68,50,228,102,171,77,163,75,116,51,83,41,43,26,908,155,43,33,0,14,77,42,26,25,4,8,24,18,82,57,164,75,104,44,155,59,135,50,38,29,56,33
1400000US06037534803,4262,525,444,182,194,83,29,34,0,14,19,31,0,14,19,35,0,14,88,53,0,14,17,28,11,21,0,14,11,18,0,14,250,132,18,30,0,14,18,28,0,14,0,14,0,14,35,34,25,30,70,62,28,35,20,32,25,35,11,18,3818,554,2155,414,115,85,57,64,155,89,98,79,17,29,148,88,270,117,310,120,194,99,287,102,298,133,146,150,60,42,1663,239,24,35,20,31,69,59,136,99,0,14,15,30,72,51,245,110,124,77,320,128,340,96,132,71,166,79
1400000US06037534804,4252,800,1111,699,416,237,29,31,6,9,53,50,76,97,20,30,33,37,0,14,26,40,94,88,49,45,0,14,10,16,20,22,695,479,127,190,0,14,147,189,83,70,0,14,26,26,48,59,71,76,60,47,34,33,26,30,57,44,16,25,3141,510,1572,288,42,33,33,41,114,70,47,32,21,27,51,44,53,32,287,117,273,105,231,94,157,74,202,108,61,40,1569,301,90,51,0,14,63,48,96,90,5,9,56,53,153,102,277,99,205,85,180,74,158,63,165,97,121,52
1400000US06037534900,5844,897,929,297,395,143,0,19,0,19,29,35,46,43,0,19,60,54,25,40,44,49,110,68,42,48,10,16,0,19,29,41,534,199,69,81,16,26,48,53,0,19,11,18,0,19,58,58,101,84,70,53,82,53,35,27,34,48,10,15,4915,843,2633,495,135,111,0,19,192,106,103,95,80,50,80,58,252,132,383,160,392,148,451,187,266,110,203,81,96,57,2282,481,118,86,64,54,159,115,163,120,25,37,23,39,258,109,301,174,338,142,379,146,204,86,148,88,102,58
1400000US06037535001,3804,391,801,390,285,185,0,14,16,25,71,85,28,35,0,14,0,14,36,41,30,34,30,37,19,21,42,42,13,20,0,14,516,259,56,53,17,26,28,30,33,53,26,29,33,37,79,56,103,77,35,31,33,38,52,40,0,14,21,24,3003,502,1441,296,56,52,16,25,127,101,97,74,88,71,54,45,188,113,190,109,303,143,126,90,115,54,44,53,37,32,1562,328,69,61,15,23,171,88,47,56,48,51,35,33,128,105,315,128,191,86,193,98,179,72,119,96,52,39
1400000US06037535002,3639,550,965,431,453,203,81,106,0,14,81,59,41,47,26,25,14,21,0,14,44,49,46,42,14,20,67,73,32,31,7,11,512,249,88,103,0,14,107,102,14,21,34,55,31,32,16,17,33,53,68,47,36,41,59,51,9,13,17,17,2674,475,1358,263,90,61,11,16,117,57,44,40,24,29,11,19,128,77,281,142,153,73,303,107,113,54,59,34,24,23,1316,282,78,63,40,42,86,59,79,68,25,25,75,62,156,83,174,74,162,79,173,49,152,63,99,52,17,24
1400000US06037535101,7155,911,653,389,236,163,22,34,0,19,20,36,34,42,0,19,34,42,0,19,20,33,0,19,13,22,80,74,13,21,0,19,417,246,121,102,13,22,72,66,0,19,0,19,0,19,0,19,40,42,29,33,37,43,82,55,23,38,0,19,6502,986,3543,594,149,96,16,25,264,103,196,187,59,61,91,67,490,160,514,206,412,136,681,313,392,118,242,101,37,27,2959,510,85,77,35,39,274,150,119,89,73,55,90,61,344,145,439,151,501,212,437,157,348,113,129,79,85,53
1400000US06037535102,4805,661,1073,614,345,234,22,38,14,22,74,87,14,22,0,14,0,14,0,14,105,96,41,38,46,46,19,33,10,16,0,14,728,466,164,183,39,58,74,59,39,58,41,64,0,14,59,67,106,80,98,87,48,52,37,43,1,2,22,31,3732,644,2175,459,213,186,23,36,275,148,87,63,21,32,160,86,189,81,451,140,96,92,322,105,194,95,114,66,30,31,1557,333,167,97,0,14,144,123,74,73,23,35,49,55,151,74,307,109,266,102,162,95,127,74,84,53,3,7
1400000US06037535200,6093,877,670,433,416,281,95,107,0,19,111,95,33,48,14,22,8,15,0,19,38,48,0,19,14,23,20,33,73,114,10,16,254,180,0,19,0,19,19,34,62,59,0,19,0,19,50,51,0,19,82,58,13,21,16,21,0,19,12,17,5423,967,2644,564,48,59,49,55,394,197,69,76,4,24,60,52,438,196,466,208,363,131,292,160,298,90,131,55,32,36,2779,475,215,110,21,33,291,181,125,84,70,99,88,95,288,124,529,183,413,175,249,150,334,101,126,73,30,32
1400000US06037535300,5937,890,1098,529,573,284,66,73,36,31,70,65,6,14,0,19,36,29,91,62,0,19,166,99,51,37,13,21,21,35,17,27,525,301,63,65,45,51,66,75,14,22,0,19,26,34,41,40,18,29,140,89,23,29,37,34,39,36,13,19,4839,900,2448,550,136,109,25,39,260,163,117,82,0,19,75,69,245,124,442,260,341,125,340,140,299,107,133,66,35,36,2391,430,131,86,0,19,87,64,193,104,54,49,75,59,276,126,466,223,345,116,259,120,230,131,191,68,84,43
1400000US06037535400,3365,546,1011,332,467,160,49,43,0,14,77,48,29,46,0,14,44,38,55,41,34,37,53,45,51,44,52,37,17,25,6,9,544,196,36,36,0,14,113,98,49,61,13,21,16,30,45,36,82,44,59,48,38,33,72,51,16,24,5,8,2354,615,1429,413,88,74,38,35,133,72,32,32,30,31,47,34,184,72,279,181,160,63,175,65,129,91,103,47,31,30,925,243,0,14,22,24,38,36,26,26,28,35,56,51,135,77,62,39,122,63,105,52,166,104,105,51,60,36
1400000US06037535501,2964,395,471,206,167,84,10,16,0,14,49,50,38,45,0,14,0,14,0,14,22,33,10,17,16,23,0,14,22,27,0,14,304,144,25,23,0,14,22,24,21,22,35,43,0,14,22,35,8,13,74,56,23,37,25,38,29,38,20,30,2493,443,1211,253,122,87,30,46,62,59,86,54,52,50,0,14,47,45,218,113,210,93,118,77,131,80,88,62,47,45,1282,278,22,36,29,45,140,116,31,34,21,24,28,30,73,57,321,129,143,80,120,65,236,84,59,41,59,43
1400000US06037535502,4750,1214,758,326,323,182,0,14,18,30,127,111,0,14,0,14,3,8,0,14,0,14,99,82,50,77,26,29,0,14,0,14,435,187,57,67,0,14,3,9,36,60,3,9,0,14,12,19,50,59,21,34,44,56,8,14,69,82,132,124,3992,1185,2139,755,115,137,0,14,129,89,70,65,95,141,23,28,256,163,364,172,161,96,410,254,341,229,93,54,82,52,1853,513,81,69,21,34,65,73,167,121,7,12,46,51,157,111,355,206,201,106,387,214,135,70,183,86,48,37
1400000US06037535503,2513,439,250,197,160,112,28,47,0,14,0,14,0,14,0,14,0,14,0,14,28,37,31,44,23,22,35,37,0,14,15,17,90,92,0,14,0,14,26,43,0,14,0,14,0,14,10,11,24,41,0,14,5,7,5,7,20,18,0,14,2263,420,1219,287,0,14,13,20,226,131,39,38,52,40,15,23,132,78,164,113,217,102,161,69,95,57,76,32,29,33,1044,215,33,33,0,14,77,62,55,40,15,24,28,33,69,58,129,65,202,77,164,85,151,66,70,50,51,29
1400000US06037535603,3458,458,362,195,155,72,0,14,0,14,10,16,0,14,33,47,7,12,22,28,29,37,6,9,17,22,0,14,31,25,0,14,207,132,6,9,0,14,29,39,36,51,0,14,0,14,27,26,26,33,31,45,31,26,21,18,0,14,0,14,3096,495,1533,258,127,85,13,18,119,79,22,22,84,65,32,30,146,84,312,100,209,118,250,85,105,63,64,64,50,54,1563,323,63,58,32,45,154,92,40,31,45,46,36,32,151,73,229,87,170,64,275,101,125,62,129,70,114,110
1400000US06037535604,4280,597,438,266,158,112,0,14,0,14,14,23,7,13,0,14,0,14,24,27,28,33,32,29,0,14,0,14,53,63,0,14,280,160,0,14,17,29,33,31,0,14,7,12,0,14,22,27,36,42,28,29,13,18,68,71,23,25,33,39,3842,636,1878,360,87,74,0,14,71,77,87,72,55,41,63,56,267,98,294,121,208,107,246,117,286,123,187,82,27,28,1964,370,108,78,22,36,180,58,51,50,54,54,31,31,374,159,264,110,138,69,264,105,220,75,144,70,114,70
1400000US06037535605,4651,792,414,229,62,61,0,14,0,14,0,14,18,27,0,14,0,14,17,25,0,14,0,14,0,14,14,22,0,14,13,22,352,185,40,60,0,14,0,14,41,50,0,14,0,14,19,31,50,60,66,55,38,42,53,59,13,21,32,34,4237,802,2106,412,252,198,28,43,269,105,84,51,0,14,78,57,207,114,355,161,185,82,232,140,242,105,153,101,21,25,2131,515,78,72,0,14,275,155,132,89,34,33,28,36,96,68,272,134,382,171,187,99,332,164,172,78,143,183
1400000US06037535606,1949,406,282,158,104,58,0,14,0,14,10,16,0,14,0,14,0,14,24,31,0,14,10,15,31,33,18,19,0,14,11,16,178,112,0,14,0,14,10,17,17,29,0,14,10,15,23,23,27,33,7,12,50,36,1,5,9,12,24,22,1667,423,910,255,84,75,0,14,73,40,99,58,4,7,25,22,124,64,111,49,101,52,147,89,90,35,24,23,28,26,757,192,39,37,8,12,67,46,31,26,0,14,70,93,59,28,90,48,181,76,104,43,92,37,12,16,4,8
1400000US06037535607,4517,641,633,407,240,186,0,14,46,56,46,56,0,14,0,14,0,14,34,50,46,56,0,14,32,49,36,53,0,14,0,14,393,243,50,61,0,14,0,14,0,14,0,14,9,17,0,14,142,155,41,50,14,24,107,85,0,14,30,46,3884,680,2163,370,0,14,0,14,105,84,173,115,87,75,85,81,413,128,246,107,248,121,330,136,209,106,198,112,69,60,1721,393,72,70,0,14,89,86,14,23,16,24,93,71,81,60,383,172,201,106,219,101,263,120,220,131,70,54
1400000US06037535701,5690,853,878,356,294,196,0,19,0,19,20,31,0,19,0,19,34,52,0,19,39,51,20,31,106,171,13,22,40,50,22,28,584,273,0,19,0,19,49,68,21,32,0,19,37,41,61,63,137,132,24,26,78,74,117,86,60,50,0,19,4812,823,2578,445,148,100,0,19,196,111,58,51,0,19,16,24,208,75,347,146,519,218,292,112,513,196,204,103,77,41,2234,474,125,119,0,19,136,81,104,69,20,23,33,33,206,101,347,131,277,115,197,85,533,263,139,106,117,56
1400000US06037535702,5582,875,839,340,254,127,0,19,0,19,49,73,0,19,0,19,10,16,10,15,22,37,26,42,48,59,28,36,31,41,30,23,585,238,0,19,0,19,0,19,11,18,24,37,22,37,58,66,96,78,25,36,105,78,30,38,117,99,97,82,4743,942,2167,452,91,76,0,19,157,75,24,34,35,42,195,121,275,172,379,183,306,99,330,164,241,107,106,68,28,26,2576,612,174,106,31,48,279,117,127,99,45,66,37,41,397,171,413,184,332,152,225,90,296,130,153,76,67,43
1400000US06037535802,5932,674,452,218,257,165,14,22,0,19,26,43,0,19,0,19,25,41,0,19,40,44,26,43,13,20,31,48,19,30,63,55,195,106,0,19,0,19,0,19,0,19,0,19,0,19,0,19,35,53,34,40,0,19,22,34,18,27,86,64,5480,666,2899,424,147,92,15,25,344,123,103,112,10,18,54,56,293,98,429,157,439,154,455,151,324,131,169,73,117,89,2581,334,79,80,115,81,48,56,124,73,0,19,72,54,233,88,394,106,378,137,342,97,430,146,254,101,112,63
1400000US06037535803,3342,482,676,371,369,233,56,70,7,15,122,126,18,29,0,14,0,14,31,31,28,28,42,47,9,14,0,14,39,52,17,28,307,168,26,41,0,14,32,44,27,34,17,29,0,14,34,55,36,46,55,59,24,29,27,30,29,46,0,14,2666,556,1229,254,106,84,0,14,70,58,37,43,0,14,23,36,80,64,254,105,187,107,206,102,106,75,98,71,62,50,1437,416,72,79,11,17,83,76,155,133,49,55,13,22,122,76,241,126,157,102,155,88,185,89,78,63,116,75
1400000US06037535804,6063,1367,711,307,305,153,0,19,0,19,15,29,15,29,0,19,0,19,14,27,77,79,53,56,40,43,70,68,21,32,0,19,406,193,44,48,18,30,0,19,28,51,0,19,16,24,74,68,42,44,10,14,62,55,55,42,57,66,0,19,5352,1370,2566,660,81,76,0,19,301,233,123,95,29,49,58,58,303,150,435,208,428,107,391,244,79,61,247,114,91,67,2786,790,158,112,17,33,151,112,214,146,46,46,60,99,240,122,579,359,385,149,414,300,284,138,229,53,9,12
1400000US06037535901,6139,1049,1066,465,520,270,137,158,0,19,57,60,58,60,0,19,39,49,68,62,14,22,49,46,0,19,13,21,85,56,0,19,546,236,16,24,13,22,152,127,13,21,0,19,0,19,27,31,70,57,115,86,15,25,46,33,45,44,34,33,5073,1069,2307,517,30,34,10,16,95,70,135,93,38,43,144,166,216,124,386,142,283,138,321,238,351,129,211,106,87,66,2766,659,52,55,18,29,148,76,143,102,28,43,52,44,381,294,344,148,366,133,382,200,462,190,243,103,147,78
1400000US06037535902,5769,563,307,177,139,104,12,19,0,19,25,28,31,34,0,19,0,19,13,21,11,17,33,37,0,19,0,19,14,22,0,19,168,99,0,19,0,19,0,19,24,28,19,30,0,19,11,19,48,63,27,33,19,24,20,31,0,19,0,19,5462,552,2879,388,176,104,0,19,151,69,165,76,51,63,83,68,281,158,428,156,384,109,384,110,367,123,282,92,127,59,2583,257,139,72,0,19,154,77,56,38,25,32,44,39,337,144,357,122,257,70,387,89,361,126,305,86,161,74
1400000US06037536000,3086,397,748,373,266,148,21,22,0,14,68,60,8,13,0,14,14,18,0,14,41,51,12,15,43,44,5,7,9,16,45,47,482,242,0,14,0,14,8,12,25,25,0,14,47,45,19,22,105,97,25,25,84,53,50,44,65,68,54,50,2338,410,1035,216,14,21,0,14,77,39,16,20,12,14,55,53,93,68,216,86,124,51,168,74,165,80,67,55,28,24,1303,286,69,83,0,14,56,51,141,77,0,14,29,24,124,76,284,116,231,98,84,52,160,56,89,56,36,30
1400000US06037536102,3560,597,597,219,256,101,12,20,0,14,0,14,0,14,0,14,0,14,0,14,0,14,0,14,62,60,43,51,82,70,57,48,341,187,35,58,0,14,0,14,0,14,0,14,0,14,0,14,11,17,43,63,81,67,13,20,85,68,73,66,2963,616,1507,391,123,117,14,22,58,57,50,48,24,34,34,37,224,141,179,81,164,83,258,142,231,120,100,54,48,57,1456,257,79,63,14,24,148,62,15,24,0,14,171,128,78,71,225,133,167,104,201,91,185,89,74,45,99,75
1400000US06037536103,5158,740,414,283,171,142,0,19,0,19,0,19,0,19,0,19,30,52,21,30,30,52,25,34,0,19,0,19,0,19,65,83,243,150,0,19,0,19,0,19,0,19,0,19,50,61,0,19,14,22,20,32,28,48,56,62,75,83,0,19,4744,746,2474,412,159,117,68,98,134,92,103,66,73,67,47,52,249,88,295,152,441,153,362,140,287,122,181,75,75,62,2270,406,85,71,12,18,186,93,112,109,50,60,0,19,339,168,190,95,353,124,344,124,245,108,200,98,154,103
1400000US06037536104,3897,588,365,204,184,131,0,14,0,14,12,20,12,20,12,19,0,14,15,24,6,10,13,20,97,77,0,14,15,24,2,3,181,94,21,23,0,14,27,41,0,14,0,14,0,14,52,60,36,31,0,14,22,33,0,14,21,28,2,3,3532,635,1640,454,174,119,12,24,197,108,75,74,0,14,19,31,189,92,325,133,185,75,107,64,259,135,45,33,53,56,1892,323,65,67,36,40,97,81,108,75,95,82,5,8,123,82,512,130,199,87,196,101,280,118,87,62,89,71
1400000US06037536201,3588,539,558,320,266,122,0,14,40,46,13,24,0,14,0,14,0,14,15,26,26,42,0,14,59,48,74,64,39,38,0,14,292,225,0,14,13,23,41,47,0,14,39,45,39,45,38,44,17,28,57,47,22,34,0,14,26,32,0,14,3030,562,1560,260,25,28,0,14,69,66,44,61,53,62,49,66,75,56,346,199,265,140,381,146,206,112,8,13,39,33,1470,413,61,67,0,14,170,128,8,14,48,72,0,14,190,103,217,115,171,102,291,115,221,98,37,30,56,47
1400000US06037536202,4329,733,388,209,152,93,0,14,0,14,0,14,0,14,0,14,0,14,16,23,0,14,0,14,21,31,38,38,35,42,42,44,236,138,0,14,0,14,0,14,0,14,19,29,19,29,26,28,0,14,0,14,17,25,10,17,65,52,80,103,3941,772,2058,482,25,30,0,14,252,180,65,51,49,49,41,54,175,105,266,114,395,209,302,140,292,129,143,65,53,44,1883,390,178,165,16,23,122,80,96,75,6,11,7,13,175,97,228,87,339,180,232,88,252,109,166,94,66,63
1400000US06037540000,6666,950,1535,665,617,338,59,55,26,41,137,122,56,86,6,11,19,31,105,74,38,47,111,87,6,12,54,54,0,19,0,19,918,383,86,71,0,19,125,110,69,62,29,29,105,111,52,60,123,79,157,109,61,62,28,44,41,59,42,45,5131,811,2889,560,165,108,21,37,376,153,81,59,117,64,13,21,293,108,542,228,386,144,293,123,365,259,166,129,71,43,2242,388,148,91,20,32,244,128,63,57,24,36,32,23,210,108,421,131,297,99,283,139,256,89,166,62,78,44
1400000US06037540101,6195,887,1084,599,484,339,91,114,0,19,27,40,0,19,0,19,48,48,35,36,85,93,61,56,122,137,0,19,15,19,0,19,600,301,12,20,0,19,128,129,15,25,26,39,0,19,116,64,90,116,87,61,94,53,0,19,13,19,19,29,5111,733,2618,418,112,83,0,19,220,116,147,75,0,19,23,39,250,112,456,107,377,156,373,126,292,103,148,64,220,156,2493,466,24,36,17,27,165,114,60,53,21,27,0,19,216,87,533,213,303,171,302,113,421,131,255,169,176,60
1400000US06037540102,6160,877,497,335,246,153,22,36,0,19,11,21,0,19,0,19,11,20,11,19,41,41,55,59,16,26,32,46,0,19,47,51,251,214,0,19,0,19,0,19,0,19,31,45,0,19,63,89,19,30,0,19,67,59,16,23,31,44,24,29,5663,918,2695,424,124,103,0,19,253,117,103,69,60,60,68,63,290,192,421,149,513,151,238,89,357,109,158,73,110,69,2968,603,81,61,76,69,231,130,144,88,14,23,76,65,367,140,506,166,463,154,371,154,344,96,227,84,68,56
1400000US06037540201,2038,330,424,250,168,114,23,32,0,14,30,26,13,18,18,20,0,14,16,20,1,9,12,11,0,14,40,38,15,24,0,14,256,150,28,35,18,15,26,36,26,36,0,14,0,14,27,30,27,21,23,27,0,14,46,41,35,40,0,14,1614,324,867,212,94,50,0,14,85,55,24,29,32,31,45,44,69,46,184,77,124,59,88,53,85,51,34,34,3,7,747,148,14,21,23,25,110,54,17,25,17,24,44,34,39,34,122,62,122,53,123,60,32,29,44,35,40,31
1400000US06037540202,6015,797,985,409,336,200,32,36,0,19,11,18,59,55,0,19,41,47,94,103,17,25,57,57,25,40,0,19,0,19,0,19,649,250,46,56,0,19,90,87,0,19,10,18,17,27,129,159,20,24,189,122,93,85,31,44,10,17,14,21,5030,868,2728,580,241,137,19,28,152,87,153,88,0,19,21,23,406,181,592,261,329,152,384,167,202,100,194,127,35,43,2302,385,119,89,58,76,158,100,13,20,43,51,154,100,257,132,259,118,364,125,373,128,215,117,194,106,95,70
1400000US06037540203,5162,686,690,307,333,179,15,24,0,19,74,113,10,19,0,19,0,19,15,32,12,20,41,107,64,46,92,73,10,16,0,19,357,175,0,19,56,93,0,19,0,19,24,36,0,19,37,61,31,37,106,83,10,17,43,61,50,76,0,19,4472,709,2135,381,70,55,0,19,228,135,92,76,0,19,128,84,314,140,323,164,243,130,363,148,196,123,144,77,34,32,2337,443,47,41,46,46,235,118,197,105,72,70,0,19,318,145,255,120,283,121,472,156,211,94,115,64,86,52
1400000US06037540300,4471,555,109,83,72,63,0,14,0,14,0,14,0,14,0,14,0,14,13,22,0,14,10,17,7,11,32,45,10,18,0,14,37,35,0,14,0,14,0,14,0,14,0,14,0,14,0,14,0,14,24,28,7,11,0,14,0,14,6,11,4362,559,2331,394,170,98,69,53,207,159,159,82,31,36,55,54,66,65,546,222,210,133,289,127,353,146,151,76,25,36,2031,266,35,34,0,14,214,109,103,62,11,18,13,23,235,133,357,126,195,97,374,118,302,132,83,60,109,69
1400000US06037540400,2216,413,316,293,138,102,0,14,0,14,18,26,0,14,0,14,0,14,7,11,17,23,51,77,32,47,9,13,0,14,4,7,178,204,45,68,0,14,0,14,18,26,0,14,40,61,0,14,8,16,47,70,0,14,9,14,0,14,11,14,1900,339,805,171,10,19,10,17,88,76,45,45,25,33,15,23,152,63,105,65,124,57,114,58,85,46,15,23,17,19,1095,219,0,14,17,23,138,64,157,73,16,20,26,33,109,59,212,114,164,55,86,46,135,59,28,23,7,18
1400000US06037540501,3818,477,895,512,468,208,71,80,0,19,0,19,57,86,60,68,61,68,29,36,11,20,0,19,60,54,30,34,60,55,29,47,427,352,69,78,0,19,204,212,0,19,0,19,0,19,19,33,60,68,0,19,29,35,19,29,18,29,9,16,2923,488,1537,270,39,47,24,41,86,74,70,63,11,19,18,24,217,85,283,89,196,97,250,148,182,73,136,60,25,30,1386,274,24,40,0,19,103,89,44,50,0,19,32,32,157,82,236,103,304,121,134,64,147,63,149,45,56,40
1400000US06037540502,6729,1063,1611,542,665,231,46,54,9,16,156,82,62,88,17,29,53,56,52,48,54,55,118,89,51,47,47,53,0,19,0,19,946,367,86,83,0,19,192,117,89,72,31,38,46,65,49,50,21,33,155,73,99,75,178,189,0,19,0,19,5118,1036,2734,577,120,81,44,51,313,271,166,133,105,66,62,55,207,88,494,176,440,197,355,139,196,107,172,107,60,57,2384,540,212,132,11,17,279,160,118,69,30,33,30,39,296,119,382,158,280,288,369,144,206,97,132,75,39,50
1400000US06037540600,4465,1089,1525,979,987,671,233,379,121,200,134,162,17,26,0,14,0,14,39,60,63,72,197,131,23,21,52,65,76,80,32,44,538,377,18,28,22,37,92,127,3,13,0,14,0,14,27,121,86,141,95,85,30,32,74,103,66,66,25,31,2940,868,1246,359,0,14,0,14,26,44,124,118,0,14,46,46,121,77,52,63,337,163,184,154,146,102,140,101,70,61,1694,554,27,43,0,14,235,194,73,72,21,33,128,84,174,95,170,93,282,136,72,69,299,139,88,63,125,85
1400000US06037540700,2955,590,447,253,193,133,0,14,0,14,20,32,0,14,0,14,0,14,0,14,15,25,20,33,14,23,117,114,5,9,2,6,254,134,0,14,0,14,21,33,0,14,0,14,0,14,8,11,32,34,54,52,96,122,26,25,14,24,3,6,2508,672,1311,404,90,92,72,65,71,60,65,61,0,14,32,38,73,51,243,125,253,125,191,90,89,48,123,110,9,9,1197,319,81,70,45,52,183,172,55,56,0,14,24,31,75,59,217,71,88,67,107,61,202,72,73,45,47,35
1400000US06037540800,5293,938,849,486,387,264,0,19,37,61,49,72,49,72,0,19,0,19,25,43,0,19,114,105,31,48,44,56,12,18,26,41,462,252,37,61,0,19,50,73,28,47,0,19,7,12,58,71,0,19,136,106,12,19,38,45,44,46,52,55,4444,923,2275,531,204,203,14,21,48,37,64,65,45,53,31,49,203,114,446,242,289,155,341,104,457,203,104,73,29,26,2169,475,29,36,0,19,148,112,101,87,8,14,24,27,147,112,428,222,307,181,297,91,377,129,187,90,116,66
1400000US06037540901,4702,818,673,368,421,283,89,98,0,19,61,84,0,19,10,16,24,39,9,14,160,182,20,29,10,16,38,44,0,19,0,19,252,120,0,19,0,19,0,19,0,19,0,19,0,19,24,39,92,91,44,50,17,15,20,22,55,66,0,19,4029,891,2086,487,111,105,29,46,211,116,85,75,21,26,57,59,124,92,404,171,423,192,156,101,180,81,211,158,74,59,1943,511,41,51,10,18,88,79,143,126,0,19,27,41,157,150,454,165,299,149,255,171,286,119,123,81,60,56
1400000US06037540902,4409,725,1148,550,446,277,36,54,0,14,82,73,10,22,0,14,0,14,28,46,187,231,0,14,0,14,38,54,51,57,14,23,702,339,37,56,0,14,95,86,10,22,0,14,17,24,92,69,83,69,58,70,139,90,81,68,59,58,31,48,3261,786,1667,468,108,74,18,31,99,68,0,14,19,32,41,59,152,103,144,84,453,370,325,148,176,95,96,66,36,36,1594,455,26,32,19,29,133,76,128,99,27,35,65,71,210,107,291,143,147,103,229,128,112,65,114,52,93,58
1400000US06037541003,4485,673,432,221,234,119,61,88,0,14,0,14,12,21,0,14,0,14,23,43,13,17,51,67,22,27,13,15,19,23,20,24,198,128,0,14,0,14,37,48,0,14,0,14,6,12,0,14,66,77,6,10,31,39,19,19,27,26,6,20,4053,698,2128,385,207,126,0,14,201,110,36,43,125,101,15,23,348,164,246,121,376,138,97,69,253,125,103,61,121,77,1925,462,22,35,0,14,71,76,26,38,0,14,36,60,102,56,201,116,410,142,108,82,421,132,168,100,360,203
1400000US06037541100,2991,497,379,190,224,131,0,14,0,14,63,80,29,41,0,14,0,14,0,14,44,50,0,14,10,15,46,53,32,38,0,14,155,115,0,14,0,14,6,18,0,14,0,14,0,14,1,3,41,42,0,14,0,14,7,11,0,14,100,104,2612,473,1447,363,70,66,0,14,280,143,28,30,0,14,61,67,36,40,100,59,311,108,74,51,352,198,104,54,31,30,1165,221,36,31,0,14,118,86,36,60,0,14,0,14,93,70,228,106,213,94,108,68,176,86,116,64,41,42
1400000US06037541200,5999,1002,442,205,143,99,0,19,0,19,0,19,0,19,0,19,0,19,0,19,0,19,44,73,15,29,21,33,35,50,28,39,299,178,0,19,0,19,7,15,7,15,0,19,43,64,32,40,0,19,48,62,5,16,43,55,43,52,71,63,5557,1015,2480,714,125,95,289,443,97,86,40,44,0,19,55,61,76,81,515,173,243,151,443,226,369,185,122,75,106,66,3077,539,413,347,41,60,197,91,160,92,61,52,58,66,255,186,399,141,233,108,287,110,468,192,272,127,233,120
1400000US06037541300,6039,970,778,332,351,195,66,67,0,19,53,57,11,17,0,19,10,16,0,19,64,50,0,19,96,75,9,16,42,54,0,19,427,158,11,17,0,19,0,19,0,19,32,37,0,19,30,36,107,51,81,69,61,64,14,18,91,63,0,19,5261,1006,2637,561,66,54,16,24,195,125,99,71,68,59,146,111,254,136,428,159,605,302,313,114,275,106,117,66,55,46,2624,499,124,93,137,145,216,160,46,37,31,44,18,21,344,120,442,123,425,159,243,107,336,104,192,86,70,48
1400000US06037541401,3327,555,376,135,177,84,21,34,0,14,0,14,0,14,18,29,0,14,7,12,16,18,66,52,37,56,0,14,12,13,0,14,199,104,0,14,0,14,0,14,0,14,0,14,0,14,0,14,99,74,54,60,11,20,30,41,5,7,0,14,2951,559,1332,291,54,48,0,14,110,57,101,62,0,14,57,61,74,63,284,125,217,113,186,117,107,55,105,60,37,34,1619,379,92,82,22,26,155,85,63,55,27,28,53,42,110,83,349,140,121,69,241,170,184,83,80,48,122,174
1400000US06037541402,3001,637,484,449,137,102,9,15,0,14,16,24,0,14,0,14,0,14,49,76,0,14,16,24,0,14,21,33,0,14,26,29,347,363,0,14,9,13,60,95,17,24,49,81,51,82,19,30,16,23,8,12,73,93,27,31,18,28,0,14,2517,519,1273,312,35,46,0,14,54,56,60,47,87,81,109,64,165,99,188,105,313,135,112,81,105,63,27,29,18,19,1244,242,23,37,10,15,80,44,43,39,25,32,28,33,213,104,167,86,203,80,144,86,227,167,54,50,27,29
1400000US06037541500,5199,733,594,285,182,108,0,19,0,19,0,19,0,19,0,19,0,19,61,73,29,41,34,42,13,20,45,48,0,19,0,19,412,219,0,19,0,19,76,112,36,43,0,19,0,19,66,50,103,87,38,43,18,22,37,42,0,19,38,42,4605,792,2458,491,178,127,0,19,184,92,80,75,25,39,76,80,327,174,520,223,344,131,288,134,234,112,140,75,62,51,2147,479,52,56,19,31,145,139,128,89,76,67,67,59,348,174,235,113,294,117,336,160,229,98,93,65,125,77
1400000US06037541603,2747,499,653,377,267,144,14,20,13,18,16,26,22,38,11,17,23,38,55,21,6,9,68,53,39,28,0,14,0,14,0,14,386,244,13,20,7,11,135,155,16,25,0,14,34,30,21,20,37,44,67,51,0,14,31,26,6,9,19,19,2094,359,1017,184,30,34,15,22,68,49,72,54,0,14,43,37,139,73,130,68,208,89,144,64,104,50,51,49,13,14,1077,257,75,51,18,26,83,49,72,50,0,14,11,17,160,84,122,65,219,89,117,54,142,67,41,27,17,19
1400000US06037541604,5253,605,1159,534,494,251,66,64,24,30,0,19,69,64,47,52,18,27,35,43,29,41,114,95,10,14,28,42,22,29,32,49,665,326,59,61,30,49,126,109,0,19,13,20,44,52,21,29,81,71,68,56,111,97,45,50,18,28,49,49,4094,757,2069,407,186,152,0,19,87,71,68,66,53,52,106,108,293,138,378,147,246,115,233,120,189,107,175,94,55,43,2025,413,227,122,0,19,103,70,82,74,0,19,74,67,224,119,377,151,137,90,346,135,199,92,163,78,93,62
1400000US06037541605,5320,817,499,271,265,160,0,19,0,19,22,30,0,19,0,19,0,19,60,86,34,27,26,32,7,11,85,79,18,25,13,20,234,163,39,59,0,19,18,26,11,19,0,19,0,19,95,80,19,26,11,17,16,23,0,19,11,18,14,23,4821,870,2449,467,152,113,0,19,144,118,105,73,100,78,93,72,270,129,298,146,384,192,300,173,403,183,153,117,47,60,2372,475,45,53,22,24,217,148,101,87,24,39,28,34,266,139,374,170,340,174,431,181,272,163,169,142,83,58
1400000US06037541606,2666,474,999,399,448,201,30,41,0,14,99,59,40,41,26,23,28,30,42,34,80,52,29,26,25,40,17,28,21,22,11,18,551,228,17,21,0,14,141,97,19,21,5,9,21,25,35,41,96,64,111,67,58,46,42,46,0,14,6,10,1667,447,846,220,59,63,0,14,49,24,79,54,0,14,26,29,116,69,151,64,69,41,82,45,140,66,61,60,14,16,821,262,24,25,0,14,101,81,78,50,0,14,12,15,100,75,176,91,67,49,114,52,79,37,68,63,2,4
1400000US06037541700,5358,844,774,400,370,209,84,98,0,19,29,46,28,42,0,19,27,41,0,19,25,36,68,52,77,67,12,21,18,23,2,6,404,205,30,44,0,19,29,44,0,19,29,41,28,44,0,19,61,54,94,74,11,17,67,58,29,31,26,38,4584,939,2567,533,28,42,8,14,284,147,54,58,28,46,66,68,184,81,655,252,354,176,200,83,395,155,241,135,70,43,2017,482,129,149,0,19,58,67,102,87,0,19,40,45,152,79,525,220,153,95,208,84,236,135,262,126,152,76
1400000US06037541801,5522,652,2271,779,850,401,18,30,53,71,155,138,67,67,28,37,115,94,57,63,114,115,107,55,53,61,29,33,54,72,0,19,1421,456,188,225,14,23,186,104,135,87,33,37,78,61,196,131,60,66,270,122,58,51,49,46,129,98,25,34,3251,688,1359,336,106,106,42,48,82,71,103,78,10,16,59,79,125,72,239,116,181,104,248,113,107,69,51,40,6,9,1892,467,102,98,0,19,178,130,166,124,0,19,30,48,204,116,358,134,168,76,331,134,188,75,167,94,0,19
1400000US06037541802,5065,1383,501,315,147,122,0,19,0,19,0,19,22,37,22,36,0,19,0,19,20,28,0,19,30,39,41,46,12,19,0,19,354,241,50,63,0,19,34,56,34,56,0,19,0,19,45,41,45,45,42,47,28,36,57,49,19,22,0,19,4564,1398,2200,736,102,122,0,19,183,207,72,66,17,26,23,28,337,176,211,116,528,284,193,201,367,210,121,47,46,40,2364,759,100,92,0,19,101,81,28,43,58,56,22,34,261,105,387,167,593,461,270,97,334,210,145,55,65,52
1400000US06037542000,5061,853,681,377,360,261,0,19,0,19,108,126,78,92,17,32,36,43,17,31,0,19,31,51,40,65,14,23,0,19,19,32,321,201,14,23,0,19,31,41,0,19,0,19,17,32,0,19,73,63,60,49,50,66,27,31,49,44,0,19,4380,899,2101,443,128,127,30,26,120,89,29,36,0,19,85,60,316,155,375,133,300,167,347,149,213,128,112,68,46,46,2279,520,98,77,0,19,268,116,180,94,90,61,103,91,265,130,346,166,281,127,280,113,189,133,168,97,11,18
1400000US06037542103,3310,386,365,183,179,111,0,14,0,14,0,14,0,14,17,27,32,40,36,34,28,34,22,22,17,28,14,17,0,14,13,15,186,95,0,14,0,14,0,14,0,14,0,14,68,65,11,18,15,21,37,31,24,29,24,24,0,14,7,10,2945,405,1388,237,54,47,0,14,99,70,80,48,13,20,44,35,148,91,231,77,199,66,149,65,193,69,128,38,50,37,1557,236,103,66,0,14,92,52,86,50,61,37,66,43,213,75,169,94,282,66,167,68,178,61,52,32,88,35
1400000US06037542104,4131,923,541,265,245,141,0,14,0,14,20,25,40,50,4,7,0,14,34,33,38,40,0,14,57,41,4,5,46,35,2,4,296,140,0,14,0,14,47,43,0,14,0,14,4,8,8,16,40,34,38,34,51,38,93,56,0,14,15,18,3590,972,2063,583,219,157,21,30,70,47,78,49,33,31,86,75,323,136,285,151,382,138,174,78,273,139,86,40,33,26,1527,446,82,49,21,22,117,141,84,46,38,30,58,38,78,57,291,131,263,99,158,81,226,86,78,28,33,25
1400000US06037542105,4682,909,907,440,494,269,0,14,0,14,62,71,107,106,0,14,0,14,84,95,0,14,90,70,0,14,28,34,104,125,19,30,413,203,16,25,11,18,38,42,78,71,0,14,31,47,19,29,65,55,87,65,29,44,25,31,0,14,14,22,3775,900,1855,458,98,96,0,14,180,141,103,79,15,27,58,48,296,146,155,108,271,150,284,137,292,133,103,45,0,14,1920,485,113,102,54,68,123,91,71,62,76,63,50,59,168,78,339,167,339,144,234,97,200,122,98,44,55,47
1400000US06037542106,2183,271,517,192,225,92,0,14,17,29,7,11,12,19,28,24,12,18,23,27,18,29,14,23,31,36,0,14,51,43,12,13,292,128,7,12,0,14,22,27,15,25,13,20,20,31,47,40,12,13,27,27,34,37,44,32,36,35,15,15,1666,309,867,175,38,32,0,14,77,45,21,24,5,8,24,19,78,43,95,56,141,68,181,89,132,50,40,31,35,26,799,180,29,26,8,10,35,30,36,32,11,12,66,38,93,48,84,41,67,41,111,46,142,63,56,36,61,38
1400000US06037542200,7391,996,1531,809,617,345,0,19,0,19,78,116,123,126,37,56,0,19,92,73,49,54,46,56,44,52,60,64,68,59,20,33,914,496,207,208,0,19,181,175,34,51,11,19,37,60,32,48,114,88,77,72,37,82,90,68,73,61,21,38,5860,1189,2982,750,235,135,0,19,220,124,176,167,0,19,95,76,478,235,567,245,459,176,284,172,242,117,58,53,168,85,2878,593,154,110,43,65,186,109,164,120,102,85,55,60,143,95,608,153,243,137,244,78,425,150,264,109,247,111
1400000US06037542401,4016,699,905,439,484,250,0,14,28,36,186,153,37,53,14,23,0,14,73,57,11,18,82,68,18,33,27,38,8,13,0,14,421,201,61,73,0,14,0,14,25,37,0,14,0,14,16,23,27,35,88,73,36,39,65,56,86,52,17,19,3111,722,1604,462,65,72,15,21,42,50,57,39,17,25,53,73,118,90,88,71,316,188,327,178,324,161,73,50,109,65,1507,371,52,50,28,41,87,67,82,71,13,22,14,22,224,99,264,144,133,73,179,101,232,91,121,67,78,51
1400000US06037542402,3961,663,420,297,65,60,20,34,0,14,0,14,0,14,0,14,0,14,16,27,9,14,9,16,0,14,0,14,11,16,0,14,355,284,44,54,0,14,41,51,0,14,0,14,64,62,16,27,69,93,74,57,34,37,0,14,0,14,13,19,3541,650,1737,357,59,65,19,28,160,183,121,68,16,20,48,38,188,86,188,104,328,115,196,116,222,103,37,33,155,153,1804,396,146,121,31,28,230,130,49,54,11,15,0,14,256,108,174,92,248,124,141,61,279,147,53,38,186,131
1400000US06037542501,4330,546,906,431,343,183,16,27,0,14,44,32,61,56,14,21,25,41,35,44,54,71,29,29,0,14,59,73,1,6,5,8,563,304,16,26,15,25,7,11,59,86,24,41,0,14,6,9,74,67,156,199,101,72,27,33,12,26,66,102,3424,529,1539,375,141,139,40,54,178,113,113,101,126,123,7,19,115,76,68,65,300,129,203,123,52,51,149,60,47,45,1885,333,171,99,0,14,86,96,79,80,0,14,99,76,143,86,231,89,187,111,379,226,270,166,187,41,53,42
1400000US06037542502,4360,968,1045,490,398,198,51,53,0,14,58,91,57,62,0,14,47,49,16,26,6,10,8,14,30,35,15,24,103,84,7,11,647,328,130,128,0,14,106,80,0,14,0,14,0,14,47,53,179,139,57,66,64,54,54,47,0,14,10,16,3315,844,1767,546,269,295,0,14,80,71,59,61,55,42,31,45,167,82,273,127,287,176,224,83,154,75,111,54,57,48,1548,375,169,153,0,14,60,62,0,14,0,14,10,17,227,145,429,177,98,88,245,91,128,112,138,71,44,38
1400000US06037542601,3155,566,775,354,307,130,32,31,0,14,53,51,14,22,0,14,39,35,15,18,38,35,40,52,55,31,4,9,17,20,0,14,468,231,141,135,0,14,72,56,23,25,0,14,24,25,7,11,67,53,37,29,28,31,33,24,28,31,8,11,2380,531,1253,281,86,67,0,14,84,66,7,13,0,14,27,31,176,74,264,100,164,73,179,69,123,80,111,74,32,22,1127,308,74,61,0,14,33,35,36,29,0,14,29,24,152,95,299,120,51,33,197,76,179,105,36,22,41,42
1400000US06037542602,4713,732,900,399,351,229,78,87,15,26,47,52,0,14,0,14,0,14,117,113,0,14,0,14,69,75,0,14,0,14,25,27,549,270,15,23,0,14,81,83,24,38,22,35,32,42,22,35,86,73,153,91,28,43,0,14,86,70,0,14,3813,734,1810,432,79,91,0,14,143,141,43,57,0,14,91,83,350,151,139,82,307,131,252,116,151,103,235,119,20,31,2003,481,130,85,0,14,279,176,121,99,49,57,36,43,180,96,229,143,364,154,213,102,220,112,132,79,50,47
1400000US06037542700,5779,891,1186,842,675,561,132,173,0,19,174,152,0,19,23,39,73,119,10,15,101,79,126,124,36,36,0,19,0,19,0,19,511,310,0,19,0,19,110,85,66,107,0,19,15,22,32,40,91,79,97,121,79,75,10,25,0,19,11,25,4593,658,2233,405,208,78,0,19,229,98,108,79,67,78,78,82,187,126,278,121,312,129,407,164,174,89,161,77,24,34,2360,439,104,86,11,17,109,70,55,54,9,14,88,49,239,111,520,185,218,76,377,161,278,114,255,181,97,90
1400000US06037542800,3106,537,219,123,144,92,18,27,0,14,31,31,0,14,0,14,7,11,0,14,0,14,0,14,6,10,0,14,22,23,60,73,75,50,0,14,0,14,0,14,0,14,0,14,0,14,7,11,19,27,6,10,14,23,10,13,19,22,0,14,2887,540,1269,252,147,83,0,14,113,70,91,58,50,45,17,27,97,41,130,68,135,69,180,65,216,126,61,41,32,24,1618,368,146,109,0,14,94,57,135,76,0,14,58,46,145,72,147,70,230,69,168,73,124,64,186,110,185,172
1400000US06037542900,3487,347,211,130,103,59,16,22,0,14,32,34,0,14,0,14,0,14,0,14,11,16,0,14,30,28,14,21,0,14,0,14,108,82,20,32,0,14,15,20,14,19,0,14,14,18,0,14,18,28,13,18,13,17,0,14,0,14,1,1,3276,395,1687,282,101,92,0,14,70,55,111,70,0,14,132,64,190,80,294,120,239,89,188,77,239,100,82,48,41,26,1589,203,38,40,27,31,107,64,90,63,12,21,12,19,218,91,215,92,145,61,269,85,290,109,124,59,42,38
1400000US06037543000,4605,867,318,222,115,96,38,63,0,14,0,14,0,14,0,14,0,14,18,27,19,30,26,30,1,5,0,14,13,20,0,14,203,155,0,14,0,14,35,58,0,14,0,14,13,20,0,14,71,82,0,14,0,14,0,14,71,75,13,20,4287,926,1911,434,127,90,0,14,251,190,121,105,45,72,24,28,92,81,303,175,213,120,362,138,225,135,109,71,39,38,2376,570,231,154,47,74,244,181,173,131,0,14,89,84,221,151,278,132,266,128,361,154,327,178,116,89,23,24
1400000US06037543100,6639,941,987,484,476,275,52,75,0,19,23,39,17,30,0,19,0,19,173,133,36,45,19,31,64,68,39,61,49,63,4,8,511,232,22,33,0,19,55,91,47,68,11,18,15,23,0,19,116,70,64,55,29,34,82,68,36,37,34,28,5652,1043,2583,456,49,52,33,37,274,141,190,106,0,19,58,58,138,87,528,185,343,169,309,124,389,124,171,90,101,63,3069,645,215,149,42,38,328,169,122,88,78,84,60,59,214,131,505,167,417,203,190,91,547,125,191,95,160,88
1400000US06037543201,3958,591,545,311,261,141,27,42,0,14,31,33,10,17,0,14,24,26,43,45,72,75,17,21,24,30,0,14,0,14,13,16,284,186,23,39,0,14,42,52,14,23,0,14,7,15,52,49,38,42,22,24,65,50,0,14,8,13,13,16,3413,667,1974,496,61,61,142,87,219,108,135,87,15,20,18,30,136,76,264,106,382,249,187,115,318,102,86,47,11,12,1439,300,21,23,16,25,157,110,32,33,20,33,0,14,98,61,306,134,86,61,283,91,174,85,121,54,125,56
1400000US06037543203,3991,618,1470,548,630,275,84,86,0,14,101,72,44,45,0,14,103,82,25,41,70,61,124,85,30,40,49,31,0,14,0,14,840,311,98,107,27,38,150,99,91,90,16,23,26,41,31,38,94,59,150,98,46,36,14,12,80,69,17,30,2521,617,1298,373,95,86,15,25,126,117,21,25,20,31,65,86,114,69,330,142,82,69,105,67,161,67,74,53,90,63,1223,316,32,37,0,14,0,14,26,30,0,14,58,48,174,122,250,102,231,132,144,79,170,81,66,43,72,57
1400000US06037543304,6979,1005,537,285,332,186,0,19,0,19,0,19,34,36,0,19,40,36,57,73,47,46,13,22,41,64,33,40,52,44,15,14,205,110,0,19,0,19,8,18,0,19,0,19,0,19,33,34,36,37,7,16,76,62,0,19,14,22,31,30,6442,1060,3258,684,180,142,13,23,241,175,80,79,14,25,28,33,465,179,399,186,311,190,383,152,481,224,309,176,354,221,3184,632,10,20,0,19,219,137,64,67,32,45,89,123,157,102,495,443,374,170,223,100,734,262,430,114,357,127
1400000US06037543305,3230,499,530,437,217,132,0,14,0,14,0,14,0,14,0,14,0,14,9,20,8,20,0,14,79,116,45,46,76,72,0,14,313,328,0,14,0,14,0,14,0,14,0,14,0,14,0,14,144,175,21,25,99,154,27,21,12,19,10,15,2700,423,1557,342,29,34,8,12,144,99,92,53,29,42,0,14,90,78,175,81,119,75,145,84,289,183,225,117,212,150,1143,176,98,85,0,14,40,42,31,35,8,13,76,63,50,45,53,37,163,90,138,84,262,122,130,53,94,62
1400000US06037543306,6708,1024,140,99,89,56,19,30,0,19,0,19,0,19,15,25,0,19,0,19,0,19,8,13,0,19,34,37,0,19,13,21,51,54,0,19,0,19,0,19,0,19,15,24,0,19,0,19,0,19,5,12,14,22,0,19,17,27,0,19,6568,1034,3174,577,148,136,0,19,118,87,202,200,19,31,24,32,340,132,206,106,481,225,622,241,411,124,350,142,253,110,3394,539,204,170,0,19,165,119,134,63,33,39,124,154,151,89,358,147,438,124,593,255,476,115,470,112,248,100
1400000US06037543321,5558,851,723,359,330,190,0,19,0,19,0,19,0,19,0,19,0,19,0,19,6,12,129,161,63,73,4,9,75,58,53,46,393,212,0,19,0,19,16,26,15,24,0,19,0,19,0,19,57,69,46,44,0,19,36,34,171,131,52,65,4835,828,2015,381,61,53,14,22,42,67,55,49,32,37,41,38,167,136,217,148,449,157,280,148,266,131,276,97,115,56,2820,604,49,35,28,35,279,125,129,98,23,27,24,30,243,265,380,190,367,165,231,100,313,122,562,241,192,82
1400000US06037543322,6607,1269,521,354,112,89,0,19,0,19,0,19,21,35,0,19,0,19,0,19,0,19,19,47,0,19,57,97,0,19,15,24,409,337,0,19,0,19,70,110,0,19,0,19,33,55,0,19,109,115,0,19,81,101,35,74,39,43,42,53,6086,1297,2724,763,0,19,15,25,76,86,144,158,25,43,21,36,475,435,372,209,317,205,280,145,618,322,198,91,183,94,3362,729,167,133,0,19,204,154,99,87,0,19,64,65,123,91,265,181,351,144,332,239,759,358,416,181,582,257
1400000US06037543400,3533,532,421,226,246,140,30,31,18,26,57,68,0,14,0,14,33,32,0,14,29,40,52,52,15,19,12,16,0,14,0,14,175,104,20,29,0,14,31,38,0,14,0,14,0,14,0,14,20,34,30,25,17,28,0,14,47,38,10,11,3112,565,1588,303,66,38,23,25,112,56,123,87,21,27,12,12,124,81,187,81,157,53,262,81,250,84,131,46,120,71,1524,306,52,29,13,15,157,84,29,27,0,14,34,37,97,56,130,80,290,79,184,70,150,62,191,87,197,74
1400000US06037543501,5958,612,683,368,277,219,0,19,0,19,75,113,0,19,26,44,0,19,25,42,25,44,0,19,26,45,71,73,13,76,16,25,406,216,0,19,0,19,37,56,0,19,0,19,0,19,0,19,58,62,0,19,85,128,33,96,36,81,157,121,5275,723,2698,492,25,50,35,60,232,138,244,86,0,19,9,18,178,69,475,227,261,149,289,141,363,147,406,148,181,82,2577,542,162,104,0,19,123,72,97,114,0,19,157,98,193,121,246,135,306,161,316,178,482,125,289,109,206,127
1400000US06037543502,4801,977,496,213,294,143,0,14,0,14,20,32,0,14,0,14,0,14,50,62,16,24,27,35,39,57,45,48,51,49,46,52,202,127,16,28,0,14,7,13,6,13,0,14,0,14,14,19,87,76,35,33,8,14,0,14,29,42,0,14,4305,1058,2190,520,138,90,0,14,257,130,55,71,0,14,81,69,145,98,367,211,278,92,317,153,377,162,104,59,71,50,2115,704,43,43,38,41,20,32,156,111,0,14,0,14,83,48,442,408,304,93,338,141,441,237,121,56,129,76
1400000US06037543503,5019,797,277,162,108,67,0,19,0,19,0,19,15,24,0,19,0,19,12,18,28,43,31,36,0,19,0,19,0,19,22,23,169,136,0,19,0,19,0,19,12,20,0,19,14,23,0,19,87,116,15,19,17,22,13,21,0,19,11,17,4742,789,2312,450,30,34,0,19,82,51,65,65,25,30,100,71,235,121,401,187,357,135,386,145,86,52,468,315,77,45,2430,428,224,124,18,32,59,45,25,21,52,64,0,19,127,65,424,138,324,174,337,141,282,85,419,289,139,80
1400000US06037543601,4303,1273,437,301,186,151,39,52,0,14,0,14,18,27,0,14,17,27,0,14,15,25,9,15,2,5,78,111,0,14,8,13,251,198,0,14,36,48,37,48,0,14,0,14,34,45,9,15,33,42,32,42,10,18,38,38,14,24,8,13,3866,1232,1893,526,32,31,133,205,62,62,38,41,46,47,59,47,229,135,177,107,290,164,198,93,187,179,338,145,104,60,1973,765,24,31,22,28,56,46,197,148,0,14,109,145,335,328,197,99,206,81,274,187,199,109,157,69,197,86
1400000US06037543603,3676,446,268,160,118,93,0,14,0,14,0,14,0,14,0,14,0,14,0,14,0,14,0,14,0,14,52,68,0,14,66,66,150,87,0,14,0,14,0,14,0,14,0,14,0,14,0,14,0,14,0,14,0,14,26,31,14,16,110,72,3408,474,1601,273,29,50,0,14,54,44,7,11,33,35,12,23,99,66,172,106,276,121,241,170,134,75,315,133,229,178,1807,275,31,38,23,30,67,65,44,39,0,14,82,78,91,79,142,65,163,82,120,64,294,112,320,119,430,185
1400000US06037543605,4227,592,294,184,209,144,39,63,0,14,52,63,0,14,0,14,0,14,0,14,37,57,0,14,0,14,43,53,27,37,11,14,85,58,0,14,0,14,0,14,0,14,0,14,0,14,0,14,8,13,31,51,15,23,18,20,13,18,0,14,3933,584,1774,303,24,36,0,14,139,111,82,60,0,14,0,14,96,66,414,265,250,123,241,112,215,99,243,104,70,52,2159,426,66,80,37,59,90,79,114,74,48,60,28,35,239,142,264,137,203,75,470,158,239,96,322,97,39,26
1400000US06037543606,3703,618,539,266,247,128,74,52,67,47,0,14,0,14,0,14,7,11,0,14,0,14,0,14,0,14,26,22,18,24,55,54,292,147,0,14,0,14,0,14,69,48,8,12,0,14,63,44,27,31,0,14,16,19,28,32,71,48,10,16,3164,684,1410,292,51,80,0,14,101,109,8,13,0,14,29,34,78,72,193,94,232,147,160,98,183,81,179,106,196,119,1754,498,296,273,17,32,77,119,89,83,27,43,33,43,45,54,201,113,135,118,132,85,242,124,203,101,257,148
1400000US06037543607,4926,453,522,262,316,183,36,49,0,14,8,19,0,14,0,14,66,87,57,61,63,69,7,18,38,46,21,23,7,11,13,21,206,103,20,31,0,14,0,14,0,14,0,14,6,9,0,14,20,22,59,55,7,17,25,30,8,12,61,49,4404,471,2210,266,66,50,39,41,144,70,47,37,0,14,20,32,122,80,354,134,333,111,216,91,350,101,381,128,138,93,2194,275,61,44,0,14,205,110,19,27,41,55,12,19,28,30,288,109,254,79,245,91,475,132,321,97,245,103
1400000US06037543701,3015,374,145,89,81,52,0,14,0,14,2,5,0,14,0,14,9,13,13,14,19,28,8,12,8,11,7,8,10,11,5,9,64,40,0,14,0,14,0,14,0,14,0,14,0,14,27,30,0,14,0,14,0,14,20,18,17,17,0,14,2870,367,1501,172,111,55,17,24,116,60,42,27,20,30,47,46,101,54,256,87,223,71,172,84,203,72,145,61,48,34,1369,258,12,19,15,18,168,121,52,60,7,10,28,22,100,56,201,84,184,62,183,76,188,62,148,58,83,32
1400000US06037543703,4109,787,282,159,153,133,0,14,0,14,0,14,0,14,0,14,0,14,0,14,0,14,0,14,14,19,114,130,25,22,0,14,129,71,0,14,0,14,0,14,0,14,0,14,0,14,12,20,0,14,49,43,11,15,37,28,10,12,10,14,3827,772,1832,386,48,33,9,13,171,79,39,31,6,11,66,79,199,85,280,131,307,105,157,69,343,112,91,48,116,54,1995,442,179,155,18,28,122,68,43,33,40,40,90,76,78,53,235,158,253,108,250,106,283,74,257,67,147,54
1400000US06037543704,3021,384,234,133,111,75,9,12,0,14,9,13,0,14,0,14,0,14,0,14,8,12,20,22,25,36,15,16,18,19,7,12,123,72,0,14,0,14,9,13,0,14,0,14,0,14,0,14,39,42,0,14,8,12,33,29,19,20,15,15,2787,396,1363,256,33,43,63,63,45,48,85,62,37,29,93,68,106,58,171,91,186,94,182,66,204,62,121,66,37,27,1424,280,39,44,34,44,125,67,12,22,32,39,54,39,81,63,196,104,246,141,175,69,208,75,160,51,62,31
1400000US06037543705,2919,391,124,86,22,18,0,14,0,14,0,14,0,14,0,14,0,14,9,15,3,12,0,14,0,14,1,4,9,16,0,14,102,86,0,14,0,14,0,14,0,14,0,14,0,14,0,14,23,38,0,14,15,24,12,20,42,65,10,17,2795,409,1349,229,50,52,0,14,127,88,17,22,61,56,92,57,84,65,125,75,240,94,165,102,181,89,144,60,63,49,1446,213,26,31,10,21,140,78,62,58,31,47,17,26,160,50,113,69,293,94,184,97,224,91,170,75,16,24
1400000US06037543801,4365,410,286,164,131,70,0,14,0,14,0,14,0,14,0,14,0,14,0,14,0,14,43,44,0,14,32,30,43,41,13,20,155,120,0,14,0,14,0,14,0,14,0,14,26,36,0,14,23,38,31,36,39,45,0,14,23,29,13,25,4079,429,1883,236,25,26,0,14,157,96,74,57,24,27,55,50,168,95,127,76,350,106,361,111,174,73,269,92,99,66,2196,340,62,70,0,14,163,88,79,63,58,46,58,63,193,105,269,127,319,102,296,121,242,107,301,92,156,76
1400000US06037543803,4449,791,610,400,223,207,1,16,0,14,78,91,0,14,0,14,0,14,0,14,1,13,71,95,0,14,0,14,72,87,0,14,387,217,0,14,0,14,80,93,8,18,0,14,0,14,17,29,41,50,92,75,8,12,10,15,130,130,1,15,3839,854,1738,397,65,70,0,14,56,77,33,56,0,14,79,99,115,93,354,321,163,100,430,143,176,96,121,74,146,66,2101,516,140,128,32,47,169,127,90,108,48,57,87,81,120,82,381,313,259,117,231,117,263,122,188,116,93,60
1400000US06037543804,4624,1449,829,198,523,134,0,14,0,14,0,14,0,14,0,14,8,11,47,14,190,62,47,14,97,29,51,33,73,34,10,14,306,127,0,14,0,14,0,14,0,14,0,14,0,14,42,59,24,28,0,14,133,90,48,14,34,35,25,28,3795,1449,2079,970,41,33,0,14,85,65,15,22,70,56,131,185,439,442,289,95,208,116,314,191,165,65,136,56,186,183,1716,504,13,30,0,14,61,47,59,46,34,39,62,52,51,32,181,76,161,58,297,174,254,55,258,109,285,237
1400000US06037543903,4020,814,264,127,59,31,0,14,0,14,0,14,0,14,0,14,0,14,7,12,0,14,0,14,17,16,7,13,19,24,9,14,205,119,0,14,0,14,16,30,0,14,6,11,0,14,42,45,12,18,7,13,24,35,36,34,18,18,44,50,3756,832,1860,394,0,14,89,81,137,111,105,59,0,14,17,19,210,91,282,172,193,69,307,101,271,122,146,57,103,48,1896,492,89,46,0,14,40,43,76,52,18,20,52,51,260,163,380,185,195,64,319,139,166,56,125,61,176,75
1400000US06037543905,4510,697,263,133,86,71,0,14,0,14,0,14,0,14,0,14,0,14,0,14,0,14,27,34,43,57,1,2,15,25,0,14,177,104,0,14,0,14,0,14,0,14,0,14,0,14,18,29,39,53,32,37,65,66,0,14,15,25,8,14,4247,663,2190,352,142,103,41,66,131,75,190,105,41,53,88,84,191,147,388,179,423,199,291,111,197,93,31,34,36,42,2057,404,272,154,13,25,81,74,101,89,40,51,100,75,202,104,333,145,168,67,332,123,200,93,161,70,54,39
1400000US06037544001,4354,529,370,240,154,91,6,11,0,14,0,14,26,34,0,14,0,14,5,9,10,19,74,61,0,14,32,34,1,18,0,14,216,167,7,15,0,14,33,51,0,14,5,13,46,53,5,10,32,48,44,38,17,27,10,15,7,16,10,15,3984,515,1987,338,91,122,8,17,55,37,139,79,6,10,220,199,268,154,258,89,175,71,336,120,228,99,142,70,61,44,1997,332,86,63,0,14,192,87,55,41,18,22,51,53,220,115,228,92,226,76,407,231,254,105,190,84,70,47
1400000US06037544002,3758,1010,238,173,112,99,0,14,0,14,32,35,9,16,22,29,0,14,0,14,3,5,23,30,0,14,0,14,0,14,23,30,126,101,0,14,0,14,20,32,0,14,0,14,0,14,40,36,4,6,58,58,4,6,0,14,0,14,0,14,3520,1032,2043,870,372,332,20,23,190,134,36,27,31,32,3,15,85,48,335,108,397,357,80,39,315,115,129,43,50,34,1477,215,113,61,42,33,102,50,34,27,14,23,17,17,61,46,391,137,156,61,126,52,193,55,160,46,68,38
1400000US06037550101,3824,687,224,152,71,51,0,14,0,14,0,14,0,14,0,14,29,33,0,14,0,14,15,17,0,14,7,12,20,28,0,14,153,116,20,30,0,14,39,57,0,14,0,14,0,14,0,14,0,14,17,25,33,52,5,9,25,30,14,21,3600,686,1684,305,16,27,8,13,129,52,67,42,26,41,16,17,197,94,139,96,272,93,307,153,198,105,105,64,204,214,1916,419,132,84,0,14,145,76,54,49,0,14,106,88,195,98,143,71,231,63,286,100,309,146,66,55,249,242
1400000US06037550201,3066,437,320,182,135,68,0,14,0,14,18,17,12,16,0,14,5,8,0,14,5,8,30,39,24,36,22,22,10,15,9,11,185,138,0,14,0,14,31,48,28,27,0,14,0,14,35,45,22,34,24,24,26,22,0,14,14,16,5,7,2746,403,1484,204,51,32,15,17,218,105,60,36,27,23,44,29,169,71,274,72,215,90,158,62,91,42,100,38,62,29,1262,265,25,24,34,39,59,46,42,63,58,57,11,12,124,62,188,46,240,90,200,79,130,51,71,43,80,37
1400000US06037550202,5130,517,359,219,172,112,0,19,0,19,11,20,0,19,0,19,38,55,0,19,44,39,9,15,0,19,36,35,13,20,21,33,187,128,0,19,0,19,0,19,39,38,0,19,0,19,0,19,0,19,17,24,58,60,19,33,21,24,33,34,4771,585,2476,376,41,43,49,40,187,122,117,82,45,41,114,76,147,86,308,124,444,123,328,154,369,150,218,72,109,81,2295,361,40,63,14,24,238,113,59,47,61,67,0,19,181,124,336,159,421,151,251,99,404,167,223,95,67,51
1400000US06037550301,4081,1202,154,105,93,84,0,14,12,18,12,18,0,14,0,14,0,14,0,14,0,14,37,41,0,14,0,14,23,25,9,15,61,59,0,14,0,14,0,14,0,14,0,14,0,14,0,14,42,52,2,8,0,14,0,14,17,23,0,14,3927,1205,1897,680,212,193,22,24,85,76,0,14,0,14,0,14,169,85,688,425,124,69,234,107,256,106,56,56,51,64,2030,574,353,196,31,49,22,23,76,77,40,49,48,72,72,60,457,225,109,65,331,126,243,196,65,56,183,114
1400000US06037550501,3763,607,447,313,183,129,0,14,0,14,19,29,35,49,0,14,29,41,29,35,20,32,19,29,0,14,13,21,0,14,19,32,264,213,20,33,0,14,19,31,19,30,0,14,18,28,30,36,0,14,83,94,56,55,0,14,0,14,19,31,3316,678,1802,379,234,212,0,14,38,31,69,91,67,89,87,101,248,128,204,98,305,132,195,90,172,107,74,48,109,58,1514,378,51,77,30,48,186,114,62,53,62,73,14,20,115,101,245,118,278,165,185,78,112,73,94,65,80,51
1400000US06037550502,4226,526,73,71,28,46,0,14,0,14,0,14,0,14,0,14,0,14,0,14,0,14,0,14,28,46,0,14,0,14,0,14,45,55,0,14,0,14,0,14,0,14,0,14,0,14,0,14,0,14,0,14,37,53,0,14,8,13,0,14,4153,525,2113,336,85,71,27,26,53,51,58,41,15,24,44,46,252,135,255,119,264,125,397,222,315,100,214,96,134,74,2040,384,66,73,0,14,106,53,137,84,0,14,134,98,166,85,240,109,158,55,523,188,181,96,141,88,188,107
1400000US06037550601,5711,802,706,379,208,114,0,19,0,19,8,20,0,19,0,19,0,19,37,36,60,51,34,47,9,13,60,78,0,19,0,19,498,300,0,19,0,19,55,80,155,171,0,19,0,19,0,19,30,46,170,93,9,13,34,29,33,31,12,20,5005,681,2277,331,6,10,48,57,167,98,109,69,10,17,29,36,233,129,387,162,413,161,315,106,314,107,195,74,51,33,2728,481,285,171,94,67,181,137,133,79,41,38,49,42,173,66,396,139,406,125,368,96,262,88,168,76,172,82
1400000US06037550602,3924,433,343,269,131,148,0,14,18,28,0,14,0,14,0,14,35,45,7,11,0,14,30,45,0,14,39,50,2,4,0,14,212,162,42,63,0,14,22,33,0,14,0,14,0,14,0,14,0,14,50,56,22,23,44,48,15,18,17,23,3581,439,1761,258,69,55,0,14,162,84,49,52,78,54,32,29,184,75,154,70,250,114,306,103,228,93,125,52,124,65,1820,276,80,65,36,44,155,121,44,53,0,14,9,16,140,91,284,98,235,78,292,112,272,110,154,62,119,60
1400000US06037550700,6396,1047,594,357,153,129,0,19,0,19,0,19,0,19,0,19,28,45,0,19,34,56,32,51,0,19,36,48,3,6,20,33,441,270,0,19,0,19,22,34,0,19,22,35,0,19,93,101,70,72,26,43,165,139,22,32,21,34,0,19,5802,1151,2934,596,158,128,20,34,254,148,53,51,13,23,35,42,178,142,450,258,400,173,528,243,456,277,199,101,190,109,2868,650,117,118,35,55,223,174,75,71,15,26,28,37,298,199,297,177,267,117,581,253,384,213,261,100,287,136
1400000US06037550801,5120,883,223,117,81,79,0,19,0,19,0,19,0,19,0,19,0,19,24,34,3,9,21,31,3,5,28,24,2,9,0,19,142,94,0,19,0,19,0,19,0,19,0,19,0,19,17,28,56,66,0,19,0,19,26,30,29,47,14,21,4897,874,2234,363,21,31,0,19,209,86,65,54,0,19,22,36,280,139,308,205,265,151,444,144,242,89,176,84,202,89,2663,630,283,182,0,19,144,105,83,98,82,103,56,66,217,110,376,231,235,126,252,89,377,95,320,187,238,89
1400000US06037550802,2149,406,279,200,101,71,0,14,0,14,0,14,0,14,35,45,9,21,19,27,0,14,0,14,0,14,4,9,24,26,10,18,178,141,20,46,0,14,20,43,0,14,0,14,0,14,0,14,35,55,73,69,0,14,17,26,3,5,10,18,1870,386,1059,212,55,70,0,14,37,48,53,52,0,14,55,48,92,59,279,118,122,68,87,62,155,86,54,46,70,44,811,196,42,66,37,61,62,66,37,42,0,14,31,45,105,80,96,61,63,53,93,65,137,54,54,43,54,29
1400000US06037550901,4423,815,484,554,231,302,0,14,0,14,46,69,49,74,0,14,0,14,67,83,0,14,69,82,0,14,0,14,0,14,0,14,253,263,0,14,0,14,72,88,0,14,0,14,6,11,5,10,70,85,17,31,5,10,78,103,0,14,0,14,3939,589,1758,402,70,61,0,14,78,100,27,33,17,28,60,48,160,121,470,164,254,114,340,158,127,85,131,101,24,39,2181,425,83,98,0,14,248,156,109,49,0,14,33,39,245,132,265,160,241,107,250,102,441,165,76,63,190,80
1400000US06037550902,5279,454,354,204,185,114,27,49,0,19,0,19,41,61,32,35,0,19,16,20,0,19,0,19,0,19,17,19,21,24,31,33,169,106,0,19,0,19,12,23,0,19,0,19,0,19,8,14,56,65,47,58,0,19,0,19,32,34,14,20,4925,461,2543,323,131,93,24,31,220,121,130,73,39,36,53,49,242,119,494,177,228,100,283,112,480,154,122,80,97,66,2382,263,150,106,0,19,83,59,108,85,59,46,85,43,247,108,322,140,245,107,531,152,336,132,100,55,116,69
1400000US06037551001,3159,358,203,167,56,56,0,14,0,14,32,49,0,14,0,14,0,14,0,14,0,14,0,14,13,20,0,14,11,18,0,14,147,120,0,14,0,14,0,14,0,14,11,17,10,17,0,14,0,14,77,81,39,49,0,14,10,18,0,14,2956,396,1478,202,11,17,0,14,102,53,91,71,19,22,63,76,72,51,176,101,247,120,113,115,396,119,156,97,32,32,1478,306,71,69,32,51,140,94,0,14,0,14,8,13,137,96,154,86,187,98,175,107,217,87,164,103,193,119
1400000US06037551002,4301,758,254,196,156,160,0,14,0,14,9,18,0,14,9,17,9,17,79,122,0,14,17,27,23,28,0,14,0,14,10,19,98,101,21,32,0,14,0,14,0,14,0,14,22,35,0,14,15,23,0,14,31,37,0,14,9,18,0,14,4047,751,1856,395,51,58,89,62,23,26,15,27,0,14,63,34,67,72,360,163,233,114,235,145,282,138,332,227,106,46,2191,434,202,170,31,45,66,55,12,17,73,88,42,42,216,80,192,123,394,161,228,92,158,84,204,184,373,262
1400000US06037551101,4072,420,465,282,229,148,35,56,0,14,25,19,25,19,0,14,0,14,26,19,53,49,24,18,19,31,0,14,22,16,0,14,236,143,61,58,0,14,0,14,0,14,0,14,25,19,25,18,68,76,23,17,7,17,5,15,22,16,0,14,3607,496,1550,321,54,66,0,14,166,166,56,48,59,71,33,37,142,87,154,79,450,154,120,93,168,89,120,74,28,31,2057,356,194,156,0,14,142,76,47,77,0,14,88,51,133,76,357,148,448,124,124,56,203,90,238,299,83,53
1400000US06037551102,5304,647,843,418,331,168,40,53,43,57,16,27,0,19,0,19,16,26,51,78,42,41,49,58,27,41,0,19,36,42,11,18,512,306,37,49,0,19,66,77,32,37,30,47,45,53,49,60,88,50,26,31,77,65,50,68,0,19,12,17,4461,780,2175,384,139,104,0,19,191,129,91,65,0,19,91,109,245,129,528,190,416,148,286,116,89,68,48,47,51,41,2286,497,47,59,71,66,207,130,31,49,73,89,131,109,285,139,337,122,371,129,368,94,293,152,26,24,46,57
1400000US06037551201,3709,773,283,193,153,136,0,14,0,14,57,93,0,14,0,14,0,14,10,18,45,48,0,14,7,11,22,28,0,14,12,19,130,80,0,14,0,14,0,14,0,14,0,14,0,14,0,14,24,38,0,14,49,58,18,21,20,22,19,19,3426,741,1690,363,25,35,0,14,178,120,98,101,11,16,82,73,115,69,117,82,356,142,189,98,256,107,191,147,72,53,1736,464,19,31,0,14,156,127,25,39,51,83,37,45,168,96,267,146,331,106,197,107,226,93,164,177,95,59
1400000US06037551203,4150,946,466,289,112,93,0,14,0,14,29,44,0,14,0,14,23,37,0,14,0,14,0,14,23,37,25,42,12,19,0,14,354,228,0,14,0,14,79,89,25,40,60,86,0,14,13,21,28,42,57,81,46,52,23,38,10,16,13,21,3684,1007,2023,703,23,26,11,17,234,221,175,129,46,53,62,68,186,100,483,258,118,113,261,206,227,124,153,185,44,54,1661,519,38,58,0,14,102,83,61,67,0,14,0,14,81,70,253,119,133,97,344,195,285,178,238,201,126,115
1400000US06037551204,3320,394,524,308,129,156,14,23,12,20,0,14,8,12,0,14,0,14,13,150,36,41,7,12,0,14,22,23,17,26,0,14,395,247,108,94,0,14,29,27,8,12,0,14,0,14,47,55,76,125,11,18,29,34,58,45,12,18,17,28,2796,454,1469,255,48,51,0,14,79,40,0,14,0,14,35,30,156,103,506,213,81,49,138,86,142,72,208,145,76,58,1327,311,107,89,0,14,42,47,74,100,18,21,30,36,155,88,223,122,124,93,134,72,168,92,200,90,52,68
1400000US06037551300,5013,777,601,229,265,125,14,24,12,21,13,21,38,54,8,15,13,20,9,15,10,41,28,28,41,56,27,42,0,19,52,44,336,164,0,19,0,19,32,52,14,21,0,19,0,19,31,40,22,33,40,48,128,103,20,23,41,47,8,13,4412,776,2272,380,167,78,27,45,293,138,25,31,45,68,11,17,115,61,577,203,208,96,378,159,242,120,118,60,66,54,2140,519,88,67,32,48,119,92,42,55,9,15,65,53,164,95,390,198,281,140,209,78,427,210,212,94,102,60
1400000US06037551401,4087,546,263,172,31,34,0,14,0,14,0,14,0,14,0,14,14,25,0,14,12,21,0,14,0,14,0,14,0,14,5,11,232,162,0,14,0,14,0,14,41,64,0,14,0,14,0,14,61,82,36,56,77,79,0,14,13,22,4,10,3824,497,2080,289,129,92,10,19,133,109,80,61,8,17,0,14,275,140,513,214,247,133,291,97,221,114,142,72,31,36,1744,344,165,118,51,50,150,105,15,25,0,14,9,15,265,155,240,115,138,62,271,137,220,76,190,120,30,32
1400000US06037551402,5014,812,525,362,375,322,72,98,0,19,0,19,0,19,0,19,0,19,65,77,14,23,105,117,96,121,0,19,23,28,0,19,150,101,0,19,0,19,0,19,0,19,0,19,0,19,2,12,61,84,0,19,58,59,17,24,12,19,0,19,4489,827,2204,568,54,40,79,106,260,129,72,74,77,112,73,71,224,163,393,173,159,95,218,161,296,111,145,69,154,95,2285,379,145,122,76,77,203,151,18,29,16,24,34,52,198,103,467,134,131,76,297,106,281,110,257,69,162,87
1400000US06037551501,4646,788,402,235,142,93,0,14,0,14,0,14,0,14,0,14,0,14,0,14,72,86,0,14,27,29,20,30,15,22,8,14,260,158,0,14,0,14,0,14,0,14,0,14,0,14,25,40,60,44,1,3,77,69,19,28,58,77,20,24,4244,779,1789,320,185,107,0,14,91,83,63,57,38,46,22,33,95,67,378,160,132,80,402,184,216,89,138,67,29,35,2455,637,175,132,41,46,366,285,100,95,59,73,53,54,199,159,409,151,229,78,298,168,268,94,229,85,29,39
1400000US06037551502,4284,700,112,80,38,42,0,14,0,14,0,14,0,14,0,14,0,14,0,14,12,18,1,3,0,14,13,22,12,19,0,14,74,53,0,14,0,14,0,14,0,14,0,14,0,14,0,14,20,31,0,14,18,25,14,24,12,20,10,17,4172,695,2085,422,157,142,19,32,156,151,101,70,0,14,21,38,118,97,328,178,267,64,338,163,208,98,141,74,231,130,2087,440,65,67,13,25,199,120,103,111,68,105,25,40,213,103,250,169,271,113,218,131,365,137,190,75,107,95
1400000US06037551700,6134,886,843,396,380,212,23,31,0,19,27,43,63,70,0,19,0,19,40,45,79,78,2,11,64,73,29,42,53,63,0,19,463,225,0,19,0,19,13,19,36,46,69,86,16,24,26,41,0,19,83,67,61,52,104,73,55,61,0,19,5291,909,2708,526,102,79,52,52,107,77,115,73,14,16,30,35,136,100,437,244,387,131,386,127,386,196,272,148,284,178,2583,497,54,61,36,53,136,88,66,49,19,24,95,72,217,112,362,136,362,120,294,103,378,222,314,124,250,140
1400000US06037551801,3319,557,85,49,48,38,0,14,0,14,0,14,0,14,0,14,0,14,0,14,0,14,0,14,0,14,25,31,23,23,0,14,37,25,0,14,0,14,0,14,0,14,0,14,0,14,0,14,10,16,0,14,0,14,4,7,23,20,0,14,3234,558,1601,332,10,16,29,35,349,205,32,33,4,7,17,24,171,124,228,107,271,134,146,58,240,96,67,36,37,24,1633,350,26,30,0,14,73,67,77,59,20,30,77,36,178,92,212,112,229,91,165,64,334,127,85,33,157,102
1400000US06037551802,3962,585,248,180,46,51,0,14,0,14,0,14,29,47,0,14,0,14,0,14,0,14,0,14,14,21,0,14,1,2,2,5,202,137,0,14,0,14,0,14,0,14,0,14,0,14,95,80,14,22,29,39,35,56,0,14,0,14,29,44,3714,568,1777,209,102,87,12,21,111,76,45,69,62,51,51,46,211,89,326,135,260,58,172,78,142,81,204,125,79,59,1937,487,36,41,13,22,95,72,50,59,30,41,203,213,111,51,315,115,201,77,412,225,176,56,180,128,115,48
1400000US06037551900,5170,836,528,374,259,223,0,19,0,19,61,75,0,19,58,73,0,19,0,19,32,26,61,76,11,18,23,27,11,15,2,4,269,173,0,19,0,19,74,77,12,19,0,19,0,19,42,49,18,24,65,68,33,46,11,15,14,23,0,19,4642,997,2306,706,177,135,53,67,71,69,41,47,13,21,43,50,91,80,572,369,363,259,434,225,118,77,294,161,36,36,2336,393,179,121,0,19,84,76,0,19,12,19,71,73,136,89,559,205,252,103,348,159,297,132,308,123,90,57
1400000US06037552001,3853,478,234,173,137,103,0,14,0,14,0,14,0,14,0,14,23,26,18,31,24,27,11,15,24,28,0,14,37,39,0,14,97,89,0,14,0,14,13,21,14,21,0,14,0,14,0,14,14,21,0,14,34,30,2,6,20,32,0,14,3619,514,1775,271,134,96,22,33,171,80,116,89,30,23,37,30,61,39,264,105,330,130,284,113,205,109,84,59,37,35,1844,296,129,80,27,25,145,80,38,53,50,57,23,23,192,91,141,69,361,94,214,89,288,102,113,88,123,60
1400000US06037552002,3195,496,299,149,114,86,21,35,0,14,0,14,0,14,0,14,0,14,0,14,52,69,7,11,0,14,12,16,18,24,4,6,185,114,0,14,0,14,0,14,0,14,0,14,0,14,77,67,37,31,26,43,9,11,6,9,15,24,15,16,2896,507,1567,312,185,129,0,14,133,63,64,47,0,14,31,30,68,42,464,164,141,67,180,92,143,59,130,73,28,28,1329,248,106,60,20,22,32,28,24,30,0,14,31,37,138,59,334,116,173,77,165,68,207,68,55,34,44,34
1400000US06037552100,5050,863,517,185,136,98,0,19,0,19,0,19,0,19,0,19,16,25,3,10,0,19,0,19,0,19,0,19,68,85,49,42,381,169,31,44,0,19,0,19,0,19,26,39,0,19,0,19,3,10,117,92,12,20,28,30,63,60,101,62,4533,880,2234,489,156,109,21,26,123,153,85,127,41,40,32,32,123,76,330,150,260,140,422,144,275,151,182,102,184,71,2299,483,114,150,0,19,82,60,78,60,24,43,37,43,190,84,249,120,521,169,297,127,370,143,119,67,218,97
1400000US06037552200,6485,689,1295,569,541,267,100,85,8,13,157,101,22,37,21,36,0,19,107,65,29,40,23,4,52,56,22,39,0,19,0,19,754,335,21,35,5,11,115,84,130,120,0,19,21,36,0,19,165,139,69,51,165,79,39,46,0,19,24,27,5190,752,2463,410,189,86,31,47,148,97,257,132,13,19,51,41,298,154,325,120,409,128,457,144,154,78,49,45,82,40,2727,442,186,120,29,43,313,200,116,82,32,41,86,57,352,163,339,121,322,136,401,120,218,93,226,83,107,64
1400000US06037552301,3866,329,249,146,106,86,0,14,0,14,0,14,8,36,0,14,28,47,0,14,14,32,0,14,29,47,11,23,16,27,0,14,143,96,0,14,0,14,0,14,0,14,0,14,0,14,4,17,0,14,70,76,23,28,23,38,14,22,9,13,3617,326,1816,228,28,28,27,36,107,113,150,92,0,14,70,66,163,65,313,118,320,106,254,105,230,115,136,60,18,24,1801,263,23,30,0,14,201,87,0,14,43,63,48,47,119,71,253,105,261,93,294,77,203,90,141,69,215,118
1400000US06037552302,3996,1187,462,227,233,128,0,14,0,14,17,27,8,13,19,32,0,14,31,36,4,9,23,26,0,14,109,80,0,14,22,21,229,128,0,14,16,26,19,30,20,30,0,14,20,32,0,14,21,32,14,22,7,12,51,59,37,36,24,29,3534,1223,1713,642,146,107,0,14,9,15,22,33,0,14,26,39,317,379,201,92,131,92,296,253,174,79,236,101,155,97,1821,602,23,26,62,79,75,51,25,33,23,24,29,30,256,276,173,112,288,259,186,97,242,122,262,115,177,99
1400000US06037552400,2269,428,127,81,63,39,0,14,0,14,0,14,0,14,0,14,0,14,0,14,19,20,9,15,4,5,28,24,3,6,0,14,64,49,0,14,0,14,0,14,16,19,0,14,0,14,0,14,6,11,0,14,11,15,11,14,0,14,20,22,2142,434,1077,293,73,60,9,10,97,128,67,68,23,27,63,37,93,46,119,54,162,76,169,44,111,67,66,42,25,17,1065,185,69,49,8,12,100,34,81,53,7,12,13,21,83,52,94,42,182,70,156,45,127,62,94,46,51,30
1400000US06037552601,5156,1114,441,275,244,158,23,28,0,19,55,47,36,38,6,9,0,19,17,22,29,29,27,32,16,24,11,17,24,26,0,19,197,130,0,19,0,19,39,37,0,19,0,19,0,19,22,25,34,31,37,42,36,32,29,27,0,19,0,19,4715,1164,2235,470,222,139,0,19,80,54,151,89,0,19,30,34,183,77,350,155,371,129,273,128,284,107,161,73,130,60,2480,771,38,42,52,60,258,150,119,82,12,19,133,98,291,146,256,111,269,95,257,112,310,124,242,158,243,140
1400000US06037552602,3672,329,426,203,263,127,21,32,0,14,45,42,0,14,0,14,0,14,0,14,21,24,15,21,12,24,131,97,18,20,0,14,163,84,0,14,0,14,0,14,16,22,0,14,12,24,8,13,30,33,30,31,8,14,16,15,0,14,43,44,3246,377,1652,251,193,98,0,14,16,21,49,54,34,52,44,41,210,104,296,99,178,68,143,75,199,87,173,63,117,49,1594,197,32,37,11,20,152,86,36,54,9,16,48,57,128,70,227,78,228,84,236,84,286,99,113,47,88,39
1400000US06037552700,6448,831,456,194,178,115,0,19,0,19,13,21,0,19,0,19,0,19,42,43,27,31,0,19,46,46,39,38,3,9,8,13,278,149,0,19,0,19,0,19,10,18,0,19,0,19,67,68,0,19,20,31,66,59,22,24,93,84,0,19,5992,829,2811,417,247,114,54,45,113,69,84,58,13,18,19,27,243,125,376,169,333,114,299,96,560,152,320,148,150,88,3181,542,240,198,41,49,372,148,42,44,18,28,33,29,192,97,647,244,327,91,373,111,396,170,292,86,208,166
1400000US06037552800,5603,541,266,141,122,81,0,19,0,19,36,38,9,13,0,19,0,19,38,45,21,32,0,19,14,20,0,19,4,8,0,19,144,76,0,19,0,19,5,8,12,19,0,19,0,19,21,27,21,25,54,40,13,21,14,20,4,8,0,19,5337,548,2642,355,167,105,7,12,188,111,83,59,8,12,99,72,165,82,412,181,440,149,396,144,462,136,171,99,44,38,2695,337,135,91,23,26,169,89,127,118,0,19,65,57,253,116,379,125,343,133,382,123,384,114,301,121,134,66
1400000US06037552900,6937,876,1122,699,398,240,0,19,0,19,0,19,0,19,0,19,26,44,74,86,84,102,14,18,24,34,158,126,18,27,0,19,724,492,48,55,0,19,44,54,49,73,0,19,92,106,54,49,92,98,88,92,56,46,45,50,137,133,19,34,5815,752,3074,524,187,123,0,19,143,104,226,180,87,97,169,123,230,137,810,236,405,153,329,142,223,142,190,91,75,44,2741,389,303,162,43,49,192,124,24,30,56,56,7,11,163,110,433,178,390,180,382,132,315,154,233,103,200,107
1400000US06037553000,5093,677,430,248,314,194,12,16,0,19,0,19,0,19,0,19,0,19,59,47,44,40,29,40,34,49,28,42,97,143,11,14,116,124,11,15,0,19,0,19,31,44,0,19,10,14,18,26,25,35,9,13,0,19,0,19,2,5,10,18,4663,588,1901,299,52,57,13,20,94,86,44,35,19,24,134,76,298,151,302,128,271,116,229,80,241,98,117,56,87,83,2762,441,387,268,45,55,61,55,0,19,93,79,86,57,396,107,287,99,233,83,552,207,252,94,216,83,154,115
1400000US06037553100,6630,876,622,374,251,150,0,19,0,19,24,39,0,19,0,19,73,108,0,19,16,27,76,77,0,19,33,45,0,19,29,33,371,247,22,35,22,39,46,73,0,19,0,19,0,19,75,90,45,45,78,114,0,19,40,49,34,55,9,15,6008,816,3096,517,185,154,0,19,222,188,88,82,0,19,182,89,415,262,405,169,369,184,420,183,419,153,279,140,112,78,2912,465,59,52,79,78,186,120,61,53,9,19,105,79,341,213,412,186,308,114,573,227,437,163,305,111,37,36
1400000US06037553201,3887,714,348,144,182,127,0,14,0,14,4,7,0,14,0,14,0,14,0,14,0,14,88,112,0,14,10,36,76,41,4,7,166,94,0,14,0,14,0,14,0,14,19,31,0,14,37,67,28,35,17,26,20,31,0,14,35,28,10,11,3539,653,1917,471,144,89,0,14,92,61,38,38,62,44,9,12,236,103,513,427,248,87,246,76,198,103,79,48,52,25,1622,298,62,48,12,19,91,64,86,60,6,9,64,51,132,48,185,70,314,125,210,70,251,96,129,55,80,31
1400000US06037553202,2876,325,201,97,121,75,0,14,0,14,0,14,0,14,0,14,0,14,5,14,4,9,11,25,0,14,87,70,0,14,14,21,80,72,0,14,0,14,0,14,0,14,0,14,11,18,0,14,16,24,2,7,14,18,27,38,0,14,10,16,2675,344,1120,220,30,33,0,14,65,62,69,62,13,19,2,9,47,41,105,81,147,87,247,81,215,98,133,77,47,55,1555,256,46,39,0,14,104,49,16,22,17,22,86,66,297,155,80,45,68,52,270,65,165,79,193,85,213,80
1400000US06037553300,3307,555,210,127,29,25,0,14,0,14,0,14,7,12,0,14,0,14,0,14,8,17,0,14,0,14,0,14,0,14,14,19,181,124,0,14,0,14,0,14,7,12,0,14,0,14,44,62,62,71,5,11,0,14,32,36,14,22,17,22,3097,569,1557,383,27,33,48,45,93,55,37,35,16,18,17,20,124,62,364,232,202,64,257,154,266,97,88,46,18,21,1540,225,33,34,0,14,109,48,25,28,31,26,71,91,154,81,232,117,142,64,371,144,224,82,76,48,72,38
1400000US06037553400,3356,431,212,115,109,61,12,18,0,14,0,14,0,14,0,14,0,14,6,14,10,17,42,35,12,19,14,17,13,21,0,14,103,73,0,14,11,17,14,23,13,23,0,14,0,14,0,14,10,16,0,14,16,23,26,26,13,18,0,14,3144,443,1621,291,35,41,8,14,110,83,69,51,16,25,74,66,249,91,184,97,262,97,190,80,207,73,191,111,26,31,1523,291,71,72,0,14,0,14,69,66,31,36,31,36,279,156,88,61,394,100,182,77,208,75,148,71,22,31
1400000US06037553502,3379,540,160,134,37,36,0,14,0,14,20,32,0,14,14,21,0,14,2,4,1,5,0,14,0,14,0,14,0,14,0,14,123,112,0,14,0,14,10,16,0,14,0,14,0,14,28,43,22,36,0,14,10,15,40,46,0,14,13,20,3219,587,1696,412,68,55,18,19,87,71,135,147,43,63,35,38,160,110,343,127,116,69,270,139,171,84,212,140,38,30,1523,247,96,68,30,36,132,89,103,113,0,14,16,28,104,79,276,108,169,102,266,107,150,85,38,34,143,69
1400000US06037553503,2924,602,546,218,250,157,15,17,0,14,14,16,0,14,0,14,7,10,0,14,0,14,35,36,156,158,23,28,0,14,0,14,296,171,44,49,21,34,66,48,0,14,0,14,27,35,19,16,26,32,37,36,33,25,10,15,0,14,13,14,2378,530,1144,264,74,68,0,14,66,61,40,38,6,9,72,50,226,144,175,85,94,57,154,67,105,44,83,50,49,34,1234,309,62,43,38,36,39,41,3,5,30,25,9,15,180,140,161,66,191,80,157,112,146,64,145,74,73,37
1400000US06037553504,4840,563,432,299,163,122,42,57,0,14,23,37,0,14,0,14,0,14,0,14,11,18,38,52,24,24,0,14,13,14,12,18,269,183,0,14,11,19,107,109,6,9,11,18,16,19,16,21,57,54,28,26,5,10,0,14,12,19,0,14,4408,637,2400,434,192,144,90,55,118,77,80,75,39,40,71,60,201,102,415,173,397,191,398,144,206,114,119,71,74,51,2008,266,103,73,13,20,135,71,0,14,32,36,24,27,169,85,261,111,342,140,277,118,273,128,263,107,116,58
1400000US06037553601,4745,679,762,343,213,140,0,14,0,14,96,81,0,14,33,51,13,23,0,14,42,50,0,14,17,30,0,14,0,14,12,19,549,284,43,47,0,14,99,85,22,34,26,43,0,14,0,14,72,53,49,44,180,162,17,23,0,14,41,46,3983,754,2069,436,192,125,22,32,107,58,76,66,0,14,133,117,294,124,330,119,227,111,399,179,148,85,82,69,59,62,1914,370,66,62,82,59,98,86,199,156,89,76,57,60,141,83,365,122,222,113,237,95,220,104,112,39,26,32
1400000US06037553602,5231,823,165,134,11,22,6,13,0,19,0,19,0,19,0,19,5,10,0,19,0,19,0,19,0,19,0,19,0,19,0,19,154,127,15,17,0,19,0,19,0,19,0,19,0,19,11,17,45,55,6,11,61,63,16,21,0,19,0,19,5066,836,2522,527,205,122,12,20,131,83,281,293,44,46,43,37,352,144,475,152,263,117,429,192,142,71,79,48,66,48,2544,464,147,126,76,100,389,171,85,72,0,19,69,54,245,133,410,142,404,140,348,134,247,85,83,54,41,37
1400000US06037553701,3648,588,374,286,184,190,5,9,0,14,35,48,26,40,0,14,0,14,44,52,0,14,36,49,0,14,15,15,14,15,9,13,190,118,0,14,0,14,5,10,27,41,0,14,0,14,27,39,0,14,35,39,37,39,39,30,3,6,17,16,3274,568,1786,419,154,118,0,14,122,104,101,104,16,17,61,46,207,88,262,70,364,215,163,63,171,62,115,53,50,45,1488,231,94,64,0,14,123,100,71,50,0,14,47,35,142,69,336,131,139,60,196,79,211,71,58,41,71,50
1400000US06037553702,4426,481,731,330,264,109,52,42,0,14,38,41,21,36,27,44,0,14,0,14,0,14,63,49,8,14,0,14,48,57,7,12,467,263,39,43,0,14,92,85,20,31,0,14,0,14,74,107,106,52,37,61,60,62,24,31,0,14,15,16,3695,524,1869,300,74,49,23,34,44,43,74,64,13,20,55,48,204,94,348,159,293,88,331,171,304,140,93,62,13,21,1826,277,48,43,54,56,247,96,108,80,21,31,80,51,119,78,223,82,217,76,330,140,232,91,78,49,69,42
1400000US06037553801,3608,580,943,454,471,223,0,14,0,14,60,46,80,72,0,14,20,34,119,81,31,47,53,51,61,55,45,45,0,14,2,11,472,264,0,14,62,64,41,48,45,55,21,37,3,10,52,44,6,13,94,60,54,62,46,42,41,51,7,19,2665,614,1365,329,64,79,0,14,201,109,35,44,30,50,18,20,160,137,283,107,91,91,242,132,147,78,56,37,38,37,1300,362,28,43,0,14,56,48,116,92,0,14,0,14,140,86,243,185,240,129,153,93,292,108,0,14,32,28
1400000US06037553802,6585,969,857,495,353,181,7,13,0,19,57,83,0,19,0,19,18,24,0,19,7,13,27,28,92,88,78,116,67,70,0,19,504,367,0,19,7,12,82,95,0,19,0,19,0,19,108,157,6,11,80,86,7,11,150,144,64,57,0,19,5728,917,2636,480,147,103,0,19,187,114,168,141,0,19,58,60,418,245,496,184,191,109,346,137,290,174,262,104,73,58,3092,574,173,115,41,50,212,129,184,151,0,19,50,74,375,181,421,166,403,187,339,125,490,198,235,95,169,114
1400000US06037553901,5910,837,906,352,353,163,82,114,0,19,52,43,0,19,57,63,32,50,0,19,33,51,14,22,29,41,7,13,47,53,0,19,553,222,0,19,37,44,90,72,0,19,0,19,53,48,79,59,54,50,13,20,99,76,55,40,34,36,39,46,5004,889,2698,499,50,47,34,32,160,86,75,68,0,19,51,53,405,156,533,219,357,145,442,154,224,110,306,216,61,39,2306,483,147,108,0,19,159,88,72,65,62,67,17,21,287,124,229,121,217,84,468,116,240,116,218,85,190,138
1400000US06037553902,6216,951,595,381,305,239,13,24,17,24,100,129,0,19,10,15,59,92,0,19,0,19,12,21,35,41,25,34,34,28,0,19,290,160,23,36,0,19,31,38,12,22,0,19,9,13,47,41,17,26,88,103,16,24,0,19,35,34,12,19,5621,930,2881,496,189,116,46,73,388,183,149,111,0,19,63,54,359,179,515,202,297,104,489,172,250,118,72,43,64,52,2740,580,196,143,29,33,181,177,89,70,30,33,151,124,307,173,574,248,229,89,464,161,288,111,156,62,46,36
1400000US06037554001,4507,721,348,264,135,111,0,14,0,14,6,14,0,14,0,14,0,14,0,14,77,101,8,15,31,37,10,19,3,6,0,14,213,230,7,16,0,14,0,14,0,14,0,14,0,14,0,14,6,14,0,14,17,25,20,26,138,222,25,31,4159,618,2138,377,156,111,0,14,162,106,15,24,0,14,77,65,239,144,444,156,249,85,216,106,246,110,252,254,82,37,2021,377,121,132,44,73,175,98,131,76,59,58,46,85,220,109,227,127,251,103,309,110,180,90,169,59,89,65
1400000US06037554002,5742,577,847,432,405,218,48,73,0,19,108,111,0,19,0,19,0,19,17,27,27,41,43,45,131,96,0,19,31,52,0,19,442,255,62,69,16,28,44,67,0,19,18,28,2,8,41,61,24,37,78,73,69,68,49,61,27,35,12,17,4895,600,2558,349,66,58,39,44,118,74,82,76,84,59,76,76,256,111,378,143,448,168,554,178,280,104,105,59,72,55,2337,399,163,134,24,42,191,118,13,24,30,55,77,78,176,99,345,130,303,116,377,128,298,107,217,83,123,83
1400000US06037554101,3643,438,821,374,383,240,53,88,47,44,0,14,0,14,31,50,21,37,41,43,94,94,57,65,29,45,0,14,10,17,0,14,438,191,16,29,0,14,72,64,58,66,0,14,0,14,54,56,14,24,58,59,57,66,50,48,38,37,21,34,2822,499,1340,289,39,37,40,39,226,96,57,36,0,14,37,35,141,57,217,112,229,119,189,91,138,58,27,25,0,14,1482,278,79,60,11,20,119,84,82,68,43,26,20,11,166,87,296,147,246,92,156,47,138,74,47,35,79,48
1400000US06037554105,4327,897,1241,838,578,346,96,97,97,155,34,51,34,37,0,14,0,14,17,31,98,89,83,132,22,25,53,60,25,39,19,27,663,512,104,164,0,14,119,130,65,104,0,14,16,24,54,42,91,77,88,102,49,39,53,56,7,12,17,20,3086,510,1421,308,214,121,0,14,52,50,27,32,0,14,49,45,146,100,547,230,99,69,134,69,82,75,60,41,11,17,1665,302,117,94,0,14,112,73,49,40,19,29,8,13,137,89,470,188,115,79,205,87,252,150,118,69,63,54
1400000US06037554106,3970,562,653,273,208,129,24,40,7,11,11,17,0,14,22,28,16,27,49,41,0,14,19,27,20,22,40,32,0,14,0,14,445,191,0,14,0,14,93,80,46,38,0,14,0,14,34,35,43,54,125,77,78,56,17,19,9,14,0,14,3317,538,1609,293,110,101,38,43,52,62,79,56,15,26,88,67,76,57,348,122,205,78,93,52,293,101,102,50,110,71,1708,355,117,87,6,10,157,83,53,53,46,42,27,31,176,129,259,108,151,79,171,82,364,115,93,48,88,60
1400000US06037554201,3565,365,240,183,75,59,0,14,0,14,0,14,0,14,0,14,0,14,6,11,0,14,0,14,40,42,29,36,0,14,0,14,165,173,64,90,0,14,0,14,31,43,15,19,0,14,9,14,28,40,7,11,0,14,5,9,0,14,6,10,3325,400,1814,279,82,79,0,14,185,118,51,41,0,14,97,66,119,70,240,116,225,100,247,123,294,113,192,112,82,69,1511,224,94,77,47,59,25,27,121,76,0,14,0,14,145,94,157,77,244,110,189,96,266,107,89,71,134,85
1400000US06037554203,3445,605,651,301,314,191,0,14,0,14,0,14,8,14,0,14,49,62,3,14,11,18,25,29,172,156,12,18,34,52,0,14,337,161,0,14,0,14,90,77,0,14,0,14,17,28,10,14,12,19,70,69,63,46,37,31,9,16,29,48,2794,657,1308,306,39,41,7,11,60,60,140,108,0,14,83,83,79,87,247,94,193,150,145,94,173,70,116,91,26,26,1486,386,32,49,44,50,0,14,170,145,57,63,24,27,26,31,331,111,186,83,276,124,189,125,134,86,17,21
1400000US06037554204,4695,797,847,506,246,200,14,24,0,14,52,78,0,14,0,14,0,14,20,25,8,13,106,138,15,16,0,14,12,20,19,21,601,322,0,14,14,24,95,153,11,19,0,14,0,14,52,50,8,13,129,123,83,87,4,9,71,68,134,105,3848,588,1914,353,89,51,13,26,300,141,25,37,0,14,112,122,130,79,336,133,203,76,288,164,283,104,53,40,82,58,1934,352,163,107,0,14,190,109,27,35,0,14,16,24,113,93,350,122,217,107,230,137,181,76,309,127,138,59
1400000US06037554301,3293,532,338,194,178,109,23,38,0,14,0,14,28,40,0,14,0,14,0,14,12,20,43,47,12,20,20,33,30,32,10,17,160,111,0,14,0,14,28,42,0,14,0,14,12,20,0,14,0,14,77,62,12,20,13,14,10,16,8,13,2955,576,1519,379,39,45,19,25,293,207,64,59,29,37,16,27,161,69,214,98,249,108,193,84,129,77,104,73,9,15,1436,283,27,30,11,21,76,63,56,69,0,14,32,45,106,73,349,122,229,113,187,97,237,82,79,49,47,39
1400000US06037554302,3788,675,505,299,161,131,0,14,0,14,46,61,0,14,0,14,0,14,0,14,12,19,47,61,0,14,21,34,24,28,11,17,344,190,0,14,0,14,12,19,35,61,33,56,0,14,53,52,63,68,85,82,18,28,11,17,0,14,34,51,3283,660,1738,493,75,68,32,49,266,173,41,38,12,18,102,94,115,63,416,272,184,113,278,122,68,62,81,42,68,68,1545,347,27,33,25,40,114,64,82,81,0,14,38,37,221,144,313,188,181,73,212,103,172,92,132,71,28,28
1400000US06037554403,5499,740,727,254,332,145,14,27,0,19,34,51,44,47,0,19,22,36,0,19,46,53,66,62,9,14,51,59,31,47,15,17,395,183,0,19,5,10,0,19,14,25,0,19,0,19,59,78,64,57,48,51,43,56,80,73,63,57,19,3,4772,791,2463,597,13,24,0,19,313,110,141,90,0,19,153,126,378,154,295,163,539,197,226,138,252,117,80,57,73,61,2309,339,205,117,35,51,179,122,152,110,31,51,39,50,148,98,247,136,509,125,256,121,235,89,187,103,86,59
1400000US06037554404,4254,570,728,408,212,161,0,14,0,14,0,14,53,64,0,14,0,14,0,14,7,11,22,36,45,64,76,79,9,15,0,14,516,279,18,29,0,14,0,14,22,36,26,40,25,40,40,61,52,82,47,45,126,136,44,48,87,69,29,41,3526,626,1930,343,99,73,26,38,88,68,94,61,3,19,37,44,156,81,448,159,336,138,203,95,203,98,237,80,0,14,1596,368,32,59,0,14,90,76,42,54,122,93,34,27,130,69,345,152,279,98,167,87,256,88,73,48,26,43
1400000US06037554405,3907,609,608,279,192,121,16,28,0,14,20,35,25,30,0,14,0,14,3,7,8,13,9,14,30,34,64,74,8,11,9,16,416,229,18,32,17,30,10,18,27,38,0,14,18,28,38,55,84,102,46,44,9,16,46,52,67,54,36,45,3299,594,1535,432,173,134,0,14,162,107,0,14,0,14,53,62,78,62,334,108,222,126,123,112,243,110,52,39,95,85,1764,352,191,111,84,126,57,67,129,88,0,14,25,36,72,61,240,89,206,104,150,94,181,93,254,150,175,119
1400000US06037554406,4657,515,147,76,56,45,0,14,0,14,0,14,0,14,0,14,0,14,8,13,5,11,13,19,15,24,3,9,4,12,8,12,91,55,0,14,0,14,0,14,0,14,0,14,0,14,23,24,0,14,8,14,18,21,24,29,7,13,11,18,4510,517,2058,237,124,96,72,63,212,91,48,36,0,14,43,38,192,106,339,143,251,80,280,107,238,66,136,57,123,71,2452,395,220,131,71,61,164,94,76,60,13,23,57,47,209,199,327,118,345,86,338,121,160,71,221,68,251,108
1400000US06037554511,3612,636,199,188,59,55,0,14,0,14,0,14,8,13,7,13,0,14,0,14,0,14,0,14,21,26,15,23,2,5,6,10,140,182,0,14,0,14,0,14,0,14,0,14,0,14,0,14,0,14,130,182,0,14,2,7,0,14,8,13,3413,479,1747,277,133,118,0,14,154,66,66,43,11,17,30,27,187,153,177,83,92,58,243,62,361,135,107,49,186,52,1666,258,30,35,14,23,90,61,18,19,32,21,53,38,37,32,299,229,184,59,164,57,326,76,151,63,268,73
1400000US06037554512,6504,654,341,285,114,96,0,19,0,19,0,19,0,19,0,19,0,19,65,90,26,37,0,19,23,35,0,19,0,19,0,19,227,190,0,19,0,19,0,19,0,19,0,19,0,19,66,94,0,19,0,19,22,35,95,96,4,7,40,45,6163,686,3160,436,16,25,49,60,181,97,207,170,74,68,24,34,132,62,186,107,473,213,672,201,413,122,349,107,384,125,3003,446,54,48,39,60,304,179,41,46,21,22,13,23,238,173,336,130,280,132,541,204,391,125,409,119,336,112
1400000US06037554513,2485,212,95,48,55,33,0,14,4,6,0,14,0,14,0,14,4,6,10,14,0,14,0,14,22,28,11,11,0,14,4,7,40,26,0,14,0,14,4,6,0,14,0,14,0,14,0,14,3,7,6,8,5,9,0,14,4,6,18,18,2390,213,1118,125,44,41,18,21,71,40,69,56,12,12,24,21,42,27,171,62,110,43,169,51,119,38,169,78,100,41,1272,150,43,43,0,14,82,45,66,42,3,7,12,13,101,66,127,48,120,56,238,46,114,34,185,72,181,66
1400000US06037554514,4571,563,183,104,95,58,25,39,0,14,0,14,0,14,0,14,0,14,0,14,10,15,0,14,27,26,21,28,12,17,0,14,88,54,0,14,0,14,0,14,0,14,0,14,0,14,0,14,32,35,0,14,0,14,8,13,12,17,36,33,4388,568,2225,371,32,32,19,21,158,87,135,70,11,20,60,54,124,50,305,93,172,94,345,120,330,96,334,191,200,68,2163,312,74,74,7,11,190,110,101,87,19,22,36,28,189,77,140,68,259,93,286,76,368,135,204,74,290,92
1400000US06037554515,3263,386,307,204,178,148,84,104,0,14,9,12,0,14,0,14,0,14,0,14,31,33,10,13,0,14,5,10,39,44,0,14,129,80,7,11,0,14,9,12,0,14,0,14,0,14,26,31,29,30,6,9,0,14,20,26,0,14,32,39,2956,406,1532,232,102,56,47,43,88,56,83,50,12,18,0,14,98,58,118,56,141,68,162,60,148,82,162,112,371,139,1424,245,45,42,12,21,59,48,20,23,0,14,50,50,119,63,119,55,131,53,180,60,99,42,206,115,384,164
1400000US06037554516,3922,693,174,159,113,107,0,14,0,14,0,14,0,14,0,14,0,14,0,14,11,18,42,56,0,14,0,14,8,13,52,54,61,54,0,14,0,14,0,14,0,14,0,14,0,14,0,14,0,14,0,14,0,14,0,14,20,23,41,55,3748,706,1752,405,59,39,11,23,219,197,96,54,25,41,68,47,83,38,148,61,175,133,206,65,285,115,191,98,186,69,1996,338,76,50,17,27,166,141,48,50,12,19,67,55,133,70,127,68,310,110,293,96,161,70,299,116,287,89
1400000US06037554517,4513,355,245,194,129,120,0,14,0,14,11,40,0,14,0,14,0,14,41,47,14,22,0,14,19,26,5,17,24,28,15,20,116,95,0,14,21,31,0,14,0,14,0,14,0,14,15,23,4,9,27,29,18,26,14,21,2,6,15,20,4268,405,2202,274,69,67,0,14,352,142,72,53,10,15,43,40,92,45,260,123,312,159,263,88,276,89,288,76,165,78,2066,221,84,54,10,15,176,93,111,55,51,36,44,46,92,47,227,86,274,86,243,79,284,79,306,73,164,82
1400000US06037554518,4985,478,353,207,246,157,0,14,0,14,28,41,13,19,0,14,0,14,0,14,7,15,55,67,19,22,43,67,25,28,56,67,107,77,0,14,0,14,0,14,0,14,0,14,0,14,0,14,0,14,0,14,40,43,13,21,15,24,39,62,4632,455,2243,233,77,45,37,43,168,79,123,82,86,53,34,27,86,52,292,129,267,86,343,83,293,108,255,112,182,69,2389,307,154,120,9,14,119,73,35,28,69,58,63,58,118,57,201,122,375,116,448,110,278,103,336,117,184,66
1400000US06037554519,3201,652,252,130,125,72,11,19,0,14,0,14,0,14,0,14,0,14,0,14,33,40,0,14,0,14,0,14,33,43,48,39,127,78,10,18,0,14,13,22,0,14,0,14,0,14,0,14,0,14,12,19,0,14,20,21,21,29,51,42,2949,655,1360,259,20,25,0,14,71,58,36,29,5,11,5,10,13,16,133,71,184,84,52,37,147,60,247,82,447,229,1589,451,67,80,16,20,72,46,36,22,12,18,15,17,94,121,254,184,64,40,51,30,337,160,196,74,375,94
1400000US06037554521,5715,653,215,127,115,81,0,19,0,19,9,15,0,19,0,19,38,49,7,10,30,33,0,19,7,13,24,29,0,19,0,19,100,60,0,19,0,19,9,15,0,19,0,19,0,19,0,19,0,19,36,46,21,28,14,19,0,19,20,24,5500,685,2719,352,213,104,59,48,137,77,88,63,28,52,96,97,178,183,403,133,223,65,253,101,324,101,502,150,215,76,2781,379,126,76,0,19,129,75,73,76,25,25,26,31,140,63,326,113,269,82,391,136,334,111,610,194,332,143
1400000US06037554522,4928,694,145,67,67,36,0,14,0,14,0,14,0,14,0,14,0,14,0,14,0,14,14,26,0,14,9,20,22,25,22,23,78,49,0,14,0,14,0,14,0,14,0,14,0,14,29,42,0,14,0,14,0,14,0,14,19,23,30,32,4783,690,2596,411,155,124,141,116,184,105,90,49,11,19,113,82,255,126,188,80,257,98,412,131,220,92,255,78,315,94,2187,360,98,75,97,129,36,38,118,60,22,28,44,51,164,132,144,84,259,96,325,87,315,112,336,79,229,79
1400000US06037554600,3925,641,533,190,277,108,16,25,0,14,9,14,8,14,0,14,10,31,33,51,53,53,79,60,46,52,0,14,23,24,0,14,256,125,0,14,0,14,0,14,0,14,0,14,14,26,70,64,13,20,42,41,46,53,46,51,4,9,21,24,3392,655,1944,465,128,76,0,14,168,116,66,47,54,89,13,15,116,97,378,182,302,134,206,93,222,73,241,87,50,38,1448,259,43,29,42,48,78,56,108,106,0,14,11,13,89,67,295,135,117,92,172,70,214,81,151,59,128,59
1400000US06037554700,4289,535,269,198,143,108,0,14,0,14,0,14,3,5,0,14,5,8,32,43,16,31,0,14,62,67,5,9,20,23,0,14,126,97,0,14,0,14,3,6,35,48,0,14,0,14,14,24,3,5,31,43,14,16,5,8,17,19,4,6,4020,560,2087,347,45,44,0,14,170,69,73,50,11,17,63,42,219,112,383,107,301,78,296,98,240,87,140,85,146,61,1933,283,106,83,7,11,124,66,21,31,38,34,70,52,225,76,274,96,351,66,232,65,231,73,156,72,98,47
1400000US06037554801,3037,445,411,194,222,103,0,14,3,6,16,20,0,14,19,31,4,7,44,45,15,20,6,9,74,40,20,32,4,7,17,26,189,107,10,15,0,14,16,18,10,17,0,14,0,14,21,28,4,7,0,14,40,37,23,33,0,14,65,56,2626,462,1488,293,33,29,29,21,84,54,72,53,13,20,5,7,140,114,292,123,244,92,242,90,92,50,173,89,69,41,1138,218,132,86,27,29,83,43,4,6,7,11,18,21,80,53,178,72,149,59,177,80,92,49,153,93,38,22
1400000US06037554802,5213,576,344,185,139,129,0,19,0,19,0,19,0,19,0,19,0,19,0,19,49,63,47,60,0,19,31,45,12,19,0,19,205,105,0,19,0,19,9,15,0,19,0,19,0,19,36,40,53,61,14,22,0,19,63,54,14,22,16,19,4869,583,2291,310,108,73,16,26,145,79,20,25,14,20,97,54,164,60,271,123,269,82,435,163,271,206,289,95,192,87,2578,354,56,69,16,27,205,93,92,61,0,19,60,49,162,57,309,106,420,133,431,227,401,239,282,72,144,66
1400000US06037554900,7148,719,698,472,292,191,0,19,49,60,0,19,50,60,17,28,0,19,31,40,0,19,23,62,92,70,18,29,12,21,0,19,406,293,0,19,0,19,0,19,51,62,22,37,96,116,48,57,15,27,70,55,63,76,28,37,13,21,0,19,6450,915,2996,541,17,34,0,19,328,203,114,105,12,32,41,51,460,264,456,186,393,174,381,182,399,181,301,112,94,73,3454,545,338,169,92,104,261,166,0,19,15,25,204,159,251,185,306,232,377,132,566,158,356,173,322,147,366,180
1400000US06037555001,5158,549,560,310,276,163,0,19,0,19,54,60,0,19,0,19,26,39,27,28,12,18,12,19,46,51,86,106,10,15,3,6,284,209,9,15,32,49,0,19,26,44,0,19,0,19,50,82,0,19,93,76,0,19,30,40,24,38,20,20,4598,626,2231,293,206,137,9,14,183,100,50,41,7,11,61,50,120,74,477,130,283,110,288,139,285,118,92,56,170,62,2367,407,204,124,8,13,147,92,104,87,16,21,10,15,188,108,295,96,287,97,344,153,298,95,151,74,315,242
1400000US06037555002,4076,526,282,166,151,90,0,14,0,14,11,16,11,16,0,14,6,12,50,55,5,9,15,25,38,45,15,20,0,14,0,14,131,88,0,14,0,14,23,37,5,10,0,14,0,14,0,14,6,13,0,14,66,62,0,14,16,27,15,20,3794,540,1746,280,45,43,0,14,198,91,42,38,23,30,25,22,251,127,151,78,379,117,275,123,180,67,96,64,81,41,2048,348,128,66,9,16,132,107,35,33,25,22,19,29,201,116,348,124,337,138,262,124,169,56,243,155,140,93
1400000US06037555105,5863,639,297,159,133,85,0,19,0,19,0,19,0,19,0,19,0,19,0,19,79,63,11,21,0,19,30,31,13,20,0,19,164,118,0,19,0,19,0,19,24,39,0,19,0,19,53,71,75,80,3,8,9,18,0,19,0,19,0,19,5566,648,2540,313,109,72,43,51,152,68,123,78,84,69,69,49,267,102,487,141,429,187,101,52,409,175,167,76,100,53,3026,519,90,82,79,57,239,139,18,26,52,42,32,32,262,197,688,199,442,176,343,129,403,100,257,82,121,72
1400000US06037555106,2594,402,375,235,166,115,0,14,0,14,0,14,0,14,0,14,0,14,44,67,49,73,0,14,0,14,48,74,0,14,25,29,209,155,0,14,36,54,0,14,0,14,46,69,0,14,0,14,53,59,0,14,60,69,0,14,0,14,14,24,2219,408,925,201,144,136,0,14,4,10,13,19,28,40,6,14,47,42,89,55,98,78,139,62,62,46,57,49,238,120,1294,266,146,139,0,14,25,28,59,67,0,14,0,14,16,26,255,150,182,120,101,62,150,81,181,102,179,92
1400000US06037555107,5111,626,345,156,106,59,0,19,0,19,0,19,0,19,0,19,0,19,46,40,0,19,11,18,0,19,20,32,20,22,9,14,239,116,48,78,0,19,0,19,0,19,0,19,0,19,31,35,29,45,7,11,51,46,9,13,30,29,34,32,4766,637,2296,321,102,70,0,19,115,55,59,42,70,62,106,94,287,109,306,109,311,111,337,115,303,108,200,85,100,47,2470,368,46,37,19,20,157,72,39,41,26,34,66,49,215,117,360,131,257,81,377,135,256,113,370,115,282,159
1400000US06037555202,3606,695,90,53,41,28,0,14,0,14,0,14,0,14,0,14,0,14,0,14,3,7,0,14,4,6,20,21,14,19,0,14,49,38,0,14,0,14,0,14,0,14,0,14,0,14,0,14,13,20,0,14,0,14,9,14,0,14,27,28,3516,700,1710,330,146,62,0,14,60,39,165,178,23,26,37,31,147,87,157,78,285,165,227,103,227,72,142,72,94,49,1806,464,65,43,0,14,215,158,39,40,9,15,106,125,125,65,168,77,266,146,172,51,287,57,153,106,201,59
1400000US06037555211,6001,614,1385,692,544,357,0,19,0,19,168,139,39,56,56,86,0,19,26,37,44,69,28,43,91,112,0,19,9,13,83,97,841,412,28,44,0,19,136,121,0,19,25,39,72,76,97,101,209,141,54,85,103,80,0,19,70,60,47,50,4616,689,2545,401,219,108,63,66,208,96,93,73,11,19,44,33,266,121,415,170,314,160,198,100,386,144,159,105,169,93,2071,358,200,120,25,41,145,89,56,60,0,19,88,49,208,127,290,119,302,100,229,99,218,97,160,69,150,95
1400000US06037555212,5057,626,466,327,322,291,37,58,0,19,0,19,0,19,0,19,0,19,10,18,154,191,0,19,58,87,50,78,13,21,0,19,144,97,0,19,0,19,0,19,0,19,0,19,0,19,34,39,0,19,44,57,52,58,0,19,0,19,14,22,4591,686,2324,345,86,71,95,149,213,94,111,80,10,16,86,62,240,130,270,114,312,99,305,153,257,192,187,81,152,79,2267,414,220,111,0,19,162,83,112,75,28,44,112,79,214,85,350,151,414,177,173,130,108,57,248,94,126,74
1400000US06037555300,4321,666,431,172,330,191,0,14,0,14,0,14,35,43,0,14,54,92,13,27,3,23,17,59,51,78,37,48,91,93,29,46,101,110,0,14,0,14,0,14,0,14,0,14,26,40,21,61,6,24,5,24,12,10,14,16,15,17,2,3,3890,645,2286,463,133,100,8,12,119,77,76,56,0,14,22,25,204,150,384,208,263,125,325,131,201,120,264,192,287,205,1604,340,73,85,8,13,39,47,44,44,0,14,27,25,86,50,379,214,193,109,184,86,241,106,177,88,153,131
1400000US06037570001,4897,815,368,188,210,98,0,14,0,14,0,14,0,14,0,14,13,21,0,14,20,22,11,18,25,29,70,56,51,36,20,22,158,106,11,18,0,14,0,14,13,21,0,14,11,17,8,13,0,14,11,17,9,14,30,34,32,29,33,29,4529,832,2352,440,54,50,77,73,126,60,33,31,21,23,77,75,402,150,293,145,305,143,349,127,358,132,153,74,104,83,2177,441,68,67,30,46,126,84,99,85,20,22,82,78,186,105,252,136,324,117,323,121,416,162,208,97,43,34
1400000US06037570002,2658,310,93,76,66,49,12,24,0,14,0,14,0,14,0,14,0,14,0,14,18,19,0,14,9,14,7,11,5,9,15,17,27,30,0,14,0,14,0,14,0,14,0,14,0,14,5,10,0,14,5,9,0,14,0,14,0,14,17,20,2565,318,1287,164,55,48,31,29,176,72,42,52,12,15,60,37,102,84,100,56,251,67,193,49,110,45,100,34,55,32,1278,227,60,47,32,38,67,47,52,35,34,49,14,15,124,76,138,53,269,105,177,54,162,39,84,39,65,37
1400000US06037570003,3870,481,116,89,78,73,0,14,0,14,0,14,0,14,0,14,0,14,28,39,13,20,8,13,0,14,23,31,6,10,0,14,38,37,0,14,0,14,0,14,0,14,0,14,0,14,0,14,7,12,18,29,0,14,10,17,0,14,3,5,3754,489,1843,329,42,40,37,39,122,78,45,43,14,19,14,23,156,102,264,103,328,110,225,81,260,102,136,85,200,92,1911,323,24,30,31,28,129,82,70,75,41,40,41,47,214,168,200,111,292,82,247,82,360,121,204,74,58,32
1400000US06037570100,2969,495,409,88,251,61,0,14,0,14,0,14,0,14,0,14,0,14,52,116,25,40,107,86,60,41,7,13,0,14,0,14,158,98,0,14,0,14,0,14,0,14,0,14,0,14,17,39,51,42,12,14,25,46,33,44,12,18,8,25,2560,490,1250,308,170,96,0,14,76,60,42,32,0,14,13,14,38,26,257,123,230,99,133,50,140,59,69,35,82,35,1310,224,160,93,8,14,20,27,14,15,25,38,31,30,113,53,224,93,190,89,233,66,89,48,116,63,87,34
1400000US06037570202,6331,779,1302,752,780,537,48,57,0,19,95,86,55,70,0,19,0,19,355,405,48,57,16,29,81,130,0,19,40,48,42,59,522,305,31,48,11,19,0,19,45,64,0,19,0,19,22,34,152,121,9,17,91,88,93,113,64,53,4,6,5029,872,2197,345,181,106,21,33,58,57,31,44,67,60,117,121,85,59,468,146,411,170,317,137,251,106,154,94,36,35,2832,604,112,108,35,48,275,131,157,90,0,19,144,88,269,150,476,180,355,141,469,185,272,109,207,111,61,54
1400000US06037570203,3708,646,401,312,121,127,14,23,0,14,0,14,19,36,0,14,0,14,40,55,0,14,31,42,17,35,0,14,0,14,0,14,280,209,0,14,0,14,51,58,0,14,0,14,17,34,74,89,24,33,87,59,16,32,11,25,0,14,0,14,3307,657,1688,450,202,163,0,14,196,122,84,87,25,45,20,38,229,124,462,179,39,30,261,142,86,67,45,51,39,31,1619,335,29,37,0,14,107,122,132,99,43,57,81,84,115,74,248,123,256,173,258,139,195,111,107,61,48,45
1400000US06037570204,4266,821,297,243,43,76,0,14,0,14,0,14,0,14,0,14,0,14,25,52,0,14,0,14,1,21,2,20,0,14,15,25,254,233,0,14,0,14,28,41,27,41,0,14,23,34,0,14,24,36,63,77,75,81,6,12,8,12,0,14,3969,838,1857,391,180,124,11,26,153,77,49,49,0,14,36,48,266,179,218,89,223,116,349,178,242,108,84,48,46,48,2112,505,114,83,0,14,59,39,96,77,89,73,12,20,115,90,400,139,259,170,307,94,264,162,333,235,64,62
1400000US06037570303,3765,654,827,313,397,186,0,14,0,14,154,116,41,58,0,14,13,19,52,63,74,52,33,51,16,23,0,14,14,20,0,14,430,188,27,43,0,14,36,56,0,14,16,22,33,52,49,60,31,49,23,25,120,88,13,21,67,78,15,22,2938,649,1415,331,65,53,38,54,33,38,68,64,0,14,37,51,154,105,299,141,209,111,241,121,203,98,42,58,26,29,1523,600,205,262,0,14,73,65,59,57,25,35,44,55,215,177,95,59,249,108,181,120,268,179,82,66,27,28
1400000US06037570304,4688,547,898,401,461,264,121,181,0,14,20,33,76,68,0,14,33,51,29,45,27,41,72,84,21,24,23,38,0,14,39,60,437,203,0,14,0,14,44,53,59,67,0,14,11,18,71,76,75,55,91,67,27,43,35,43,24,29,0,14,3790,592,1903,439,111,100,13,20,134,98,83,68,93,75,68,60,195,108,469,268,188,99,138,86,272,119,88,62,51,35,1887,292,94,76,70,83,21,25,0,14,13,19,26,29,321,136,319,155,289,141,389,142,190,70,84,44,71,38
1400000US06037570305,5119,759,1214,685,582,469,57,67,13,19,0,19,87,112,0,19,0,19,0,19,97,87,273,333,12,19,14,23,0,19,29,33,632,310,77,85,0,19,0,19,13,22,23,29,0,19,118,107,103,87,93,65,53,50,152,155,0,19,0,19,3905,673,1925,366,102,80,31,46,140,99,40,46,20,32,79,55,108,94,463,187,362,154,273,152,157,87,118,90,32,31,1980,465,110,74,33,49,50,46,86,69,83,78,126,80,323,224,362,147,312,173,233,102,59,68,153,92,50,49
1400000US06037570306,3239,664,570,383,251,216,0,14,0,14,0,14,31,52,0,14,9,13,0,14,0,14,141,182,8,12,36,59,8,12,18,28,319,272,0,14,0,14,18,28,0,14,30,47,60,95,65,76,0,14,36,46,60,70,50,56,0,14,0,14,2669,542,1385,368,87,102,39,64,40,45,57,68,0,14,10,16,142,105,246,173,128,72,271,110,218,225,103,61,44,47,1284,277,128,93,0,14,128,86,11,18,0,14,0,14,125,72,247,112,184,111,130,57,164,75,143,92,24,22
1400000US06037570402,3372,509,220,194,44,45,15,23,0,14,0,14,0,14,0,14,0,14,13,20,0,14,6,8,0,14,0,14,0,14,10,16,176,154,30,45,0,14,41,49,24,20,0,14,0,14,0,14,26,29,45,31,0,14,10,14,0,14,0,14,3152,508,1436,274,99,65,26,22,86,69,40,31,57,42,97,130,131,56,149,85,251,96,187,75,167,68,105,60,41,27,1716,304,45,37,8,13,83,51,69,53,56,47,45,46,180,84,159,69,278,75,166,56,331,140,206,95,90,47
1400000US06037570403,3789,431,894,348,465,190,0,14,0,14,107,72,28,44,33,52,15,24,126,65,0,14,40,48,30,52,26,31,60,42,0,14,429,196,35,59,0,14,0,14,34,53,35,47,8,16,47,53,23,35,33,44,99,76,59,61,56,39,0,14,2895,467,1351,275,30,47,31,43,50,48,57,44,40,46,19,27,258,134,173,109,179,80,300,129,79,55,125,83,10,17,1544,287,97,70,19,27,135,76,65,60,55,49,62,48,163,69,171,92,149,74,299,121,198,73,90,68,41,44
1400000US06037570404,3943,782,711,540,245,147,37,39,7,14,11,18,6,14,8,11,14,22,59,55,14,18,38,35,46,58,0,14,0,14,5,8,466,420,9,15,0,14,31,36,6,11,62,66,5,8,84,122,124,173,34,34,53,55,16,25,27,29,15,23,3232,648,1524,294,95,70,19,26,152,110,112,54,17,23,10,12,128,66,136,63,316,92,240,123,209,83,65,47,25,28,1708,417,207,119,41,41,141,115,1,8,77,49,51,46,250,156,256,113,226,112,144,58,109,61,79,54,126,57
1400000US06037570502,5618,629,866,367,488,240,41,51,0,19,63,72,0,19,18,27,31,48,44,52,35,54,41,36,60,59,34,54,46,56,75,66,378,156,0,19,0,19,15,23,16,22,0,19,12,19,58,60,60,48,21,28,84,59,12,20,100,78,0,19,4752,713,2129,419,30,46,28,40,78,73,105,93,11,18,63,67,258,142,306,130,354,87,344,116,297,103,183,77,72,48,2623,492,112,82,0,19,122,109,86,66,44,45,105,85,295,102,302,129,253,97,423,129,347,80,349,272,185,226
1400000US06037570503,3693,937,254,190,92,84,0,14,0,14,0,14,2,12,0,14,0,14,12,20,16,26,0,14,12,19,26,37,24,28,0,14,162,124,0,14,0,14,2,12,0,14,0,14,0,14,13,21,91,84,16,25,16,23,14,24,10,15,0,14,3439,953,1414,274,30,37,13,14,44,53,76,52,40,50,71,59,117,89,238,112,269,112,146,112,184,89,162,92,24,22,2025,830,208,219,0,14,208,253,30,47,57,72,58,64,123,87,165,86,395,261,211,75,209,68,270,201,91,70
1400000US06037570504,3207,490,600,503,216,199,36,50,0,14,0,14,31,44,0,14,0,14,41,67,0,14,32,45,0,14,45,45,0,14,31,44,384,359,105,103,0,14,0,14,44,72,0,14,0,14,39,39,79,92,0,14,86,90,31,43,0,14,0,14,2607,404,1335,271,70,62,0,14,94,61,58,60,0,14,0,14,123,99,144,98,264,89,186,118,231,70,118,55,47,37,1272,201,72,74,0,14,53,42,82,75,0,14,23,28,135,81,203,94,147,71,148,77,221,83,85,53,103,66
1400000US06037570601,6049,943,919,406,445,224,20,33,0,19,40,38,104,76,10,17,0,19,63,102,28,39,77,51,31,29,19,42,25,27,28,39,474,220,11,21,0,19,55,48,24,29,0,19,27,33,82,68,24,40,136,77,50,49,11,16,54,49,0,19,5130,940,2566,417,133,91,17,29,201,125,74,57,56,49,189,110,381,227,488,162,182,80,259,122,378,185,156,81,52,40,2564,594,116,69,31,43,174,111,114,100,12,19,43,67,299,131,491,243,279,126,417,122,395,190,65,44,128,77
1400000US06037570602,5692,665,1217,389,453,219,0,19,5,11,37,44,87,58,27,43,87,98,16,25,21,30,42,51,34,42,65,53,24,29,8,13,764,233,46,48,0,19,33,38,51,57,44,49,105,93,45,44,120,67,97,60,44,42,92,65,76,57,11,16,4475,717,2392,420,60,40,54,61,80,66,173,93,100,72,14,22,167,132,495,159,324,145,332,123,274,114,217,118,102,71,2083,359,48,38,10,18,95,59,64,66,9,16,78,55,108,57,393,154,221,85,210,135,460,114,246,102,141,89
1400000US06037570603,5006,585,1568,555,562,207,86,98,0,19,25,40,159,127,0,19,52,62,78,78,1,4,29,43,99,67,29,35,4,6,0,19,1006,403,0,19,12,20,224,167,92,113,56,62,114,122,13,21,57,51,177,114,139,99,111,83,11,18,0,19,3438,666,1584,446,30,32,14,23,404,396,128,120,0,19,105,98,143,97,258,182,286,158,29,32,89,56,24,32,74,47,1854,384,109,94,0,19,70,69,40,57,0,19,99,92,283,123,294,123,414,143,242,121,192,98,83,67,28,33
1400000US06037570701,7283,1108,510,308,234,145,0,19,0,19,18,29,0,19,0,19,18,29,93,119,16,25,22,36,0,19,50,43,0,19,17,28,276,253,0,19,0,19,0,19,0,19,0,19,0,19,0,19,0,19,0,19,111,139,0,19,67,98,98,99,6773,1134,3567,800,110,99,201,214,421,274,151,154,0,19,60,76,229,135,753,301,502,241,277,154,541,227,209,105,113,71,3206,444,69,57,12,22,224,156,81,74,0,19,37,52,325,176,589,273,396,231,460,169,305,133,409,163,299,166
1400000US06037570703,2906,260,131,101,61,57,25,40,0,14,0,14,0,14,0,14,0,14,0,14,9,15,0,14,9,13,0,14,8,14,10,15,70,58,9,17,19,28,0,14,6,9,0,14,0,14,0,14,9,14,4,8,8,14,0,14,15,19,0,14,2775,254,1440,192,106,56,0,14,92,54,37,26,4,8,59,47,176,64,202,75,174,96,180,61,187,74,171,64,52,38,1335,157,102,59,18,22,41,41,61,43,4,8,15,26,138,39,197,74,128,45,191,66,200,79,135,57,105,53
1400000US06037570800,5489,509,360,260,125,81,0,19,0,19,0,19,0,19,0,19,18,32,7,12,0,19,16,18,38,43,21,27,11,17,14,24,235,188,0,19,0,19,19,34,0,19,0,19,26,39,41,56,10,16,47,49,22,31,42,41,19,20,9,15,5129,568,2574,398,383,180,8,12,121,129,143,84,82,69,35,33,162,73,377,98,428,124,316,124,270,86,111,49,138,58,2555,299,243,109,14,24,199,82,131,90,40,38,41,32,181,74,404,140,373,140,322,74,217,80,193,70,197,68
1400000US06037570901,5549,663,262,107,133,75,0,19,0,19,0,19,0,19,0,19,0,19,24,34,0,19,4,12,19,23,8,20,68,52,10,15,129,68,0,19,0,19,13,20,0,19,0,19,0,19,26,32,9,12,14,19,13,21,12,25,33,33,9,15,5287,679,2614,375,228,137,27,27,258,83,82,48,20,21,17,21,175,75,305,143,429,163,215,60,496,181,183,76,179,84,2673,386,111,60,10,17,150,79,22,24,23,38,52,34,133,60,391,178,331,81,344,96,602,173,293,109,211,89
1400000US06037570902,3350,509,21,23,21,23,0,14,0,14,0,14,0,14,0,14,11,17,0,14,0,14,0,14,0,14,0,14,10,14,0,14,0,14,0,14,0,14,0,14,0,14,0,14,0,14,0,14,0,14,0,14,0,14,0,14,0,14,0,14,3329,507,1829,349,84,72,13,20,101,59,29,27,0,14,33,26,190,70,329,126,251,76,226,57,228,143,152,52,193,163,1500,214,63,44,19,25,40,35,18,24,0,14,99,79,85,58,217,73,303,159,200,71,226,85,150,60,80,44
1400000US06037571000,5505,596,218,154,68,93,42,64,5,9,0,19,0,19,0,19,0,19,0,19,0,19,17,27,0,19,4,8,0,19,0,19,150,83,0,19,0,19,0,19,0,19,0,19,0,19,10,17,8,15,42,31,10,16,31,50,13,20,36,33,5287,601,2662,340,43,42,76,73,152,89,173,140,92,62,43,50,312,122,251,95,418,134,468,120,313,106,243,92,78,52,2625,408,190,108,8,16,247,121,124,80,20,22,24,19,100,71,254,91,378,99,420,100,363,118,309,143,188,73
1400000US06037571101,5026,669,395,276,217,225,45,59,39,53,40,53,0,19,0,19,0,19,37,36,6,12,40,53,0,19,0,19,0,19,10,14,178,78,8,13,0,19,0,19,0,19,0,19,0,19,48,42,0,19,36,48,15,17,33,37,17,21,21,24,4631,621,2478,453,162,109,0,19,193,83,126,51,18,29,44,43,87,52,313,134,351,127,384,180,357,136,167,57,276,158,2153,267,48,45,0,19,120,71,134,65,39,40,112,73,69,60,375,131,288,75,460,177,316,90,123,50,69,38
1400000US06037571102,3598,345,258,211,138,120,0,14,0,14,0,14,0,14,0,14,0,14,0,14,3,8,98,118,9,12,7,10,15,19,6,9,120,96,0,14,0,14,0,14,0,14,0,14,0,14,0,14,2,9,70,88,0,14,19,23,29,28,0,14,3340,455,1578,325,125,111,9,14,129,78,19,27,34,29,53,35,156,78,233,116,246,118,150,70,271,99,83,46,70,42,1762,260,185,119,0,14,85,57,58,35,27,34,19,25,68,51,259,102,292,103,175,73,301,105,171,75,122,73
1400000US06037571201,3973,689,180,166,120,129,0,14,0,14,0,14,0,14,0,14,0,14,0,14,67,92,0,14,0,14,44,52,0,14,9,14,60,48,0,14,0,14,0,14,0,14,0,14,0,14,0,14,14,22,0,14,24,35,20,32,2,6,0,14,3793,668,1935,443,50,67,0,14,36,44,134,179,23,28,35,28,124,80,260,130,97,80,339,212,385,156,295,113,157,93,1858,351,128,90,0,14,120,67,188,135,118,176,76,78,71,54,165,90,170,58,150,112,309,133,196,91,167,83
1400000US06037571202,3839,622,222,142,133,104,0,14,0,14,0,14,0,14,0,14,0,14,54,90,1,4,11,18,26,34,18,20,15,23,8,11,89,66,0,14,0,14,0,14,0,14,0,14,0,14,23,28,13,20,14,22,0,14,29,39,10,17,0,14,3617,627,1849,331,61,57,22,35,83,65,89,80,0,14,61,61,82,64,449,208,217,123,237,82,193,82,224,81,131,117,1768,363,93,80,0,14,53,44,117,80,0,14,9,15,106,58,144,98,295,163,258,100,237,140,200,62,256,152
1400000US06037571300,4680,484,244,213,97,95,0,14,33,46,33,54,13,20,0,14,0,14,0,14,1,4,0,14,0,14,17,25,0,14,0,14,147,126,68,74,0,14,0,14,0,14,0,14,0,14,7,11,52,53,2,4,0,14,1,3,7,12,10,16,4436,411,2079,220,218,88,24,31,115,74,51,52,9,15,40,36,152,84,331,92,332,83,229,85,239,103,182,61,157,83,2357,312,191,83,13,20,137,68,94,70,22,25,52,53,121,70,306,137,304,81,319,101,287,91,339,224,172,128
1400000US06037571400,4761,515,144,104,84,71,0,14,0,14,17,29,0,14,0,14,0,14,4,6,24,31,0,14,12,18,12,18,0,14,15,24,60,51,0,14,0,14,0,14,0,14,0,14,0,14,0,14,28,34,0,14,0,14,0,14,0,14,32,48,4617,526,2199,291,148,118,41,47,149,77,99,70,0,14,66,66,190,89,210,108,445,92,261,129,287,93,198,165,105,46,2418,333,191,86,0,14,109,63,89,55,74,66,34,35,165,94,366,229,480,104,259,88,303,79,153,60,195,92
1400000US06037571502,5022,820,331,216,128,82,0,19,0,19,0,19,0,19,0,19,0,19,0,19,7,12,10,16,0,19,11,17,25,34,75,79,203,158,0,19,0,19,0,19,0,19,0,19,11,17,80,100,9,13,13,21,4,7,22,27,51,69,13,22,4691,845,2004,569,262,284,14,26,136,143,75,64,12,21,71,60,111,59,230,71,419,146,131,76,276,77,143,87,124,126,2687,361,132,64,138,75,51,47,81,67,22,34,95,90,166,109,421,172,402,159,366,115,346,117,326,179,141,70
1400000US06037571504,5103,922,679,357,129,118,0,19,0,19,0,19,0,19,0,19,0,19,51,50,0,19,28,39,0,19,50,62,0,19,0,19,550,282,0,19,0,19,0,19,0,19,49,60,29,41,10,16,48,63,26,38,54,46,229,236,105,76,0,19,4424,935,2210,506,81,63,0,19,150,99,90,91,0,19,167,204,140,100,366,183,253,112,368,262,341,129,176,60,78,68,2214,505,83,78,25,29,118,100,198,219,45,51,0,19,230,126,324,125,337,140,274,212,357,122,157,63,66,47
1400000US06037571505,2681,684,135,93,69,81,0,14,0,14,0,14,0,14,0,14,0,14,0,14,57,81,0,14,0,14,0,14,12,17,0,14,66,52,0,14,0,14,0,14,0,14,0,14,0,14,0,14,43,39,12,18,0,14,0,14,11,16,0,14,2546,686,1230,319,26,36,28,28,182,154,15,16,0,14,37,29,148,139,187,73,159,60,137,54,164,59,84,31,63,35,1316,411,48,35,0,14,55,31,0,14,10,16,23,28,143,155,98,58,296,143,138,45,266,144,107,40,132,69
1400000US06037571600,2384,451,907,315,304,146,73,61,0,14,53,46,23,27,20,32,12,18,69,50,7,13,0,14,4,10,0,14,4,6,39,34,603,238,21,30,80,69,37,58,22,35,0,14,63,56,20,33,69,56,115,68,50,40,62,49,20,18,44,29,1477,478,525,188,9,14,0,14,68,62,136,78,0,14,8,7,45,40,102,51,22,34,29,24,66,51,14,19,26,29,952,332,70,70,0,14,47,47,22,34,25,28,102,86,105,73,119,74,213,101,48,41,91,65,91,52,19,17
1400000US06037571701,5653,1469,1478,1331,663,884,208,307,0,19,131,205,56,88,18,36,58,93,65,89,67,105,0,19,53,56,0,19,7,11,0,19,815,469,162,126,0,19,19,38,58,61,29,42,0,19,196,213,0,19,105,101,22,33,99,52,43,33,82,74,4175,874,2100,457,144,110,30,39,165,131,98,70,31,31,25,27,158,89,446,148,327,135,285,122,282,122,98,65,11,17,2075,475,65,63,0,19,156,111,57,56,46,53,83,68,134,87,372,165,313,146,278,111,275,90,229,100,67,79
1400000US06037571703,3250,503,691,317,240,173,0,14,0,14,7,16,0,14,0,14,22,39,16,34,42,74,62,68,57,59,0,14,28,37,6,12,451,229,0,14,0,14,0,14,0,14,0,14,24,30,81,98,78,66,6,15,40,39,40,52,165,80,17,27,2559,545,1272,368,40,50,0,14,57,57,76,66,48,54,67,42,92,94,139,83,250,109,277,175,115,75,71,50,40,48,1287,263,41,42,24,43,74,91,227,76,0,14,89,54,118,97,177,110,178,94,216,94,35,44,62,42,46,48
1400000US06037571704,3782,582,675,394,303,217,0,14,6,19,47,70,44,66,0,14,29,44,50,57,0,14,72,59,21,28,34,36,0,14,0,14,372,203,0,14,0,14,12,20,30,47,40,48,42,41,4,7,51,67,88,64,16,25,60,58,29,32,0,14,3107,609,1525,342,18,29,23,28,182,142,47,52,18,20,45,55,157,107,496,221,161,80,128,81,92,60,83,68,75,70,1582,353,124,89,0,14,94,103,104,68,17,19,39,44,149,71,238,140,280,133,215,90,200,85,96,73,26,28
1400000US06037571800,2947,565,188,122,96,66,0,14,0,14,0,14,0,14,0,14,0,14,8,14,16,26,0,14,0,14,57,57,15,23,0,14,92,71,0,14,0,14,8,19,0,14,0,14,7,17,11,16,0,14,0,14,15,22,41,55,10,16,0,14,2759,571,1272,290,11,20,0,14,149,144,21,28,60,40,30,32,33,28,112,64,133,41,270,128,214,92,155,60,84,48,1487,304,41,47,0,14,104,69,154,104,29,30,0,14,51,37,137,71,208,54,156,132,230,79,227,94,150,64
1400000US06037571900,6378,1094,256,199,93,98,0,19,0,19,0,19,0,19,0,19,0,19,13,28,48,76,18,33,0,19,0,19,14,22,0,19,163,142,0,19,0,19,0,19,0,19,0,19,0,19,13,28,82,106,16,31,0,19,22,38,15,30,15,23,6122,1135,2899,632,136,121,0,19,263,156,257,241,0,19,65,65,246,194,383,190,554,277,387,151,315,109,188,76,105,76,3223,641,233,119,118,112,166,172,347,189,40,46,37,41,99,67,569,245,601,244,360,157,283,96,279,97,91,74
1400000US06037572001,5834,769,255,139,54,48,0,19,0,19,0,19,0,19,0,19,0,19,0,19,39,41,0,19,0,19,15,24,0,19,0,19,201,126,0,19,0,19,0,19,0,19,0,19,0,19,19,36,8,12,77,106,33,53,39,47,0,19,25,45,5579,790,2690,460,109,101,39,46,211,131,52,62,0,19,0,19,136,150,303,127,396,132,573,242,594,272,164,92,113,75,2889,535,128,111,118,111,277,133,55,63,54,59,90,111,317,227,323,119,436,120,408,162,312,185,260,87,111,74
1400000US06037572201,6145,1033,928,430,557,315,0,19,0,19,16,26,31,34,15,25,0,19,78,108,118,134,42,45,69,68,69,89,57,27,62,65,371,151,22,34,0,19,0,19,0,19,0,19,0,19,34,53,0,19,101,114,0,19,11,26,68,60,135,47,5217,961,2435,494,81,74,16,27,46,53,101,112,51,52,0,19,364,227,185,109,253,124,350,237,521,176,174,103,293,114,2782,580,44,41,0,19,117,83,184,101,13,23,107,74,373,256,196,139,278,95,443,225,384,82,212,115,431,179
1400000US06037572202,3194,394,502,373,229,154,48,71,48,68,9,16,0,14,0,14,0,14,0,14,52,67,20,24,8,14,1,4,35,46,8,12,273,226,47,69,44,64,50,70,0,14,0,14,7,11,0,14,85,86,0,14,15,19,5,12,0,14,20,18,2692,391,1477,214,137,97,30,49,53,46,49,52,0,14,25,39,258,81,271,91,234,120,199,90,43,43,131,80,47,31,1215,222,121,101,0,14,44,56,63,45,0,14,0,14,77,58,189,123,176,106,205,62,150,100,140,74,50,47
1400000US06037572301,3605,506,687,333,246,157,0,14,0,14,70,68,6,9,0,14,0,14,18,28,44,59,42,43,18,21,15,23,27,29,6,8,441,212,42,55,0,14,71,56,30,38,0,14,0,14,36,31,112,82,74,51,12,19,38,34,26,32,0,14,2918,453,1648,292,61,44,35,36,61,48,90,56,7,10,45,29,168,77,295,108,385,94,145,56,243,89,61,27,52,33,1270,208,32,29,2,3,59,37,82,64,8,12,31,25,159,73,152,65,217,52,111,46,239,89,107,38,71,35
1400000US06037572500,4011,742,983,244,472,143,12,18,0,14,0,14,0,14,28,22,0,14,4,8,77,61,0,14,73,79,88,70,139,71,51,48,511,160,0,14,0,14,42,32,0,14,0,14,28,22,0,14,100,83,0,14,27,21,99,67,99,77,116,88,3028,791,1290,261,0,14,0,14,163,90,45,48,7,18,62,68,278,109,84,60,76,49,167,91,171,75,212,155,25,29,1738,677,75,79,109,152,254,297,17,36,63,68,28,44,127,87,202,140,250,181,195,94,193,97,148,96,77,74
1400000US06037572600,4919,725,457,366,304,298,65,83,0,14,22,35,49,51,20,34,12,19,39,65,3,7,25,36,43,47,0,14,16,24,10,16,153,105,17,25,0,14,0,14,0,14,10,15,0,14,0,14,0,14,45,44,23,43,18,20,21,26,19,25,4462,725,2281,426,77,82,0,14,140,100,37,58,0,14,151,93,226,125,162,101,486,192,258,136,433,156,174,87,137,90,2181,390,85,65,0,14,108,60,191,112,0,14,66,52,216,129,272,176,284,124,261,130,306,122,189,77,203,108
1400000US06037572700,5078,621,401,252,206,144,35,52,0,19,9,17,9,17,8,15,9,14,0,19,13,22,42,52,38,64,11,20,23,37,9,15,195,128,3,30,10,17,36,55,0,19,0,19,9,16,29,52,0,19,48,51,9,15,0,19,10,18,41,47,4677,660,2238,406,55,54,0,19,271,118,135,76,0,19,13,23,282,133,303,110,256,132,351,197,300,117,224,89,48,31,2439,400,42,39,0,19,115,80,55,65,25,31,217,152,199,108,297,88,258,100,373,138,366,98,238,91,254,93
1400000US06037573002,3235,527,244,169,98,100,0,14,0,14,0,14,9,21,9,20,0,14,8,19,14,17,9,21,14,25,35,52,0,14,0,14,146,91,0,14,0,14,0,14,0,14,0,14,0,14,8,20,37,41,8,19,59,64,0,14,20,24,14,19,2991,575,1410,351,104,88,0,14,187,101,63,58,0,14,76,64,147,92,208,117,240,148,177,98,150,111,39,41,19,32,1581,315,0,14,0,14,143,163,134,87,19,32,23,37,219,125,331,119,133,80,225,100,160,93,168,97,26,51
1400000US06037573003,1659,227,280,92,65,32,21,23,0,14,9,14,0,14,0,14,7,16,7,9,6,10,0,14,0,14,4,7,11,15,0,14,215,72,20,22,0,14,9,15,19,21,0,14,10,11,0,14,10,15,72,47,11,19,44,43,0,14,20,19,1379,234,681,121,18,20,3,4,10,12,25,21,40,43,0,14,42,38,142,58,80,32,182,61,71,36,58,21,10,9,698,139,36,28,13,21,18,20,30,24,7,11,0,14,108,51,107,50,73,41,96,53,92,49,90,31,28,23
1400000US06037573004,5127,976,921,364,435,213,28,42,0,19,68,62,0,19,0,19,53,49,50,47,36,95,59,62,13,21,120,101,8,15,0,19,486,201,27,41,0,19,0,19,48,60,0,19,0,19,146,105,65,66,39,50,55,57,90,84,0,19,16,20,4206,1008,2032,504,99,62,11,20,147,120,13,22,90,138,92,62,204,162,475,165,216,158,253,148,386,193,18,22,28,34,2174,572,52,62,0,19,236,189,81,101,0,19,0,19,166,101,387,176,396,194,288,150,441,233,70,50,57,58
1400000US06037573101,4485,798,543,263,344,202,0,14,23,33,46,67,25,39,24,38,7,13,74,90,5,12,70,92,7,14,14,22,42,63,7,13,199,106,0,14,0,14,0,14,0,14,0,14,13,22,35,57,23,34,43,44,0,14,82,63,0,14,3,6,3942,773,1797,445,31,37,31,33,344,300,27,32,30,45,33,46,38,42,589,316,153,60,198,88,95,76,168,73,60,63,2145,486,92,70,40,48,185,140,43,51,0,14,104,69,211,125,488,248,258,95,132,81,322,170,172,67,98,78
1400000US06037573102,3085,582,457,523,215,229,56,93,0,14,57,70,0,14,0,14,0,14,32,56,20,34,39,45,0,14,0,14,11,21,0,14,242,301,60,99,0,14,95,128,0,14,0,14,0,14,0,14,43,71,17,29,0,14,16,19,11,21,0,14,2628,343,1389,263,62,69,0,14,158,69,68,45,0,14,28,34,155,94,151,87,174,54,265,93,182,70,135,51,11,19,1239,162,0,14,17,30,24,32,12,22,27,30,35,51,52,35,188,85,205,60,256,96,189,64,184,72,50,20
1400000US06037573201,3845,601,650,248,319,161,74,96,0,14,26,30,15,24,15,23,0,14,25,28,36,37,9,16,51,45,33,52,0,14,35,39,331,138,11,19,0,14,29,46,0,14,0,14,0,14,98,82,24,28,21,26,27,43,58,68,28,33,35,40,3195,634,1835,439,172,116,31,47,66,69,142,84,97,101,0,14,227,107,269,111,324,157,201,132,187,102,80,76,39,29,1360,277,42,66,0,14,103,72,54,51,32,42,12,19,103,74,215,121,237,102,197,74,199,98,87,67,79,58
1400000US06037573202,6426,1046,821,371,406,210,0,19,0,19,0,19,13,22,11,18,0,19,60,68,13,22,77,114,44,38,60,62,86,79,42,56,415,201,0,19,0,19,0,19,0,19,0,19,43,64,0,19,63,89,81,78,28,26,120,96,76,69,4,15,5605,1097,3015,674,366,249,40,47,62,68,63,61,49,65,131,102,195,112,566,195,652,263,208,139,262,106,378,222,43,46,2590,610,238,139,100,84,184,162,89,80,30,39,32,40,97,73,377,187,296,178,312,132,423,159,329,204,83,59
1400000US06037573300,3531,506,734,354,297,161,14,23,13,21,75,85,27,38,0,14,0,14,13,21,66,72,65,61,0,14,24,30,0,14,0,14,437,241,35,58,0,14,36,42,30,37,19,30,31,48,13,21,75,58,71,68,18,44,74,54,16,26,19,24,2797,371,1482,257,72,41,12,25,130,67,38,43,20,33,42,38,205,87,291,119,173,93,233,94,97,59,137,64,32,43,1315,222,27,33,0,14,67,56,75,64,0,14,0,14,218,106,248,108,197,84,182,71,175,92,105,56,21,24
1400000US06037573401,1276,260,150,100,72,54,27,40,0,14,6,10,0,14,0,14,0,14,0,14,1,1,10,12,0,14,13,21,15,15,0,14,78,57,0,14,0,14,0,14,0,14,0,14,0,14,0,14,3,5,20,24,0,14,47,42,8,11,0,14,1126,235,554,134,39,34,0,14,45,27,19,22,3,5,0,14,65,58,62,30,102,45,87,48,48,33,61,47,23,24,572,134,29,31,0,14,50,41,31,32,39,39,24,27,3,7,95,39,145,52,55,39,34,23,16,18,51,38
1400000US06037573402,6792,655,546,394,169,168,0,19,0,19,0,19,0,19,0,19,0,19,61,103,56,64,0,19,33,42,19,32,0,19,0,19,377,328,28,47,66,100,0,19,0,19,0,19,0,19,66,90,23,39,8,14,63,95,42,53,14,24,67,103,6246,767,3541,677,282,306,24,43,330,222,63,89,53,68,24,43,280,193,616,234,438,219,660,230,410,202,271,167,90,77,2705,403,46,60,41,64,195,174,176,161,0,19,60,69,32,37,650,244,293,116,611,201,289,163,152,118,160,99
1400000US06037573403,3354,543,111,54,22,29,0,14,0,14,3,6,0,14,0,14,0,14,0,14,0,14,7,11,0,14,12,24,0,14,0,14,89,57,0,14,0,14,0,14,0,14,0,14,0,14,0,14,3,8,2,6,14,26,63,46,7,13,0,14,3243,540,1472,289,0,14,0,14,13,16,92,76,0,14,0,14,79,58,204,123,216,87,349,121,276,122,103,58,140,58,1771,333,0,14,47,62,15,18,121,75,26,40,64,71,263,194,208,80,255,63,339,108,187,87,130,83,116,51
1400000US06037573601,6300,584,387,211,218,134,50,74,0,19,24,35,0,19,0,19,0,19,41,48,11,19,3,9,38,41,39,35,12,20,0,19,169,117,16,29,0,19,0,19,0,19,0,19,0,19,42,47,0,19,0,19,19,30,48,47,16,26,28,40,5913,654,2936,404,167,121,62,67,242,124,61,61,0,19,0,19,202,97,250,125,415,151,531,160,276,113,413,175,317,153,2977,419,173,116,20,34,160,99,41,65,0,19,32,38,62,50,359,153,391,156,566,209,389,113,522,213,262,136
1400000US06037573700,5092,568,130,76,77,54,7,11,0,19,20,28,0,19,0,19,0,19,29,45,0,19,0,19,0,19,6,10,0,19,15,20,53,44,0,19,0,19,0,19,9,16,0,19,0,19,0,19,11,18,17,24,7,13,0,19,9,18,0,19,4962,548,2542,263,109,57,76,67,255,107,185,77,70,62,16,19,104,56,198,92,442,108,417,150,357,133,211,77,102,38,2420,380,270,167,24,26,190,91,30,34,0,19,67,41,155,150,185,90,455,99,371,105,334,128,230,62,109,40
1400000US06037573800,4377,437,136,109,25,26,0,14,0,14,0,14,0,14,0,14,0,14,11,17,2,9,0,14,0,14,0,14,12,15,0,14,111,95,0,14,0,14,0,14,0,14,0,14,0,14,23,36,3,6,0,14,20,19,7,7,8,14,50,80,4241,424,1979,210,186,97,20,23,153,65,89,50,30,35,26,28,93,50,246,106,382,87,223,64,260,79,175,86,96,59,2262,299,269,134,0,14,124,65,50,38,10,16,47,35,167,83,259,89,207,74,244,71,254,79,358,134,273,150
1400000US06037573902,2248,220,229,106,112,66,0,14,0,14,7,11,7,11,0,14,0,14,31,30,7,10,20,24,10,16,25,35,0,14,5,8,117,66,0,14,0,14,0,14,0,14,0,14,28,29,0,14,35,36,0,14,34,29,0,14,16,25,4,8,2019,214,1009,144,12,12,24,32,50,44,68,34,6,9,13,16,41,26,80,36,114,34,131,44,174,48,168,66,128,88,1010,122,33,35,4,7,93,35,21,27,13,15,4,7,46,31,85,43,121,28,186,49,155,43,109,34,140,45
1400000US06037574000,5246,477,296,181,144,94,0,19,0,19,3,22,17,26,0,19,0,19,5,6,15,21,2,23,10,15,26,28,14,19,52,70,152,111,2,22,0,19,10,16,10,16,0,19,0,19,0,19,13,21,32,34,12,27,19,23,54,44,0,19,4950,500,2179,264,167,87,9,15,156,129,69,56,30,36,45,48,87,48,126,76,292,76,429,157,342,111,241,91,186,65,2771,337,160,93,0,19,294,112,64,51,84,62,79,56,115,69,197,96,320,90,466,156,330,87,301,92,361,142
1400000US06037574100,5082,658,73,42,7,11,0,19,0,19,0,19,0,19,0,19,0,19,0,19,0,19,0,19,0,19,0,19,1,5,6,10,66,41,0,19,0,19,0,19,0,19,0,19,0,19,0,19,25,27,10,15,9,15,3,7,19,19,0,19,5009,655,2580,344,91,56,95,84,74,43,192,128,58,44,55,38,170,77,203,114,375,130,489,133,348,94,294,159,136,47,2429,398,84,76,16,18,149,114,100,103,54,43,61,55,220,114,246,122,287,116,389,101,225,82,426,155,172,64
1400000US06037574201,3125,369,112,79,60,63,0,14,0,14,0,14,0,14,0,14,0,14,8,34,28,44,5,10,0,14,0,14,19,27,0,14,52,40,0,14,0,14,0,14,0,14,0,14,0,14,0,14,27,29,0,14,0,14,0,14,15,22,10,17,3013,375,1619,304,20,26,18,21,292,140,66,88,25,28,120,102,85,60,77,47,294,123,245,70,173,68,138,52,66,40,1394,177,72,53,15,24,73,49,60,47,10,19,30,36,72,57,55,35,244,54,325,101,204,63,84,36,150,59
1400000US06037574202,1828,306,121,69,39,35,9,14,0,14,0,14,0,14,0,14,0,14,8,11,0,14,12,14,0,14,3,9,7,11,0,14,82,45,9,14,0,14,0,14,0,14,0,14,0,14,0,14,9,12,7,12,0,14,6,9,2,6,49,34,1707,308,737,182,79,58,11,20,49,63,28,24,19,23,6,12,40,24,129,76,109,39,127,54,80,35,54,28,6,9,970,206,19,32,47,38,68,32,33,31,9,13,4,7,128,82,151,61,113,46,103,54,171,71,86,49,38,28
1400000US06037574300,6396,1116,605,430,431,360,0,19,0,19,0,19,0,19,0,19,0,19,235,342,146,119,0,19,0,19,41,49,0,19,9,17,174,147,0,19,0,19,0,19,0,19,0,19,0,19,0,19,53,102,0,19,56,78,39,47,0,19,26,42,5791,1109,2937,518,276,223,102,62,111,81,119,103,40,63,0,19,256,138,279,196,526,226,442,153,338,139,269,108,179,85,2854,725,106,96,0,19,244,176,366,277,0,19,157,215,35,43,351,189,413,230,402,163,336,144,203,127,241,98
1400000US06037574400,5484,746,248,123,135,75,15,23,0,19,0,19,0,19,0,19,6,10,11,18,29,33,3,17,13,21,27,27,0,19,31,37,113,60,15,23,0,19,6,10,0,19,0,19,0,19,0,19,26,30,12,19,0,19,9,14,10,16,35,28,5236,766,2592,342,103,63,69,48,90,64,163,155,26,35,77,56,268,118,147,83,391,110,375,117,502,130,269,98,112,58,2644,509,184,85,0,19,253,173,98,144,0,19,68,44,166,86,227,81,328,102,420,174,445,149,327,116,128,57
1400000US06037574500,6589,872,215,124,65,61,0,19,0,19,0,19,0,19,0,19,0,19,29,44,0,19,7,20,0,19,0,19,25,36,4,10,150,115,0,19,0,19,0,19,0,19,0,19,0,19,0,19,0,19,44,56,0,19,0,19,97,88,9,21,6374,888,3062,441,51,76,22,36,344,180,132,95,24,40,124,100,242,109,311,168,354,137,435,124,597,221,218,99,208,89,3312,546,216,85,0,19,151,130,39,44,122,89,61,56,175,174,359,180,393,153,482,157,442,150,548,152,324,130
1400000US06037574602,1240,229,8,10,3,6,0,14,0,14,0,14,0,14,0,14,0,14,3,6,0,14,0,14,0,14,0,14,0,14,0,14,5,8,0,14,0,14,0,14,0,14,0,14,0,14,0,14,5,8,0,14,0,14,0,14,0,14,0,14,1232,229,598,150,14,17,6,10,13,12,53,34,11,12,26,19,0,14,56,43,121,116,132,56,73,29,17,19,76,30,634,116,12,20,6,11,36,37,2,7,0,14,10,14,39,38,31,20,125,94,43,20,113,37,84,34,133,32
1400000US06037574800,3149,442,382,229,104,88,0,14,0,14,39,57,0,14,0,14,0,14,0,14,29,46,14,22,0,14,22,32,0,14,0,14,278,184,91,96,0,14,0,14,0,14,0,14,0,14,83,95,39,56,0,14,46,61,0,14,6,10,13,16,2767,509,1404,332,118,96,13,21,67,47,58,52,0,14,0,14,45,45,144,82,200,86,147,97,326,216,138,61,148,69,1363,235,61,65,14,24,13,21,42,46,0,14,0,14,90,65,282,107,283,109,105,57,167,59,150,52,156,79
1400000US06037574901,3940,554,553,301,379,248,0,14,0,14,16,31,0,14,0,14,10,16,198,182,54,70,6,10,0,14,53,44,15,16,27,25,174,87,0,14,0,14,0,14,0,14,0,14,0,14,84,68,24,27,16,19,12,19,12,17,19,22,7,10,3387,599,1658,262,87,51,0,14,82,58,45,45,0,14,20,21,143,88,297,91,181,116,201,72,331,86,197,59,74,37,1729,405,121,96,8,13,125,64,68,38,21,22,36,32,136,72,137,67,255,159,252,77,312,121,171,67,87,42
1400000US06037574902,4862,607,1268,464,579,369,27,43,24,41,17,26,0,19,0,19,21,34,353,301,111,100,16,18,0,19,10,17,0,19,0,19,689,252,0,19,0,19,29,48,8,12,0,19,0,19,493,221,48,56,29,28,51,58,25,27,6,9,0,19,3594,439,1725,301,123,99,9,14,92,90,60,52,0,19,32,36,233,144,467,169,261,125,174,77,129,75,121,69,24,26,1869,330,48,47,17,27,82,86,35,33,29,45,38,34,333,199,442,123,361,126,176,69,197,76,76,41,35,32
1400000US06037575001,4123,830,831,428,425,300,61,82,64,85,0,14,0,14,0,14,6,11,67,63,56,84,63,84,54,77,54,47,0,14,0,14,406,212,0,14,0,14,79,80,48,74,0,14,14,23,122,127,71,66,6,10,40,50,16,18,4,6,6,12,3292,715,1666,441,95,94,0,14,58,58,32,40,26,42,162,154,116,65,414,161,207,98,206,94,204,133,122,72,24,25,1626,380,119,103,0,14,22,37,132,132,0,14,5,8,115,83,538,286,293,163,173,88,104,60,77,60,48,37
1400000US06037575002,4290,459,683,281,340,146,25,34,5,10,0,14,22,30,11,18,0,14,44,36,72,52,32,30,0,14,63,59,66,76,0,14,343,200,0,14,0,14,10,15,23,31,0,14,0,14,145,174,64,67,14,24,41,35,20,23,19,22,7,10,3607,440,1887,300,194,105,19,29,81,73,68,71,0,14,30,31,87,56,355,164,261,92,324,148,243,94,210,87,15,17,1720,255,122,79,15,23,58,61,15,24,0,14,9,15,146,94,350,111,207,78,295,146,290,103,192,101,21,20
1400000US06037575101,4385,599,794,336,287,165,31,37,0,14,24,25,10,15,0,14,12,19,41,47,48,61,15,25,39,64,30,47,33,50,4,19,507,229,62,75,0,14,32,38,29,47,0,14,0,14,29,32,84,86,74,44,46,41,99,91,22,28,30,39,3591,624,1899,395,46,46,67,64,172,84,140,99,25,30,60,61,290,166,284,121,296,125,188,106,214,107,38,40,79,43,1692,340,143,97,37,43,85,68,57,69,21,30,0,14,138,89,376,157,249,110,287,108,129,65,116,69,54,32
1400000US06037575102,4145,512,1302,478,528,213,42,46,24,35,80,55,46,45,0,14,19,21,69,61,11,17,66,50,60,76,100,92,11,19,0,14,774,315,77,88,22,32,47,47,47,51,14,26,40,38,60,49,68,61,89,55,85,107,122,82,38,45,65,54,2843,580,1551,381,141,90,0,14,125,73,54,44,7,12,0,14,193,106,287,161,250,85,289,142,138,89,50,49,17,27,1292,267,17,26,39,39,37,37,131,72,12,21,0,14,169,98,272,95,140,73,196,93,136,72,117,69,26,28
1400000US06037575103,4576,600,578,205,326,151,0,14,13,22,60,65,0,14,0,14,0,14,46,56,12,19,107,73,0,14,71,71,17,26,0,14,252,127,0,14,0,14,14,22,0,14,0,14,0,14,49,47,76,47,49,68,19,22,0,14,7,13,38,42,3998,641,1861,330,173,108,24,39,99,69,23,27,12,17,87,64,71,54,561,212,336,152,207,105,76,55,177,150,15,18,2137,439,92,89,43,40,180,133,48,47,0,14,25,40,306,161,509,141,239,101,399,255,166,93,76,42,54,46
1400000US06037575201,4190,706,995,312,466,197,44,47,0,14,10,16,53,54,20,33,16,28,54,49,14,22,66,66,71,110,43,43,36,41,39,58,529,183,35,37,0,14,33,36,62,69,11,16,31,37,42,40,36,67,39,41,105,82,24,30,57,57,54,60,3195,716,1358,311,85,99,12,19,65,61,39,47,0,14,53,50,122,80,386,180,155,95,182,123,113,77,109,59,37,38,1837,514,66,69,22,33,138,130,53,44,87,101,24,39,270,137,291,141,236,150,224,109,206,101,172,107,48,43
1400000US06037575202,3604,394,723,323,252,129,19,31,0,14,22,27,11,17,0,14,0,14,42,43,17,29,14,23,58,54,26,28,17,29,26,40,471,231,19,31,0,14,74,64,31,38,0,14,11,16,4,7,28,29,59,54,54,54,22,30,84,67,85,97,2881,517,1557,316,54,46,25,39,112,67,84,49,8,12,75,56,161,80,149,93,322,126,220,108,157,108,182,93,8,15,1324,271,34,37,14,16,83,59,33,30,22,33,54,48,216,99,111,65,229,99,224,85,136,78,122,63,46,43
1400000US06037575300,4194,788,1406,555,421,229,86,78,0,14,157,140,0,14,0,14,0,14,0,14,55,74,61,91,0,14,42,47,20,29,0,14,985,389,150,94,86,98,96,103,0,14,114,129,18,29,4,7,30,44,317,147,41,41,0,14,83,55,46,37,2788,734,1362,311,45,49,49,49,81,72,51,64,0,14,22,42,105,96,335,93,241,158,16,32,322,126,57,55,38,33,1426,481,82,132,79,126,30,46,30,46,82,65,33,53,91,79,304,155,113,86,212,84,221,86,87,52,62,45
1400000US06037575401,3974,691,1101,383,654,213,69,74,8,16,87,55,44,37,0,14,0,14,65,67,19,41,70,62,108,85,139,69,45,43,0,14,447,218,39,61,0,14,22,36,57,50,0,14,13,21,47,57,107,72,63,45,32,50,41,33,0,14,26,42,2873,697,1528,427,14,21,0,14,166,132,89,60,31,45,42,48,195,86,370,205,114,78,265,119,149,151,59,50,34,34,1345,381,16,25,12,18,135,86,32,44,34,49,29,42,144,81,396,299,105,71,189,67,155,90,68,16,30,30
1400000US06037575402,3534,462,580,265,263,161,30,33,0,14,38,43,31,35,0,14,16,27,56,51,0,14,30,36,35,49,0,14,22,29,5,10,317,135,11,17,0,14,0,14,0,14,0,14,13,21,41,48,66,57,48,14,37,35,61,46,40,40,0,14,2954,446,1565,297,14,15,43,33,129,73,142,69,55,38,30,27,136,63,289,100,255,174,158,94,194,88,55,46,65,50,1389,204,43,38,0,14,191,41,28,33,7,13,7,11,180,58,338,104,85,58,338,144,63,45,79,48,30,23
1400000US06037575801,2225,554,366,166,224,111,10,17,0,14,38,34,17,25,0,14,0,14,16,24,58,49,11,13,3,8,68,55,0,14,3,8,142,79,16,23,7,10,5,8,0,14,0,14,0,14,2,6,4,7,19,24,20,22,45,49,21,22,3,5,1859,570,955,361,29,34,41,47,123,108,7,12,17,27,30,29,79,57,189,89,189,171,121,45,103,77,27,19,0,14,904,240,82,55,0,14,58,36,22,32,39,30,9,17,104,50,203,67,62,39,169,75,85,107,64,36,7,10
1400000US06037575802,4229,693,608,298,211,110,0,14,0,14,28,47,0,14,11,19,0,14,18,30,23,33,15,24,45,48,61,59,10,16,0,14,397,222,21,36,0,14,28,46,24,40,25,43,0,14,82,75,30,36,37,44,28,39,73,71,49,62,0,14,3621,750,1756,424,82,76,0,14,150,121,55,49,29,47,11,17,234,132,186,102,303,150,287,138,248,134,125,70,46,37,1865,424,27,32,39,48,171,95,0,14,27,40,238,117,290,171,263,130,247,110,203,104,176,130,167,91,17,28
1400000US06037575803,2384,410,1036,456,372,144,0,14,15,25,0,14,0,14,0,14,32,44,49,59,84,82,27,41,41,44,64,44,12,20,48,64,664,369,76,117,0,14,45,70,0,14,0,14,0,14,65,87,118,96,14,27,31,41,14,22,211,233,90,59,1348,211,537,168,0,14,0,14,7,34,15,30,19,32,1,26,60,47,128,83,70,56,74,57,13,24,102,64,48,39,811,173,68,70,0,14,80,84,16,30,5,10,0,14,144,85,32,40,179,103,25,32,80,58,127,68,55,39
1400000US06037575901,3328,556,1234,510,599,309,0,14,47,45,124,132,92,95,54,81,35,44,22,34,34,32,0,14,150,129,30,46,0,14,11,18,635,297,46,44,0,14,106,91,23,37,0,14,41,66,76,118,106,50,135,118,63,70,27,42,12,21,0,14,2094,351,1151,219,32,38,0,14,88,85,23,33,0,14,23,32,27,46,271,106,131,46,109,56,282,142,84,63,81,72,943,250,43,56,0,14,7,12,0,14,0,14,0,14,140,131,247,98,112,69,159,60,70,55,114,56,51,40
1400000US06037575902,5020,561,1065,420,427,214,68,99,0,19,0,19,0,19,0,19,0,19,20,30,224,158,37,43,16,31,42,52,0,19,20,31,638,278,69,98,0,19,0,19,0,19,60,96,0,19,187,153,149,111,0,19,0,19,38,54,66,80,69,79,3955,545,2264,373,13,39,0,19,21,36,4,19,0,19,0,19,138,109,980,299,409,193,362,164,162,117,140,79,35,36,1691,372,0,19,0,19,11,37,21,38,0,19,0,19,139,116,639,306,330,181,237,120,156,99,105,74,53,51
1400000US06037576001,6457,733,487,216,234,166,0,19,0,19,0,19,0,19,0,19,0,19,29,35,27,31,77,123,16,25,85,98,0,19,0,19,253,159,0,19,0,19,0,19,0,19,0,19,0,19,129,132,109,101,0,19,15,25,0,19,0,19,0,19,5970,703,3467,470,20,31,0,19,0,19,131,159,0,19,197,5,163,180,1016,320,737,363,508,231,217,117,408,120,70,80,2503,492,18,29,14,23,46,74,0,19,28,44,70,132,114,90,985,347,274,182,197,136,551,118,93,118,113,92
1400000US06037576200,5407,538,614,257,342,151,0,19,0,19,0,19,28,47,30,47,0,19,22,34,60,72,16,28,27,46,53,60,106,40,0,19,272,136,31,51,0,19,0,19,0,19,0,19,0,19,33,51,84,83,32,51,42,67,16,25,18,29,16,28,4793,497,2658,457,27,48,0,19,276,130,113,107,31,50,0,19,181,144,669,218,591,294,267,188,214,103,218,147,71,55,2135,286,0,19,0,19,210,130,0,19,0,19,45,59,133,119,974,235,170,107,222,99,214,121,68,55,99,73
1400000US06037576301,4861,700,1063,383,538,245,44,44,9,19,47,56,26,35,0,14,19,31,58,73,99,85,137,81,14,23,27,32,29,59,29,34,525,225,0,14,0,14,49,51,32,37,0,14,0,14,84,95,49,57,140,100,8,18,35,44,69,67,59,56,3798,712,2001,471,35,46,0,14,45,52,161,148,0,14,86,83,220,102,422,204,355,172,245,123,244,113,161,97,27,34,1797,343,17,26,60,71,69,111,0,14,0,14,16,32,165,120,443,144,322,125,188,94,317,184,172,92,28,35
1400000US06037576302,3075,503,630,335,333,224,52,54,0,14,30,41,46,76,15,19,22,36,22,23,11,16,43,50,7,11,68,57,17,27,0,14,297,170,0,14,0,14,0,14,18,33,6,14,34,36,47,45,25,33,14,18,13,22,50,46,16,24,74,83,2445,430,1349,313,46,47,0,14,55,49,65,55,0,14,19,30,67,57,251,107,328,204,158,81,190,100,67,41,103,18,1096,335,19,30,0,14,188,123,6,13,27,33,48,45,71,78,237,106,152,98,126,65,88,41,116,92,18,26
1400000US06037576401,4027,603,1075,492,413,230,82,75,0,14,46,53,73,56,0,14,20,33,0,14,72,76,7,17,105,85,8,12,0,14,0,14,662,328,57,61,0,14,144,91,26,40,36,51,21,34,95,102,51,61,95,72,41,56,13,18,83,103,0,14,2952,721,1750,536,98,70,32,49,110,76,22,37,53,56,32,39,164,90,327,146,296,171,107,66,351,345,149,81,9,16,1202,281,85,73,0,14,96,82,62,55,0,14,74,50,167,74,285,106,137,83,151,76,73,59,30,46,42,65
1400000US06037576402,4331,625,964,422,323,188,27,42,0,14,32,37,33,39,31,37,25,31,39,41,0,14,2,6,90,71,7,13,37,44,0,14,641,332,89,111,20,32,91,82,48,54,0,14,26,40,62,50,50,54,84,77,141,135,26,40,4,18,0,14,3367,554,1897,435,77,55,6,13,255,106,120,97,59,60,7,10,181,108,420,123,221,95,199,119,281,72,15,20,56,42,1470,222,96,74,6,9,54,45,37,45,18,29,75,56,113,63,267,102,264,91,157,70,212,103,136,78,35,29
1400000US06037576403,4827,771,943,365,525,269,42,54,0,14,114,110,27,33,15,23,0,14,32,34,98,113,57,93,78,75,49,55,13,22,0,14,418,177,0,14,0,14,7,12,34,32,0,14,0,14,35,54,109,65,127,91,57,56,13,22,18,27,18,50,3884,820,2161,520,155,106,48,62,214,159,118,88,35,34,64,51,163,116,615,217,158,98,358,160,177,95,32,27,24,30,1723,377,45,57,23,29,151,101,47,56,0,14,27,44,210,94,337,148,235,95,270,116,266,109,88,61,24,28
1400000US06037576501,2857,358,837,340,489,248,56,72,0,14,85,76,36,46,54,53,0,14,64,61,22,35,0,14,98,76,65,60,0,14,9,15,348,193,79,88,0,14,13,22,0,14,0,14,0,14,36,42,109,85,48,48,28,5,26,29,9,14,0,14,2020,320,784,185,36,48,0,14,0,14,0,14,0,14,37,59,24,30,279,115,115,93,127,63,91,66,44,39,31,36,1236,243,0,14,64,97,25,37,77,59,0,14,51,42,28,33,372,144,217,100,137,67,121,94,57,38,87,61
1400000US06037576502,5064,1010,859,354,394,172,87,104,0,19,66,67,0,19,0,19,0,19,0,19,88,62,94,74,8,19,21,34,30,39,0,19,465,249,42,55,0,19,70,92,0,19,37,49,0,19,109,101,86,98,70,50,31,29,0,19,0,19,20,49,4205,1071,2141,556,59,66,0,19,0,19,19,32,0,19,68,108,324,220,783,273,362,193,218,136,233,130,42,46,33,35,2064,636,96,103,0,19,74,70,19,33,152,189,0,19,344,180,527,178,247,117,146,129,193,86,253,312,13,20
1400000US06037576503,3495,385,635,246,361,184,25,42,23,40,9,16,23,37,0,14,0,14,87,105,49,62,11,17,53,53,26,52,24,30,31,52,274,144,0,14,21,33,20,33,0,14,0,14,0,14,18,29,30,31,62,52,27,34,34,35,62,77,0,14,2860,390,1575,218,82,86,0,14,48,64,64,72,47,63,51,67,202,143,401,147,345,114,151,77,86,46,90,45,8,13,1285,304,28,44,0,14,48,55,0,14,0,14,19,33,201,119,454,145,180,81,160,95,134,80,8,13,53,69
1400000US06037576601,4178,448,540,201,183,122,0,14,0,14,0,14,0,14,0,14,0,14,0,14,67,89,15,26,80,64,0,14,21,33,0,14,357,173,0,14,0,14,0,14,0,14,0,14,0,14,2,4,46,55,69,108,161,117,22,35,39,44,18,33,3638,414,1626,277,34,83,0,14,27,43,0,14,0,14,19,33,86,107,239,133,543,179,344,132,181,94,67,58,86,64,2012,379,39,51,0,14,70,52,20,36,0,14,42,49,22,35,504,230,410,181,319,202,316,155,192,121,78,58
1400000US06037576602,4408,648,509,273,309,174,0,14,0,14,0,14,0,14,0,14,0,14,0,14,151,125,59,60,3,5,81,109,15,20,0,14,200,130,0,14,0,14,0,14,0,14,0,14,0,14,23,34,41,68,37,53,62,86,37,52,0,14,0,14,3899,654,1786,535,24,39,0,14,20,33,0,14,0,14,0,14,78,92,505,307,227,105,297,212,432,247,164,113,39,43,2113,438,23,38,0,14,20,34,54,56,0,14,31,43,97,111,671,359,324,152,278,114,349,183,228,144,38,46
1400000US06037576700,4101,545,480,179,198,111,0,14,0,14,0,14,0,14,0,14,0,14,6,11,51,47,16,25,60,52,65,92,0,14,0,14,282,145,16,27,26,34,26,34,0,14,0,14,0,14,37,60,130,108,29,40,18,36,0,14,0,14,0,14,3621,550,2046,416,75,64,0,14,55,65,8,15,0,14,0,14,173,120,590,217,356,164,123,58,333,195,226,101,107,82,1575,297,46,59,0,14,55,56,71,58,0,14,53,72,66,43,428,145,158,78,96,45,235,112,217,144,150,100
1400000US06037576801,3437,650,832,275,208,96,0,14,0,14,22,38,0,14,0,14,0,14,5,6,97,36,31,39,32,31,15,25,6,4,0,14,624,266,0,14,23,38,0,14,0,14,0,14,0,14,210,243,98,79,73,74,44,66,69,16,16,26,91,80,2605,620,1410,411,62,99,0,14,93,124,17,29,0,14,17,35,23,35,412,184,399,204,131,65,169,79,77,53,10,30,1195,355,42,50,0,14,90,136,0,14,0,14,0,14,105,94,281,124,317,230,139,90,89,69,75,51,57,94
1400000US06037576802,4289,676,491,178,333,152,0,14,0,14,0,14,0,14,0,14,49,38,13,16,36,25,65,76,70,76,64,61,36,51,0,14,158,102,0,14,0,14,7,14,0,14,0,14,0,14,17,28,90,89,13,25,16,19,8,13,7,10,0,14,3798,660,1968,404,133,94,20,33,61,36,95,76,0,14,83,87,147,77,474,182,410,198,154,72,125,88,224,85,42,27,1830,350,29,47,47,78,20,33,86,47,0,14,45,37,102,69,548,161,320,114,186,92,256,115,131,85,60,34
1400000US06037576901,4935,692,653,325,269,122,0,14,0,14,0,14,0,14,0,14,0,14,25,44,45,71,80,64,17,20,74,56,28,31,0,14,384,229,0,14,12,21,44,72,0,14,0,14,42,68,14,25,24,29,105,79,23,27,83,60,10,15,27,38,4282,701,2305,502,84,65,48,56,266,155,71,79,26,38,20,35,217,118,669,292,278,111,265,178,268,100,78,48,15,21,1977,358,86,103,0,14,126,78,5,8,0,14,38,60,224,120,329,119,360,146,353,197,370,156,54,38,32,27
1400000US06037576903,4048,439,655,300,266,176,7,13,0,14,38,51,14,20,22,37,0,14,9,14,78,80,40,45,35,37,10,16,8,13,5,12,389,201,55,62,0,14,62,57,0,14,0,14,15,27,50,48,6,11,105,80,0,14,41,70,30,54,25,55,3393,436,1475,205,150,154,0,14,15,17,43,35,13,21,16,25,153,59,302,135,435,137,223,97,58,43,27,26,40,32,1918,345,117,89,0,14,195,103,53,71,7,16,16,28,196,68,391,168,357,119,277,82,175,143,89,74,45,55
1400000US06037576904,3303,519,819,318,273,173,7,12,0,14,109,109,0,14,0,14,0,14,14,17,51,71,21,26,50,50,10,17,0,14,11,17,546,238,6,11,10,19,0,14,12,20,0,14,0,14,26,29,152,148,195,211,13,21,59,176,0,14,73,77,2484,493,1150,252,60,72,11,18,35,33,47,47,16,21,0,14,209,122,179,94,236,71,182,75,130,116,36,36,9,16,1334,285,133,101,20,31,50,59,10,15,67,78,45,40,102,64,294,112,251,109,140,94,95,74,109,54,18,20
1400000US06037577000,7006,1088,1127,384,340,191,0,19,0,19,32,40,0,19,0,19,0,19,26,30,104,119,80,79,21,46,44,57,0,19,33,53,787,320,0,19,0,19,18,28,9,15,0,19,0,19,51,53,274,221,13,26,183,172,79,91,116,158,44,65,5879,1038,2913,763,72,87,0,19,152,104,30,37,61,78,60,59,254,208,827,375,509,268,320,192,488,226,108,63,32,36,2966,447,52,82,0,19,22,36,14,23,59,95,115,102,332,193,666,237,668,201,576,241,253,143,162,85,47,44
1400000US06037577100,7106,842,702,400,393,340,0,19,0,19,0,19,0,19,9,19,0,19,204,303,18,26,11,18,80,87,1,5,22,39,48,73,309,174,0,19,0,19,0,19,10,19,0,19,13,21,16,25,113,146,24,31,88,96,0,19,18,28,27,33,6404,901,3403,769,243,210,31,35,74,65,29,35,11,20,214,217,341,312,758,289,632,330,338,118,395,123,167,80,170,149,3001,389,38,57,0,19,115,84,44,44,0,19,128,120,235,128,800,229,369,147,357,142,606,285,192,87,117,84
1400000US06037577200,5368,669,394,259,140,76,0,19,0,19,0,19,0,19,0,19,0,19,0,19,47,45,18,27,1,2,5,11,0,19,69,86,254,229,0,19,0,19,0,19,0,19,0,19,0,19,0,19,0,19,0,19,178,216,0,19,14,23,62,71,4974,630,2419,379,29,42,0,19,28,48,0,19,49,52,0,19,69,62,518,179,539,193,606,313,321,115,134,70,126,60,2555,346,121,120,0,19,0,19,54,50,0,19,0,19,133,82,621,191,575,133,454,288,184,122,261,172,152,67
1400000US06037577300,5869,773,453,284,332,233,0,19,0,19,0,19,0,19,0,19,150,177,0,19,91,111,0,19,79,118,0,19,0,19,12,19,121,110,0,19,0,19,0,19,0,19,0,19,0,19,0,19,26,41,0,19,19,34,0,19,12,21,64,94,5416,682,3010,522,169,144,34,60,33,57,0,19,0,19,99,116,52,57,400,226,469,197,982,337,426,303,272,116,74,55,2406,461,0,19,0,19,23,41,0,19,0,19,0,19,140,107,505,210,471,269,580,199,301,252,318,147,68,50
1400000US06037577400,3068,431,200,154,67,55,0,14,0,14,0,14,0,14,0,14,0,14,0,14,14,25,0,14,8,12,28,34,7,11,10,16,133,139,0,14,0,14,0,14,0,14,0,14,0,14,88,137,19,23,0,14,0,14,8,13,8,13,10,16,2868,404,1431,244,68,62,0,14,31,34,26,26,46,50,29,29,61,57,258,89,205,97,161,83,228,69,201,87,117,81,1437,229,41,44,23,34,32,30,67,58,0,14,26,30,81,85,307,113,204,87,255,103,129,54,180,66,92,49
1400000US06037577501,3209,378,331,176,138,75,0,14,0,14,0,14,0,14,0,14,0,14,14,21,28,29,21,34,38,53,28,30,9,15,0,14,193,120,0,14,0,14,0,14,0,14,0,14,39,53,0,14,0,14,29,42,0,14,80,61,33,38,12,19,2878,389,1425,216,14,22,0,14,129,118,11,20,20,22,13,22,38,41,154,80,103,71,122,86,309,113,270,127,242,74,1453,226,102,79,0,14,10,16,0,14,0,14,23,29,13,20,116,71,160,82,226,107,293,150,273,79,237,73
1400000US06037577504,1223,224,129,94,52,43,0,14,0,14,0,14,0,14,0,14,0,14,0,14,0,14,0,14,26,31,7,11,19,29,0,14,77,74,0,14,0,14,0,14,0,14,0,14,0,14,45,67,0,14,0,14,0,14,0,14,27,31,5,10,1094,212,625,147,0,14,0,14,0,14,0,14,6,11,7,10,46,33,108,68,60,51,75,54,118,59,127,41,78,41,469,127,0,14,0,14,17,26,31,48,14,24,0,14,0,14,52,33,30,31,73,48,120,65,79,35,53,28
1400000US06037577602,3301,308,198,88,119,64,0,14,0,14,7,10,0,14,0,14,0,14,29,26,57,54,5,10,0,14,12,15,0,14,9,16,79,42,0,14,0,14,6,10,0,14,0,14,0,14,5,8,18,23,0,14,0,14,7,11,6,10,37,34,3103,298,1444,237,55,46,0,14,103,68,5,9,46,42,0,14,138,87,99,61,108,57,235,109,264,90,156,72,235,84,1659,204,0,14,29,34,130,127,20,31,17,26,0,14,71,45,220,88,238,92,107,53,283,71,322,101,222,64
1400000US06037577604,1638,419,87,52,43,36,0,14,0,14,0,14,0,14,0,14,0,14,4,7,0,14,6,10,0,14,20,30,3,5,10,11,44,31,14,22,0,14,0,14,0,14,0,14,0,14,0,14,0,14,0,14,0,14,6,9,5,7,19,17,1551,422,788,253,3,8,0,14,23,20,11,12,0,14,39,64,84,109,52,36,122,134,62,43,230,108,90,37,72,25,763,204,0,14,0,14,10,11,5,7,0,14,0,14,118,93,52,27,50,22,88,41,140,86,196,111,104,40
1400000US06037577605,4668,608,126,81,37,30,0,14,0,14,0,14,0,14,0,14,0,14,21,33,0,14,0,14,0,14,0,14,0,14,16,25,89,76,0,14,0,14,0,14,0,14,0,14,0,14,0,14,14,22,0,14,32,52,0,14,17,27,26,43,4542,615,2286,386,166,122,10,21,196,148,38,62,18,29,13,25,46,39,170,97,330,148,331,163,353,140,401,148,214,92,2256,346,159,136,88,87,141,97,86,83,0,14,66,67,162,108,86,75,229,115,256,116,403,146,406,145,174,76
1400000US06037577606,3751,927,326,174,159,142,0,14,0,14,0,14,0,14,0,14,0,14,36,46,13,22,86,136,0,14,24,22,0,14,0,14,167,81,0,14,0,14,0,14,33,42,0,14,0,14,7,10,35,55,10,17,57,49,0,14,20,18,5,8,3425,864,1455,350,6,11,0,14,151,147,108,127,11,18,74,74,15,26,275,99,243,227,149,84,217,93,88,48,118,59,1970,606,276,337,0,14,216,156,12,19,0,14,76,71,47,48,240,96,402,267,189,98,199,67,147,57,166,74
1400000US06037577700,4507,610,309,170,189,117,0,14,0,14,23,34,11,15,0,14,25,27,29,33,30,46,23,33,6,12,18,19,24,27,0,14,120,72,0,14,0,14,0,14,15,24,0,14,0,14,7,12,33,39,31,32,0,14,15,16,19,22,0,14,4198,557,2059,320,177,88,11,16,155,90,79,59,15,26,41,34,237,105,231,89,361,146,211,93,295,115,176,61,70,45,2139,332,159,112,41,39,161,83,38,33,0,14,22,32,104,63,551,282,249,84,204,74,255,64,168,71,187,110
1400000US06037577800,4722,605,242,145,62,62,0,14,0,14,0,14,0,14,0,14,10,16,0,14,0,14,0,14,0,14,8,16,0,14,44,55,180,121,0,14,0,14,0,14,0,14,0,14,0,14,0,14,71,77,77,83,0,14,18,23,0,14,14,24,4480,625,2439,429,136,67,0,14,399,235,161,97,10,18,57,46,204,174,370,194,235,93,431,129,189,69,157,110,90,43,2041,349,32,31,116,108,154,93,25,28,22,32,66,51,171,78,278,150,364,120,148,81,271,160,154,77,240,150
1400000US06037577900,6645,1049,1116,562,367,195,0,19,0,19,18,28,0,19,16,27,0,19,17,28,28,77,0,19,57,70,77,84,89,75,65,76,749,573,0,19,0,19,0,19,0,19,0,19,0,19,248,354,9,13,99,116,96,113,19,19,115,81,163,114,5529,1031,2761,651,69,53,82,92,445,320,136,118,120,132,73,111,204,128,315,185,464,206,323,163,143,70,257,168,130,65,2768,563,290,293,29,32,84,70,10,16,34,38,138,145,194,126,226,106,660,267,272,139,395,167,247,114,189,93
1400000US06037578000,5403,1020,1883,598,874,340,12,19,14,23,160,135,61,69,33,50,32,52,140,121,52,77,42,49,99,93,135,88,50,62,44,50,1009,379,59,71,15,24,91,67,58,76,14,23,11,19,82,77,80,84,155,98,89,81,129,85,111,84,115,219,3520,1038,1922,547,48,52,35,51,108,96,0,19,44,52,106,73,243,234,340,117,115,77,231,124,295,102,251,147,106,54,1598,631,56,58,0,19,60,63,14,22,31,36,35,46,144,113,410,209,121,63,327,215,264,141,87,55,49,27
1400000US06037578100,17,3,11,16,11,16,0,14,0,14,0,14,0,14,0,14,0,14,0,14,0,14,5,6,0,14,6,12,0,14,0,14,0,14,0,14,0,14,0,14,0,14,0,14,0,14,0,14,0,14,0,14,0,14,0,14,0,14,0,14,6,15,6,15,0,14,0,14,0,14,0,14,0,14,0,14,0,14,4,8,2,8,0,14,0,14,0,14,0,14,0,14,0,14,0,14,0,14,0,14,0,14,0,14,0,14,0,14,0,14,0,14,0,14,0,14,0,14
1400000US06037599000,3062,201,380,368,142,145,42,65,0,14,0,14,0,14,0,14,0,14,0,14,0,14,1,2,10,19,0,14,1,3,88,108,238,231,0,14,0,14,74,120,0,14,0,14,0,14,0,14,69,68,0,14,0,14,0,14,95,114,0,14,2682,403,1391,339,42,67,36,57,74,111,0,14,35,53,35,53,109,115,167,150,306,168,90,105,234,176,125,132,138,149,1291,326,132,144,0,14,57,91,0,14,0,14,35,55,129,206,103,82,177,123,82,99,229,156,285,176,62,99
1400000US06037599100,308,204,17,33,4,13,0,14,0,14,0,14,0,14,0,14,0,14,0,14,4,13,0,14,0,14,0,14,0,14,0,14,13,29,0,14,0,14,0,14,0,14,0,14,0,14,0,14,0,14,13,29,0,14,0,14,0,14,0,14,291,206,130,115,15,25,0,14,0,14,0,14,0,14,13,22,33,36,16,24,40,62,13,22,0,14,0,14,0,14,161,116,0,14,41,63,14,24,0,14,0,14,0,14,0,14,94,74,12,21,0,14,0,14,0,14,0,14
1400000US06037600100,7422,1064,1332,553,521,304,65,82,0,19,24,37,46,57,101,96,44,55,36,44,54,77,24,37,62,70,44,72,21,35,0,19,811,359,0,19,0,19,46,75,51,83,0,19,24,54,60,85,203,122,146,113,110,102,103,76,1,3,67,58,6090,1124,2813,492,209,143,80,87,154,115,120,95,13,22,76,68,409,210,424,157,450,200,273,184,325,151,254,127,26,40,3277,730,238,148,16,26,320,202,206,141,218,172,141,116,270,147,376,206,618,240,362,179,203,127,213,114,96,75
1400000US06037600201,4734,852,1090,430,393,196,47,59,32,52,32,52,0,14,33,54,29,44,42,65,0,14,62,70,70,80,3,6,43,50,0,14,697,279,13,19,70,53,0,14,83,86,0,14,45,69,63,71,79,80,124,89,73,76,59,60,88,79,0,14,3644,875,2016,495,216,130,40,33,70,63,253,178,0,14,119,96,285,132,312,165,136,99,238,115,173,101,97,72,77,50,1628,485,139,135,34,46,141,101,45,59,19,32,111,119,145,97,276,138,196,84,344,157,81,60,24,30,73,49
1400000US06037600202,6573,1313,2034,755,636,313,133,110,0,19,192,150,30,49,0,19,0,19,0,19,67,81,53,58,58,97,49,74,43,48,11,19,1398,619,32,53,48,79,10,15,186,292,10,14,42,70,78,87,116,100,210,120,406,292,147,94,30,35,83,87,4539,1193,2209,658,289,268,0,19,148,128,63,79,53,85,0,19,318,172,288,195,350,208,150,123,220,128,154,144,176,109,2330,616,257,197,0,19,87,101,39,49,46,68,118,104,215,163,262,158,435,227,176,117,288,161,205,164,202,112
1400000US06037600302,2664,527,281,137,79,61,0,14,0,14,0,14,0,14,0,14,0,14,18,31,0,14,29,44,2,4,29,34,1,10,0,14,202,108,0,14,0,14,28,45,0,14,0,14,0,14,21,36,13,20,19,26,93,71,1,10,16,20,11,18,2383,534,1206,347,93,107,29,46,70,77,94,108,0,14,65,69,116,89,174,111,135,85,80,72,199,70,37,41,114,60,1177,249,53,73,0,14,36,37,85,70,0,14,13,23,64,62,232,97,183,83,99,56,152,77,138,68,122,57
1400000US06037600303,4591,871,1601,894,776,479,0,14,0,14,180,155,33,56,52,45,40,64,125,139,145,120,127,104,18,28,27,44,22,30,7,11,825,445,17,28,50,51,121,154,0,14,31,54,48,51,105,93,72,66,170,134,136,94,2,7,36,50,37,55,2990,884,1514,478,169,126,0,14,203,171,158,120,0,14,58,62,118,81,321,161,109,76,99,71,210,100,61,59,8,13,1476,459,170,122,58,72,12,21,90,85,13,23,23,37,207,105,225,132,231,129,128,75,196,81,102,66,21,35
1400000US06037600304,3536,734,830,421,329,166,65,50,0,14,30,53,26,40,0,14,0,14,83,93,61,55,0,14,16,21,20,21,28,28,0,14,501,282,66,115,22,26,98,65,0,14,0,14,0,14,0,14,106,85,128,99,3,7,73,64,5,10,0,14,2706,547,1444,303,40,36,0,14,221,128,74,68,4,7,101,133,42,35,211,92,271,169,218,123,129,86,69,56,64,53,1262,298,162,89,18,18,74,80,68,82,36,57,11,17,140,85,223,96,138,82,181,110,57,37,118,72,36,35
1400000US06037600400,4275,563,1389,483,637,302,43,38,0,14,166,130,82,88,74,105,0,14,18,33,19,34,4,10,63,63,71,60,97,119,0,14,752,278,50,55,16,26,61,62,0,14,0,14,0,14,108,139,88,80,83,65,48,75,151,117,60,57,87,66,2886,426,1160,188,46,43,16,26,54,49,10,17,14,29,37,48,145,137,258,76,105,58,138,88,123,81,128,79,86,82,1726,328,63,59,33,46,96,73,31,34,0,14,8,15,120,114,223,81,223,122,261,106,402,175,152,61,114,71
1400000US06037600501,2443,369,216,127,110,78,0,14,0,14,5,11,0,14,0,14,0,14,18,28,50,66,6,11,0,14,22,30,0,14,9,14,106,59,0,14,0,14,0,14,0,14,0,14,0,14,10,20,17,23,52,59,16,19,7,10,4,8,0,14,2227,401,1024,274,98,151,0,14,59,37,27,25,0,14,0,14,66,37,66,32,173,81,82,55,132,54,137,81,184,73,1203,289,173,117,19,26,18,28,79,57,0,14,0,14,20,25,245,139,126,68,68,35,162,57,94,59,199,53
1400000US06037600601,2282,269,335,130,177,82,0,14,0,14,6,10,0,14,0,14,0,14,37,54,52,52,7,13,22,27,24,30,3,6,26,31,158,75,8,14,0,14,0,14,7,14,0,14,0,14,0,14,19,19,33,48,32,40,25,28,0,14,34,40,1947,287,809,195,0,14,0,14,49,56,20,30,0,14,0,14,32,32,31,31,200,90,123,71,181,67,125,66,48,33,1138,200,0,14,0,14,72,62,101,61,0,14,13,21,71,50,197,103,119,65,154,60,196,71,102,45,113,51
1400000US06037600602,2597,601,410,198,142,118,0,14,0,14,0,14,13,22,0,14,23,33,13,23,0,14,0,14,76,98,17,18,0,14,0,14,268,115,0,14,13,20,0,14,27,26,0,14,18,27,56,42,41,42,44,44,46,36,22,32,0,14,1,11,2187,508,1114,288,117,82,0,14,101,66,27,35,21,26,0,14,146,72,256,113,137,96,125,88,137,52,15,28,32,32,1073,344,20,33,31,44,84,67,18,29,31,31,3,16,113,70,227,81,149,52,139,95,95,60,5,11,158,228
1400000US06037600702,4704,728,526,286,221,123,0,14,0,14,0,14,0,14,0,14,52,54,20,30,73,65,21,30,18,27,15,24,9,13,13,20,305,182,35,56,18,27,18,27,0,14,0,14,0,14,25,41,92,99,68,72,0,14,18,28,15,22,16,25,4178,740,1873,360,123,89,36,51,62,53,116,98,22,34,77,69,236,154,159,85,218,78,360,155,242,83,193,82,29,28,2305,506,56,58,0,14,110,78,28,40,0,14,109,83,184,148,320,98,336,162,514,228,238,90,293,92,117,51
1400000US06037600703,1773,237,208,175,101,116,0,14,0,14,0,14,0,14,0,14,14,23,30,49,35,56,0,14,16,25,0,14,0,14,6,9,107,70,0,14,0,14,0,14,15,24,0,14,0,14,0,14,0,14,0,14,16,20,23,38,0,14,53,38,1565,280,538,125,17,26,0,14,31,36,29,36,0,14,15,23,19,21,25,38,140,86,49,40,42,35,51,36,120,68,1027,228,20,22,21,32,18,26,0,14,0,14,0,14,25,23,87,53,192,100,127,68,207,85,166,69,164,66
1400000US06037600704,2636,364,229,228,56,63,0,14,0,14,12,20,5,18,0,14,0,14,0,14,0,14,16,24,0,14,10,20,8,11,5,9,173,193,0,14,0,14,75,107,4,18,0,14,23,42,0,14,51,63,0,14,4,15,3,9,9,15,4,8,2407,347,1207,301,0,14,0,14,93,74,61,32,10,15,11,16,57,53,153,89,134,76,178,128,271,140,139,83,100,52,1200,194,70,76,0,14,12,19,31,37,0,14,41,24,140,87,84,56,181,92,150,76,229,86,121,52,141,65
1400000US06037600801,3018,590,155,110,89,58,0,14,0,14,12,18,0,14,0,14,0,14,0,14,17,28,0,14,9,14,8,12,8,12,35,35,66,62,0,14,0,14,0,14,0,14,0,14,0,14,0,14,0,14,0,14,59,61,7,10,0,14,0,14,2863,587,1373,368,20,32,0,14,111,105,26,41,68,81,0,14,93,81,165,107,150,116,229,131,236,178,152,84,123,86,1490,289,43,68,23,35,94,94,43,51,98,75,0,14,62,55,63,54,308,126,250,117,198,105,167,92,141,85
1400000US06037600802,2564,474,275,182,146,149,0,14,0,14,0,14,0,14,0,14,0,14,0,14,0,14,0,14,1,3,134,141,0,14,11,17,129,110,0,14,0,14,0,14,0,14,0,14,0,14,0,14,1,5,16,24,0,14,29,45,24,28,59,77,2289,387,910,197,7,12,13,35,0,14,66,69,15,24,0,14,44,57,317,137,123,104,97,75,54,56,109,47,65,44,1379,267,110,84,9,21,80,60,10,18,0,14,40,54,88,77,205,89,53,42,156,72,251,96,245,225,132,64
1400000US06037600902,6443,1274,288,168,130,109,0,19,0,19,0,19,0,19,0,19,0,19,0,19,0,19,0,19,53,85,0,19,20,32,57,65,158,101,0,19,0,19,0,19,0,19,0,19,0,19,20,39,60,80,0,19,0,19,0,19,38,42,40,47,6155,1312,2291,611,233,130,0,19,177,133,81,96,45,69,0,19,489,363,512,284,223,168,280,182,125,92,96,74,30,36,3864,976,120,128,77,87,264,238,0,19,0,19,0,19,468,259,511,277,577,342,688,285,539,299,432,264,188,144
1400000US06037600911,3585,999,505,271,382,238,48,38,0,14,29,32,57,64,0,14,38,34,0,14,0,14,103,87,45,75,52,59,0,14,10,16,123,68,12,19,0,14,0,14,0,14,0,14,0,14,0,14,72,47,0,14,0,14,9,15,21,24,9,14,3080,978,1605,697,54,45,15,24,160,138,8,15,24,37,24,37,48,37,328,216,417,341,150,84,230,96,108,55,39,33,1475,356,39,39,46,41,78,67,51,63,13,23,15,16,86,77,261,96,315,159,167,74,209,139,127,62,68,41
1400000US06037600912,4522,535,565,249,263,139,30,36,5,13,24,43,31,38,0,14,0,14,10,16,0,14,31,37,76,81,0,14,16,20,40,43,302,135,61,74,0,14,5,13,23,34,0,14,6,17,31,36,16,22,76,46,20,30,26,26,11,19,27,27,3957,545,1888,287,115,94,24,26,103,75,79,75,43,42,63,73,167,108,230,107,306,140,284,132,228,77,168,66,78,44,2069,420,49,41,23,26,153,85,138,101,36,33,47,70,145,85,369,180,406,110,134,82,303,137,163,58,103,54
1400000US06037601001,2490,671,374,147,141,86,0,14,0,14,0,14,0,14,0,14,0,14,0,14,17,26,55,62,0,14,42,44,1,7,26,29,233,91,0,14,0,14,0,14,42,56,0,14,0,14,2,8,4,13,0,14,0,14,31,46,62,50,92,55,2116,653,1299,500,243,313,0,14,0,14,44,66,0,14,0,14,90,86,217,169,187,121,185,131,146,87,101,78,86,60,817,219,62,53,0,14,0,14,36,47,0,14,0,14,4,10,224,154,93,74,74,49,59,44,157,89,108,72
1400000US06037601002,5187,707,1077,466,593,350,0,19,22,35,0,19,0,19,0,19,35,55,33,50,107,103,60,99,119,153,156,239,36,47,25,44,484,227,28,43,0,19,33,55,0,19,0,19,0,19,72,111,47,69,158,122,56,65,73,71,15,24,2,6,4110,709,1903,410,111,86,45,52,188,110,112,104,66,51,0,19,172,98,304,197,269,140,365,155,175,126,82,82,14,24,2207,422,193,143,17,28,154,125,45,77,0,19,13,28,151,95,431,231,383,130,238,125,238,118,191,102,153,89
1400000US06037601100,6080,980,1019,556,521,338,29,42,0,19,73,79,0,19,67,92,22,38,24,37,1,3,2,4,206,146,33,53,45,55,19,30,498,273,45,55,0,19,83,76,0,19,21,36,22,35,23,37,24,38,113,90,22,36,37,57,108,77,0,19,5061,965,2504,501,42,67,27,45,149,137,29,50,46,70,79,129,127,88,568,290,552,321,372,248,267,140,147,129,99,98,2557,665,152,107,30,66,214,141,53,68,0,19,169,144,145,109,696,430,200,146,274,151,390,195,71,69,163,123
1400000US06037601202,3807,668,209,202,102,105,0,14,0,14,28,44,0,14,0,14,0,14,33,55,0,14,30,44,1,3,0,14,0,14,10,15,107,99,0,14,0,14,29,45,0,14,0,14,0,14,0,14,0,14,26,40,40,49,0,14,0,14,12,21,3598,687,1746,330,60,71,15,22,84,57,29,35,0,14,15,21,78,66,421,166,115,85,348,133,196,79,164,72,221,138,1852,475,120,114,0,14,20,23,104,71,1,11,86,63,334,283,267,131,157,114,204,85,167,80,253,115,139,75
1400000US06037601211,2832,588,334,292,91,61,0,14,0,14,0,14,0,14,0,14,0,14,0,14,9,14,4,7,4,8,14,12,56,55,4,8,243,277,38,60,0,14,0,14,0,14,0,14,0,14,105,133,0,14,0,14,54,83,11,14,14,14,21,24,2498,527,1190,249,99,102,0,14,130,104,106,43,3,8,13,21,138,84,152,89,154,89,175,88,93,72,28,26,99,107,1308,330,15,25,4,9,45,49,20,31,80,87,18,23,118,72,229,147,235,97,179,99,196,89,60,42,109,119
1400000US06037601212,5295,866,844,585,425,352,122,125,0,19,47,73,0,19,0,19,59,96,0,19,0,19,87,106,110,107,0,19,0,19,0,19,419,267,67,109,0,19,0,19,0,19,0,19,59,97,17,28,59,96,6,30,140,141,43,67,13,21,15,25,4451,732,1769,453,73,82,23,42,119,100,115,92,0,19,43,46,82,65,428,196,136,102,225,171,405,138,103,68,17,27,2682,450,86,73,38,45,67,64,113,103,25,37,29,50,465,283,320,117,499,221,330,169,278,120,367,143,65,54
1400000US06037601301,2222,267,218,145,127,93,0,14,0,14,7,11,7,11,24,39,0,14,6,9,41,51,15,14,6,10,4,10,17,23,0,14,91,80,0,14,26,37,0,14,0,14,0,14,0,14,0,14,12,13,0,14,24,39,23,33,6,9,0,14,2004,277,1002,191,117,72,0,14,53,40,53,58,15,17,7,10,53,47,188,108,153,64,97,58,145,90,91,51,30,20,1002,151,38,35,0,14,44,39,61,80,6,9,19,20,65,50,152,70,170,65,114,48,86,43,169,58,78,49
1400000US06037601302,6377,895,680,390,302,209,0,19,0,19,19,52,0,19,0,19,0,19,0,19,74,87,123,108,0,19,14,25,72,88,0,19,378,289,19,51,20,52,0,19,0,19,0,19,0,19,88,83,78,99,46,62,20,32,17,42,16,41,74,71,5697,1005,2753,709,226,224,31,48,91,93,93,123,0,19,28,38,34,49,583,221,746,466,383,246,363,174,118,112,57,54,2944,574,174,159,0,19,156,123,163,190,0,19,31,51,428,246,725,258,296,164,365,202,436,171,144,108,26,30
1400000US06037601303,5379,637,1424,611,674,357,0,19,0,19,47,73,48,73,0,19,112,117,70,71,244,179,86,77,65,90,2,4,0,19,0,19,750,302,42,58,35,57,44,65,20,38,0,19,46,71,25,41,50,58,64,60,189,150,76,89,112,111,47,76,3955,724,1718,360,132,94,0,19,83,72,72,47,16,24,58,62,132,97,391,207,164,133,216,129,334,167,56,59,64,63,2237,544,68,79,23,38,116,83,72,85,0,19,30,42,288,319,496,161,222,102,392,191,289,121,179,132,62,72
1400000US06037601401,6057,835,1325,585,991,538,56,51,101,63,61,34,23,36,0,19,26,32,76,107,73,136,120,150,178,170,127,114,82,82,68,76,334,148,66,71,0,19,0,19,36,30,0,19,0,19,0,19,64,50,88,47,12,33,50,49,0,19,18,20,4732,959,2553,649,81,87,0,19,101,93,194,124,15,23,83,79,145,115,379,165,222,100,472,157,429,284,231,123,201,302,2179,554,277,320,25,39,113,98,24,39,0,19,0,19,263,176,332,147,224,112,313,127,300,129,210,75,98,55
1400000US06037601402,4551,746,1097,558,652,345,95,98,49,64,107,78,28,32,0,14,32,47,37,54,36,43,97,69,61,69,69,69,41,60,0,14,445,226,0,14,0,14,51,66,26,34,0,14,0,14,89,84,33,38,95,76,32,48,44,48,58,53,17,24,3454,765,1690,389,14,22,21,26,117,76,43,38,0,14,39,51,110,59,315,137,120,70,190,79,495,251,148,68,78,46,1764,422,77,63,0,14,62,45,46,54,18,27,0,14,76,58,329,127,247,176,309,161,354,153,161,54,85,59
1400000US06037601501,3539,611,1128,589,584,358,66,61,13,21,165,111,109,103,45,72,0,14,0,14,37,42,39,61,53,51,50,79,7,12,0,14,544,311,191,150,0,14,93,80,0,14,0,14,0,14,62,56,127,88,0,14,67,73,0,14,4,7,0,14,2411,479,1285,309,64,68,28,45,126,99,0,14,13,19,12,19,175,86,178,88,255,114,130,75,133,80,171,98,0,14,1126,239,61,42,6,21,75,65,41,49,15,22,9,15,116,72,231,109,175,92,127,90,145,79,88,52,37,44
1400000US06037601502,3218,800,363,166,192,93,0,14,13,14,30,27,6,10,0,14,0,14,37,34,21,20,33,30,17,17,22,26,6,9,7,11,171,94,19,31,0,14,7,11,12,14,12,20,20,22,21,27,8,11,32,25,18,19,0,14,6,10,16,25,2855,811,1616,512,34,32,0,14,72,45,6,9,0,14,18,26,77,48,310,109,307,206,161,65,361,266,210,201,60,34,1239,496,105,133,0,14,71,45,39,24,30,31,14,23,108,113,162,65,110,55,223,65,78,38,242,244,57,32
1400000US06037601600,3939,476,340,228,96,81,0,14,0,14,0,14,0,14,0,14,0,14,12,20,42,67,0,14,0,14,27,49,15,26,0,14,244,162,0,14,0,14,47,74,0,14,0,14,0,14,0,14,14,31,75,86,31,48,24,43,33,42,20,32,3599,452,1855,319,40,47,29,41,133,98,10,19,8,12,33,37,203,103,354,136,204,60,214,100,447,274,165,104,15,20,1744,257,0,14,16,27,234,97,12,19,20,33,69,59,158,93,327,147,177,59,274,134,226,123,191,114,40,32
1400000US06037601700,5006,759,1034,467,524,228,24,36,0,19,80,93,91,100,0,19,0,19,32,32,62,87,68,65,67,57,29,47,48,64,23,34,510,264,56,91,0,19,17,25,63,49,25,30,29,45,37,52,27,43,114,102,68,65,64,62,0,19,10,16,3972,885,2298,673,88,56,0,19,314,172,107,76,52,50,134,143,254,147,374,154,407,355,142,79,337,137,48,72,41,44,1674,340,39,34,0,19,87,62,33,30,82,84,20,31,190,94,324,99,276,114,242,123,255,122,95,66,31,48
1400000US06037601801,2992,349,651,299,318,207,26,30,0,14,128,143,7,13,16,21,22,33,22,23,19,28,44,33,16,27,10,10,1,3,7,13,333,141,9,14,0,14,17,23,29,31,8,10,8,11,3,5,111,77,28,27,87,94,5,7,22,20,6,13,2341,308,1258,186,89,71,14,22,92,54,23,24,19,20,0,14,177,55,155,66,161,71,221,111,169,61,111,44,27,24,1083,188,47,43,15,23,48,34,65,53,0,14,26,25,81,42,144,59,158,59,172,60,191,56,96,52,40,29
1400000US06037601802,3164,492,373,251,125,92,0,14,0,14,0,14,12,18,0,14,0,14,0,14,24,32,32,52,15,23,15,25,0,14,27,39,248,175,25,71,0,14,8,22,12,18,0,14,44,54,25,26,42,43,28,46,13,21,0,14,25,28,26,37,2791,534,1403,296,130,112,0,14,190,100,89,59,0,14,0,14,202,106,218,87,141,83,211,98,67,51,74,59,81,69,1388,362,27,44,0,14,64,57,54,52,11,20,135,81,109,69,229,130,137,69,278,92,109,59,147,70,88,59
1400000US06037601900,4449,614,706,337,315,163,0,14,0,14,80,69,8,15,0,14,0,14,15,21,102,82,7,15,51,44,52,60,0,14,0,14,391,206,51,51,0,14,23,35,31,41,10,19,0,14,46,48,116,108,18,25,70,58,17,25,0,14,9,17,3743,668,1775,403,67,89,28,46,55,52,25,40,0,14,23,32,232,136,489,183,292,186,241,109,164,85,62,49,97,93,1968,366,50,56,70,81,210,122,119,89,27,37,34,40,230,110,305,120,197,77,221,85,216,119,138,92,151,96
1400000US06037602002,3044,547,411,216,201,150,0,14,0,14,31,44,28,26,0,14,23,39,22,38,0,14,33,36,45,47,0,14,19,29,0,14,210,89,9,15,11,16,28,26,0,14,8,13,0,14,0,14,9,12,30,30,89,60,9,11,11,15,6,8,2633,529,1379,339,100,87,22,24,78,52,81,69,25,33,20,22,108,76,267,116,196,71,203,66,174,82,89,46,16,19,1254,254,46,48,10,15,127,82,45,33,11,19,28,29,116,72,271,122,181,71,180,59,133,58,89,42,17,17
1400000US06037602003,3966,594,568,335,320,210,29,47,0,14,59,55,42,51,7,11,16,27,23,27,35,46,23,29,0,14,34,51,52,59,0,14,248,142,0,14,26,43,68,62,7,11,0,14,0,14,17,20,72,55,23,26,8,13,27,33,0,14,0,14,3398,570,1819,346,22,27,52,62,106,113,96,62,0,14,71,63,245,91,444,146,133,78,315,109,123,76,189,139,23,35,1579,316,50,43,25,38,67,80,29,33,0,14,47,51,173,106,303,152,155,89,275,105,217,107,67,49,171,138
1400000US06037602103,5348,664,1490,584,649,325,43,48,0,19,159,165,50,66,24,42,0,19,97,89,36,55,24,36,94,60,79,90,43,56,0,19,841,313,26,44,0,19,141,102,44,60,19,29,78,74,47,63,106,78,151,94,24,49,126,99,38,41,41,52,3858,785,1775,457,31,57,0,19,154,116,40,54,0,19,77,75,216,160,346,169,300,171,228,136,219,132,46,47,118,90,2083,520,123,146,0,19,93,101,43,59,42,47,143,103,228,159,378,226,401,197,257,108,131,113,176,107,68,57
1400000US06037602104,5401,796,830,575,462,345,167,250,0,19,55,86,8,13,0,19,0,19,16,27,80,98,9,17,70,97,57,58,0,19,0,19,368,255,0,19,0,19,18,24,63,86,24,40,0,19,6,10,19,21,143,141,59,92,12,21,13,23,11,18,4571,653,2262,388,20,33,50,53,225,131,118,78,7,13,44,39,150,73,607,255,251,138,325,125,271,97,108,61,86,36,2309,382,77,77,0,19,259,115,143,91,34,43,43,39,239,93,289,146,245,105,346,108,312,118,141,76,181,75
1400000US06037602105,4219,589,687,315,270,167,28,44,0,14,87,69,37,59,0,14,23,37,0,14,13,19,51,55,31,49,0,14,0,14,0,14,417,204,0,14,0,14,73,73,26,41,0,14,0,14,28,2,77,79,78,78,88,70,47,48,0,14,0,14,3532,679,1617,352,97,86,0,14,107,99,68,77,0,14,51,66,233,130,330,167,173,98,314,113,147,75,58,56,39,13,1915,440,0,14,13,21,120,106,159,119,45,52,71,81,189,118,315,133,249,104,326,144,189,115,154,90,85,64
1400000US06037602106,5961,1151,622,519,276,192,0,19,0,19,50,82,0,19,0,19,0,19,7,11,30,47,51,78,4,9,46,62,0,19,88,98,346,359,86,120,0,19,0,19,0,19,0,19,42,70,64,88,19,39,59,69,63,101,0,19,5,9,8,13,5339,1061,2829,755,425,297,30,49,52,49,0,19,38,47,62,60,181,165,608,291,267,104,487,249,381,242,134,93,164,90,2510,485,112,105,28,44,121,110,0,19,44,51,56,84,304,231,488,273,378,102,428,174,240,110,128,68,183,140
1400000US06037602201,4443,697,256,178,61,46,7,11,7,13,14,21,0,14,0,14,0,14,8,13,0,14,0,14,15,14,0,14,10,18,0,14,195,158,0,14,0,14,0,14,0,14,0,14,15,25,24,27,2,6,32,31,9,15,37,43,49,51,27,42,4187,724,2165,419,160,109,134,64,83,64,38,34,13,22,28,29,176,96,532,251,382,166,153,100,292,128,94,72,80,69,2022,417,201,125,15,22,107,76,14,23,0,14,0,14,265,139,454,187,357,144,165,123,248,102,41,34,155,103
1400000US06037602202,2711,798,142,109,42,50,0,14,0,14,0,14,0,14,0,14,0,14,0,14,0,14,13,20,29,34,0,14,0,14,0,14,100,92,0,14,0,14,0,14,0,14,0,14,0,14,0,14,85,90,0,14,0,14,0,14,15,29,0,14,2569,830,1300,446,69,95,44,77,86,98,16,30,0,14,0,14,125,87,211,128,293,204,178,108,82,72,61,48,135,138,1269,487,82,92,13,22,26,31,75,73,13,20,0,14,13,22,278,237,223,123,198,107,151,185,114,65,83,62
1400000US06037602301,6936,970,817,375,439,201,42,46,26,41,108,96,0,19,0,19,12,18,0,19,62,70,62,71,19,28,52,45,17,17,39,60,378,195,0,19,0,19,0,19,0,19,43,66,8,12,6,12,25,40,143,108,63,66,34,26,47,59,9,14,6119,884,3000,512,298,158,0,19,202,172,31,31,20,22,10,17,208,88,357,141,641,238,562,144,272,120,224,70,175,74,3119,534,226,150,129,116,271,119,77,71,79,59,44,42,156,87,485,188,431,154,285,69,297,90,333,117,306,134
1400000US06037602302,4651,467,349,181,161,110,8,12,0,14,22,35,0,14,0,14,0,14,15,25,27,35,60,80,0,14,20,33,0,14,9,14,188,87,0,14,0,14,0,14,0,14,0,14,0,14,0,14,7,13,59,78,21,33,22,27,0,14,79,49,4302,499,2126,356,263,107,19,32,248,130,20,22,41,44,8,13,17,28,403,166,397,101,240,108,163,75,221,114,86,63,2176,211,242,112,75,65,140,81,76,63,10,19,64,46,49,61,252,100,485,83,311,103,243,122,127,81,102,54
1400000US06037602402,6884,1212,396,247,204,129,0,19,0,19,0,19,0,19,26,37,0,19,13,31,73,90,3,7,0,19,0,19,32,52,57,61,192,163,0,19,0,19,0,19,0,19,0,19,0,19,13,28,37,60,58,77,14,27,12,19,39,62,19,27,6488,1209,3062,720,197,174,0,19,278,183,26,40,15,29,77,74,443,224,676,226,377,195,380,191,379,127,83,71,131,85,3426,586,99,85,78,81,280,159,168,158,75,99,104,123,431,270,450,192,506,204,564,198,306,143,105,80,260,113
1400000US06037602403,3969,427,588,351,268,199,0,14,0,14,74,64,46,59,0,14,0,14,1,8,21,24,48,60,10,16,39,41,19,31,10,17,320,179,29,45,0,14,27,42,0,14,45,57,0,14,40,38,53,61,43,54,15,26,51,37,17,26,0,14,3381,480,1849,307,73,63,0,14,88,70,41,37,11,18,57,60,192,102,465,179,332,130,162,88,279,110,104,69,45,40,1532,254,60,49,0,14,97,89,62,60,12,18,39,51,72,48,341,129,82,49,293,125,253,90,116,53,105,54
1400000US06037602404,5570,1006,1454,982,807,617,37,54,0,19,179,159,81,107,29,48,68,107,50,46,30,44,170,240,56,56,75,66,32,47,0,19,647,387,0,19,0,19,7,12,31,41,14,22,37,49,109,130,30,45,180,215,68,56,114,78,57,56,0,19,4116,559,2137,315,132,85,15,22,97,80,144,87,37,57,14,25,168,101,391,148,286,117,279,107,279,109,209,101,86,51,1979,350,98,74,37,47,154,105,0,19,13,20,49,47,223,123,311,123,235,96,287,103,307,110,138,64,127,56
1400000US06037602504,4651,522,657,298,299,164,19,29,0,14,33,54,9,15,28,43,42,55,46,64,29,33,0,14,32,48,40,65,21,34,0,14,358,182,9,15,17,27,21,34,0,14,45,52,12,19,61,55,54,54,64,52,57,65,9,18,0,14,9,14,3994,556,2119,335,78,70,29,39,149,94,45,47,0,14,52,50,207,94,485,197,365,127,210,141,311,175,179,115,9,16,1875,327,61,53,38,58,263,141,40,37,26,31,67,65,106,61,521,185,226,93,213,99,200,95,86,73,28,43
1400000US06037602505,4384,579,1215,548,611,304,68,59,21,26,166,131,33,56,0,14,47,79,25,37,107,74,73,71,10,17,33,50,28,38,0,14,604,267,102,89,0,14,21,33,54,79,0,14,0,14,118,91,114,73,67,85,51,58,63,65,14,19,0,14,3169,573,1685,346,187,128,0,14,124,75,23,20,27,34,55,49,310,114,341,132,207,93,249,114,86,69,76,55,0,14,1484,309,128,88,26,41,123,82,74,72,0,14,31,34,152,83,370,124,280,92,174,83,111,47,15,18,0,14
1400000US06037602506,4296,484,1094,571,478,259,105,98,0,14,80,69,32,37,0,14,18,29,10,16,44,57,93,74,35,40,32,50,29,45,0,14,616,340,48,63,0,14,143,114,64,67,65,70,16,28,47,59,40,52,151,92,15,26,8,13,0,14,19,30,3202,496,1659,325,66,78,14,24,99,87,25,34,0,14,88,70,205,109,412,193,217,112,238,106,151,92,69,44,75,79,1543,265,127,110,0,14,90,82,33,33,0,14,62,53,105,75,356,155,239,139,215,106,186,108,107,79,23,30
1400000US06037602507,4463,572,519,210,256,126,0,14,0,14,13,20,25,32,0,14,0,14,27,31,80,64,43,42,0,14,14,24,54,64,0,14,263,125,0,14,0,14,0,14,12,19,14,23,11,19,11,19,56,78,14,25,68,52,43,49,9,14,25,40,3944,603,1852,364,101,112,0,14,263,186,160,104,10,16,51,47,95,60,464,150,267,130,272,121,87,57,27,29,55,48,2092,440,138,112,6,13,186,101,6,13,0,14,0,14,248,149,471,171,348,100,290,174,214,92,143,74,42,33
1400000US06037602510,4001,932,969,836,515,599,0,14,113,178,201,240,0,14,0,14,0,14,29,41,129,188,18,30,2,5,16,28,0,14,7,15,454,266,0,14,0,14,0,14,18,30,0,14,34,38,0,14,265,244,31,27,39,41,44,51,23,38,0,14,3032,559,1516,324,86,95,0,14,180,125,87,65,26,42,83,81,123,64,314,198,221,116,246,102,104,70,32,30,14,25,1516,328,83,86,71,83,294,120,163,143,55,74,0,14,66,63,163,104,237,82,278,117,31,23,31,48,44,44
1400000US06037602511,4395,1379,524,269,279,144,0,14,0,14,0,14,25,36,28,47,28,44,0,14,82,64,91,95,25,36,0,14,0,14,0,14,245,165,0,14,0,14,60,67,0,14,0,14,0,14,51,53,22,34,26,44,49,50,37,58,0,14,0,14,3871,1389,1373,350,166,145,13,22,164,114,137,121,13,24,28,40,28,47,296,164,313,182,78,67,25,28,57,57,55,67,2498,1229,80,76,91,99,386,358,67,57,129,190,232,211,96,69,688,403,210,110,74,77,99,73,319,225,27,33
1400000US06037602512,1928,371,252,146,105,77,0,14,0,14,0,14,20,24,0,14,0,14,11,18,14,17,15,20,20,22,8,14,0,14,17,17,147,81,0,14,0,14,0,14,25,23,0,14,9,16,8,13,8,14,56,36,20,23,11,14,0,14,10,12,1676,391,799,259,6,10,11,17,122,97,58,84,10,11,27,23,30,28,126,66,142,50,63,33,120,54,35,27,49,31,877,197,0,14,0,14,41,41,35,35,8,12,13,16,142,65,167,86,88,74,138,53,133,49,78,32,34,25
1400000US06037602513,1350,256,353,217,102,66,39,35,0,14,0,14,0,14,0,14,0,14,4,8,3,8,6,11,39,40,11,17,0,14,0,14,251,192,64,98,0,14,70,53,0,14,0,14,0,14,66,49,3,7,44,31,0,14,2,8,0,14,2,8,997,314,454,169,23,32,0,14,17,26,39,44,0,14,31,50,59,57,112,58,23,21,78,65,50,47,9,16,13,12,543,172,0,14,25,31,0,14,45,57,0,14,0,14,8,15,146,67,67,47,157,87,51,41,8,13,36,33
1400000US06037602601,4987,816,436,253,177,112,22,36,0,14,0,14,44,60,0,14,0,14,10,22,12,19,0,14,74,78,15,22,0,14,0,14,259,166,89,86,0,14,11,23,0,14,0,14,0,14,0,14,36,42,111,92,12,20,0,14,0,14,0,14,4551,846,1948,393,68,89,36,56,201,141,79,68,13,22,36,47,174,96,280,255,222,108,193,91,339,151,192,83,115,51,2603,506,74,77,11,20,299,147,67,76,54,59,11,18,281,149,405,185,298,112,302,122,287,142,290,93,224,107
1400000US06037602602,2831,737,583,309,213,132,64,78,0,14,52,69,0,14,0,14,25,33,0,14,0,14,28,41,0,14,30,50,14,28,0,14,370,203,0,14,0,14,52,54,0,14,0,14,0,14,17,28,75,90,52,54,9,14,86,101,51,50,28,37,2248,797,789,219,14,23,0,14,100,135,25,38,14,24,14,24,145,97,37,43,98,81,132,93,116,64,39,40,55,43,1459,644,97,82,0,14,85,80,46,67,0,14,22,35,87,67,114,86,280,339,190,86,169,105,48,47,321,263
1400000US06037602700,3744,573,294,112,142,91,0,14,0,14,0,14,0,14,0,14,0,14,0,14,31,36,57,55,34,52,13,31,7,14,0,14,152,78,0,14,0,14,15,26,0,14,0,14,0,14,0,14,45,40,0,14,0,14,51,58,23,28,18,28,3450,563,1432,264,54,44,0,14,40,34,17,23,10,15,97,91,166,98,153,110,231,85,181,91,242,96,128,90,113,58,2018,480,19,30,0,14,118,71,76,70,20,22,54,64,247,198,259,108,175,76,180,76,313,124,276,137,281,173
1400000US06037602801,4018,760,1027,449,354,201,104,114,0,14,114,99,0,14,0,14,0,14,47,58,24,39,40,48,25,32,0,14,0,14,0,14,673,280,79,66,0,14,74,90,64,59,0,14,9,15,55,69,86,66,68,50,39,44,65,87,134,151,0,14,2991,744,1269,413,192,128,30,44,61,63,25,39,10,16,63,57,146,82,152,102,129,87,115,100,245,115,68,49,33,34,1722,392,151,98,34,54,140,111,59,80,30,50,49,57,229,100,268,85,162,66,194,87,168,93,133,94,105,71
1400000US06037602802,4228,669,294,218,150,137,35,46,0,14,30,41,31,41,0,14,0,14,4,8,0,14,0,14,19,27,31,29,0,14,0,14,144,93,9,13,0,14,0,14,10,17,0,14,29,39,0,14,7,11,41,41,8,18,12,18,21,23,7,16,3934,698,1895,323,188,109,7,11,183,129,89,62,26,37,76,76,99,69,243,162,255,90,100,65,457,129,99,48,73,44,2039,451,75,78,0,14,55,47,55,52,2,17,39,32,198,133,413,180,221,134,222,101,309,164,268,90,182,67
1400000US06037602900,4644,679,550,329,294,184,13,23,0,14,42,57,20,33,0,14,41,55,37,41,12,21,45,48,62,62,9,23,1,3,12,20,256,172,36,42,0,14,30,41,12,22,52,55,0,14,9,14,29,35,39,52,29,33,7,14,2,12,11,21,4094,726,2103,392,60,69,32,53,83,70,96,80,53,59,67,64,33,32,462,233,330,148,351,141,226,92,227,111,83,68,1991,377,44,60,0,14,127,116,41,58,0,14,24,28,231,130,452,231,254,138,225,104,327,111,179,83,87,68
1400000US06037603004,1555,193,105,58,54,30,0,14,0,14,0,14,0,14,0,14,0,14,11,16,0,14,21,23,7,13,15,13,0,14,0,14,51,43,0,14,0,14,0,14,0,14,0,14,0,14,14,23,0,14,6,10,8,10,23,24,0,14,0,14,1450,214,754,129,128,62,0,14,35,29,8,11,0,14,21,19,125,69,126,50,106,38,53,38,96,52,52,39,4,7,696,130,64,52,0,14,59,39,8,12,0,14,6,10,54,45,175,71,136,51,96,48,59,33,25,24,14,16
1400000US06037603005,6068,1167,665,324,181,109,0,19,0,19,18,31,10,15,0,19,0,19,31,38,18,29,2,5,18,25,84,76,0,19,0,19,484,258,26,39,4,7,62,64,59,64,0,19,51,55,41,43,63,64,61,74,59,63,0,19,44,48,14,21,5403,1181,2185,438,127,92,19,31,116,94,174,119,14,21,0,19,247,125,377,164,416,190,253,131,231,141,116,76,95,48,3218,819,249,158,48,51,241,171,210,135,36,54,21,27,249,162,793,366,381,134,432,113,348,179,136,60,74,44
1400000US06037603006,1822,226,177,91,124,88,0,14,0,14,0,14,0,14,0,14,28,43,0,14,0,14,25,37,14,22,45,52,7,10,5,9,53,39,0,14,0,14,0,14,0,14,0,14,0,14,14,22,18,25,0,14,0,14,5,8,0,14,16,23,1645,225,822,144,66,52,0,14,53,47,13,14,0,14,5,7,76,61,137,79,109,39,108,51,90,49,140,78,25,33,823,137,38,36,0,14,15,21,10,11,11,11,0,14,61,44,97,54,78,43,133,59,202,103,99,59,79,29
1400000US06037603007,3463,577,765,488,369,285,66,78,0,14,180,141,25,40,0,14,8,14,8,13,45,70,0,14,0,14,17,19,20,23,0,14,396,260,99,120,0,14,38,60,0,14,14,25,33,53,0,14,122,93,0,14,32,31,33,42,12,15,13,21,2698,620,1349,372,69,74,30,47,13,21,140,110,95,98,0,14,95,77,166,112,166,126,252,123,115,86,138,84,70,61,1349,319,9,14,0,14,208,123,39,40,45,60,54,46,137,87,162,97,225,107,255,94,65,48,84,54,66,48
1400000US06037603008,3674,816,337,135,210,88,0,14,0,14,26,56,0,14,0,14,0,14,67,62,0,14,0,14,20,28,67,64,0,14,30,34,127,83,0,14,0,14,0,14,0,14,0,14,0,14,0,14,12,25,20,35,51,55,13,20,22,24,9,21,3337,792,1599,469,190,148,0,14,197,191,14,28,29,46,32,29,33,36,227,130,102,73,186,88,417,291,122,79,50,36,1738,458,24,42,38,45,311,178,128,85,50,61,87,93,217,160,231,195,174,80,69,52,136,52,193,148,80,58
1400000US06037603101,4792,669,750,392,380,298,0,14,20,34,98,128,0,14,0,14,0,14,112,88,21,34,7,12,5,11,36,34,81,114,0,14,370,141,0,14,0,14,20,35,0,14,0,14,0,14,47,59,68,65,75,71,73,86,28,27,0,14,59,51,4042,582,2036,315,124,111,25,36,149,104,174,95,41,51,10,16,126,71,377,153,268,104,365,138,216,79,77,47,84,67,2006,353,84,64,26,41,164,145,48,40,28,25,95,78,190,109,414,171,197,100,351,110,155,82,154,82,100,50
1400000US06037603102,3281,560,281,114,144,92,0,14,0,14,0,14,0,14,0,14,0,14,0,14,44,44,0,14,4,14,44,46,0,14,52,43,137,84,0,14,0,14,26,38,0,14,0,14,0,14,25,38,0,14,10,15,22,33,0,14,13,22,41,46,3000,556,1518,289,43,38,0,14,56,55,16,26,9,15,0,14,169,91,327,131,292,108,96,64,187,126,167,63,156,54,1482,311,69,60,17,30,60,58,86,80,0,14,16,28,87,88,319,115,89,54,233,104,255,130,158,66,93,50
1400000US06037603200,3351,436,263,218,81,81,0,14,0,14,6,11,0,14,0,14,0,14,0,14,0,14,0,14,0,14,5,10,46,68,24,37,182,148,0,14,0,14,0,14,0,14,0,14,0,14,0,14,24,30,0,14,28,33,97,143,14,16,19,16,3088,415,1421,234,62,50,0,14,67,49,11,19,0,14,11,18,83,43,324,139,168,78,136,63,197,84,269,161,93,54,1667,312,105,73,0,14,160,83,50,51,0,14,26,33,45,64,171,98,288,115,134,57,277,112,272,87,139,74
1400000US06037603301,3248,517,377,131,167,74,0,14,0,14,0,14,0,14,12,18,0,14,7,11,7,11,4,9,2,6,106,63,18,21,11,17,210,95,0,14,0,14,0,14,0,14,0,14,37,34,8,13,0,14,12,19,22,23,49,35,17,19,65,53,2871,562,1182,374,74,63,0,14,37,53,75,75,0,14,12,22,6,9,288,128,184,117,180,81,132,61,96,58,98,58,1689,288,52,42,0,14,122,106,25,39,67,66,18,23,111,69,221,99,114,72,294,97,153,59,220,111,292,115
1400000US06037603302,4282,547,352,153,129,66,0,14,0,14,0,14,10,16,0,14,8,15,9,15,24,24,0,14,10,17,40,33,22,21,6,10,223,111,10,18,0,14,10,17,17,24,0,14,14,20,16,19,11,16,9,16,18,22,41,34,36,34,41,29,3930,545,2031,336,145,128,0,14,48,60,0,14,5,12,31,32,152,62,394,149,292,101,181,84,339,144,158,50,286,114,1899,290,73,61,0,14,109,75,37,34,2,8,37,54,91,46,297,116,264,86,224,94,348,145,244,97,173,93
1400000US06037603400,3966,495,474,233,212,135,0,14,0,14,36,49,14,22,0,14,7,11,0,14,53,59,50,55,7,12,0,14,45,36,0,14,262,131,23,29,0,14,39,49,0,14,0,14,0,14,15,20,48,52,6,11,62,58,15,20,9,13,45,63,3492,491,1576,236,65,59,9,15,96,65,94,72,11,17,5,8,120,70,205,86,273,91,245,111,218,77,122,59,113,74,1916,351,212,173,46,41,78,45,21,24,11,19,35,36,77,52,301,107,260,90,326,95,215,82,108,53,226,177
1400000US06037603500,2749,417,435,190,264,155,0,14,0,14,121,106,0,14,0,14,0,14,44,45,37,47,9,13,28,24,0,14,17,21,8,9,171,62,0,14,0,14,6,9,0,14,0,14,0,14,24,20,19,24,26,23,72,39,14,15,6,12,4,7,2314,406,1167,205,5,9,0,14,130,148,25,25,22,22,28,31,28,25,202,70,119,50,231,103,197,67,103,43,77,37,1147,281,49,45,33,30,57,48,23,23,24,23,38,59,139,95,93,56,224,63,182,97,113,44,115,43,57,31
1400000US06037603600,3894,509,381,184,250,150,0,14,0,14,0,14,0,14,71,105,0,14,10,15,56,70,28,46,0,14,31,29,43,52,11,18,131,75,0,14,0,14,0,14,0,14,0,14,0,14,0,14,25,29,0,14,0,14,50,55,36,33,20,17,3513,514,1890,319,99,74,0,14,78,64,84,74,42,62,9,14,137,100,183,86,358,106,196,75,401,231,182,105,121,59,1623,327,78,74,30,33,121,78,0,14,0,14,67,65,62,45,101,62,152,59,402,139,240,114,256,194,114,55
1400000US06037603702,4950,529,549,420,303,222,0,19,0,19,0,19,60,69,0,19,0,19,62,63,29,33,0,19,83,72,27,32,34,40,8,14,246,203,0,19,0,19,0,19,0,19,0,19,0,19,57,66,58,67,0,19,72,63,33,31,26,27,0,19,4401,649,2091,305,113,84,0,19,96,64,98,63,8,19,13,20,111,87,185,87,272,89,308,108,349,92,416,104,122,54,2310,420,80,76,72,66,184,125,9,14,18,29,20,31,117,83,294,124,233,96,322,122,359,102,360,142,242,152
1400000US06037603703,2621,428,70,74,28,26,0,14,0,14,0,14,0,14,0,14,0,14,6,9,0,14,0,14,0,14,1,2,21,25,0,14,42,51,0,14,0,14,0,14,0,14,0,14,0,14,16,24,8,12,0,14,17,26,1,2,0,14,0,14,2551,426,1352,339,8,12,34,47,26,23,194,145,20,27,71,66,86,57,171,75,166,99,137,63,224,90,139,61,76,36,1199,180,56,47,0,14,6,11,81,72,44,35,15,15,59,55,148,53,138,81,125,56,261,84,147,55,119,50
1400000US06037603705,2860,640,414,326,144,129,0,14,0,14,0,14,0,14,0,14,0,14,57,63,4,7,0,14,54,58,29,31,0,14,0,14,270,207,0,14,0,14,0,14,0,14,0,14,19,28,18,28,37,52,7,11,66,66,77,91,19,27,27,38,2446,622,1165,294,140,100,38,36,99,91,59,68,24,26,60,46,75,51,241,141,246,112,120,61,20,20,34,29,9,14,1281,390,176,165,0,14,58,71,55,44,55,54,21,30,121,89,309,141,176,94,160,68,34,27,88,44,28,32
1400000US06037603706,3423,442,473,349,282,212,57,74,0,14,60,94,30,47,0,14,0,14,14,21,83,103,2,3,5,7,1,6,30,46,0,14,191,154,33,52,0,14,0,14,0,14,0,14,0,14,28,33,52,57,0,14,22,36,55,51,0,14,1,10,2950,434,1479,241,126,98,0,14,121,68,114,96,34,51,88,75,206,110,273,116,250,107,112,69,62,49,57,57,36,35,1471,313,106,89,0,14,120,82,21,28,0,14,14,23,244,144,333,166,112,72,204,134,232,113,60,43,25,28
1400000US06037603801,4692,624,1121,441,674,243,85,91,15,25,28,42,30,46,28,44,17,30,65,47,0,14,159,120,151,111,39,39,57,77,0,14,447,243,37,43,0,14,80,99,0,14,36,39,36,40,24,24,38,52,35,39,43,50,118,83,0,14,0,14,3571,650,1794,378,118,108,10,20,108,96,31,39,25,33,27,27,254,124,273,125,257,92,239,144,218,88,186,103,48,50,1777,339,19,23,44,51,87,77,44,40,34,41,25,29,155,88,369,151,215,89,408,159,234,87,89,67,54,51
1400000US06037603802,3510,583,355,175,192,107,31,37,0,14,23,35,11,17,0,14,0,14,7,12,22,24,42,65,20,22,18,38,1,7,17,28,163,94,0,14,0,14,0,14,10,17,0,14,0,14,24,34,48,30,0,14,42,33,1,7,21,24,17,26,3155,585,1782,352,147,89,43,48,160,79,65,50,12,18,50,45,164,140,222,100,233,125,337,135,254,91,46,42,49,38,1373,287,64,52,0,14,58,44,98,60,0,14,12,21,62,51,135,64,209,77,248,145,237,104,167,124,83,57
1400000US06037603901,4063,469,188,146,97,90,0,14,24,37,0,14,0,14,0,14,9,14,0,14,12,18,24,37,28,26,0,14,0,14,0,14,91,76,26,40,0,14,0,14,0,14,0,14,0,14,9,14,0,14,38,60,8,13,0,14,0,14,10,16,3875,521,1955,291,79,68,77,101,74,64,46,48,0,14,35,44,284,139,301,133,169,88,363,141,244,125,158,72,125,75,1920,334,137,142,0,14,138,112,96,85,76,82,19,23,115,87,240,116,297,137,184,88,315,166,147,77,156,84
1400000US06037603902,3444,903,410,228,265,207,0,14,0,14,0,14,0,14,0,14,0,14,10,14,81,100,67,94,0,14,0,14,49,72,58,69,145,84,0,14,0,14,0,14,0,14,0,14,0,14,27,39,15,24,0,14,48,46,40,45,0,14,15,25,3034,897,1541,553,68,72,0,14,24,38,28,47,63,51,68,66,121,100,411,330,76,50,143,84,363,253,159,61,17,32,1493,590,122,165,16,26,28,49,195,257,47,47,67,68,149,95,304,192,60,43,151,77,196,74,158,63,0,14
1400000US06037604001,4680,1092,517,273,295,168,64,71,0,14,41,60,17,27,0,14,0,14,7,13,0,14,29,41,68,61,57,41,12,21,0,14,222,129,0,14,17,28,0,14,8,14,0,14,0,14,37,50,61,61,20,26,7,13,29,27,11,17,32,41,4163,1064,2061,626,26,30,41,56,103,98,143,86,128,144,50,45,355,128,209,92,351,193,330,195,222,85,78,57,25,27,2102,500,147,146,43,52,136,98,68,53,13,21,155,140,192,102,307,104,375,151,300,116,159,71,163,57,44,41
1400000US06037604002,3774,442,488,242,205,94,0,14,0,14,42,49,0,14,12,18,13,22,55,49,31,39,13,19,0,14,0,14,3,7,36,46,283,180,28,46,0,14,12,19,47,52,0,14,32,44,25,41,0,14,50,50,34,40,34,40,4,10,17,19,3286,469,1708,274,75,64,12,18,115,69,16,25,4,6,37,50,190,92,257,104,337,114,247,117,197,87,179,84,42,37,1578,281,10,21,63,66,64,46,77,87,25,38,47,48,164,88,222,105,201,88,269,117,243,91,133,69,60,40
1400000US06037604101,3922,923,464,345,194,181,0,14,0,14,0,14,0,14,0,14,42,66,0,14,1,4,0,14,54,86,44,65,34,49,19,38,270,198,0,14,0,14,0,14,45,69,0,14,0,14,35,53,63,91,38,59,50,59,39,77,0,14,0,14,3458,735,1707,388,84,121,0,14,84,66,60,50,23,38,42,54,214,123,304,121,451,166,252,159,146,75,47,53,0,14,1751,407,109,131,76,110,93,66,111,96,16,26,129,80,111,91,353,169,260,84,203,96,127,76,111,76,52,38
1400000US06037604102,2517,554,449,344,220,153,23,38,0,14,22,29,22,34,0,14,0,14,13,14,24,31,6,11,51,46,59,53,0,14,0,14,229,197,22,37,0,14,43,59,0,14,0,14,0,14,39,41,63,66,29,30,0,14,9,12,22,29,2,4,2068,524,980,271,12,22,0,14,53,44,28,36,22,23,15,19,37,40,183,125,161,82,243,128,57,45,83,57,86,39,1088,329,31,43,11,19,200,124,118,74,0,14,20,27,44,35,117,106,159,92,136,57,86,53,77,51,89,36
1400000US06037604200,5593,763,789,315,357,213,0,19,0,19,36,36,55,51,0,19,24,32,56,62,29,41,28,28,45,42,43,47,33,40,8,13,432,170,0,19,0,19,44,61,54,40,21,34,6,10,0,19,0,19,49,44,79,62,100,87,44,42,35,37,4804,879,2466,498,86,90,12,20,235,131,63,51,17,27,23,32,323,158,377,128,432,222,295,113,371,125,165,81,67,53,2338,502,202,181,19,21,85,56,72,65,29,26,29,37,175,104,391,142,228,120,396,120,313,121,233,227,166,69
1400000US06037609900,1569,314,322,195,176,142,12,18,0,14,0,14,12,18,0,14,20,23,8,13,0,14,11,16,84,114,18,16,11,20,0,14,146,84,13,20,11,17,0,14,20,23,0,14,0,14,18,19,22,22,10,15,0,14,41,40,11,16,0,14,1247,202,495,89,18,17,0,14,0,14,7,11,31,30,0,14,44,45,44,35,68,36,62,40,129,48,73,33,19,18,752,177,61,35,4,7,0,14,8,12,0,14,12,15,50,34,97,77,111,46,115,85,140,63,76,29,78,48
1400000US06037620001,4237,437,100,95,53,60,0,14,0,14,0,14,23,33,0,14,0,14,16,24,4,7,0,14,0,14,10,16,0,14,0,14,47,39,0,14,0,14,0,14,0,14,0,14,10,17,0,14,0,14,9,15,7,12,19,27,0,14,2,5,4137,429,2178,299,56,54,37,31,204,81,139,90,31,38,79,64,129,91,318,142,400,128,358,210,197,80,158,45,72,40,1959,240,155,84,0,14,145,73,152,122,7,11,64,56,64,58,281,124,337,80,263,88,273,94,98,44,120,56
1400000US06037620002,3425,457,332,188,108,76,0,14,0,14,0,14,0,14,0,14,34,56,0,14,28,35,21,25,25,37,0,14,0,14,0,14,224,146,23,37,0,14,28,35,0,14,0,14,27,32,37,40,24,27,38,37,0,14,0,14,7,11,40,43,3093,440,1489,236,54,49,0,14,77,55,156,89,17,26,24,28,56,50,269,107,207,86,234,78,199,102,121,55,75,47,1604,282,22,34,20,29,35,38,28,27,7,11,30,26,137,98,310,166,258,89,297,103,210,94,130,50,120,67
1400000US06037620101,5050,528,243,161,206,160,0,19,0,19,0,19,0,19,13,22,14,25,0,19,0,19,0,19,17,28,113,149,49,55,0,19,37,38,0,19,0,19,0,19,0,19,0,19,0,19,0,19,0,19,0,19,0,19,23,29,0,19,14,22,4807,562,2225,326,47,56,25,43,178,100,59,61,0,19,51,74,209,110,162,92,285,161,379,182,330,128,240,110,260,212,2582,475,44,51,166,120,261,159,45,51,21,33,105,76,135,107,358,183,361,163,273,125,386,121,344,250,83,71
1400000US06037620102,4014,505,206,123,137,117,0,14,0,14,45,68,0,14,0,14,0,14,23,33,1,5,4,5,24,33,40,49,0,14,0,14,69,46,0,14,0,14,0,14,0,14,0,14,0,14,22,35,18,22,0,14,0,14,11,13,8,13,10,15,3808,515,2018,329,99,56,0,14,67,47,44,40,46,61,20,32,131,77,583,223,344,169,205,90,265,96,66,33,148,89,1790,289,50,40,0,14,150,83,23,29,76,61,65,45,48,39,376,159,402,184,200,78,153,67,126,61,121,73
1400000US06037620201,1559,359,88,47,62,40,0,14,0,14,0,14,0,14,0,14,5,8,24,34,3,7,11,17,7,11,8,12,4,8,0,14,26,29,0,14,0,14,7,12,0,14,0,14,0,14,0,14,0,14,0,14,12,16,0,14,0,14,7,10,1471,357,890,223,19,20,12,18,91,97,7,16,11,17,4,9,62,69,170,75,84,56,251,115,94,40,48,29,37,39,581,171,10,15,0,14,25,28,52,69,0,14,4,10,11,12,150,64,77,37,105,83,74,41,41,26,32,29
1400000US06037620301,4270,483,177,121,42,36,0,14,0,14,0,14,0,14,0,14,0,14,0,14,0,14,8,15,0,14,34,32,0,14,0,14,135,93,0,14,0,14,0,14,31,52,0,14,14,21,34,39,0,14,0,14,23,21,22,24,11,17,0,14,4093,483,1984,304,155,90,14,22,181,60,179,114,14,22,52,45,81,54,58,43,193,75,414,123,247,95,238,111,158,87,2109,244,73,47,24,30,337,82,41,40,58,39,69,64,154,60,33,34,326,122,344,100,251,74,273,81,126,72
1400000US06037620303,4730,543,362,229,179,131,10,17,0,14,12,18,0,14,0,14,15,25,17,29,1,3,11,16,22,28,68,81,23,26,0,14,183,112,10,16,0,14,12,21,0,14,0,14,0,14,6,11,26,33,22,22,14,23,63,98,23,25,7,13,4368,503,2281,389,121,78,144,155,176,98,114,61,31,32,95,45,93,64,103,65,273,84,320,100,531,222,80,46,200,63,2087,256,199,145,11,16,174,101,49,38,33,32,124,64,76,56,110,77,364,69,314,100,237,69,193,107,203,107
1400000US06037620305,5818,941,141,104,30,34,0,19,0,19,0,19,0,19,0,19,0,19,0,19,0,19,0,19,0,19,15,24,0,19,15,24,111,98,0,19,0,19,0,19,0,19,0,19,0,19,18,29,18,29,75,89,0,19,0,19,0,19,0,19,5677,936,2818,499,19,30,59,68,315,180,158,111,68,75,0,19,120,105,283,126,394,213,745,226,252,199,214,119,191,80,2859,565,96,120,0,19,244,187,156,181,105,95,177,213,115,88,256,111,587,237,479,172,274,135,162,82,208,127
1400000US06037620400,5030,794,257,273,99,95,0,19,0,19,0,19,0,19,0,19,0,19,0,19,0,19,0,19,0,19,73,92,26,41,0,19,158,185,0,19,0,19,0,19,0,19,0,19,0,19,76,98,0,19,0,19,0,19,82,89,0,19,0,19,4773,842,2386,540,283,242,15,24,287,190,112,81,0,19,22,26,83,47,235,165,275,198,325,178,354,150,285,153,110,67,2387,429,29,33,139,183,142,69,77,68,41,38,79,53,97,64,262,149,328,154,263,105,369,147,297,164,264,129
1400000US06037620501,6133,737,330,270,157,146,63,90,0,19,0,19,0,19,0,19,0,19,31,42,25,36,27,39,3,8,8,16,0,19,0,19,173,203,46,75,0,19,36,60,0,19,0,19,0,19,0,19,22,35,61,68,0,19,7,16,0,19,1,3,5803,711,2710,474,162,130,93,95,264,136,62,55,18,31,50,41,115,72,370,226,521,153,327,122,309,127,339,185,80,46,3093,523,204,139,172,137,277,141,149,85,12,23,0,19,54,53,444,232,602,208,330,137,346,93,460,202,43,38
1400000US06037620521,4414,754,237,115,135,71,0,14,0,14,29,42,0,14,0,14,0,14,14,21,14,22,10,16,27,28,18,28,23,25,0,14,102,56,0,14,0,14,0,14,0,14,0,14,0,14,15,22,17,26,11,17,16,3,6,10,11,17,26,28,4177,753,2026,367,236,123,16,21,248,114,68,51,24,32,27,30,89,58,440,193,364,141,228,87,170,89,62,41,54,36,2151,491,150,103,38,57,285,194,63,66,13,21,29,31,81,68,459,203,287,61,286,94,231,68,132,48,97,51
1400000US06037620522,4643,452,207,91,110,85,0,14,0,14,0,14,0,14,0,14,0,14,21,26,53,60,0,14,7,13,22,34,7,11,0,14,97,60,0,14,0,14,0,14,6,11,0,14,0,14,7,13,29,35,5,9,23,35,27,34,0,14,0,14,4436,468,2197,293,132,69,52,45,151,66,82,49,14,20,88,63,99,50,289,138,373,103,371,93,174,86,271,204,101,52,2239,297,183,118,19,25,267,101,100,48,26,25,55,46,86,57,303,109,371,94,278,69,183,63,154,73,214,113
1400000US06037620601,5871,601,434,230,200,110,14,25,0,19,0,19,12,21,0,19,0,19,17,29,32,42,0,19,0,19,51,55,26,39,48,61,234,145,14,26,0,19,24,42,0,19,0,19,0,19,2,3,82,81,0,19,25,30,28,38,0,19,59,59,5437,619,2706,349,142,97,20,37,207,175,82,93,148,145,16,30,160,95,212,154,741,227,377,175,289,129,125,71,187,137,2731,400,221,145,122,169,211,159,105,90,69,54,0,19,143,81,271,151,496,160,485,176,272,93,189,92,147,94
1400000US06037620602,5899,773,356,172,218,131,23,34,0,19,0,19,0,19,0,19,0,19,60,95,73,67,19,33,19,31,0,19,24,35,0,19,138,109,0,19,0,19,22,35,0,19,0,19,0,19,32,68,0,19,20,30,36,48,0,19,28,30,0,19,5543,753,2753,358,119,117,0,19,294,123,96,88,88,69,104,84,246,178,108,82,287,127,366,106,464,166,294,149,287,140,2790,571,40,47,0,19,251,96,162,102,39,39,54,55,147,124,314,304,364,141,337,152,727,302,282,83,73,66
1400000US06037620701,7033,712,168,119,56,65,0,19,0,19,0,19,0,19,0,19,0,19,0,19,40,61,0,19,0,19,16,25,0,19,0,19,112,96,0,19,0,19,0,19,0,19,0,19,0,19,0,19,20,33,0,19,14,23,10,17,51,83,17,29,6865,708,3455,482,318,146,0,19,250,136,97,68,40,43,136,126,176,113,451,205,615,173,573,196,428,124,316,201,55,56,3410,433,343,228,23,38,326,154,42,47,32,41,41,69,139,112,411,223,697,186,497,164,460,164,231,115,168,126
1400000US06037620703,3547,575,112,120,53,47,0,14,0,14,0,14,0,14,0,14,0,14,0,14,0,14,16,25,0,14,24,30,13,19,0,14,59,86,0,14,0,14,34,56,0,14,0,14,10,21,0,14,0,14,15,24,0,14,0,14,0,14,0,14,3435,575,1646,217,182,139,24,32,141,107,69,51,0,14,43,39,51,37,86,53,466,134,151,68,249,77,129,45,55,39,1789,429,245,284,42,42,211,109,47,41,15,20,28,29,94,56,115,52,411,127,155,65,285,83,78,50,63,45
1400000US06037620704,3835,637,96,105,90,97,0,14,0,14,0,14,22,48,0,14,10,17,0,14,17,27,0,14,19,30,13,20,9,14,0,14,6,10,0,14,0,14,0,14,0,14,0,14,0,14,0,14,0,14,0,14,6,10,0,14,0,14,0,14,3739,620,1570,195,95,53,41,37,71,41,33,26,46,37,47,35,97,54,146,69,298,127,294,121,167,68,182,79,53,59,2169,466,101,55,57,87,341,131,228,208,43,40,50,34,109,52,78,52,315,109,269,122,243,74,220,149,115,74
1400000US06037620801,3842,464,152,126,64,66,0,14,18,29,0,14,0,14,0,14,0,14,8,14,10,17,18,30,0,14,0,14,10,17,0,14,88,68,0,14,0,14,16,27,0,14,0,14,0,14,0,14,0,14,13,22,0,14,18,21,16,26,25,27,3690,451,1782,234,93,60,22,26,180,112,42,38,19,20,41,33,75,54,211,98,156,88,290,103,275,116,278,99,100,54,1908,341,189,216,30,50,143,101,69,64,28,32,82,74,144,71,142,85,248,135,164,82,303,85,268,98,98,56
1400000US06037620802,3550,762,122,88,51,49,0,14,0,14,0,14,0,14,0,14,0,14,0,14,31,41,3,7,1,5,0,14,16,22,0,14,71,49,0,14,0,14,0,14,0,14,0,14,0,14,11,17,12,17,0,14,0,14,31,28,17,27,0,14,3428,768,1736,398,133,109,0,14,153,112,35,35,0,14,19,23,103,93,344,334,203,108,210,82,314,147,169,69,53,39,1692,430,52,51,38,54,103,70,101,83,10,17,0,14,102,63,225,168,368,335,240,99,220,128,146,55,87,61
1400000US06037620901,2722,451,68,50,16,12,0,14,0,14,0,14,0,14,0,14,0,14,0,14,0,14,0,14,0,14,0,14,5,8,11,9,52,45,0,14,0,14,6,10,7,10,0,14,0,14,5,7,6,9,0,14,6,9,22,34,0,14,0,14,2654,456,1442,332,59,34,0,14,108,84,100,73,48,28,129,70,84,43,33,31,115,44,215,86,301,170,134,62,116,56,1212,168,49,24,0,14,48,34,107,62,53,52,46,22,40,25,32,27,116,41,292,91,148,53,191,91,90,32
1400000US06037620904,2637,317,185,133,119,95,0,14,0,14,15,22,26,40,0,14,0,14,0,14,10,18,53,52,15,22,0,14,0,14,0,14,66,48,0,14,0,14,0,14,0,14,0,14,0,14,0,14,0,14,53,52,0,14,13,22,0,14,0,14,2452,327,1219,216,47,55,0,14,31,33,13,22,21,24,30,32,143,89,230,135,147,95,181,81,178,60,92,47,106,51,1233,218,66,63,35,32,112,60,53,59,45,54,43,49,115,79,91,59,127,59,207,85,183,63,100,45,56,34
1400000US06037621001,4949,551,428,263,220,127,0,14,0,14,0,14,0,14,58,94,0,14,43,56,21,23,38,56,11,18,33,30,8,13,8,14,208,151,0,14,0,14,34,55,33,53,0,14,0,14,10,16,11,16,2,5,41,51,64,45,13,29,0,14,4521,619,2209,351,127,81,0,14,226,121,88,69,29,27,55,42,90,54,237,111,273,86,461,147,386,158,147,63,90,42,2312,356,34,30,94,93,239,115,109,80,10,17,71,61,132,74,312,190,279,106,430,139,249,93,191,78,162,78
1400000US06037621005,4807,640,211,128,47,46,0,14,0,14,0,14,0,14,0,14,0,14,4,6,0,14,0,14,0,14,25,40,18,22,0,14,164,114,0,14,0,14,0,14,0,14,0,14,46,51,0,14,0,14,25,44,7,11,69,100,17,28,0,14,4596,620,2319,415,61,64,25,43,0,14,76,68,0,14,164,106,68,56,320,148,167,96,418,166,473,168,272,126,275,121,2277,344,31,37,20,33,104,108,104,86,0,14,38,46,98,57,477,193,226,98,266,137,520,143,268,80,125,97
1400000US06037621102,3010,391,181,142,85,84,58,80,0,14,0,14,0,14,0,14,0,14,0,14,0,14,0,14,15,19,12,19,0,14,0,14,96,78,9,15,0,14,7,14,0,14,0,14,0,14,3,9,63,70,8,12,6,12,0,14,0,14,0,14,2829,327,1510,240,8,14,0,14,133,78,0,14,0,14,71,52,41,41,296,241,199,79,205,78,328,105,190,96,39,26,1319,179,34,45,8,15,52,55,114,66,10,15,26,25,43,39,123,71,210,57,209,76,265,90,168,138,57,31
1400000US06037621104,6247,658,247,174,76,75,0,19,20,31,0,19,0,19,0,19,0,19,0,19,0,19,35,42,21,33,0,19,0,19,0,19,171,144,0,19,0,19,19,30,0,19,0,19,0,19,17,26,0,19,16,26,77,121,26,42,16,26,0,19,6000,650,3244,396,93,68,148,192,299,138,98,68,0,19,95,86,129,103,606,206,588,167,623,198,266,128,247,81,52,46,2756,446,24,29,32,36,327,283,37,47,40,59,25,43,20,32,805,229,492,190,325,100,331,142,114,71,184,82
1400000US06037621201,7121,676,426,111,265,73,0,19,0,19,0,19,0,19,0,19,0,19,15,26,93,29,83,29,0,19,0,19,74,33,0,19,161,51,0,19,0,19,0,19,0,19,0,19,0,19,0,19,24,8,24,7,0,19,48,14,39,24,26,29,6695,674,3785,514,143,121,0,19,344,135,126,96,41,45,63,59,229,129,428,168,605,227,720,276,645,421,293,99,148,70,2910,403,175,122,0,19,125,90,77,59,37,47,118,120,30,35,438,173,379,153,478,132,463,146,334,148,256,124
1400000US06037621204,2819,424,211,102,104,73,0,14,0,14,0,14,0,14,0,14,0,14,0,14,0,14,11,17,24,27,48,61,21,23,0,14,107,64,0,14,0,14,0,14,0,14,0,14,0,14,0,14,10,16,23,25,0,14,8,13,44,52,22,24,2608,418,1200,243,32,42,61,93,0,14,13,21,0,14,0,14,13,19,231,143,132,75,252,79,171,88,191,71,104,59,1408,260,0,14,40,41,72,58,112,149,26,38,14,24,0,14,255,121,127,91,223,115,240,144,107,50,192,84
1400000US06037621301,7118,709,447,199,197,118,8,13,0,19,0,19,0,19,0,19,0,19,0,19,1,8,0,19,36,46,80,68,11,17,61,92,250,167,0,19,0,19,9,15,0,19,0,19,0,19,0,19,0,19,73,79,0,19,50,71,80,74,38,48,6671,728,3352,463,275,171,36,56,182,135,58,58,50,47,171,134,260,172,372,261,457,153,562,197,420,138,352,166,157,96,3319,424,313,191,149,109,208,147,30,38,46,74,52,53,153,120,305,205,416,156,623,219,406,160,409,143,209,135
1400000US06037621324,3252,864,287,169,194,125,0,14,0,14,0,14,0,14,0,14,0,14,68,88,66,80,2,7,30,34,6,10,22,36,0,14,93,71,19,31,0,14,0,14,0,14,0,14,0,14,3,7,3,8,18,29,0,14,37,38,13,20,0,14,2965,868,1693,547,18,30,0,14,13,22,214,212,56,85,0,14,33,52,190,132,348,160,397,281,121,120,222,101,81,72,1272,377,0,14,0,14,11,18,121,174,0,14,13,21,14,22,165,84,300,199,148,79,184,103,127,71,189,90
1400000US06037621326,3014,496,200,100,124,79,0,14,0,14,0,14,0,14,0,14,0,14,51,64,0,14,0,14,0,14,17,21,47,51,9,14,76,62,0,14,0,14,0,14,0,14,0,14,0,14,0,14,9,14,0,14,42,56,7,12,10,15,8,12,2814,468,1115,192,27,31,24,31,16,23,0,14,13,21,50,77,4,10,181,81,206,70,152,81,253,110,149,56,40,26,1699,415,73,44,0,14,14,23,115,150,0,14,32,45,34,54,483,350,196,60,208,103,294,139,181,79,69,42
1400000US06037621400,4399,659,220,177,135,126,0,14,0,14,0,14,0,14,0,14,21,32,77,104,0,14,19,30,2,7,0,14,0,14,16,26,85,78,0,14,0,14,0,14,22,33,0,14,0,14,0,14,3,10,18,28,12,22,13,21,17,27,0,14,4179,627,2099,429,148,111,0,14,254,184,80,67,0,14,13,21,210,164,99,48,358,148,295,150,299,110,150,79,193,104,2080,323,56,73,0,14,117,82,179,97,0,14,60,74,96,75,279,133,224,94,275,117,307,89,246,99,241,97
1400000US06037650001,6083,637,918,488,272,138,0,19,0,19,0,19,12,21,0,19,0,19,13,21,0,19,25,33,102,90,0,19,80,84,40,31,646,374,31,47,0,19,107,102,64,90,0,19,7,16,58,78,49,53,137,117,16,25,35,39,108,91,34,33,5165,590,2627,392,111,78,0,19,343,227,57,50,58,48,9,19,165,104,195,118,371,92,469,169,344,99,304,121,201,72,2538,416,166,91,16,29,61,49,29,34,45,51,92,62,191,185,253,131,331,89,386,126,201,85,298,122,469,274
1400000US06037650003,2862,359,377,152,123,62,0,14,0,14,24,15,0,14,0,14,0,14,0,14,34,44,0,14,21,33,35,23,6,9,3,4,254,134,26,17,52,49,0,14,0,14,0,14,0,14,0,14,18,21,101,76,12,13,37,22,0,14,8,14,2485,404,1254,241,0,14,91,60,96,77,0,14,0,14,26,26,63,45,281,165,112,76,172,82,246,114,114,61,53,45,1231,220,27,32,0,14,23,28,15,24,13,20,79,88,72,48,230,111,168,86,158,70,171,80,216,115,59,45
1400000US06037650004,4329,838,466,325,246,246,0,14,0,14,26,40,38,61,37,59,0,14,93,119,0,14,11,19,23,36,0,14,18,23,0,14,220,115,0,14,0,14,0,14,0,14,0,14,0,14,0,14,8,11,46,56,42,43,23,24,78,77,23,28,3863,691,1933,369,132,68,33,34,48,39,31,39,40,51,23,26,280,166,244,94,289,142,316,131,201,82,216,78,80,62,1930,403,71,52,20,28,116,119,51,38,0,14,47,56,168,137,304,99,326,125,236,103,330,102,158,62,103,57
1400000US06037650101,4836,841,312,135,118,73,0,14,0,14,0,14,0,14,26,39,0,14,0,14,15,24,36,48,0,14,0,14,22,29,19,31,194,124,0,14,0,14,42,55,0,14,0,14,0,14,0,14,27,41,37,48,0,14,0,14,41,47,47,76,4524,827,2640,698,42,44,12,23,199,132,177,210,45,55,61,78,177,114,173,100,273,132,578,325,434,283,331,105,138,64,1884,301,31,43,0,14,47,50,88,80,0,14,47,50,17,28,158,92,190,97,348,132,423,125,329,83,206,90
1400000US06037650102,2187,294,51,41,15,16,0,14,0,14,0,14,0,14,0,14,0,14,6,9,0,14,0,14,2,4,0,14,0,14,7,10,36,29,0,14,0,14,0,14,0,14,0,14,0,14,4,6,6,9,6,9,0,14,5,8,8,9,7,10,2136,296,1115,172,67,33,55,47,80,52,16,14,12,14,36,35,84,51,129,66,209,59,136,54,198,72,57,28,36,21,1021,170,94,82,0,14,76,49,54,47,30,37,16,16,69,30,77,41,177,65,122,40,153,43,97,35,56,32
1400000US06037650200,5930,596,214,128,83,61,0,19,0,19,8,14,0,19,0,19,0,19,27,39,1,7,8,14,17,18,4,9,3,4,15,17,131,83,23,33,0,19,0,19,0,19,0,19,0,19,3,5,27,41,18,19,16,18,2,5,20,22,22,24,5716,644,2988,370,249,115,90,82,263,111,90,71,25,26,52,52,299,117,370,140,387,132,351,112,418,140,241,92,153,89,2728,383,122,68,56,62,197,106,128,111,45,46,14,22,182,99,313,90,563,165,296,106,340,113,280,98,192,82
1400000US06037650300,7517,1028,1073,702,471,380,102,159,0,19,32,67,43,52,0,19,0,19,8,15,83,129,70,69,35,48,9,19,73,101,16,27,602,376,36,46,0,19,86,104,12,22,13,28,26,40,35,41,141,153,74,66,35,41,13,20,125,108,6,18,6444,1013,2978,452,16,28,17,27,55,49,60,51,58,76,132,113,296,193,440,252,259,132,429,175,660,338,402,165,154,80,3466,785,105,122,11,22,238,195,207,178,25,38,117,137,321,221,506,341,235,132,466,180,602,311,430,216,203,89
1400000US06037650401,4360,605,301,153,103,69,0,14,0,14,0,14,0,14,0,14,0,14,30,47,22,24,0,14,0,14,36,46,0,14,15,17,198,137,0,14,0,14,17,29,0,14,0,14,0,14,21,27,39,39,7,22,6,19,48,42,14,21,46,78,4059,579,2223,391,160,107,0,14,81,59,76,59,85,98,63,48,192,121,224,167,203,71,308,134,439,124,279,122,113,50,1836,281,124,97,46,52,22,26,33,32,48,43,6,11,51,33,224,96,239,70,244,101,509,168,166,59,124,63
1400000US06037650501,2772,356,66,49,40,43,0,14,0,14,0,14,0,14,0,14,0,14,0,14,1,3,1,3,10,15,10,17,9,13,9,14,26,24,0,14,0,14,0,14,0,14,0,14,0,14,2,5,0,14,7,12,4,8,1,4,0,14,12,17,2706,349,1448,264,173,115,0,14,150,68,26,26,12,18,19,20,75,43,122,53,221,72,149,65,281,67,154,46,66,44,1258,131,31,31,36,51,90,42,64,34,0,14,36,25,33,28,133,65,180,60,119,50,293,60,125,45,118,49
1400000US06037650502,4168,580,107,55,39,32,0,14,0,14,0,14,0,14,0,14,0,14,0,14,1,4,0,14,0,14,22,24,16,19,0,14,68,43,0,14,0,14,0,14,0,14,0,14,0,14,0,14,15,22,0,14,0,14,16,17,13,17,24,32,4061,575,1897,284,155,67,38,36,81,51,36,33,13,20,59,44,137,102,254,131,202,76,232,101,292,99,283,100,115,48,2164,353,181,80,0,14,171,119,34,31,0,14,23,28,84,102,302,123,172,63,362,164,362,91,336,113,137,65
1400000US06037650603,3444,383,339,238,188,147,0,14,0,14,0,14,0,14,11,19,0,14,19,25,83,127,0,14,0,14,59,47,9,14,7,13,151,94,0,14,0,14,0,14,0,14,0,14,0,14,0,14,0,14,9,15,29,32,62,82,20,20,31,24,3105,356,1491,175,57,59,31,32,63,43,60,43,12,18,8,13,58,45,198,101,244,65,157,79,327,104,119,58,157,74,1614,260,93,72,0,14,173,78,31,29,17,19,75,61,46,33,92,53,206,96,190,78,222,76,205,98,264,85
1400000US06037650604,5361,1199,761,672,388,370,0,19,0,19,223,354,0,19,0,19,0,19,32,37,12,20,34,38,0,19,50,54,0,19,37,42,373,317,0,19,0,19,0,19,0,19,0,19,15,25,11,19,24,28,13,22,207,298,15,26,0,19,88,74,4600,786,2857,580,107,78,57,69,198,117,83,63,86,136,15,25,225,128,744,407,726,391,315,192,67,52,103,83,131,106,1743,429,18,33,0,19,61,65,86,136,0,19,14,24,113,102,281,151,335,135,316,166,247,132,185,129,87,56
1400000US06037650605,2668,309,74,51,39,34,0,14,0,14,0,14,0,14,0,14,0,14,12,21,0,14,16,21,1,4,0,14,10,14,0,14,35,26,0,14,0,14,0,14,0,14,0,14,0,14,17,21,3,10,0,14,0,14,2,7,0,14,13,17,2594,316,1380,192,150,93,40,43,64,46,61,59,22,28,79,80,95,68,157,70,307,92,198,77,101,53,78,35,28,23,1214,185,109,94,16,22,123,81,53,50,8,13,19,23,20,29,120,69,295,62,184,68,100,55,102,48,65,39
1400000US06037650606,3563,474,514,289,314,230,0,14,0,14,46,55,56,52,0,14,58,62,30,49,11,17,21,26,36,59,33,52,0,14,23,40,200,96,0,14,14,23,0,14,0,14,0,14,0,14,9,15,0,14,25,31,31,49,10,16,57,76,54,74,3049,517,1542,354,38,42,0,14,107,80,39,49,25,34,26,29,77,66,599,274,257,118,161,76,107,88,85,59,21,24,1507,279,57,50,9,15,98,60,51,41,5,8,11,18,61,54,474,192,187,86,96,62,214,99,105,54,139,113
1400000US06037650607,2858,510,85,70,9,14,0,14,0,14,0,14,0,14,0,14,0,14,0,14,0,14,0,14,9,14,0,14,0,14,0,14,76,66,0,14,0,14,0,14,0,14,0,14,0,14,40,51,13,21,16,28,0,14,0,14,7,12,0,14,2773,507,1347,311,35,40,58,64,117,111,23,36,33,37,105,84,98,55,150,96,308,198,185,110,87,52,119,53,29,32,1426,270,153,111,0,14,21,28,66,97,0,14,0,14,260,119,221,106,241,79,206,60,129,88,64,37,65,48
1400000US06037650701,2591,247,170,119,82,62,19,30,0,14,0,14,0,14,0,14,6,9,0,14,0,14,0,14,23,26,26,34,0,14,8,10,88,67,20,31,0,14,0,14,7,11,5,9,0,14,0,14,0,14,17,27,3,6,14,21,2,5,20,22,2421,248,1172,140,99,47,13,21,147,70,54,35,5,9,0,14,30,23,111,82,191,59,129,46,122,60,174,65,97,41,1249,163,10,16,41,31,141,77,57,51,4,6,52,34,47,36,80,37,211,48,119,38,188,55,127,48,172,58
1400000US06037650702,4754,471,217,191,44,49,0,14,0,14,0,14,8,12,0,14,0,14,0,14,0,14,36,45,0,14,0,14,0,14,0,14,173,146,63,97,0,14,0,14,7,10,0,14,0,14,0,14,28,43,7,11,0,14,8,12,37,47,23,21,4537,474,2385,316,118,68,75,54,134,60,71,45,16,19,84,43,218,119,328,151,304,82,289,71,424,131,203,61,121,52,2152,243,112,56,94,63,160,67,83,47,12,12,19,19,74,64,136,67,290,82,314,83,415,98,292,107,151,74
1400000US06037650801,3931,553,140,67,9,4,0,14,0,14,0,14,0,14,0,14,0,14,0,14,0,14,2,6,3,7,2,4,2,5,0,14,131,67,0,14,0,14,0,14,0,14,0,14,8,14,8,14,9,15,0,14,23,34,56,40,0,14,27,26,3791,567,1817,346,73,92,50,69,201,123,96,85,0,14,11,17,115,62,131,72,230,103,267,96,351,144,174,71,118,61,1974,358,106,83,73,68,119,78,64,53,0,14,51,55,71,65,306,180,272,84,336,165,259,95,170,70,147,66
1400000US06037650802,3495,547,413,347,133,132,0,14,0,14,48,71,0,14,0,14,0,14,10,14,6,11,50,63,0,14,19,16,0,14,0,14,280,267,0,14,0,14,0,14,47,70,0,14,0,14,17,16,0,14,40,59,11,16,0,14,152,239,13,21,3082,496,1599,302,93,64,24,39,235,163,81,59,13,22,63,83,65,52,144,79,279,89,293,113,157,84,86,62,66,52,1483,288,89,75,28,35,108,66,42,41,29,30,47,71,56,50,102,60,288,109,297,123,213,106,51,41,133,67
1400000US06037650901,4920,542,413,227,249,164,0,14,0,14,0,14,0,14,0,14,0,14,0,14,39,61,0,14,34,55,89,82,16,25,71,108,164,117,0,14,0,14,0,14,0,14,0,14,0,14,0,14,0,14,4,8,11,18,66,64,70,94,13,21,4507,541,2480,404,50,58,0,14,238,148,108,91,21,38,81,53,32,32,497,165,327,137,366,162,460,174,196,179,104,76,2027,306,11,32,0,14,84,66,161,160,0,14,89,73,64,60,196,108,256,98,368,97,356,139,282,190,160,91
1400000US06037650903,4876,1499,310,247,93,61,0,14,0,14,0,14,0,14,0,14,4,18,11,18,36,45,21,29,21,27,0,14,0,14,0,14,217,227,92,113,0,14,43,53,0,14,0,14,0,14,0,14,47,50,0,14,6,15,29,38,0,14,0,14,4566,1540,2249,739,367,236,0,14,73,61,90,100,49,43,16,25,226,246,249,111,441,272,375,111,182,60,114,47,67,48,2317,836,81,66,30,30,225,292,81,55,13,22,7,14,354,311,246,116,470,249,328,142,196,75,157,68,129,74
1400000US06037650904,2440,310,181,100,15,21,0,14,0,14,0,14,0,14,0,14,0,14,0,14,0,14,0,14,15,21,0,14,0,14,0,14,166,98,0,14,0,14,0,14,0,14,16,26,0,14,0,14,0,14,17,26,0,14,32,43,82,75,19,23,2259,334,1111,190,164,92,0,14,98,78,25,33,22,16,21,28,11,19,141,81,186,72,176,81,122,83,106,62,39,35,1148,242,198,136,22,35,85,60,0,14,0,14,5,10,77,61,153,105,191,75,198,104,126,76,58,41,35,31
1400000US06037651001,5304,641,343,170,165,102,0,19,0,19,0,19,10,18,0,19,0,19,11,18,0,19,34,41,11,19,58,63,23,28,18,18,178,109,0,19,0,19,0,19,0,19,0,19,0,19,0,19,10,17,83,84,9,14,24,37,8,13,44,44,4961,653,2401,358,110,71,67,48,74,49,179,124,25,26,81,67,207,126,212,96,282,89,389,107,274,101,275,85,226,67,2560,431,50,45,17,24,139,87,83,66,29,27,31,39,162,97,358,128,267,84,309,110,456,134,231,81,428,184
1400000US06037651002,4565,544,236,136,143,110,0,14,0,14,0,14,0,14,0,14,0,14,0,14,0,14,16,28,40,45,44,45,43,76,0,14,93,105,0,14,0,14,0,14,0,14,0,14,0,14,0,14,27,75,0,14,23,37,12,39,7,14,24,32,4329,525,2091,289,37,41,0,14,96,63,94,83,12,16,161,71,158,61,260,132,236,133,337,86,187,103,289,84,224,70,2238,308,67,67,23,33,129,93,94,53,43,39,16,26,181,66,136,66,408,163,316,120,286,96,237,86,302,110
1400000US06037651101,4609,530,210,88,77,49,17,24,0,14,10,17,0,14,0,14,0,14,0,14,15,25,12,16,0,14,0,14,14,16,9,14,133,64,0,14,12,18,0,14,0,14,0,14,0,14,2,5,0,14,16,17,25,27,21,24,10,15,47,43,4399,541,2265,304,43,40,15,23,223,204,155,93,55,36,29,30,116,78,308,91,348,130,279,79,314,75,157,60,223,67,2134,308,65,46,58,95,256,86,14,17,23,19,36,33,152,84,230,99,265,96,205,71,380,101,185,80,265,67
1400000US06037651102,4179,646,463,314,205,252,0,14,0,14,80,130,41,65,33,54,0,14,0,14,23,30,0,14,0,14,0,14,8,15,20,23,258,106,0,14,0,14,11,17,0,14,0,14,0,14,26,41,0,14,33,39,33,54,22,22,49,53,84,57,3716,594,1841,308,184,131,32,40,91,60,16,23,0,14,47,33,98,68,198,102,271,63,196,119,269,89,191,120,248,94,1875,372,147,139,0,14,101,106,24,29,0,14,30,32,86,67,181,96,259,119,165,85,344,104,218,94,320,90
1400000US06037651201,4391,904,597,763,396,569,0,14,0,14,0,14,103,153,92,135,95,141,0,14,0,14,95,142,0,14,11,17,0,14,0,14,201,200,0,14,0,14,0,14,12,18,0,14,0,14,12,18,0,14,128,190,21,23,25,28,0,14,3,12,3794,408,1968,258,57,45,9,16,161,82,87,63,44,53,32,39,69,55,121,60,231,67,266,91,361,91,285,79,245,128,1826,226,113,67,0,14,152,79,102,60,0,14,23,22,27,29,86,58,220,70,244,94,383,96,266,76,210,107
1400000US06037651221,3404,609,293,193,37,32,0,14,0,14,0,14,0,14,0,14,0,14,12,21,0,14,0,14,9,15,10,16,6,10,0,14,256,189,0,14,0,14,0,14,44,68,0,14,0,14,6,9,0,14,116,130,0,14,72,57,0,14,18,22,3111,523,1466,276,10,16,0,14,160,106,93,59,8,13,0,14,104,71,201,78,210,97,246,91,221,139,154,57,59,42,1645,333,97,54,11,17,270,192,79,53,0,14,36,44,146,84,216,118,233,93,230,89,135,63,97,43,95,46
1400000US06037651222,6113,878,137,94,60,55,0,19,0,19,0,19,0,19,0,19,0,19,0,19,0,19,3,6,0,19,24,39,11,19,22,31,77,60,0,19,0,19,0,19,0,19,0,19,0,19,26,42,22,34,0,19,5,10,0,19,0,19,24,33,5976,872,3154,529,56,58,47,78,351,177,358,238,63,71,85,73,282,155,378,148,467,168,577,172,335,110,85,71,70,60,2822,513,180,192,14,26,185,152,55,67,82,84,85,90,77,66,360,158,489,168,753,291,273,147,133,101,136,83
1400000US06037651302,5834,972,199,134,62,65,0,19,0,19,17,28,0,19,0,19,0,19,0,19,0,19,0,19,16,27,18,30,0,19,11,23,137,87,0,19,0,19,0,19,17,28,0,19,0,19,0,19,20,33,0,19,15,24,32,37,23,30,30,51,5635,974,2637,392,128,83,45,53,179,71,65,64,85,103,61,75,133,122,103,72,321,133,538,283,281,95,481,147,217,100,2998,676,101,97,80,69,110,87,273,309,0,19,24,37,223,140,68,57,357,121,705,424,355,135,446,131,256,120
1400000US06037651304,5005,746,331,168,149,96,0,19,5,18,5,17,0,19,0,19,0,19,0,19,0,19,53,77,0,19,22,34,10,20,54,51,182,96,5,15,0,19,0,19,0,19,0,19,0,19,0,19,68,80,4,15,0,19,57,53,11,19,37,44,4674,792,2449,496,105,138,128,132,103,94,135,134,7,17,72,70,113,84,120,117,451,173,347,158,540,188,193,98,135,76,2225,403,131,112,0,19,109,84,87,76,0,19,60,95,13,22,139,93,346,203,407,175,386,129,314,137,233,114
1400000US06037651401,2361,291,391,266,71,66,0,14,0,14,13,21,0,14,0,14,0,14,0,14,0,14,0,14,0,14,55,56,0,14,3,5,320,232,0,14,0,14,0,14,0,14,12,21,0,14,0,14,44,56,0,14,30,37,41,52,42,67,151,199,1970,282,963,161,68,85,31,41,25,28,47,35,22,34,24,35,37,34,77,56,69,49,143,60,121,68,154,55,145,71,1007,180,76,53,14,25,19,27,41,37,0,14,12,15,85,74,53,73,117,68,147,53,138,69,170,60,135,55
1400000US06037651402,5234,693,250,152,92,100,0,19,0,19,0,19,0,19,0,19,0,19,0,19,0,19,10,18,14,23,54,92,0,19,14,24,158,112,0,19,0,19,0,19,0,19,0,19,0,19,65,102,19,39,18,31,26,30,0,19,12,19,18,29,4984,629,2229,362,140,83,13,23,180,159,60,59,0,19,134,112,126,88,398,193,156,93,324,151,275,106,264,98,159,87,2755,497,77,82,39,48,315,217,122,83,47,75,33,40,116,78,283,181,230,107,402,159,404,165,519,267,168,99
1400000US06037670001,3245,439,187,90,71,49,0,14,0,14,0,14,0,14,0,14,0,14,7,17,0,14,0,14,5,9,41,46,10,16,8,13,116,75,21,31,0,14,0,14,0,14,0,14,0,14,0,14,39,44,0,14,4,7,0,14,0,14,52,43,3058,453,1485,269,89,89,21,32,31,35,50,62,63,46,44,32,136,95,143,81,164,70,175,88,301,105,169,67,99,62,1573,256,113,94,0,14,109,62,62,51,0,14,90,108,41,41,161,73,268,86,282,117,143,66,213,136,91,45
1400000US06037670002,3175,343,347,168,177,89,0,14,0,14,15,21,0,14,0,14,5,11,19,22,43,47,21,22,3,10,29,43,34,29,8,12,170,112,0,14,0,14,20,24,0,14,0,14,0,14,0,14,14,20,52,77,0,14,24,25,47,30,13,16,2828,360,1448,236,49,40,25,30,44,53,44,40,15,23,9,14,105,85,231,85,157,82,207,89,237,82,205,103,120,66,1380,195,79,58,0,14,53,36,84,62,33,24,44,53,116,58,188,67,167,67,178,74,178,70,175,69,85,59
1400000US06037670003,6028,578,617,404,300,308,0,19,53,87,0,19,0,19,0,19,0,19,35,58,101,98,0,19,6,5,45,74,58,55,2,5,317,202,0,19,0,19,0,19,0,19,41,43,0,19,140,173,0,19,0,19,43,71,0,19,82,86,11,19,5411,652,2758,388,92,83,13,29,174,122,38,65,33,41,143,104,250,181,413,231,323,181,353,156,351,192,439,181,136,71,2653,432,116,91,0,19,141,142,124,123,76,106,94,111,263,159,218,109,411,154,261,125,412,151,352,131,185,90
1400000US06037670101,3794,676,1122,721,342,366,79,104,0,14,82,108,41,54,0,14,0,14,14,22,0,14,42,55,0,14,41,66,15,22,28,37,780,641,188,205,41,54,73,34,32,35,0,14,92,141,106,148,29,31,132,159,0,14,75,97,0,14,12,19,2672,383,1205,254,52,59,13,21,48,45,30,32,0,14,74,94,55,61,219,124,119,56,185,84,235,135,141,79,34,32,1467,239,9,15,0,14,61,47,92,78,24,28,46,47,173,122,155,89,134,60,326,123,188,98,218,101,41,46
1400000US06037670102,3811,520,327,206,163,103,0,14,0,14,0,14,0,14,0,14,21,35,54,51,0,14,11,18,27,33,22,26,19,23,9,14,164,113,0,14,0,14,0,14,0,14,0,14,0,14,56,56,29,46,11,18,12,20,26,32,19,24,11,19,3484,537,1776,292,168,138,0,14,49,39,58,59,34,41,58,50,101,60,314,157,318,178,282,196,237,97,127,68,30,22,1708,344,64,80,13,21,122,83,40,65,6,12,46,44,166,96,341,185,176,61,237,94,208,94,244,108,45,44
1400000US06037670201,3988,615,60,44,29,35,0,14,0,14,0,14,0,14,0,14,0,14,0,14,9,16,0,14,0,14,0,14,0,14,20,30,31,33,0,14,0,14,0,14,0,14,0,14,0,14,0,14,0,14,0,14,0,14,24,30,7,12,0,14,3928,602,2105,404,73,73,0,14,242,109,160,115,14,23,90,103,177,91,143,113,219,69,347,101,197,99,182,68,261,96,1823,313,80,62,74,74,158,98,48,53,0,14,45,48,41,37,48,41,379,122,211,75,168,89,231,86,340,91
1400000US06037670202,2505,453,44,35,9,14,0,14,0,14,0,14,5,7,0,14,0,14,0,14,0,14,0,14,0,14,4,6,0,14,0,14,35,28,0,14,0,14,0,14,0,14,0,14,4,5,0,14,15,21,8,12,2,5,0,14,1,2,5,7,2461,446,1259,245,11,13,25,23,191,71,79,46,5,8,40,29,28,22,105,69,82,32,180,70,235,88,175,65,103,48,1202,246,51,30,0,14,88,48,8,11,23,29,17,15,29,27,129,108,150,47,156,58,279,90,126,47,146,71
1400000US06037670324,5359,704,191,120,47,40,0,19,0,19,0,19,0,19,0,19,0,19,0,19,0,19,0,19,1,3,18,29,18,21,10,18,144,108,0,19,0,19,0,19,0,19,0,19,0,19,0,19,0,19,39,45,23,38,33,40,42,46,7,14,5168,732,2415,274,207,134,35,52,115,78,187,97,0,19,71,66,83,57,91,70,177,67,347,209,536,251,282,114,284,100,2753,610,84,70,25,36,513,513,90,88,30,45,69,60,11,20,42,52,255,78,459,211,363,111,423,191,389,181
1400000US06037670326,3184,365,66,65,32,33,0,14,0,14,0,14,0,14,0,14,0,14,0,14,0,14,0,14,0,14,0,14,25,31,7,10,34,34,0,14,0,14,0,14,0,14,0,14,0,14,0,14,0,14,0,14,0,14,0,14,21,31,13,15,3118,368,1572,233,53,48,0,14,88,62,80,58,74,56,22,25,135,111,79,52,111,55,117,70,370,115,182,71,261,81,1546,197,48,44,13,21,30,25,72,51,57,71,20,22,64,51,57,45,102,46,250,71,316,105,288,88,229,98
1400000US06037670328,4382,566,117,126,52,52,0,14,0,14,0,14,0,14,0,14,0,14,12,18,0,14,0,14,12,17,28,41,0,14,0,14,65,83,0,14,0,14,0,14,0,14,0,14,0,14,30,43,0,14,0,14,8,13,27,39,0,14,0,14,4265,569,2231,314,88,56,9,17,208,108,110,77,41,40,112,71,225,126,80,51,124,62,403,120,316,90,190,75,325,81,2034,328,94,64,0,14,209,142,162,115,26,24,69,46,52,57,10,18,242,77,318,99,332,114,228,74,292,80
1400000US06037670405,2496,390,159,104,67,51,0,14,0,14,0,14,0,14,0,14,0,14,0,14,0,14,7,11,0,14,39,50,0,14,21,22,92,56,0,14,0,14,0,14,0,14,0,14,0,14,0,14,41,52,0,14,0,14,10,15,10,15,31,27,2337,400,992,142,26,28,0,14,89,52,39,29,45,55,29,29,13,19,63,37,61,46,120,44,170,47,78,38,259,91,1345,361,10,17,27,37,155,170,47,38,7,18,58,46,100,80,59,43,81,48,180,97,111,60,136,67,374,102
1400000US06037670406,1823,357,103,64,8,10,0,14,0,14,0,14,0,14,0,14,0,14,2,4,0,14,0,14,0,14,0,14,6,9,0,14,95,60,0,14,0,14,0,14,0,14,0,14,20,26,0,14,0,14,0,14,22,26,0,14,7,10,46,31,1720,357,911,224,6,10,0,14,108,62,46,31,3,6,18,17,40,23,68,51,175,110,67,37,175,47,102,36,103,41,809,181,12,13,0,14,133,99,41,24,12,14,13,14,18,14,23,19,78,46,96,39,117,41,133,38,133,48
1400000US06037670407,6031,832,339,222,132,98,0,19,0,19,14,23,19,30,0,19,19,31,32,38,0,19,0,19,31,38,17,29,0,19,0,19,207,151,0,19,0,19,0,19,21,30,0,19,0,19,0,19,0,19,0,19,103,74,15,24,0,19,68,83,5692,839,2588,371,190,128,14,22,147,109,85,101,22,35,180,154,198,130,98,67,443,206,463,123,214,109,263,279,271,132,3104,660,100,125,82,103,575,471,82,68,98,94,38,45,162,130,32,37,465,189,502,198,340,153,390,284,238,139
1400000US06037670413,4887,564,151,82,45,51,0,14,0,14,0,14,0,14,8,13,0,14,0,14,0,14,26,45,0,14,0,14,0,14,11,17,106,69,0,14,0,14,0,14,0,14,0,14,0,14,13,20,0,14,9,27,19,21,20,24,8,14,37,28,4736,576,2480,364,114,80,27,31,400,125,77,65,32,29,91,63,191,88,115,65,263,74,334,105,377,100,224,75,235,64,2256,260,75,56,11,18,316,103,143,85,12,20,17,24,68,54,55,46,313,72,431,100,341,105,209,73,265,67
1400000US06037670416,4055,693,178,105,64,45,0,14,0,14,9,13,14,22,17,19,0,14,2,6,0,14,0,14,22,21,0,14,0,14,0,14,114,74,0,14,0,14,0,14,0,14,0,14,0,14,17,24,1,3,0,14,41,29,11,17,8,13,36,49,3877,690,2213,511,291,314,12,20,187,72,54,42,31,36,155,149,63,48,128,72,263,106,297,151,253,76,218,77,261,60,1664,223,39,35,13,20,99,64,38,33,12,19,9,15,62,44,145,91,235,69,278,161,259,77,188,59,287,75
1400000US06037670417,2786,282,44,38,16,18,0,14,0,14,0,14,0,14,0,14,0,14,0,14,11,16,0,14,0,14,0,14,5,7,0,14,28,24,0,14,0,14,0,14,0,14,0,14,0,14,0,14,2,7,0,14,0,14,9,11,0,14,17,18,2742,280,1400,169,80,70,0,14,211,101,27,37,25,29,34,42,64,39,74,39,124,54,231,80,229,82,111,57,190,86,1342,178,15,18,12,15,129,81,72,56,15,18,3,5,73,54,73,61,156,51,217,88,212,64,113,46,252,82
1400000US06037670418,4416,549,167,79,48,44,0,14,0,14,0,14,0,14,0,14,0,14,0,14,10,24,8,13,0,14,12,18,0,14,18,20,119,57,0,14,0,14,0,14,0,14,0,14,0,14,0,14,18,35,0,14,0,14,34,28,0,14,67,43,4249,547,2205,354,142,105,53,85,213,75,121,64,52,42,117,84,94,52,105,51,257,90,249,75,333,127,207,80,262,124,2044,282,81,70,19,23,164,70,64,42,23,27,26,20,143,121,93,58,298,79,222,64,469,138,139,50,303,125
1400000US06037670500,1446,140,80,56,19,15,0,14,0,14,2,4,0,14,0,14,0,14,0,14,0,14,0,14,7,9,8,10,0,14,2,3,61,42,0,14,0,14,2,4,7,10,15,13,0,14,8,10,0,14,0,14,17,13,7,6,0,14,5,5,1366,149,687,100,0,14,0,14,39,18,10,12,2,3,3,5,48,23,48,28,57,40,51,21,168,57,112,33,149,40,679,79,4,7,0,14,43,28,45,21,0,14,18,16,42,19,28,15,48,25,65,27,136,43,121,34,129,32
1400000US06037670603,1823,291,119,107,0,14,0,14,0,14,0,14,0,14,0,14,0,14,0,14,0,14,0,14,0,14,0,14,0,14,0,14,119,107,0,14,0,14,0,14,0,14,0,14,0,14,0,14,0,14,7,12,40,51,27,40,0,14,45,54,1704,308,807,148,33,36,1,8,76,54,16,18,7,12,17,18,10,16,126,95,53,32,51,25,67,35,157,67,193,99,897,186,32,40,25,34,51,39,3,7,12,17,12,20,32,28,54,38,93,30,65,48,150,87,151,72,217,98
1400000US06037670604,4764,736,223,144,50,53,0,14,0,14,0,14,0,14,0,14,0,14,0,14,12,20,20,40,0,14,0,14,18,31,0,14,173,122,27,43,0,14,0,14,0,14,0,14,0,14,0,14,18,26,0,14,9,18,8,18,39,60,72,59,4541,768,2100,358,47,52,21,35,151,114,62,55,33,38,40,45,154,73,86,80,130,73,297,141,238,105,511,203,330,112,2441,567,104,92,23,37,117,101,123,131,16,27,30,29,239,259,136,85,198,108,458,312,261,103,424,186,312,127
1400000US06037670701,6027,586,215,177,77,67,0,19,0,19,0,19,0,19,0,19,0,19,0,19,0,19,0,19,0,19,36,57,13,29,28,26,138,120,0,19,0,19,0,19,0,19,0,19,0,19,40,62,6,15,0,19,0,19,46,60,19,42,27,44,5812,640,2710,381,133,66,15,25,150,91,121,100,0,19,81,67,258,123,249,139,371,102,480,224,211,102,486,249,155,83,3102,370,355,129,21,36,126,83,173,108,38,43,56,47,125,84,192,135,450,80,307,129,504,166,352,150,403,131
1400000US06037670702,5770,1090,193,147,76,66,0,19,0,19,0,19,11,18,0,19,0,19,0,19,3,7,11,18,19,30,32,39,0,19,0,19,117,93,0,19,0,19,0,19,0,19,0,19,0,19,33,53,0,19,26,32,18,31,22,28,0,19,18,30,5577,1087,2813,784,29,46,49,76,238,154,49,53,0,19,0,19,528,590,83,63,136,81,289,139,539,124,495,169,378,203,2764,400,25,39,0,19,191,137,84,67,33,59,104,90,156,90,172,105,175,98,525,327,541,115,517,178,241,89
1400000US06037700101,5584,772,832,384,313,175,0,19,0,19,0,19,0,19,0,19,0,19,41,53,64,85,106,111,0,19,13,23,22,37,67,69,519,310,0,19,0,19,0,19,45,59,0,19,0,19,41,46,104,122,46,75,39,51,2,6,139,116,103,74,4752,892,2428,509,71,86,0,19,0,19,0,19,0,19,0,19,136,169,534,231,959,333,281,151,140,107,225,96,82,85,2324,617,43,51,0,19,63,64,0,19,0,19,3,17,22,34,752,383,694,356,236,105,107,80,242,132,162,85
1400000US06037700102,4198,598,672,293,248,129,0,14,0,14,25,10,0,14,0,14,0,14,18,30,82,101,61,45,0,14,20,33,21,38,21,34,424,227,26,11,0,14,25,10,25,10,0,14,0,14,0,14,142,112,2,25,0,14,0,14,19,30,185,198,3526,600,1669,472,0,14,0,14,132,147,0,14,0,14,0,14,161,159,357,221,340,175,114,87,260,155,43,48,262,265,1857,388,0,14,0,14,22,36,0,14,0,14,20,35,255,167,860,343,226,131,147,122,46,55,183,139,98,75
1400000US06037700200,6549,911,621,291,347,236,0,19,0,19,0,19,0,19,0,19,0,19,0,19,79,109,139,143,46,74,23,39,60,72,0,19,274,167,0,19,0,19,0,19,0,19,0,19,0,19,48,69,80,76,0,19,124,114,0,19,22,38,0,19,5928,888,3798,755,28,46,0,19,29,48,87,67,0,19,0,19,89,129,907,441,654,320,739,340,776,448,344,314,145,121,2130,576,0,19,0,19,0,19,0,19,0,19,0,19,178,179,812,376,399,152,450,465,140,90,82,92,69,90
1400000US06037700300,5564,579,590,193,229,100,0,19,0,19,0,19,0,19,0,19,0,19,0,19,43,52,52,46,0,19,71,66,36,41,27,31,361,174,0,19,0,19,0,19,0,19,0,19,0,19,70,113,0,19,65,56,44,42,50,48,101,137,31,35,4974,632,3051,520,18,33,0,19,0,19,16,26,0,19,18,28,143,204,567,250,612,166,410,188,832,370,298,146,137,66,1923,431,0,19,0,19,0,19,27,25,0,19,43,24,59,58,710,344,334,134,185,104,205,93,270,145,90,57
1400000US06037700400,4547,622,585,238,189,94,0,14,0,14,0,14,0,14,0,14,0,14,0,14,16,26,61,60,36,43,36,43,16,26,24,22,396,222,0,14,0,14,0,14,0,14,0,14,0,14,58,74,90,120,27,41,0,14,45,72,16,26,160,182,3962,528,2305,418,39,54,0,14,11,22,0,14,0,14,0,14,0,14,418,170,505,221,376,202,598,287,237,114,121,73,1657,309,25,38,0,14,11,22,0,14,0,14,0,14,95,85,477,215,299,139,84,79,302,162,233,138,131,83
1400000US06037700501,4316,517,501,276,296,171,0,14,9,27,0,14,0,14,0,14,0,14,94,110,0,14,28,38,29,46,66,63,70,110,0,14,205,141,10,28,0,14,0,14,0,14,0,14,0,14,55,48,19,31,8,23,0,14,25,36,71,112,17,27,3815,511,2186,423,22,37,0,14,94,163,32,33,0,14,31,32,147,164,574,290,354,183,220,133,344,133,224,190,144,84,1629,442,123,143,40,66,0,14,0,14,0,14,0,14,96,105,390,171,318,213,85,58,200,93,214,166,163,97
1400000US06037700502,4087,664,696,287,400,193,0,14,0,14,0,14,0,14,0,14,0,14,0,14,20,33,52,48,100,76,179,155,49,78,0,14,296,244,0,14,0,14,0,14,0,14,0,14,0,14,0,14,116,120,0,14,0,14,147,121,16,30,17,28,3391,622,2074,375,0,14,0,14,0,14,0,14,0,14,0,14,116,90,843,308,330,191,284,121,366,158,33,39,102,85,1317,340,55,67,0,14,0,14,0,14,0,14,0,14,166,157,527,283,210,123,99,106,60,56,124,96,76,81
1400000US06037700600,4721,900,386,237,124,94,0,14,0,14,0,14,0,14,0,14,0,14,0,14,0,14,31,44,17,27,0,14,47,73,29,27,262,166,0,14,0,14,19,29,0,14,0,14,21,31,18,27,0,14,0,14,17,27,95,92,63,60,29,26,4335,896,2239,514,155,94,0,14,0,14,95,78,16,27,164,184,95,145,251,132,125,47,136,80,439,167,340,142,423,118,2096,435,75,90,12,19,31,41,82,64,0,14,131,155,183,105,144,81,127,58,446,224,244,94,300,100,321,117
1400000US06037700700,2935,578,135,152,69,86,19,31,0,14,0,14,0,14,4,20,0,14,1,2,18,28,1,3,0,14,3,19,0,14,23,29,66,77,0,14,0,14,0,14,0,14,0,14,0,14,0,14,3,20,16,25,3,20,20,30,0,14,24,29,2800,586,1394,330,17,26,0,14,0,14,155,126,34,44,105,85,125,78,21,24,47,70,201,122,234,73,222,105,233,117,1406,298,0,14,29,37,149,98,10,25,0,14,27,33,63,86,62,48,127,84,180,100,260,92,268,119,231,123
1400000US06037700801,4176,458,850,389,382,224,0,14,0,14,16,36,58,71,0,14,35,44,15,34,2,6,53,85,0,14,53,54,16,24,134,115,468,212,0,14,0,14,37,58,0,14,0,14,0,14,0,14,26,43,31,49,37,45,47,52,173,124,117,95,3326,514,1423,289,0,14,0,14,121,123,46,65,0,14,0,14,44,49,338,158,189,119,137,93,227,84,117,100,204,176,1903,360,20,34,0,14,33,46,19,29,0,14,19,30,119,82,397,167,327,191,264,145,223,129,288,169,194,102
1400000US06037700802,4081,574,557,268,303,195,0,14,0,14,0,14,0,14,39,41,40,41,0,14,45,70,0,14,67,103,81,101,23,36,8,13,254,111,0,14,0,14,0,14,0,14,0,14,0,14,32,46,10,16,56,56,79,57,58,72,0,14,19,17,3524,506,1785,311,59,61,0,14,208,97,10,17,0,14,0,14,68,63,295,127,367,145,187,95,198,79,306,121,87,40,1739,284,11,18,16,24,145,62,50,41,0,14,11,18,38,35,171,82,289,138,347,114,187,94,326,130,148,77
1400000US06037700901,4155,757,287,194,61,47,0,14,0,14,0,14,0,14,0,14,0,14,10,15,7,12,28,41,0,14,16,24,0,14,0,14,226,152,18,27,0,14,79,88,18,27,0,14,0,14,18,24,8,13,52,44,0,14,0,14,24,38,9,14,3868,769,1680,452,87,76,0,14,112,91,248,250,12,19,96,93,75,49,171,79,174,142,215,74,119,60,260,108,111,73,2188,392,157,133,0,14,155,97,220,132,9,15,68,60,80,62,207,101,295,140,370,107,259,86,289,104,79,56
1400000US06037700902,6430,781,518,320,168,123,0,19,0,19,0,19,0,19,0,19,0,19,49,73,27,45,15,24,0,19,21,32,56,51,0,19,350,232,0,19,0,19,0,19,74,109,0,19,0,19,0,19,54,82,106,117,21,33,67,104,7,12,21,35,5912,848,2339,402,26,41,0,19,145,116,17,28,0,19,51,66,127,96,423,162,426,251,233,135,448,263,205,77,238,203,3573,582,219,192,64,94,143,126,210,133,22,35,63,65,128,146,820,382,364,160,412,142,367,133,323,139,438,283
1400000US06037701000,5078,622,296,171,161,128,0,19,0,19,0,19,0,19,0,19,0,19,0,19,54,86,18,37,0,19,25,40,52,82,12,20,135,128,0,19,0,19,0,19,0,19,0,19,0,19,30,55,57,74,21,34,0,19,0,19,0,19,27,32,4782,668,2311,394,43,51,0,19,44,49,0,19,27,36,103,71,180,108,290,136,344,235,221,147,485,229,389,160,185,101,2471,394,0,19,0,19,33,37,94,52,28,43,129,111,40,51,530,218,255,151,385,243,415,124,391,117,171,107
1400000US06037701201,3730,332,248,167,101,86,0,14,0,14,0,14,24,26,0,14,0,14,0,14,0,14,20,22,22,25,0,14,35,43,0,14,147,98,0,14,0,14,0,14,24,26,13,20,11,17,0,14,0,14,0,14,23,24,39,47,30,48,7,11,3482,357,1834,209,90,62,11,19,146,74,84,67,21,27,10,15,51,40,60,44,241,84,292,149,320,120,213,74,295,117,1648,205,130,92,0,14,134,76,49,65,27,32,6,11,62,43,32,25,246,63,110,57,297,118,333,109,222,73
1400000US06037701202,3203,418,316,149,139,76,0,14,0,14,7,11,0,14,0,14,14,25,0,14,37,58,0,14,26,42,11,17,17,20,27,25,177,112,0,14,0,14,0,14,15,26,0,14,0,14,12,18,16,21,29,25,14,25,51,62,0,14,40,29,2887,412,1440,299,183,132,0,14,10,16,75,64,20,31,8,13,30,31,257,91,192,68,293,216,181,81,103,48,88,57,1447,220,44,41,38,59,55,49,0,14,38,40,10,17,12,18,352,89,225,82,162,71,131,70,178,69,202,133
1400000US06037701302,4789,538,412,279,100,97,0,14,0,14,0,14,0,14,0,14,0,14,12,20,16,23,50,77,2,4,0,14,20,28,0,14,312,208,46,72,0,14,0,14,0,14,0,14,0,14,2,6,70,85,37,56,17,27,19,30,4,6,117,105,4377,491,1944,299,60,68,42,54,35,48,0,14,55,54,0,14,93,62,436,159,327,138,454,193,197,138,118,80,127,78,2433,397,71,83,96,90,0,14,0,14,0,14,44,54,82,73,768,253,425,135,203,89,341,202,96,76,307,206
1400000US06037701304,5958,754,309,168,159,109,0,19,0,19,0,19,0,19,0,19,0,19,23,37,3,7,36,44,16,21,0,19,81,85,0,19,150,86,0,19,0,19,0,19,0,19,0,19,0,19,0,19,16,26,27,43,0,19,40,44,51,47,16,23,5649,744,2848,499,173,125,0,19,300,159,82,66,43,50,10,23,53,73,529,239,228,119,359,112,647,211,194,85,230,87,2801,440,282,199,18,33,130,89,32,42,38,45,81,78,132,116,246,146,410,163,351,152,429,180,402,138,250,105
1400000US06037701402,5905,777,1135,546,353,186,0,19,0,19,0,19,0,19,0,19,0,19,118,135,23,42,0,19,91,65,110,115,0,19,11,19,782,453,0,19,0,19,0,19,3,36,0,19,0,19,0,19,63,77,67,78,19,31,293,333,67,91,270,221,4770,965,2039,498,33,56,0,19,194,231,26,83,0,19,0,19,67,93,310,177,640,277,161,127,356,261,80,94,172,155,2731,641,47,76,0,19,0,19,2,19,54,79,47,82,377,342,376,323,373,157,371,248,503,277,406,263,175,145
1400000US06037701501,5082,600,644,290,369,193,0,19,0,19,42,88,0,19,0,19,0,19,16,25,0,19,128,127,50,63,71,60,46,59,16,27,275,122,0,19,0,19,0,19,0,19,0,19,0,19,0,19,45,41,18,38,48,58,98,89,17,26,49,37,4438,638,2206,419,78,92,0,19,0,19,19,30,0,19,33,39,211,155,349,168,432,219,279,142,352,180,239,152,214,130,2232,405,120,116,34,55,87,84,32,37,18,30,0,19,65,107,518,175,346,169,199,128,296,153,218,150,299,162
1400000US06037701502,3276,417,177,94,24,29,0,14,0,14,0,14,0,14,0,14,0,14,0,14,0,14,0,14,0,14,14,23,0,14,10,17,153,84,0,14,0,14,0,14,0,14,0,14,0,14,30,47,12,18,0,14,22,19,64,67,4,7,21,25,3099,424,1490,236,0,14,0,14,12,22,64,50,0,14,18,27,80,93,436,160,280,134,161,73,250,139,142,48,47,33,1609,346,17,26,0,14,54,36,30,35,12,20,19,23,41,36,626,254,260,128,331,254,86,43,103,57,30,32
1400000US06037701601,4038,559,168,86,98,56,0,14,0,14,20,25,0,14,0,14,10,15,0,14,5,9,0,14,29,27,8,12,18,20,8,13,70,42,0,14,0,14,0,14,0,14,0,14,13,21,0,14,13,20,18,23,19,20,7,12,0,14,0,14,3870,539,1812,305,55,42,26,28,126,81,62,47,32,27,108,61,53,31,164,57,379,168,164,64,171,86,325,110,147,79,2058,293,78,51,72,90,237,110,76,44,0,14,12,19,35,31,283,99,302,131,303,117,206,78,327,97,127,52
1400000US06037701602,4261,676,760,221,288,96,26,42,0,14,141,71,27,34,0,14,0,14,10,16,17,29,0,14,31,32,16,21,20,29,0,14,472,166,122,51,0,14,48,57,27,34,0,14,0,14,16,20,27,39,73,34,32,33,38,46,16,26,73,88,3501,640,1620,303,74,88,16,26,57,71,156,139,0,14,27,43,21,33,247,163,512,145,147,96,149,123,115,75,99,64,1881,460,0,14,0,14,140,147,21,37,0,14,146,147,66,62,478,158,174,112,259,166,215,149,218,152,164,105
1400000US06037701701,3454,567,180,104,64,36,0,14,0,14,0,14,0,14,0,14,0,14,19,29,0,14,0,14,0,14,11,16,34,31,0,14,116,95,0,14,0,14,0,14,0,14,0,14,0,14,15,19,8,13,0,14,0,14,0,14,11,17,82,93,3274,573,1643,364,37,43,11,20,48,40,58,34,0,14,0,14,133,89,418,232,257,88,211,127,251,150,152,89,67,53,1631,269,151,106,0,14,56,58,39,33,0,14,27,29,69,69,265,104,206,63,210,96,310,174,192,66,106,65
1400000US06037701702,3081,441,632,182,424,149,0,14,0,14,0,14,0,14,0,14,0,14,26,39,41,29,176,144,26,40,46,52,85,78,24,53,208,101,0,14,0,14,0,14,0,14,0,14,0,14,42,64,16,32,18,35,9,26,58,66,43,32,22,26,2449,476,1285,302,79,109,0,14,9,17,13,19,0,14,0,14,115,90,473,156,278,128,88,59,43,36,170,83,17,21,1164,319,12,19,0,14,55,94,20,27,0,14,6,19,0,14,502,263,156,94,67,61,202,116,114,66,30,32
1400000US06037701801,6023,739,900,457,337,175,0,19,0,19,48,74,0,19,0,19,0,19,13,21,95,97,0,19,155,135,0,19,26,42,0,19,563,385,53,81,0,19,0,19,50,76,0,19,0,19,40,65,25,38,77,78,0,19,47,71,192,222,79,109,5123,831,2315,477,55,81,1,35,131,116,77,78,18,29,0,19,112,100,391,174,564,195,355,178,368,139,82,62,161,106,2808,668,88,103,16,54,127,130,112,75,30,34,87,107,113,94,590,233,480,204,393,242,247,100,367,179,158,72
1400000US06037701802,4896,746,1101,290,576,129,0,14,0,14,0,14,0,14,0,14,0,14,0,14,116,73,28,51,84,95,90,95,198,78,60,89,525,213,0,14,0,14,0,14,0,14,0,14,0,14,84,115,93,46,9,22,0,14,110,103,158,97,71,89,3795,756,1754,403,107,94,20,31,0,14,0,14,8,15,0,14,125,93,496,181,271,164,167,89,305,155,218,136,37,36,2041,492,20,32,76,92,20,32,83,109,18,29,78,74,199,149,482,177,201,81,334,261,279,118,168,107,83,53
1400000US06037701902,5600,584,1082,348,529,244,0,19,0,19,67,71,0,19,0,19,0,19,0,19,79,103,130,106,44,75,120,106,82,86,7,11,553,201,0,19,0,19,40,61,0,19,39,57,0,19,87,106,93,104,35,52,21,34,100,88,123,109,15,29,4518,674,2173,515,35,63,0,19,0,19,0,19,0,19,19,32,294,212,930,350,397,169,282,166,61,70,101,77,54,50,2345,351,130,95,0,19,0,19,0,19,0,19,0,19,117,115,772,251,569,297,310,127,172,118,43,50,232,187
1400000US06037702002,6172,611,485,226,199,117,0,19,0,19,0,19,0,19,0,19,0,19,0,19,36,39,0,19,75,67,47,54,41,48,0,19,286,173,0,19,0,19,0,19,0,19,0,19,0,19,39,41,48,58,0,19,26,42,0,19,82,67,91,145,5687,634,2979,381,278,81,0,19,194,61,0,19,47,45,96,107,155,124,602,199,566,168,237,126,265,133,224,103,315,208,2708,411,144,200,29,48,29,48,79,91,17,27,0,19,53,49,793,192,538,186,218,118,370,172,236,132,202,111
1400000US06037702102,5780,798,501,170,157,88,0,19,0,19,0,19,0,19,0,19,0,19,21,29,0,19,0,19,49,61,58,51,0,19,29,34,344,137,0,19,0,19,0,19,0,19,0,19,0,19,0,19,0,19,74,80,58,58,103,106,109,82,0,19,5279,784,2282,359,45,54,0,19,26,41,17,27,16,35,26,49,56,52,546,251,323,160,388,140,276,158,308,154,255,134,2997,728,49,56,0,19,66,85,37,46,17,36,0,19,14,23,436,157,426,179,448,223,1007,709,251,87,246,107
1400000US06037702201,4111,551,392,191,276,163,0,14,0,14,0,14,0,14,0,14,8,24,106,135,36,41,31,43,27,31,52,64,16,26,0,14,116,101,0,14,0,14,0,14,0,14,0,14,0,14,0,14,20,33,54,87,42,42,0,14,0,14,0,14,3719,602,1595,295,54,95,24,43,88,77,0,14,0,14,20,32,26,39,243,121,434,166,148,102,204,147,228,115,126,75,2124,494,161,159,0,14,267,143,25,42,0,14,0,14,49,49,456,181,347,152,85,67,309,146,208,104,217,131
1400000US06037702202,4039,455,166,99,123,85,0,14,0,14,0,14,0,14,0,14,0,14,0,14,10,16,96,78,0,14,10,15,0,14,7,15,43,33,0,14,0,14,0,14,0,14,0,14,0,14,0,14,0,14,0,14,5,8,0,14,0,14,38,32,3873,447,1827,278,88,60,33,37,193,90,72,43,76,57,29,32,59,52,312,163,208,92,218,76,245,114,130,64,164,83,2046,280,8,13,5,10,94,83,137,84,22,26,36,33,101,66,322,135,317,129,336,99,219,85,209,86,240,120
1400000US06037702300,6607,791,474,334,147,84,0,19,0,19,16,24,0,19,0,19,0,19,0,19,21,34,13,21,16,25,71,54,0,19,10,16,327,311,0,19,0,19,0,19,0,19,0,19,0,19,0,19,63,75,0,19,196,290,59,79,0,19,9,16,6133,758,2623,425,80,68,7,11,224,130,173,152,88,93,59,55,74,82,206,107,464,137,317,119,376,149,426,152,129,52,3510,498,277,196,0,19,263,128,198,115,69,61,47,44,340,194,372,149,447,155,540,145,405,193,317,91,235,195
1400000US06037702400,4867,618,379,346,190,178,0,14,0,14,0,14,0,14,0,14,66,84,0,14,9,16,70,89,0,14,28,44,17,26,0,14,189,176,0,14,0,14,70,90,0,14,0,14,0,14,0,14,21,24,62,79,0,14,0,14,7,13,29,48,4488,605,2311,366,136,101,0,14,251,173,0,14,0,14,0,14,133,114,472,167,498,111,336,118,198,85,201,74,86,41,2177,403,90,64,44,55,64,65,7,11,0,14,17,20,153,88,652,342,411,118,182,97,262,104,157,52,138,81
1400000US06037702501,4677,494,353,260,87,114,0,14,0,14,0,14,0,14,0,14,0,14,0,14,0,14,0,14,0,14,13,21,74,112,0,14,266,233,0,14,0,14,0,14,0,14,44,68,0,14,18,24,0,14,0,14,40,64,42,50,0,14,122,172,4324,525,2100,472,153,94,0,14,183,130,64,64,0,14,0,14,184,122,394,390,350,89,248,105,258,109,205,73,61,54,2224,274,177,82,0,14,128,78,173,99,24,38,44,46,106,73,219,95,274,78,335,142,369,120,262,88,113,101
1400000US06037702502,4287,451,343,196,160,123,0,14,0,14,0,14,0,14,0,14,0,14,14,29,24,41,0,14,0,14,102,99,20,32,0,14,183,146,0,14,0,14,0,14,0,14,0,14,15,30,53,83,13,22,0,14,0,14,0,14,18,31,84,122,3944,460,1598,261,180,132,45,59,82,73,53,55,0,14,0,14,15,26,336,158,205,96,268,140,215,121,91,62,108,65,2346,363,67,72,0,14,192,108,122,102,0,14,57,62,42,34,198,102,485,286,269,133,344,129,308,142,262,98
1400000US06037702600,5964,692,285,249,153,184,0,19,0,19,21,35,0,19,0,19,0,19,0,19,21,35,0,19,0,19,21,29,88,143,2,5,132,118,0,19,0,19,21,36,0,19,0,19,0,19,0,19,3,6,0,19,20,35,55,82,17,28,16,27,5679,691,2350,417,258,214,16,29,238,94,68,76,0,19,22,35,133,115,139,83,376,122,328,126,406,134,285,116,81,58,3329,471,186,95,20,31,413,145,105,73,0,19,22,34,147,106,196,128,473,138,426,173,328,132,659,345,354,217
1400000US06037702700,3257,514,52,34,33,30,0,14,0,14,0,14,0,14,0,14,0,14,0,14,6,12,0,14,0,14,2,4,12,19,13,21,19,20,0,14,0,14,0,14,0,14,0,14,0,14,0,14,4,8,0,14,11,17,4,8,0,14,0,14,3205,516,1721,308,71,48,9,15,183,129,156,96,0,14,94,56,41,36,152,68,144,53,275,105,343,146,156,63,97,48,1484,247,29,26,6,10,144,67,27,24,48,36,46,36,27,25,102,39,172,61,417,177,173,56,218,108,75,39
1400000US06037702801,5439,1038,727,413,264,216,0,19,0,19,0,19,0,19,0,19,0,19,57,91,16,26,12,26,52,81,0,19,70,95,57,73,463,226,0,19,0,19,0,19,0,19,0,19,0,19,13,21,99,105,19,25,47,73,119,124,126,127,40,36,4712,1098,2474,735,313,346,0,19,252,141,220,149,50,79,0,19,154,132,458,264,249,131,387,147,179,132,125,138,87,50,2238,446,126,85,15,25,243,186,29,33,13,20,26,30,173,172,404,247,239,115,469,160,49,34,214,161,238,114
1400000US06037702802,2115,324,104,68,38,34,0,14,0,14,0,14,0,14,0,14,0,14,19,28,0,14,0,14,0,14,0,14,12,17,7,10,66,53,0,14,0,14,0,14,0,14,0,14,0,14,0,14,0,14,0,14,36,31,5,9,0,14,25,26,2011,324,1006,139,47,31,3,6,22,20,15,15,12,14,4,7,56,34,193,66,240,88,146,97,132,48,92,47,44,28,1005,251,128,120,17,17,71,56,10,10,5,9,3,6,34,25,152,62,283,146,72,35,99,45,46,34,85,29
1400000US06037702803,2977,388,242,118,90,60,0,14,0,14,0,14,0,14,0,14,0,14,0,14,33,29,7,12,18,46,32,36,0,14,0,14,152,97,0,14,0,14,0,14,0,14,18,27,18,26,4,8,55,53,40,47,0,14,7,18,10,12,0,14,2735,402,1372,258,58,51,15,26,18,28,86,64,16,24,47,49,109,76,261,112,248,124,229,134,148,55,109,68,28,22,1363,216,81,111,0,14,114,72,68,55,35,40,43,46,52,57,155,81,299,126,233,124,152,70,69,38,62,38
1400000US06037702900,9176,1594,166,202,0,19,0,19,0,19,0,19,0,19,0,19,0,19,0,19,0,19,0,19,0,19,0,19,0,19,0,19,166,202,0,19,0,19,0,19,0,19,0,19,0,19,0,19,166,202,0,19,0,19,0,19,0,19,0,19,9010,1539,4112,843,117,185,0,19,190,221,0,19,0,19,41,82,306,347,742,431,1374,545,960,465,102,146,160,141,120,116,4898,1093,253,394,0,19,44,73,0,19,0,19,59,115,564,428,1303,547,1474,565,673,290,194,236,226,180,108,104
1400000US06037703002,7522,785,868,605,437,321,84,113,87,118,0,19,0,19,0,19,0,19,0,19,174,177,0,19,52,78,0,19,0,19,40,46,431,348,0,19,112,182,0,19,0,19,0,19,0,19,0,19,116,152,76,102,38,42,54,55,22,32,13,20,6654,665,3037,405,193,101,0,19,279,115,68,76,12,21,30,48,105,127,565,323,416,238,297,147,370,138,338,128,364,108,3617,583,109,90,0,19,328,209,51,60,102,123,0,19,174,118,615,257,406,164,372,177,429,172,611,252,420,116
1400000US06037703003,6047,669,499,254,192,186,75,119,0,19,0,19,22,37,0,19,22,37,33,40,0,19,40,45,0,19,0,19,0,19,0,19,307,203,0,19,0,19,0,19,0,19,0,19,0,19,12,20,195,181,0,19,27,44,0,19,0,19,73,69,5548,723,2480,465,84,66,0,19,104,70,83,71,62,76,0,19,47,45,701,291,375,199,493,192,234,131,233,104,64,56,3068,538,191,165,0,19,96,75,22,34,113,99,78,79,164,87,720,324,322,166,385,160,443,200,366,191,168,95
1400000US06037703100,5578,771,535,412,352,278,77,122,0,19,0,19,0,19,0,19,0,19,23,39,27,47,0,19,4,11,113,134,19,31,89,107,183,154,0,19,0,19,0,19,0,19,0,19,0,19,48,79,18,30,78,124,0,19,3,12,18,30,18,30,5043,693,2360,544,119,91,13,21,155,113,97,116,0,19,0,19,230,157,128,151,462,277,208,133,248,142,368,185,332,224,2683,509,110,97,31,45,81,99,52,82,37,63,0,19,0,19,212,151,309,125,265,147,739,371,493,247,354,166
1400000US06037703200,5606,994,257,159,102,113,12,20,0,19,0,19,0,19,0,19,0,19,0,19,11,18,0,19,78,107,1,3,0,19,0,19,155,129,0,19,0,19,0,19,0,19,0,19,0,19,0,19,0,19,11,18,0,19,0,19,24,30,120,119,5349,1010,2646,625,91,97,0,19,304,218,13,23,90,50,0,19,199,147,293,173,340,186,498,248,421,214,283,160,114,91,2703,569,175,176,0,19,162,188,156,118,0,19,65,101,100,122,188,127,379,169,407,233,533,236,298,140,240,104
1400000US06037800101,5646,584,117,73,66,49,0,19,0,19,9,14,0,19,0,19,9,13,0,19,0,19,0,19,31,34,8,13,0,19,9,14,51,34,0,19,0,19,8,13,0,19,0,19,0,19,0,19,6,11,0,19,17,18,0,19,15,16,5,9,5529,594,2925,371,156,91,55,49,285,125,107,65,77,74,108,55,221,143,157,93,352,118,569,192,252,121,323,83,263,76,2604,334,164,101,9,15,116,60,176,89,30,32,75,60,88,53,110,64,453,164,335,100,462,126,317,84,269,71
1400000US06037800103,3818,1296,294,209,73,50,0,14,0,14,0,14,0,14,0,14,0,14,0,14,0,14,24,36,17,27,0,14,18,28,14,23,221,202,0,14,0,14,0,14,0,14,0,14,0,14,52,83,79,85,0,14,61,97,0,14,29,52,0,14,3524,1117,1673,551,78,59,0,14,154,144,27,33,7,15,10,16,0,14,285,136,77,55,352,234,398,196,197,109,88,55,1851,591,70,80,15,23,71,41,35,37,15,21,30,33,167,216,327,238,247,132,119,70,380,145,282,113,93,85
1400000US06037800104,3728,665,142,97,86,89,0,14,0,14,0,14,0,14,0,14,8,13,0,14,2,5,2,7,0,14,0,14,74,88,0,14,56,41,0,14,0,14,0,14,0,14,0,14,0,14,0,14,0,14,13,22,9,14,22,33,0,14,12,18,3586,655,1668,430,99,115,26,35,129,119,56,50,61,96,22,27,44,43,84,57,271,157,213,108,326,110,158,73,179,74,1918,322,238,230,24,35,93,68,80,90,49,52,11,19,48,40,163,115,292,118,282,133,260,87,221,114,157,101
1400000US06037800202,5870,807,414,271,261,186,21,36,0,19,31,40,29,56,16,26,0,19,51,82,0,19,0,19,14,28,53,75,0,19,46,40,153,104,0,19,0,19,17,29,0,19,21,35,0,19,0,19,0,19,15,25,44,44,40,64,16,26,0,19,5456,805,2523,447,93,119,0,19,143,96,103,97,65,82,48,49,203,158,216,191,285,163,338,143,549,228,307,131,173,81,2933,456,106,112,24,37,221,143,213,150,110,111,158,117,149,109,85,98,331,153,480,181,541,163,383,146,132,76
1400000US06037800204,4346,434,186,145,24,28,0,14,0,14,0,14,0,14,0,14,0,14,0,14,0,14,1,4,0,14,14,23,9,14,0,14,162,128,0,14,0,14,0,14,20,31,15,25,21,33,16,26,0,14,20,31,45,59,9,14,16,18,0,14,4160,424,1967,258,126,77,0,14,142,145,101,60,6,11,83,74,71,57,156,81,220,107,248,177,277,104,260,72,277,124,2193,282,211,139,17,23,8,15,115,65,0,14,88,67,91,74,154,93,210,120,402,149,323,107,314,106,260,82
1400000US06037800205,3787,461,743,459,367,259,0,14,0,14,0,14,0,14,0,14,0,14,47,39,202,218,0,14,16,24,13,24,89,80,0,14,376,305,0,14,0,14,0,14,0,14,0,14,11,17,321,308,0,14,0,14,0,14,32,31,12,20,0,14,3044,403,1650,273,71,45,0,14,90,65,65,46,12,20,41,44,206,117,364,181,228,93,214,103,234,69,85,54,40,36,1394,233,25,28,0,14,99,57,48,55,5,14,67,62,123,60,213,111,173,76,231,80,229,95,133,74,48,39
1400000US06037800206,3493,608,223,158,109,90,6,10,0,14,29,37,0,14,0,14,16,26,0,14,0,14,4,7,24,27,4,7,23,24,3,7,114,78,0,14,7,10,30,38,0,14,0,14,0,14,26,42,0,14,10,11,11,16,15,15,4,7,11,9,3270,595,1639,329,5,13,6,11,109,55,98,50,4,6,48,24,221,137,45,32,112,57,313,147,371,134,144,50,163,48,1631,299,29,21,56,39,148,82,103,45,22,20,35,28,81,41,56,27,184,73,230,101,401,145,210,44,76,34
1400000US06037800324,6516,722,276,163,117,81,0,19,0,19,0,19,0,19,0,19,0,19,45,72,0,19,0,19,39,45,33,53,0,19,0,19,159,114,0,19,0,19,0,19,0,19,0,19,35,54,0,19,2,4,35,54,45,53,42,52,0,19,0,19,6240,739,2959,508,19,29,0,19,413,262,204,91,58,54,62,43,237,116,78,53,384,110,420,133,496,227,331,144,257,90,3281,353,144,134,23,33,322,146,143,116,39,45,189,123,125,98,120,75,464,105,520,213,584,184,295,118,313,132
1400000US06037800325,3432,466,237,195,77,75,37,58,0,14,0,14,0,14,0,14,0,14,0,14,0,14,3,7,0,14,29,46,8,12,0,14,160,132,0,14,0,14,31,47,0,14,0,14,0,14,6,11,40,52,0,14,8,14,75,86,0,14,0,14,3195,497,1280,231,16,18,0,14,123,90,63,80,22,25,62,61,16,26,75,51,71,52,281,117,191,90,144,62,216,60,1915,378,81,71,0,14,157,166,43,46,35,43,161,101,102,61,120,57,281,206,253,110,219,84,220,97,243,78
1400000US06037800328,1306,235,66,61,40,38,0,14,0,14,0,14,0,14,0,14,0,14,4,6,17,22,3,7,8,13,8,11,0,14,0,14,26,27,0,14,0,14,4,7,0,14,4,7,0,14,0,14,4,8,3,7,4,6,7,11,0,14,0,14,1240,228,600,131,17,19,0,14,87,58,18,16,10,13,11,12,57,37,62,29,108,51,61,37,108,26,33,21,28,21,640,163,51,40,0,14,105,63,25,21,3,6,0,14,33,32,37,31,149,64,38,23,133,22,38,21,28,22
1400000US06037800333,2114,321,233,171,130,95,0,14,0,14,38,62,0,14,0,14,12,22,0,14,0,14,12,19,33,42,20,25,15,25,0,14,103,85,0,14,0,14,0,14,0,14,0,14,0,14,12,23,12,22,43,54,11,22,9,16,16,24,0,14,1881,308,893,177,47,43,0,14,92,69,11,21,10,16,15,26,100,83,112,74,99,50,206,107,75,54,83,36,43,33,988,181,0,14,0,14,87,47,0,14,15,27,128,92,20,25,73,50,166,84,164,81,165,75,135,47,35,29
1400000US06037800334,3281,666,314,243,88,92,0,14,0,14,0,14,0,14,0,14,0,14,25,38,16,23,14,23,0,14,23,27,4,8,6,14,226,212,0,14,0,14,44,54,43,54,0,14,0,14,0,14,39,48,0,14,0,14,75,61,18,28,7,14,2967,650,1338,276,49,47,0,14,112,67,17,24,15,23,49,53,90,58,93,60,140,96,174,82,325,164,144,70,130,55,1629,477,47,50,53,56,50,53,41,53,0,14,53,48,157,211,80,71,140,63,244,97,278,153,215,87,271,165
1400000US06037800335,4323,513,232,185,122,111,3,12,0,14,0,14,0,14,0,14,3,9,0,14,32,50,15,28,6,10,0,14,52,60,11,16,110,89,0,14,0,14,17,32,0,14,0,14,0,14,15,25,1,3,4,11,15,29,6,11,52,50,0,14,4091,507,2022,283,15,22,5,19,292,201,37,35,61,71,77,67,71,59,89,66,145,82,225,88,354,145,426,110,225,110,2069,306,71,94,21,37,81,76,20,26,15,24,18,29,104,75,154,87,184,94,270,106,511,163,394,121,226,93
1400000US06037800336,3607,1020,167,101,105,80,0,14,0,14,0,14,0,14,0,14,0,14,12,19,0,14,0,14,37,59,18,22,38,47,0,14,62,48,0,14,0,14,0,14,0,14,0,14,0,14,0,14,0,14,26,29,0,14,0,14,10,17,26,28,3440,1044,1717,585,98,53,0,14,41,40,113,118,25,37,209,145,94,103,300,251,248,157,223,104,215,97,48,39,103,64,1723,488,23,34,14,20,192,133,169,136,0,14,8,16,52,44,233,125,177,96,319,197,298,114,122,64,116,70
1400000US06037800337,3194,460,637,434,286,246,0,14,0,14,0,14,6,12,86,130,0,14,166,218,0,14,19,25,9,16,0,14,0,14,0,14,351,212,0,14,0,14,0,14,16,26,6,11,0,14,130,126,41,46,17,22,125,156,8,14,0,14,8,14,2557,386,1233,298,103,47,13,19,122,66,66,46,10,20,0,14,30,36,202,108,157,68,289,249,160,88,58,49,23,27,1324,208,31,39,15,24,53,43,0,14,0,14,24,32,91,61,306,151,150,74,165,75,247,99,142,85,100,70
1400000US06037800338,6154,832,433,308,154,147,0,19,0,19,25,41,42,65,16,30,0,19,0,19,8,13,8,13,41,63,0,19,14,23,0,19,279,187,0,19,0,19,19,36,67,79,0,19,0,19,30,45,4,15,0,19,80,81,79,94,0,19,0,19,5721,950,3062,514,186,126,18,29,380,197,69,59,0,19,33,35,54,47,394,195,308,113,326,144,613,165,469,162,212,102,2659,590,80,71,0,19,91,66,102,88,0,19,127,98,195,107,192,120,375,117,279,132,635,161,337,131,246,151
1400000US06037800406,1889,349,148,102,68,68,0,14,0,14,0,14,0,14,0,14,0,14,28,38,0,14,12,21,0,14,6,10,0,14,22,30,80,49,0,14,0,14,0,14,0,14,0,14,0,14,7,10,0,14,10,14,25,34,12,13,16,19,10,16,1741,361,943,194,42,52,0,14,157,106,25,29,1,10,18,19,44,34,37,25,71,51,140,65,120,45,192,82,96,47,798,193,11,16,9,13,102,67,16,21,0,14,20,24,32,29,41,32,117,66,55,35,178,72,130,64,87,40
1400000US06037800410,1243,193,73,70,19,25,0,14,0,14,0,14,0,14,0,14,0,14,0,14,0,14,0,14,4,11,15,20,0,14,0,14,54,50,0,14,0,14,0,14,0,14,0,14,0,14,16,21,25,26,0,14,0,14,4,11,0,14,9,13,1170,200,586,130,40,42,30,26,19,21,29,35,6,9,8,11,29,18,24,23,53,37,50,33,118,48,123,57,57,38,584,101,26,23,6,12,65,29,16,17,0,14,13,18,15,17,29,26,57,27,46,42,156,43,108,47,47,26
1400000US06037800411,2486,561,157,109,18,18,0,14,0,14,0,14,0,14,0,14,4,9,0,14,0,14,0,14,2,5,12,12,0,14,0,14,139,106,0,14,0,14,0,14,25,41,0,14,0,14,41,70,2,5,6,8,45,50,2,4,18,28,0,14,2329,560,1042,179,16,20,0,14,60,44,27,41,11,13,95,76,12,12,18,16,151,84,123,135,199,82,168,64,162,81,1287,443,33,31,0,14,79,113,34,50,36,58,36,40,27,40,262,315,112,84,228,116,181,73,100,50,159,69
1400000US06037800412,3459,607,547,481,376,363,0,14,0,14,169,229,0,14,0,14,0,14,0,14,15,38,0,14,0,14,0,14,192,148,0,14,171,133,0,14,0,14,0,14,0,14,0,14,0,14,0,14,0,14,89,112,0,14,45,56,37,41,0,14,2912,540,1430,335,47,37,31,37,64,54,102,124,34,58,81,70,52,63,92,80,40,34,133,90,283,154,311,160,160,103,1482,286,53,43,12,20,13,21,13,21,0,14,102,120,121,86,94,60,152,114,189,104,308,156,256,107,169,103
1400000US06037800504,2032,430,422,378,346,386,0,14,0,14,0,14,0,14,0,14,0,14,284,384,4,51,0,14,15,24,43,71,0,14,0,14,76,66,0,14,0,14,0,14,0,14,0,14,0,14,0,14,50,50,0,14,0,14,0,14,26,44,0,14,1610,273,787,219,35,52,0,14,11,18,0,14,19,29,9,15,44,41,146,173,65,90,39,38,121,89,168,95,130,80,823,131,0,14,0,14,23,35,0,14,0,14,13,22,85,77,59,45,52,39,64,75,192,97,236,103,99,58
1400000US06037800506,2987,625,137,71,45,30,0,14,0,14,0,14,0,14,0,14,0,14,4,10,3,8,5,11,0,14,0,14,22,22,11,16,92,68,21,32,0,14,0,14,0,14,0,14,0,14,30,36,32,30,0,14,0,14,0,14,9,15,0,14,2850,615,1441,318,63,72,41,33,52,36,105,130,6,12,0,14,34,38,83,59,95,53,214,97,329,209,197,84,222,131,1409,327,16,35,0,14,77,81,0,14,0,14,32,47,57,55,97,65,150,66,247,192,238,87,247,96,248,127
1400000US06037900102,561,143,105,85,75,49,6,9,0,14,10,15,0,14,4,8,0,14,4,7,4,8,0,14,2,4,25,24,5,7,15,25,30,41,0,14,0,14,4,8,4,8,0,14,4,8,5,8,4,8,0,14,4,7,0,14,5,7,0,14,456,113,253,71,0,14,0,14,0,14,0,14,0,14,0,14,4,7,49,24,6,12,61,51,41,38,49,36,43,36,203,59,14,21,0,14,6,11,0,14,0,14,0,14,9,10,12,16,32,28,40,35,26,21,35,24,29,28
1400000US06037900103,6362,987,1080,492,435,244,90,72,3,6,57,68,32,30,0,19,12,20,71,102,43,58,19,25,56,65,2,5,14,23,36,57,645,296,140,141,0,19,73,82,0,19,7,12,11,19,43,54,128,88,47,57,51,56,11,15,91,68,43,62,5282,1022,2646,617,230,185,0,19,243,149,210,151,22,25,88,84,157,94,308,176,427,140,186,103,466,113,291,100,18,22,2636,674,31,31,11,17,478,212,275,209,7,10,168,166,43,38,381,198,365,119,170,91,324,98,297,96,86,95
1400000US06037900104,6551,925,1360,574,671,309,114,100,0,19,90,83,89,85,0,19,0,19,49,46,70,72,94,68,16,23,40,50,62,53,47,50,689,292,75,77,35,55,38,54,11,18,0,19,0,19,38,61,107,84,54,54,71,63,178,150,54,42,28,26,5191,910,2788,580,130,96,0,19,260,163,169,94,86,93,207,132,264,133,330,145,351,168,371,200,385,160,150,66,85,64,2403,489,275,165,0,19,407,238,208,112,14,18,0,19,153,109,323,116,278,123,318,95,237,134,94,69,96,61
1400000US06037900301,3659,694,925,464,284,154,46,52,13,22,51,50,39,48,0,14,39,45,0,14,1,14,41,47,12,22,27,41,15,23,0,14,641,319,56,55,40,50,82,55,83,56,0,14,39,45,129,133,49,48,76,86,62,96,12,22,13,24,0,14,2734,759,1783,574,109,75,32,48,201,150,178,247,20,25,148,123,285,140,204,126,135,84,215,118,64,46,131,73,61,41,951,250,5,9,32,47,0,14,45,35,0,14,0,14,20,27,218,125,90,70,200,112,184,93,102,59,55,42
1400000US06037900501,7464,1139,676,300,379,181,13,22,0,19,15,25,0,19,0,19,0,19,64,72,44,67,46,66,15,23,65,69,117,120,0,19,297,163,9,16,0,19,40,64,14,23,8,12,0,19,0,19,13,18,48,45,56,64,69,66,0,19,40,67,6788,1212,3424,598,178,116,54,55,185,143,148,114,0,19,67,70,466,329,473,258,563,234,378,201,492,180,293,212,127,76,3364,859,45,58,0,19,440,235,150,108,63,79,25,32,331,177,484,251,337,147,574,338,412,156,409,249,94,73
1400000US06037900504,6550,884,966,787,320,229,0,19,13,21,13,21,69,115,0,19,12,25,4,6,8,23,92,102,4,7,21,33,84,96,0,19,646,581,34,58,31,52,14,26,132,197,97,110,0,19,61,91,76,100,112,104,68,88,8,14,13,22,0,19,5584,755,2825,416,208,180,0,19,247,111,351,160,22,26,91,75,150,102,576,200,402,166,227,136,243,102,185,123,123,79,2759,514,69,89,0,19,260,123,188,153,19,30,118,96,104,88,446,118,575,165,256,133,271,100,267,138,186,87
1400000US06037900505,4190,658,941,619,409,319,0,14,0,14,44,72,34,43,23,37,32,41,0,14,116,145,47,55,0,14,65,72,48,61,0,14,532,330,100,90,0,14,67,74,33,55,0,14,9,19,0,14,158,121,38,50,54,61,45,37,11,18,17,28,3249,666,1670,399,50,63,8,17,103,82,83,66,13,20,66,64,204,113,196,125,365,169,189,85,219,109,101,58,73,58,1579,315,0,14,23,29,139,78,68,50,78,70,9,18,71,57,105,68,227,82,151,80,444,195,129,70,135,60
1400000US06037900506,5090,583,729,380,487,256,51,46,36,44,72,56,29,40,25,37,16,33,52,61,53,61,76,57,37,39,5,9,35,55,0,19,242,147,35,48,0,19,23,27,0,19,0,19,0,19,25,38,69,56,22,33,41,56,15,31,12,21,0,19,4361,700,2154,352,253,133,6,8,203,89,96,64,11,18,146,69,214,108,286,112,219,100,202,98,295,147,169,83,54,31,2207,440,34,49,22,36,197,123,119,104,52,47,21,25,249,186,220,116,421,145,269,158,360,144,191,89,52,40
1400000US06037900508,3315,473,687,345,399,186,6,11,0,14,33,41,70,70,22,26,22,35,49,50,48,40,5,12,18,30,71,58,41,58,14,22,288,171,0,14,0,14,35,43,50,51,0,14,42,40,17,27,0,14,21,25,109,77,0,14,0,14,14,20,2628,452,1372,286,133,85,68,47,80,78,114,94,0,14,76,56,37,46,171,100,177,66,210,97,173,92,72,55,61,63,1256,223,141,56,27,33,57,61,4,8,49,63,68,54,92,54,174,78,229,76,127,79,98,67,113,72,77,58
1400000US06037900509,4792,585,1175,520,500,303,34,41,39,47,179,130,54,88,8,21,0,14,31,37,22,38,24,39,84,84,8,21,17,24,0,14,675,282,63,65,22,37,107,85,0,14,0,14,9,20,74,79,82,72,98,54,0,14,192,111,28,28,0,14,3617,660,1413,309,32,38,0,14,250,157,86,53,0,14,0,14,121,88,197,124,204,99,241,101,217,116,40,59,25,28,2204,492,138,94,63,80,345,262,91,86,68,74,86,65,419,169,227,154,227,104,229,105,194,94,62,64,55,43
1400000US06037900510,4329,744,816,623,367,277,15,25,20,36,27,39,42,65,19,34,70,92,24,42,21,36,27,47,41,63,0,14,14,24,47,73,449,394,0,14,66,109,90,121,126,138,12,22,13,22,19,33,19,34,93,118,11,21,0,14,0,14,0,14,3513,740,1255,258,48,49,9,16,96,87,22,40,118,113,38,48,267,122,188,116,144,87,140,98,60,66,91,56,34,42,2258,663,102,85,0,14,508,417,77,73,38,59,85,59,175,102,169,124,326,123,151,77,245,124,202,135,180,151
1400000US06037900602,5218,679,1103,465,599,328,29,46,0,19,174,130,53,81,0,19,29,39,45,52,21,31,52,79,40,49,48,57,108,85,0,19,504,223,28,44,0,19,67,57,12,20,0,19,24,37,23,39,109,90,70,64,85,55,53,60,33,38,0,19,4115,680,2011,490,66,67,56,53,274,167,133,96,37,41,128,98,364,258,330,141,206,112,160,106,94,61,111,92,52,50,2104,388,102,81,97,110,360,226,89,49,21,27,0,19,170,105,350,168,338,121,240,114,129,91,63,49,145,135
1400000US06037900606,4314,1094,592,224,237,122,0,14,0,14,13,26,14,22,9,16,0,14,46,60,17,26,46,68,31,44,61,53,0,14,0,14,355,163,37,34,0,14,25,32,39,50,13,20,35,46,31,45,24,27,7,15,84,57,15,21,0,14,45,55,3722,1096,1827,639,166,199,0,14,40,40,182,114,84,81,139,98,246,218,201,167,280,125,150,120,292,159,37,32,10,16,1895,630,74,65,0,14,98,83,63,58,0,14,139,145,192,98,417,442,211,91,313,176,88,81,244,117,56,52
1400000US06037900607,5078,1250,759,400,440,329,10,16,0,19,133,161,83,107,0,19,0,19,27,43,49,23,68,72,21,23,24,28,25,41,0,19,319,140,0,19,9,15,31,35,0,19,0,19,28,44,38,60,59,62,52,53,92,79,0,19,10,15,0,19,4319,1307,1882,644,182,153,27,34,181,157,76,69,0,19,44,53,131,115,441,315,328,179,61,50,140,102,185,107,86,119,2437,719,101,75,89,79,218,200,191,170,0,19,89,93,262,99,445,297,348,190,136,77,338,163,108,95,112,119
1400000US06037900608,3941,770,600,292,413,221,70,67,0,14,0,14,116,89,15,31,20,33,33,43,29,44,20,26,35,43,39,53,28,31,8,13,187,95,0,14,0,14,0,14,0,14,0,14,5,9,15,24,11,21,64,61,41,41,11,17,40,46,0,14,3341,842,1568,437,67,69,0,14,63,70,132,90,48,44,82,82,166,106,154,88,196,89,288,183,244,178,67,50,61,38,1773,467,60,57,20,33,145,130,142,117,44,69,36,36,198,134,266,157,162,57,164,122,266,162,166,87,104,79
1400000US06037900609,5238,701,1205,500,679,293,29,34,26,29,113,129,41,50,53,65,0,19,63,52,100,67,47,43,61,79,77,70,69,75,0,19,526,228,1,12,0,19,8,13,15,25,0,19,29,44,121,97,91,88,81,75,65,47,93,67,9,22,13,18,4033,724,2086,398,181,119,67,73,125,81,118,88,68,73,54,58,260,128,248,126,290,109,284,140,127,70,197,96,67,48,1947,431,158,109,18,28,188,127,179,146,16,28,62,78,196,152,200,128,328,132,149,93,191,98,169,108,93,51
1400000US06037900610,3170,622,357,225,141,123,0,14,0,14,38,47,14,22,0,14,0,14,11,19,0,14,0,14,0,14,56,86,13,21,9,15,216,138,0,14,0,14,14,23,13,23,0,14,0,14,0,14,41,51,11,17,11,19,61,59,65,67,0,14,2813,643,1329,356,0,14,0,14,94,70,55,61,0,14,53,73,171,110,191,117,107,96,104,83,306,156,186,180,62,48,1484,352,80,80,0,14,214,108,51,80,54,59,0,14,168,121,181,98,63,68,195,110,222,128,213,172,43,43
1400000US06037900611,4496,899,487,381,69,75,0,14,0,14,0,14,0,14,0,14,0,14,47,75,0,14,11,20,0,14,0,14,0,14,11,18,418,323,0,14,24,38,24,38,24,38,25,38,24,39,0,14,89,110,0,14,14,22,150,166,17,29,27,34,4009,823,1874,515,14,25,35,54,158,109,77,70,0,14,68,66,401,261,202,130,231,179,205,101,425,256,58,62,0,14,2135,413,152,168,0,14,251,166,138,176,54,60,11,18,254,105,357,242,263,185,277,147,261,120,89,81,28,42
1400000US06037900701,4685,668,905,522,348,249,0,14,0,14,37,62,105,111,0,14,27,43,85,81,0,14,26,41,9,15,17,19,36,39,6,16,557,310,17,26,16,26,136,147,0,14,27,43,36,57,37,46,0,14,144,95,57,49,61,38,0,14,26,28,3780,592,2032,341,138,68,17,28,92,78,33,33,0,14,117,101,406,194,308,127,313,119,213,105,189,85,157,90,49,40,1748,313,83,62,28,46,147,113,102,67,0,14,41,56,120,103,165,77,377,109,128,99,198,88,270,100,89,53
1400000US06037900703,4723,862,1085,304,488,186,8,27,0,19,85,72,0,19,0,19,0,19,74,69,83,113,75,63,86,77,35,40,33,81,9,14,597,209,130,122,10,16,21,24,15,29,0,19,0,19,68,63,37,35,67,57,14,29,104,86,116,83,15,23,3638,857,1824,453,48,41,47,55,138,88,57,46,0,19,55,69,168,104,516,307,203,102,141,98,216,125,125,63,110,72,1814,472,38,37,0,19,153,61,10,35,12,20,0,19,73,57,389,209,124,56,205,148,370,241,237,155,203,97
1400000US06037900704,3392,569,588,277,244,152,55,61,0,14,46,52,52,60,0,14,39,59,0,14,0,14,0,14,18,24,25,31,9,16,0,14,344,167,0,14,0,14,20,33,30,45,0,14,0,14,26,29,149,88,64,59,41,52,6,15,0,14,8,11,2804,503,1579,353,160,111,0,14,134,73,18,36,0,14,0,14,100,69,636,202,248,140,218,167,7,13,58,50,0,14,1225,314,265,202,0,14,67,55,9,25,0,14,0,14,129,105,315,122,141,68,21,28,227,100,51,42,0,14
1400000US06037900705,3980,703,701,409,296,231,69,106,0,14,0,14,0,14,22,35,22,35,7,25,71,114,31,66,22,55,33,52,0,14,19,31,405,246,0,14,0,14,0,14,11,18,22,36,0,14,0,14,87,102,206,193,0,14,31,50,0,14,48,49,3279,636,1316,391,21,33,0,14,21,46,42,55,0,14,25,37,80,94,282,169,269,145,225,209,83,89,175,136,93,85,1963,495,62,94,0,14,276,179,75,78,0,14,74,75,155,173,114,76,434,190,88,82,214,131,289,151,182,104
1400000US06037900804,3312,560,619,220,284,141,0,14,0,14,10,16,14,21,0,14,0,14,18,21,38,47,127,103,0,14,72,65,5,7,0,14,335,131,17,20,0,14,0,14,0,14,6,11,7,10,33,31,72,47,69,52,7,10,92,77,4,8,28,45,2693,579,1433,315,54,55,62,82,156,99,17,27,53,48,59,46,200,94,206,110,218,103,99,51,138,64,77,47,94,51,1260,316,211,165,29,36,86,43,50,53,31,45,38,38,96,75,172,90,117,51,120,71,127,75,111,57,72,42
1400000US06037900805,5496,1026,648,521,304,245,57,65,20,33,0,19,67,54,29,47,0,19,0,19,47,56,0,19,14,36,23,33,35,85,12,17,344,293,90,111,0,19,94,112,31,50,0,19,0,19,0,19,48,55,0,19,37,34,21,31,11,18,12,18,4848,1026,2552,710,97,124,63,72,340,304,204,137,122,85,25,32,110,86,252,137,287,123,207,92,329,89,413,301,103,143,2296,416,44,45,0,19,185,88,110,69,0,19,8,14,219,133,367,145,356,149,301,132,410,133,200,77,96,74
1400000US06037900806,4143,640,1550,467,1010,353,545,328,58,85,28,48,0,14,0,14,0,14,0,14,62,75,163,115,0,14,9,17,92,75,53,54,540,178,23,37,0,14,7,34,7,34,0,14,12,19,37,44,50,74,146,112,38,42,91,103,66,52,63,66,2593,589,856,344,6,10,0,14,32,52,0,14,0,14,0,14,166,113,165,123,39,52,61,79,161,121,181,115,45,45,1737,548,0,14,0,14,60,101,10,16,0,14,0,14,204,271,52,37,295,195,335,218,467,241,92,54,222,100
1400000US06037900807,3930,765,170,162,79,100,0,14,0,14,0,14,0,14,0,14,0,14,29,45,0,14,0,14,41,52,0,14,9,15,0,14,91,83,0,14,0,14,0,14,0,14,0,14,0,14,0,14,0,14,28,44,0,14,48,60,15,25,0,14,3760,782,1662,421,256,192,0,14,162,132,86,97,57,73,0,14,53,63,279,198,187,131,231,103,121,78,151,64,79,50,2098,458,0,14,0,14,257,161,81,74,30,35,258,150,214,151,358,165,293,162,248,132,145,84,199,98,15,19
1400000US06037900808,5132,1699,899,433,415,233,0,19,0,19,167,210,78,84,0,19,52,75,7,12,0,19,49,56,31,39,27,26,4,10,0,19,484,212,54,77,0,19,49,56,0,19,0,19,45,70,0,19,41,44,87,86,116,78,57,51,0,19,35,42,4233,1722,2021,866,135,84,79,69,72,75,65,52,17,31,134,121,178,203,271,175,252,113,530,618,147,105,101,71,40,29,2212,900,200,156,0,19,421,313,41,67,45,66,76,78,189,154,407,333,254,124,342,265,97,59,79,57,61,47
1400000US06037900901,2842,672,773,546,324,227,55,66,0,14,69,93,35,53,0,14,13,20,0,14,0,14,86,82,26,31,23,27,0,14,17,20,449,371,16,26,29,43,87,101,63,83,0,14,0,14,69,110,0,14,130,96,32,35,23,27,0,14,0,14,2069,401,876,216,136,68,0,14,118,69,0,14,12,21,30,37,41,33,87,77,140,77,90,61,122,77,55,49,45,37,1193,250,115,74,40,47,134,88,53,49,6,11,11,19,51,58,211,110,131,83,199,73,120,88,42,35,80,56
1400000US06037900902,1506,257,67,46,42,37,0,14,0,14,0,14,0,14,0,14,0,14,7,10,0,14,0,14,7,11,22,33,6,9,0,14,25,21,0,14,0,14,0,14,0,14,0,14,0,14,0,14,8,13,0,14,0,14,6,10,6,9,5,9,1439,268,889,206,31,31,20,20,136,72,26,22,0,14,9,15,42,31,90,76,77,53,52,34,151,81,177,80,78,40,550,95,22,32,0,14,31,21,9,16,0,14,8,13,0,14,50,36,59,36,81,57,121,62,101,36,68,35
1400000US06037901003,0,14,0,14,0,14,0,14,0,14,0,14,0,14,0,14,0,14,0,14,0,14,0,14,0,14,0,14,0,14,0,14,0,14,0,14,0,14,0,14,0,14,0,14,0,14,0,14,0,14,0,14,0,14,0,14,0,14,0,14,0,14,0,14,0,14,0,14,0,14,0,14,0,14,0,14,0,14,0,14,0,14,0,14,0,14,0,14,0,14,0,14,0,14,0,14,0,14,0,14,0,14,0,14,0,14,0,14,0,14,0,14,0,14,0,14,0,14
1400000US06037901007,2064,248,144,85,91,81,0,14,0,14,0,14,0,14,0,14,0,14,0,14,70,73,0,14,4,12,14,18,3,6,0,14,53,18,0,14,0,14,0,14,0,14,0,14,0,14,0,14,6,9,3,11,0,14,41,4,3,7,0,14,1920,245,944,143,29,28,26,26,95,52,7,10,0,14,67,44,56,37,150,68,83,62,142,61,143,63,125,42,21,24,976,163,29,29,0,14,29,36,4,13,16,24,39,36,53,51,89,69,107,53,118,72,280,78,132,55,80,53
1400000US06037901008,3413,605,211,153,125,101,0,14,0,14,72,88,0,14,0,14,0,14,21,25,0,14,2,4,12,19,5,7,0,14,13,18,86,58,0,14,0,14,6,9,7,11,0,14,0,14,0,14,0,14,11,14,41,43,8,13,10,17,3,8,3202,654,1537,312,0,14,42,58,116,124,55,44,0,14,67,53,193,81,359,128,258,143,107,55,181,75,148,73,11,17,1665,406,123,90,22,28,94,86,158,111,0,14,73,78,125,66,304,162,265,169,110,61,316,90,46,34,29,25
1400000US06037901009,5457,626,969,503,448,312,0,19,0,19,64,89,156,178,0,19,47,61,71,57,38,39,0,19,13,17,59,43,0,19,0,19,521,244,21,27,0,19,29,45,18,21,13,21,42,62,149,119,0,19,126,93,70,53,19,35,13,16,21,25,4488,632,2307,338,231,121,19,36,250,191,39,56,0,19,122,111,93,70,274,123,398,135,257,131,304,135,282,112,38,30,2181,510,187,107,0,19,119,91,96,92,49,46,56,61,133,129,301,156,257,98,253,114,325,125,221,77,184,100
1400000US06037901010,5521,503,1548,690,674,332,13,22,0,19,22,36,69,82,51,48,31,39,104,90,14,22,55,64,0,19,237,207,78,90,0,19,874,417,0,19,0,19,102,105,22,37,0,19,50,75,148,175,197,138,19,32,98,97,225,194,13,22,0,19,3973,610,2056,352,119,85,20,33,187,112,57,52,0,19,47,56,244,133,461,204,248,121,193,143,361,107,66,45,53,42,1917,353,190,147,13,20,127,93,131,92,34,40,0,19,173,104,317,136,250,108,285,135,258,102,88,61,51,41
1400000US06037901011,4807,533,627,406,185,182,32,46,0,14,0,14,0,14,32,48,32,48,2,7,27,42,40,51,4,9,1,6,12,20,3,18,442,270,0,14,0,14,33,49,11,18,0,14,0,14,76,80,79,91,68,71,43,53,27,34,85,95,20,44,4180,630,2640,463,105,94,65,63,191,135,59,62,44,38,53,54,356,204,353,151,418,142,169,109,439,198,198,112,190,111,1540,282,55,67,0,14,32,38,30,50,0,14,28,35,116,80,225,124,235,86,171,92,168,100,362,178,118,101
1400000US06037901012,6764,1448,463,384,184,180,0,19,0,19,0,19,0,19,0,19,0,19,29,47,112,144,32,52,0,19,0,19,11,19,0,19,279,221,0,19,0,19,0,19,0,19,0,19,31,49,55,72,66,88,0,19,55,61,61,71,11,19,0,19,6301,1547,3199,1029,165,118,25,40,174,121,445,253,5,18,87,91,285,224,466,265,444,239,650,642,310,131,43,41,100,120,3102,750,289,267,0,19,425,216,325,182,12,24,200,203,210,149,294,126,442,218,472,182,302,152,74,54,57,42
1400000US06037901013,3886,716,192,141,81,78,0,14,0,14,0,14,0,14,0,14,0,14,0,14,0,14,0,14,30,54,0,14,40,61,11,18,111,119,0,14,0,14,21,32,0,14,0,14,0,14,11,19,25,39,0,14,0,14,0,14,42,65,12,20,3694,737,1785,415,64,64,37,38,128,113,75,95,24,41,75,81,368,177,92,73,442,198,135,79,169,101,148,108,28,34,1909,438,73,64,0,14,293,185,107,109,75,90,51,53,130,102,157,104,358,187,204,107,237,111,180,93,44,38
1400000US06037901014,5087,768,398,231,142,91,0,19,0,19,9,14,0,19,0,19,8,13,9,13,18,44,29,46,18,20,7,12,36,57,8,13,256,185,0,19,0,19,0,19,0,19,0,19,0,19,75,81,39,46,48,58,24,40,28,41,0,19,42,57,4689,808,2521,528,162,151,0,19,166,115,72,59,0,19,47,51,230,151,613,290,349,155,271,160,287,163,178,104,146,117,2168,393,30,45,27,33,74,71,78,56,58,76,85,80,254,152,368,144,261,125,373,174,184,99,208,107,168,109
1400000US06037901101,5686,835,748,490,320,255,91,71,0,19,0,19,45,59,0,19,15,24,0,19,43,57,17,21,0,19,60,63,0,19,49,47,428,274,0,19,30,45,83,66,0,19,43,56,0,19,125,140,50,59,39,45,0,19,30,40,28,44,0,19,4938,756,2196,375,147,110,12,21,90,75,128,71,24,38,119,97,168,118,403,178,379,109,129,95,346,155,142,79,109,65,2742,554,222,131,24,38,292,142,216,108,92,63,92,88,169,131,330,164,398,129,134,84,350,140,254,152,169,82
1400000US06037901102,5636,690,485,320,254,154,0,19,0,19,82,68,82,68,0,19,0,19,0,19,2,7,27,31,29,47,22,25,10,15,0,19,231,172,82,69,0,19,0,19,0,19,0,19,64,53,0,19,0,19,73,53,9,16,0,19,0,19,3,6,5151,688,2635,419,213,182,0,19,214,131,114,78,12,22,34,37,208,135,443,149,399,153,163,104,457,130,168,81,210,147,2516,512,145,163,0,19,199,144,49,50,19,29,75,59,84,59,412,187,278,136,284,105,369,180,274,112,328,183
1400000US06037901209,876,109,224,90,120,66,0,14,0,14,0,14,0,14,0,14,0,14,0,14,3,6,25,21,2,5,32,42,28,32,30,36,104,51,0,14,0,14,0,14,0,14,0,14,0,14,0,14,5,10,24,22,20,28,12,14,43,38,0,14,652,108,386,75,7,11,0,14,40,34,10,16,6,9,12,13,18,19,13,13,51,36,59,34,65,44,54,32,51,50,266,73,7,11,0,14,5,7,0,14,5,8,5,8,23,15,6,9,41,32,62,42,17,14,66,31,29,23
1400000US06037901210,1782,300,98,56,30,20,0,14,0,14,0,14,0,14,0,14,0,14,0,14,0,14,9,14,0,14,8,12,7,10,6,10,68,51,0,14,0,14,0,14,0,14,0,14,0,14,0,14,34,43,20,28,0,14,7,10,0,14,7,10,1684,288,815,147,51,37,8,12,84,47,17,18,0,14,15,15,15,16,195,76,127,68,65,38,106,70,81,46,51,38,869,163,39,36,28,41,49,31,14,16,0,14,22,21,74,48,170,82,60,36,128,62,117,69,118,56,50,38
1400000US06037901214,5181,1043,390,328,224,235,12,19,0,19,0,19,0,19,0,19,0,19,153,223,0,19,0,19,25,39,22,22,12,20,0,19,166,189,0,19,0,19,48,63,0,19,0,19,0,19,79,125,0,19,5,9,0,19,13,15,21,24,0,19,4791,915,2350,464,45,45,0,19,294,109,287,208,51,47,46,61,96,78,204,109,632,245,301,124,136,108,191,156,67,67,2441,565,175,164,0,19,147,103,200,161,0,19,133,84,102,80,229,113,438,233,266,164,274,150,279,193,198,111
1400000US06037901215,3618,347,608,380,274,237,0,14,0,14,34,43,33,43,8,12,72,84,0,14,54,56,33,44,17,18,2,9,21,24,0,14,334,178,0,14,0,14,0,14,41,54,0,14,32,42,21,35,0,14,30,39,12,15,28,46,101,86,69,61,3010,464,1601,275,84,64,21,37,105,71,148,92,0,14,41,37,86,61,261,125,215,104,121,63,183,74,170,57,166,85,1409,239,86,63,0,14,58,66,45,56,57,57,38,41,33,47,165,77,194,80,79,63,226,94,173,64,255,88
1400000US06037901216,3059,833,168,100,133,93,0,14,0,14,0,14,21,32,0,14,0,14,0,14,22,62,26,51,21,32,26,52,17,21,0,14,35,33,0,14,0,14,0,14,0,14,0,14,0,14,0,14,0,14,23,31,0,14,0,14,12,14,0,14,2891,849,1564,632,291,256,11,14,206,219,13,16,2,6,12,19,67,78,254,98,260,175,89,44,229,60,114,51,16,24,1327,261,107,80,16,16,74,61,32,30,4,8,12,20,121,49,198,91,271,214,115,38,185,62,138,55,54,39
1400000US06037901217,1421,319,86,74,18,27,0,14,0,14,4,9,0,14,0,14,10,16,0,14,0,14,0,14,4,9,0,14,0,14,0,14,68,55,9,19,0,14,0,14,0,14,0,14,0,14,0,14,0,14,13,18,38,44,0,14,8,12,0,14,1335,319,672,114,42,31,10,16,72,24,6,9,0,14,10,14,8,12,63,37,106,61,56,34,139,75,69,40,91,53,663,243,100,156,4,10,17,20,30,38,0,14,0,14,10,16,39,35,102,54,33,24,164,80,73,42,91,70
1400000US06037901218,2425,467,51,72,0,14,0,14,0,14,0,14,0,14,0,14,0,14,0,14,0,14,0,14,0,14,0,14,0,14,0,14,51,72,0,14,0,14,0,14,0,14,15,22,0,14,14,20,0,14,0,14,0,14,0,14,11,15,11,15,2374,475,1276,199,39,43,0,14,178,75,58,55,0,14,30,36,112,81,141,64,176,50,229,114,141,77,112,56,60,27,1098,301,50,44,0,14,83,62,38,34,13,22,62,77,78,76,69,38,183,114,128,43,130,58,157,150,107,35
1400000US06037901300,1835,593,539,202,192,95,2,5,34,36,51,41,2,4,16,18,5,8,4,11,1,1,2,3,54,40,6,9,15,15,0,14,347,141,19,20,26,19,74,47,62,47,0,14,20,19,4,11,28,41,47,19,47,31,5,8,10,11,5,7,1296,617,690,396,96,86,13,22,99,154,21,33,6,11,10,15,36,29,127,117,23,22,107,29,70,54,70,34,12,13,606,238,0,14,0,14,96,70,28,29,6,11,0,14,64,36,133,115,37,22,41,24,79,49,66,36,56,38
1400000US06037910002,7258,1270,1104,978,325,229,22,37,0,19,92,117,61,65,0,19,0,19,67,107,31,38,0,19,0,19,18,29,34,39,0,19,779,810,0,19,72,116,102,141,152,247,45,56,45,57,18,30,46,60,143,142,19,30,92,148,45,56,0,19,6154,955,3018,587,115,97,33,50,159,135,108,119,0,19,122,118,388,186,245,196,385,209,568,269,494,172,346,194,55,45,3136,548,144,134,99,91,189,131,314,199,9,22,110,125,233,141,399,223,249,118,629,284,377,164,200,124,184,136
1400000US06037910210,7176,1217,196,207,114,105,0,19,0,19,23,39,0,19,24,32,24,32,0,19,0,19,24,39,0,19,19,31,0,19,0,19,82,116,0,19,0,19,25,40,24,40,0,19,0,19,33,40,0,19,0,19,0,19,0,19,0,19,0,19,6980,1213,3456,870,167,157,159,255,354,303,212,91,79,117,141,99,129,99,409,314,585,180,344,144,556,126,245,104,76,62,3524,548,283,232,0,19,121,100,248,131,150,135,127,125,298,150,192,119,821,272,332,109,490,115,365,150,97,62
1400000US06037910211,1882,442,111,72,49,44,0,14,0,14,23,36,0,14,0,14,11,18,0,14,0,14,0,14,0,14,0,14,9,14,6,9,62,46,0,14,0,14,0,14,0,14,0,14,0,14,0,14,0,14,0,14,0,14,38,43,17,19,7,10,1771,457,930,139,54,51,11,17,93,39,92,62,19,21,14,23,52,36,112,73,33,41,206,71,101,53,65,47,78,91,841,346,10,16,0,14,133,106,62,74,0,14,27,32,0,14,63,55,165,82,101,38,166,56,101,93,13,15
1400000US06037910212,3319,558,349,365,185,169,0,14,0,14,57,91,0,14,0,14,0,14,0,14,2,8,61,78,4,9,32,39,29,27,0,14,164,202,0,14,0,14,128,186,0,14,0,14,0,14,0,14,17,25,7,20,0,14,12,20,0,14,0,14,2970,498,1591,298,74,55,0,14,91,76,91,72,31,19,36,42,81,47,278,113,187,47,58,47,294,89,201,56,169,162,1379,246,40,27,18,27,147,50,49,35,12,18,27,24,53,42,163,94,130,44,109,47,358,101,182,162,91,63
1400000US06037910213,1684,468,68,37,19,15,0,14,0,14,0,14,0,14,0,14,0,14,0,14,13,15,6,10,0,14,0,14,0,14,0,14,49,34,0,14,0,14,0,14,0,14,20,26,0,14,0,14,17,20,0,14,6,11,0,14,6,10,0,14,1616,469,768,215,0,14,40,63,32,30,0,14,14,22,18,17,43,29,216,114,57,45,59,38,181,55,64,24,44,29,848,277,85,75,23,36,56,46,26,32,0,14,53,36,21,21,199,115,51,34,72,39,179,94,40,25,43,32
1400000US06037910214,5591,499,295,207,161,137,0,19,0,19,35,64,0,19,16,28,0,19,0,19,22,30,15,27,0,19,52,69,21,27,0,19,134,96,0,19,0,19,17,30,17,30,0,19,0,19,0,19,0,19,67,68,13,22,13,22,0,19,7,15,5296,588,2701,385,184,112,17,24,169,104,177,150,123,103,198,127,278,87,312,117,313,112,367,126,314,118,170,84,79,54,2595,332,187,125,38,61,123,85,46,48,63,66,44,48,223,135,433,125,356,100,361,123,461,94,170,90,90,73
1400000US06037910215,7238,913,582,358,402,260,22,40,0,19,0,19,0,19,106,78,106,78,4,8,0,19,33,41,0,19,126,82,3,5,2,8,180,112,0,19,0,19,0,19,5,10,0,19,0,19,0,19,47,70,104,72,8,12,12,16,4,7,0,19,6656,945,3485,526,186,172,89,99,489,235,159,115,10,15,122,129,258,118,456,206,522,164,211,135,524,151,402,205,57,56,3171,564,58,54,0,19,335,155,232,152,102,108,111,113,337,137,260,140,484,160,203,113,756,212,243,173,50,49
1400000US06037910216,4819,1147,271,230,126,106,0,14,0,14,15,24,0,14,0,14,0,14,39,43,0,14,1,4,71,59,0,14,0,14,0,14,145,124,58,58,0,14,55,55,0,14,0,14,0,14,0,14,0,14,12,20,20,27,0,14,0,14,0,14,4548,1112,2087,615,183,269,0,14,320,320,36,42,10,15,55,48,273,95,213,115,315,107,178,73,276,121,202,65,26,35,2461,557,195,243,60,53,263,172,120,99,86,89,97,80,151,113,183,134,454,316,323,96,325,167,116,55,88,58
1400000US06037910217,5909,567,775,485,427,316,187,258,0,19,52,72,32,46,0,19,48,54,11,17,5,10,0,19,78,74,5,10,9,16,0,19,348,187,0,19,0,19,21,28,12,18,0,19,0,19,42,48,23,29,81,128,101,75,5,10,36,56,27,43,5134,752,2485,299,204,117,18,30,352,120,118,68,16,26,81,59,294,145,289,101,315,97,393,122,265,93,134,63,6,11,2649,545,153,136,23,35,283,218,232,145,83,60,26,31,179,95,348,110,535,182,289,87,290,125,140,52,68,57
1400000US06037910218,4377,502,498,295,170,135,23,39,0,14,0,14,10,19,0,14,0,14,0,14,11,19,13,21,29,48,0,14,74,119,10,16,328,192,11,21,0,14,32,49,0,14,10,18,10,18,0,14,16,25,19,31,15,23,19,21,138,129,58,66,3879,478,1813,289,88,69,37,30,201,119,36,33,25,26,54,56,254,125,255,129,204,90,187,92,234,127,177,65,61,46,2066,300,150,94,0,14,67,44,14,17,28,36,96,76,181,114,346,162,333,113,215,97,322,121,167,89,147,75
1400000US06037910301,4511,720,441,209,131,88,0,14,0,14,34,53,0,14,0,14,0,14,0,14,36,44,0,14,0,14,14,21,39,57,8,15,310,137,0,14,0,14,0,14,34,53,0,14,0,14,25,29,0,14,43,45,91,73,25,31,92,90,0,14,4070,660,2189,497,38,51,0,14,219,107,119,89,0,14,13,19,200,116,182,93,367,127,399,305,276,85,199,71,177,115,1881,323,50,55,9,15,287,162,181,138,0,14,25,30,99,71,167,76,276,93,202,87,257,82,205,98,123,80
1400000US06037910302,5813,779,478,378,184,146,0,19,0,19,17,34,50,58,15,31,0,19,0,19,0,19,66,63,0,19,22,35,14,23,0,19,294,237,0,19,0,19,17,34,68,64,48,56,0,19,0,19,18,36,46,53,0,19,70,64,0,19,27,32,5335,850,2597,448,262,130,0,19,194,118,10,25,25,41,31,50,165,100,350,179,241,124,346,163,474,213,189,122,310,146,2738,549,49,55,47,64,76,67,94,114,10,25,188,146,264,192,100,100,370,144,229,139,570,183,477,200,264,90
1400000US06037910401,5646,899,274,178,188,146,19,36,0,19,0,19,16,25,0,19,0,19,16,24,61,95,50,77,0,19,0,19,26,38,0,19,86,62,0,19,0,19,0,19,0,19,0,19,0,19,0,19,32,39,15,23,0,19,0,19,25,30,14,27,5372,902,3037,586,176,132,16,24,139,83,172,125,19,33,122,94,433,261,552,204,337,126,298,140,322,174,314,179,137,125,2335,409,68,60,51,55,127,99,123,110,15,28,85,67,129,118,452,214,394,133,269,142,284,143,222,103,116,113
1400000US06037910404,4735,728,803,529,325,198,15,22,0,14,40,48,22,35,0,14,32,43,84,79,10,16,28,33,22,17,13,22,59,61,0,14,478,338,32,36,0,14,36,41,154,156,34,47,22,16,42,40,12,19,81,66,36,45,0,14,29,43,0,14,3932,749,1971,399,238,132,56,59,322,169,91,83,54,63,23,26,231,111,283,107,182,101,213,92,81,47,184,122,13,20,1961,424,246,127,0,14,123,109,99,80,41,51,66,62,204,151,287,118,411,204,177,79,171,87,92,64,44,34
1400000US06037910405,5635,686,2017,612,862,306,103,123,0,19,214,126,93,75,32,51,37,52,87,74,99,80,46,26,36,49,94,71,14,22,7,17,1155,384,90,68,28,45,111,85,29,31,0,19,73,76,126,84,268,129,132,89,167,88,102,73,22,25,7,16,3618,694,1711,362,128,90,37,55,85,63,182,107,59,55,66,55,196,107,347,129,188,96,201,91,146,79,56,38,20,31,1907,461,225,183,0,19,61,48,156,80,0,19,20,32,271,128,348,138,255,81,225,99,163,85,167,87,16,25
1400000US06037910501,5991,798,2317,745,826,388,77,83,0,19,275,166,64,72,84,77,0,19,0,19,21,25,101,87,67,81,27,39,39,33,71,88,1491,496,153,143,48,59,387,193,30,36,0,19,0,19,116,116,252,110,157,107,70,52,154,136,10,16,114,90,3674,817,1916,429,163,101,80,89,368,162,73,68,0,19,87,69,228,126,284,185,144,107,242,144,74,57,110,91,63,48,1758,450,192,133,36,43,187,135,62,79,34,43,32,36,82,73,411,217,236,137,138,96,266,133,40,51,42,37
1400000US06037910502,4139,610,1181,412,618,243,43,57,0,14,14,21,89,77,35,54,13,22,93,81,117,80,0,14,43,53,86,81,14,20,71,109,563,240,0,14,0,14,63,68,24,26,0,14,24,31,51,59,114,82,129,86,64,61,64,54,19,30,11,19,2958,696,1322,383,0,14,0,14,116,90,89,76,0,14,109,92,140,80,212,108,197,133,176,144,97,73,120,63,66,84,1636,392,144,106,8,15,215,144,138,79,0,14,30,36,174,101,347,166,280,149,109,60,93,68,71,56,27,36
1400000US06037910504,3953,786,424,324,165,171,67,104,0,14,0,14,22,36,0,14,0,14,43,67,6,10,21,36,0,14,0,14,6,10,0,14,259,183,37,58,0,14,0,14,0,14,0,14,0,14,0,14,35,50,54,51,0,14,38,59,20,34,75,93,3529,735,1688,500,203,157,53,75,145,123,243,130,6,9,0,14,122,76,250,120,154,112,62,41,175,76,226,157,49,38,1841,384,137,117,7,12,112,95,0,14,143,127,64,77,147,102,334,144,227,109,286,126,250,121,96,56,38,38
1400000US06037910505,3164,572,318,153,119,61,21,25,0,14,9,15,24,27,18,22,0,14,0,14,0,14,32,27,0,14,13,16,0,14,2,8,199,95,39,40,0,14,44,32,0,14,0,14,6,11,7,11,29,29,0,14,10,16,51,39,4,7,9,15,2846,532,1316,227,50,33,2,4,153,84,49,44,12,18,30,29,93,55,200,96,220,99,168,70,177,74,110,58,52,51,1530,394,33,30,0,14,279,199,27,33,5,7,62,62,51,50,315,175,69,50,108,72,396,103,71,32,114,64
1400000US06037910601,6412,852,1380,624,534,219,37,38,10,15,161,136,0,19,0,19,51,78,49,39,21,32,0,19,28,35,78,82,30,30,69,58,846,426,0,19,48,70,57,50,91,92,9,14,103,97,94,87,70,53,90,61,81,68,92,70,34,42,77,53,5032,654,2398,394,98,78,42,48,164,99,164,130,29,38,124,94,246,114,520,181,275,124,239,125,371,131,115,61,11,17,2634,398,76,65,42,53,330,166,74,66,47,55,13,20,304,134,490,189,272,143,413,143,252,116,216,100,105,78
1400000US06037910602,4553,748,801,503,411,283,66,102,43,51,0,14,0,14,0,14,0,14,26,40,33,51,0,14,60,70,35,58,0,14,148,157,390,276,17,30,0,14,103,121,0,14,0,14,32,50,26,40,41,50,77,74,58,95,22,27,9,15,5,8,3752,747,1674,331,64,77,142,117,104,105,23,34,28,35,35,60,297,236,339,151,106,76,225,134,135,87,141,69,35,53,2078,560,245,156,57,56,233,147,89,111,19,27,9,15,224,198,399,121,179,79,149,100,256,93,110,101,109,66
1400000US06037910605,4805,774,1356,604,732,407,19,30,45,70,52,40,118,113,0,14,149,154,0,14,37,41,92,64,170,160,30,34,0,14,20,36,624,330,44,70,112,133,20,32,119,103,0,14,0,14,39,39,108,84,34,31,102,88,14,23,6,11,26,37,3449,690,1967,456,97,85,29,41,133,88,139,94,51,68,29,48,141,67,313,132,273,141,214,102,282,89,182,113,84,100,1482,269,7,28,29,34,118,73,39,37,0,14,0,14,114,71,164,83,222,97,235,110,218,98,253,131,83,69
1400000US06037910606,3044,429,479,306,236,168,15,23,5,8,14,21,31,39,0,14,25,39,6,10,78,92,24,38,28,25,6,10,4,6,0,14,243,159,5,8,0,14,94,75,14,21,0,14,0,14,24,30,33,31,0,14,19,16,38,38,12,14,4,6,2565,336,1226,190,164,73,0,14,127,73,64,40,17,23,31,27,138,67,141,52,145,49,111,44,132,40,107,68,49,45,1339,183,22,22,47,30,59,38,83,53,7,11,72,56,175,57,221,83,97,45,198,56,131,40,186,63,41,23
1400000US06037910607,3998,627,993,436,447,266,0,14,0,14,183,194,7,17,0,14,17,24,0,14,45,63,57,67,50,47,67,67,0,14,21,27,546,290,119,120,0,14,46,63,45,63,11,20,0,14,0,14,96,66,39,43,38,44,49,54,96,105,7,14,3005,692,1493,298,84,85,0,14,146,110,116,80,0,14,86,85,90,73,352,161,148,72,134,80,206,110,105,72,26,32,1512,435,144,205,0,14,91,69,91,81,0,14,70,64,158,125,158,121,309,113,106,58,263,127,122,74,0,14
1400000US06037910608,3818,699,625,318,212,129,0,14,0,14,35,33,42,36,17,28,29,32,15,21,25,26,0,14,12,16,10,13,16,26,11,16,413,257,8,13,0,14,30,30,31,33,0,14,30,28,23,21,53,58,12,14,34,31,12,14,180,237,0,14,3193,615,1703,392,73,57,20,31,174,109,39,50,29,34,86,69,187,118,343,153,128,75,222,110,234,106,111,44,57,37,1490,312,45,41,8,18,103,63,93,62,0,14,14,16,195,88,312,153,90,60,131,61,177,67,257,211,65,44
1400000US06037910706,6676,839,500,312,143,93,12,19,0,19,41,48,0,19,0,19,0,19,52,57,6,14,9,17,23,35,0,19,0,19,0,19,357,240,76,91,0,19,85,69,0,19,0,19,0,19,22,35,33,43,29,35,63,55,8,15,38,33,3,3,6176,812,3055,527,122,81,45,52,233,107,257,130,115,78,224,125,123,69,399,139,645,221,334,138,370,120,151,79,37,47,3121,445,193,103,68,57,396,178,67,53,71,70,115,78,321,127,366,119,529,140,341,85,242,101,345,161,67,53
1400000US06037910707,5615,541,900,411,203,122,15,21,0,19,8,13,47,56,0,19,38,46,0,19,0,19,63,72,0,19,21,32,11,18,0,19,697,315,37,55,45,68,138,119,40,48,0,19,0,19,76,63,78,65,85,70,47,52,81,66,45,45,25,44,4715,553,2464,381,100,88,85,84,372,181,128,77,32,29,56,72,181,117,451,151,285,102,277,108,226,97,196,78,75,51,2251,291,149,91,45,56,141,90,173,82,62,81,46,47,241,123,272,119,326,116,344,107,226,74,175,101,51,44
1400000US06037910709,1682,236,119,89,58,56,10,14,0,14,8,13,0,14,0,14,0,14,0,14,8,12,12,17,0,14,0,14,13,20,7,10,61,48,0,14,0,14,0,14,0,14,0,14,0,14,0,14,24,36,11,16,2,5,0,14,0,14,24,35,1563,234,791,150,39,57,10,14,80,34,27,27,0,14,14,15,65,36,51,39,94,46,138,66,137,56,98,39,38,34,772,159,9,14,0,14,33,27,10,15,0,14,24,27,140,70,62,41,65,30,90,44,110,37,111,43,118,69
1400000US06037910712,3211,632,399,260,194,147,0,14,0,14,0,14,0,14,0,14,0,14,8,14,29,24,93,136,24,25,29,28,3,9,8,11,205,128,0,14,0,14,27,26,0,14,13,15,20,19,14,20,30,44,28,22,11,16,4,6,43,63,15,15,2812,634,1389,240,62,41,24,33,56,29,54,52,57,35,69,85,81,43,247,78,177,61,201,93,146,80,176,74,39,23,1423,433,62,38,0,14,160,113,45,31,22,20,14,13,131,65,265,217,119,48,265,116,163,56,110,51,67,35
1400000US06037910713,6788,1238,1691,950,740,499,184,224,0,19,131,103,41,50,53,71,40,48,46,41,0,19,55,74,27,32,54,54,102,162,7,14,951,542,57,58,28,44,133,101,118,100,0,19,20,33,115,116,189,149,76,64,114,90,85,106,16,20,0,19,5097,879,2740,556,122,79,42,35,179,132,164,95,26,40,92,92,377,99,469,250,301,146,291,120,366,143,264,82,47,39,2357,423,218,136,19,34,79,80,22,27,0,19,86,75,307,142,395,147,334,129,292,122,335,90,186,67,84,52
1400000US06037910714,4225,662,510,264,179,106,0,14,21,30,0,14,0,14,0,14,26,30,23,33,0,14,48,46,17,19,44,45,0,14,0,14,331,180,8,11,0,14,65,94,25,36,0,14,42,42,18,27,47,43,40,38,54,42,26,24,6,9,0,14,3715,705,2075,523,238,151,5,7,211,122,156,77,31,34,64,38,135,67,326,107,367,149,196,68,228,126,91,40,27,24,1640,253,109,72,20,17,120,65,97,69,19,21,36,26,165,83,302,115,249,93,201,71,150,63,147,62,25,28
1400000US06037910715,6676,766,1042,622,469,348,46,63,0,19,53,70,0,19,0,19,29,45,84,94,23,26,87,83,90,92,11,15,46,71,0,19,573,334,46,71,0,19,15,23,46,71,23,27,0,19,22,26,16,19,234,167,66,93,105,107,0,19,0,19,5634,866,3285,606,206,116,0,19,365,162,229,137,31,35,19,22,460,225,385,141,399,161,448,174,360,128,289,82,94,75,2349,408,262,211,97,100,96,100,106,98,20,23,0,19,266,117,297,115,315,141,307,98,250,107,257,105,76,61
1400000US06037910716,6445,887,823,607,481,404,98,119,0,19,77,94,67,95,0,19,0,19,0,19,105,95,11,26,77,94,15,25,31,50,0,19,342,228,0,19,10,19,89,99,14,25,0,19,16,31,0,19,0,19,71,88,0,19,72,66,56,73,14,19,5622,806,2636,471,351,174,0,19,271,122,198,153,9,16,14,17,278,155,406,151,254,95,330,125,310,130,93,58,122,73,2986,407,105,99,33,49,140,104,130,72,145,91,242,140,353,134,501,181,373,137,356,108,431,150,98,70,79,51
1400000US06037910717,2226,480,56,60,21,27,0,14,0,14,0,14,0,14,4,8,0,14,0,14,12,20,0,14,0,14,0,14,5,8,0,14,35,40,0,14,0,14,0,14,0,14,0,14,0,14,4,8,11,16,12,17,4,7,0,14,4,8,0,14,2170,474,1036,291,50,43,0,14,93,55,51,46,41,45,56,53,73,76,73,42,157,107,159,61,130,76,131,117,22,27,1134,270,90,81,0,14,110,72,16,23,12,22,0,14,150,56,226,117,99,49,112,51,233,137,47,34,39,36
1400000US06037910718,5210,730,525,290,230,144,42,61,0,19,0,19,0,19,67,91,10,18,20,25,40,46,40,38,0,19,11,19,0,19,0,19,295,206,29,46,0,19,10,19,10,19,0,19,0,19,36,43,82,72,8,18,64,55,11,17,0,19,45,62,4685,807,2416,498,72,61,12,21,163,82,325,210,0,19,52,43,245,205,477,127,249,90,267,159,362,109,97,67,95,70,2269,438,84,94,13,26,245,181,60,56,53,53,147,103,179,109,262,108,385,113,278,133,289,101,169,78,105,72
1400000US06037910719,4257,874,733,619,162,189,38,63,14,25,54,91,14,25,0,14,0,14,13,23,0,14,0,14,16,30,13,25,0,14,0,14,571,468,160,146,0,14,84,122,0,14,0,14,69,62,65,58,0,14,0,14,135,128,12,23,0,14,46,42,3524,635,1827,348,211,100,81,78,110,129,239,83,0,14,11,20,190,119,172,117,371,236,162,87,248,144,0,14,32,56,1697,439,40,50,0,14,156,144,84,66,94,125,0,14,129,103,266,137,259,196,325,148,163,96,64,73,117,89
1400000US06037910720,5223,1121,1389,1057,533,483,0,19,0,19,68,79,96,128,0,19,95,127,50,56,0,19,90,144,32,37,53,74,49,75,0,19,856,583,245,286,0,19,74,118,18,31,0,19,0,19,52,57,118,132,16,27,94,59,48,75,105,82,86,88,3834,599,1890,337,8,17,0,19,165,105,82,119,0,19,48,46,208,90,299,143,184,95,359,121,227,135,206,108,104,55,1944,364,65,105,10,16,305,115,67,52,49,46,82,85,111,92,279,138,100,74,297,131,190,75,144,64,245,171
1400000US06037910721,3905,1260,536,492,319,313,0,14,0,14,57,59,0,14,0,14,54,57,57,58,129,134,8,13,1,3,4,7,8,17,1,2,217,181,9,14,0,14,0,14,57,60,59,60,0,14,12,17,8,12,13,20,49,50,1,3,8,12,1,2,3369,1235,1752,786,78,73,0,14,305,407,27,38,25,42,31,49,155,74,266,130,451,446,177,98,189,100,43,36,5,9,1617,499,38,47,272,405,280,202,22,26,18,32,43,50,96,84,186,89,194,88,171,91,235,99,27,20,35,37
1400000US06037910804,2971,340,149,132,115,100,0,14,0,14,0,14,0,14,0,14,0,14,30,33,20,34,0,14,14,24,22,24,29,50,0,14,34,40,0,14,0,14,0,14,0,14,0,14,0,14,0,14,0,14,0,14,0,14,19,28,15,28,0,14,2822,356,1529,223,60,48,6,13,34,42,18,22,28,30,39,38,135,77,156,72,129,60,188,69,300,80,389,137,47,37,1293,205,49,56,54,50,72,63,24,31,51,48,26,42,101,63,138,82,173,68,152,62,263,74,165,73,25,28
1400000US06037910807,5877,754,795,590,299,259,0,19,40,56,40,56,0,19,0,19,87,122,9,16,0,19,35,37,68,109,0,19,20,26,0,19,496,338,0,19,0,19,71,112,65,101,0,19,0,19,84,108,0,19,51,57,129,110,0,19,92,61,4,8,5082,608,2697,394,107,57,33,45,207,80,65,54,28,37,129,88,316,121,275,109,340,98,408,131,443,158,240,85,106,54,2385,283,65,45,32,35,262,90,48,37,17,26,63,42,186,77,254,114,316,76,318,100,441,80,265,131,118,59
1400000US06037910808,4011,887,101,119,64,77,16,27,14,24,0,14,0,14,0,14,0,14,0,14,0,14,27,31,7,13,0,14,0,14,0,14,37,46,0,14,0,14,0,14,0,14,14,23,0,14,0,14,0,14,13,22,0,14,8,13,1,2,1,2,3910,906,1913,316,165,128,8,15,36,31,31,39,0,14,44,50,171,121,297,142,402,208,229,124,288,108,174,55,68,38,1997,676,79,75,31,34,424,350,73,59,0,14,0,14,258,162,104,54,274,158,181,103,200,70,233,116,140,151
1400000US06037910809,2231,343,251,145,95,84,0,14,0,14,15,20,0,14,0,14,0,14,13,18,14,20,14,20,7,10,28,34,4,6,0,14,156,91,0,14,0,14,15,20,0,14,0,14,0,14,31,31,26,32,46,74,0,14,33,34,0,14,5,9,1980,344,1022,205,56,46,0,14,101,49,89,49,38,39,0,14,21,22,62,43,132,41,50,30,254,116,128,41,91,33,958,162,27,35,0,14,15,19,51,40,20,21,16,18,87,48,12,14,117,36,96,46,222,98,187,53,108,56
1400000US06037910810,2914,618,161,87,74,51,0,14,0,14,0,14,0,14,0,14,0,14,16,22,22,31,0,14,7,12,12,13,17,19,0,14,87,53,0,14,0,14,0,14,0,14,0,14,0,14,29,28,6,10,0,14,7,11,39,41,6,9,0,14,2753,615,1547,419,30,30,19,31,193,166,117,153,40,40,52,49,124,77,221,94,169,67,279,94,189,57,101,61,13,15,1206,218,71,43,0,14,146,54,21,26,10,11,61,92,96,53,85,48,93,48,252,94,224,64,87,45,60,42
1400000US06037910814,3448,718,796,622,256,223,0,14,50,70,0,14,0,14,0,14,0,14,0,14,31,40,54,75,6,13,62,37,47,67,6,9,540,408,54,76,0,14,51,72,50,72,0,14,0,14,93,57,66,49,15,18,68,55,83,79,13,28,47,66,2652,443,1291,255,37,36,8,12,108,108,0,14,8,13,0,14,31,38,60,59,167,80,100,70,353,107,193,105,226,112,1361,275,0,14,0,14,46,52,42,34,34,32,0,14,24,37,212,113,62,46,203,119,387,102,108,54,243,133
1400000US06037910815,5056,629,715,399,438,266,0,19,0,19,9,13,8,14,8,13,0,19,19,23,64,85,34,35,96,133,99,93,94,121,7,11,277,157,0,19,0,19,9,14,0,19,0,19,0,19,43,74,0,19,59,76,32,25,23,25,111,125,0,19,4341,674,2234,366,109,90,25,39,164,85,79,94,28,42,11,21,120,90,229,115,312,167,366,165,302,108,352,154,137,64,2107,393,143,101,0,19,265,147,23,29,0,19,37,61,210,141,157,93,272,141,222,108,361,123,287,114,130,89
1400000US06037911001,3205,657,359,197,127,92,0,14,0,14,0,14,0,14,0,14,0,14,28,46,0,14,6,14,54,58,33,54,6,14,0,14,232,138,0,14,23,33,0,14,23,33,0,14,0,14,24,40,0,14,22,36,107,78,0,14,0,14,33,42,2846,666,1274,284,86,62,0,14,45,55,30,37,0,14,10,19,0,14,175,127,140,68,136,86,246,129,123,75,283,142,1572,417,132,103,0,14,153,95,0,14,8,14,33,46,135,122,169,100,86,55,104,65,233,118,358,123,161,116
1400000US06037911100,7125,937,1473,518,703,293,101,80,24,26,91,83,98,93,25,30,26,29,5,9,5,10,156,107,77,85,79,65,7,11,9,15,770,269,0,19,0,19,112,86,112,94,0,19,54,82,99,111,74,45,95,74,87,56,27,43,51,39,59,78,5652,1031,2869,517,142,109,25,44,212,117,128,103,47,37,101,95,436,280,226,117,414,206,447,173,415,183,251,132,25,28,2783,617,148,85,84,78,150,102,253,153,25,24,116,97,389,253,335,153,324,141,352,141,220,122,354,163,33,35
1400000US06037920013,7253,920,745,419,291,149,0,19,0,19,25,30,24,31,0,19,0,19,35,44,25,37,87,86,63,71,8,11,0,19,24,30,454,303,54,86,24,38,93,94,37,58,17,29,0,19,28,43,48,76,36,41,55,68,19,31,18,30,25,31,6508,1097,2936,461,229,111,30,36,187,113,153,130,140,143,52,43,231,129,349,180,290,114,428,141,425,175,310,149,112,68,3572,714,163,132,16,26,416,224,359,310,9,16,32,42,160,96,373,242,430,160,400,138,511,214,318,122,385,139
1400000US06037920015,6109,817,162,157,100,100,0,19,0,19,0,19,0,19,0,19,0,19,2,6,45,70,1,4,0,19,42,67,10,17,0,19,62,72,0,19,0,19,0,19,0,19,0,19,0,19,0,19,2,5,9,14,0,19,51,70,0,19,0,19,5947,837,2935,501,28,24,51,67,142,114,261,145,126,87,100,93,245,124,192,116,250,104,464,156,751,388,251,129,74,51,3012,459,145,82,17,23,118,89,51,58,50,46,170,113,371,179,240,139,323,134,576,183,621,345,283,126,47,42
1400000US06037920016,5319,1175,80,68,35,41,0,19,0,19,0,19,0,19,0,19,11,17,0,19,0,19,0,19,24,28,0,19,0,19,0,19,45,43,0,19,0,19,0,19,0,19,0,19,0,19,0,19,0,19,10,16,0,19,14,23,0,19,21,33,5239,1179,2453,435,70,65,27,30,320,161,60,51,74,61,109,57,234,97,194,138,286,56,362,152,334,83,264,224,119,57,2786,819,216,219,0,19,254,141,249,233,136,132,132,123,134,75,235,142,287,58,449,132,441,295,184,69,69,40
1400000US06037920017,4309,552,154,118,88,63,0,14,0,14,0,14,13,21,0,14,0,14,3,10,9,15,22,28,0,14,41,50,0,14,0,14,66,58,15,22,0,14,0,14,0,14,0,14,0,14,0,14,0,14,12,18,10,15,29,43,0,14,0,14,4155,578,2006,344,66,55,39,44,139,68,83,74,22,26,49,62,212,120,278,164,329,119,162,70,329,135,217,93,81,57,2149,306,96,67,40,40,167,116,113,87,0,14,75,89,119,101,317,79,407,142,75,57,382,162,215,74,143,71
1400000US06037920018,1892,319,144,149,87,90,0,14,0,14,3,6,0,14,0,14,21,30,31,36,0,14,3,6,15,22,8,11,6,12,0,14,57,60,0,14,0,14,23,33,0,14,0,14,0,14,0,14,3,6,0,14,16,23,9,12,6,11,0,14,1748,248,857,164,37,27,0,14,79,69,12,13,8,9,17,20,68,48,71,36,107,34,153,81,178,57,58,26,69,38,891,127,60,37,12,16,20,27,13,13,23,27,12,13,40,36,74,40,113,40,156,63,226,77,107,39,35,22
1400000US06037920020,5976,430,204,139,57,61,0,19,0,19,0,19,0,19,0,19,26,40,21,33,0,19,8,31,1,3,1,3,0,19,0,19,147,105,0,19,0,19,0,19,6,30,0,19,0,19,0,19,25,37,11,29,35,38,42,69,28,33,0,19,5772,479,2581,288,124,74,0,19,114,78,48,46,33,41,61,48,188,107,529,238,259,104,362,130,346,145,390,150,127,75,3191,433,210,135,13,23,222,202,141,91,81,104,105,91,268,138,294,179,465,110,413,169,452,208,417,148,110,80
1400000US06037920028,8490,2166,111,111,33,39,0,19,0,19,0,19,0,19,0,19,0,19,0,19,0,19,0,19,16,27,17,28,0,19,0,19,78,97,0,19,0,19,0,19,0,19,0,19,0,19,62,94,0,19,0,19,0,19,16,27,0,19,0,19,8379,2173,4664,1502,166,112,26,43,602,370,268,281,286,281,78,42,254,122,505,188,961,408,578,200,669,332,215,95,56,53,3715,749,67,61,70,106,397,218,124,83,57,55,94,63,193,136,532,348,568,281,681,230,566,354,227,91,139,69
1400000US06037920029,3309,507,147,109,66,57,0,14,0,14,0,14,0,14,0,14,0,14,0,14,35,47,18,28,13,19,0,14,0,14,0,14,81,62,0,14,0,14,0,14,0,14,0,14,0,14,0,14,24,38,0,14,0,14,11,16,27,26,19,32,3162,510,1582,328,175,171,20,29,49,52,103,99,31,29,37,43,122,68,78,55,298,171,199,106,109,81,272,122,89,69,1580,272,51,44,0,14,86,70,67,86,8,16,73,65,129,91,160,95,219,88,156,90,283,140,273,94,75,43
1400000US06037920030,5916,548,249,188,140,124,0,19,17,24,26,36,21,33,0,19,0,19,21,32,0,19,17,28,14,19,14,20,10,17,0,19,109,74,0,19,0,19,0,19,0,19,0,19,17,26,0,19,10,16,36,38,0,19,46,39,0,19,0,19,5667,547,2895,405,246,118,77,82,306,186,26,30,0,19,94,70,118,83,475,141,464,176,299,106,448,135,268,75,74,74,2772,301,260,113,59,82,177,113,40,44,41,64,74,73,83,63,429,113,423,113,493,130,329,126,303,107,61,54
1400000US06037920031,6326,1048,753,544,340,221,0,19,0,19,0,19,71,114,0,19,0,19,49,79,7,12,37,61,0,19,141,128,20,31,15,25,413,348,0,19,0,19,0,19,71,115,72,115,0,19,0,19,0,19,0,19,101,116,43,68,0,19,126,93,5573,974,2725,554,233,246,41,65,39,45,220,189,0,19,15,24,249,163,137,85,296,185,575,174,351,259,225,110,344,129,2848,626,111,103,19,30,111,168,86,75,40,54,47,46,38,35,122,83,404,221,396,187,228,110,532,254,714,240
1400000US06037920034,5245,464,278,181,116,130,11,20,0,19,11,18,31,52,0,19,0,19,0,19,11,18,10,18,40,65,2,5,0,19,0,19,162,113,0,19,0,19,0,19,0,19,0,19,0,19,15,23,19,25,0,19,62,57,33,12,32,52,1,7,4967,454,2501,277,334,139,13,22,224,119,87,106,0,19,41,38,183,82,385,192,457,115,308,107,273,109,91,50,105,59,2466,347,137,86,0,19,201,155,52,46,40,33,99,81,162,96,443,166,431,126,490,153,229,101,74,43,108,70
1400000US06037920035,8455,1651,1407,1279,850,929,429,654,0,19,147,230,14,23,0,19,0,19,89,105,65,97,0,19,75,108,0,19,20,33,11,19,557,381,0,19,0,19,0,19,124,194,0,19,19,31,57,89,118,183,82,138,110,117,47,46,0,19,0,19,7048,990,3735,661,177,119,69,63,496,252,173,108,0,19,0,19,140,109,666,327,861,305,358,181,419,202,138,78,238,130,3313,510,331,148,25,40,213,148,59,85,114,119,66,69,269,140,440,239,415,130,391,189,449,183,335,144,206,92
1400000US06037920038,4804,527,503,245,197,114,32,33,0,14,21,25,6,11,0,14,12,20,10,15,21,25,26,35,11,19,0,14,54,52,4,8,306,165,39,38,15,26,47,52,24,27,10,16,0,14,10,16,56,40,20,24,15,17,23,31,14,15,33,27,4301,581,2267,362,151,90,31,49,78,47,265,121,32,44,0,14,247,100,311,139,353,153,373,104,183,93,157,89,86,72,2034,330,61,58,0,14,82,83,109,74,60,50,55,44,297,98,299,116,295,104,290,93,201,100,177,73,108,73
1400000US06037920039,1661,179,115,64,39,33,6,10,0,14,6,9,0,14,0,14,0,14,0,14,0,14,0,14,0,14,14,19,6,8,7,13,76,42,0,14,0,14,0,14,0,14,0,14,0,14,6,10,12,14,19,26,0,14,0,14,8,13,31,31,1546,199,778,113,10,11,0,14,56,39,80,56,12,17,5,8,73,35,113,36,146,56,60,28,124,34,60,28,39,20,768,108,69,40,29,28,51,32,16,16,5,8,23,21,40,32,73,37,116,43,89,38,122,36,83,35,52,28
1400000US06037920040,2682,473,85,75,57,51,0,14,0,14,0,14,19,31,0,14,13,22,18,29,0,14,0,14,0,14,0,14,7,12,0,14,28,31,0,14,0,14,0,14,0,14,0,14,0,14,13,18,0,14,9,14,0,14,6,9,0,14,0,14,2597,469,1496,305,122,86,38,62,105,85,29,52,17,23,24,26,95,84,89,74,175,102,394,153,158,72,141,63,109,85,1101,227,41,68,17,30,76,86,63,52,0,14,21,25,74,56,102,81,136,84,201,88,164,68,55,35,151,95
1400000US06037920041,4065,391,437,327,251,208,96,119,0,14,5,10,0,14,0,14,0,14,79,94,31,38,0,14,17,19,7,11,11,12,5,8,186,143,24,40,0,14,17,25,7,13,0,14,0,14,85,99,8,12,0,14,5,10,16,18,5,7,19,27,3628,486,1799,301,206,144,28,24,158,99,73,52,9,16,89,60,102,83,398,96,218,90,240,84,188,98,50,29,40,43,1829,271,147,71,19,26,214,97,130,84,36,28,35,28,83,58,461,134,186,74,121,73,265,93,90,42,42,40
1400000US06037920042,7538,996,576,289,406,242,0,19,0,19,0,19,27,43,0,19,10,23,132,189,0,19,103,118,19,32,38,42,0,19,77,66,170,112,0,19,0,19,0,19,0,19,0,19,28,45,13,22,24,35,12,22,27,43,11,17,37,41,18,25,6962,986,3515,718,142,104,0,19,154,102,75,73,18,28,395,407,130,96,998,404,510,237,616,278,298,143,103,68,76,45,3447,473,332,171,0,19,145,89,0,19,0,19,80,81,423,256,598,241,538,219,698,236,215,107,207,83,211,109
1400000US06037920043,8892,885,535,362,347,267,21,37,0,19,187,267,0,19,0,19,0,19,0,19,0,19,19,28,32,35,54,57,17,25,17,29,188,111,0,19,0,19,21,30,21,30,0,19,0,19,0,19,0,19,83,85,0,19,10,14,18,29,35,39,8357,907,4374,498,399,235,0,19,376,133,228,141,102,95,292,171,392,149,402,131,627,237,823,203,403,165,180,82,150,76,3983,639,97,88,35,46,354,154,272,126,45,47,141,95,231,182,394,142,740,245,718,242,457,151,279,128,220,117
1400000US06037920044,2664,360,260,120,106,74,0,14,0,14,17,23,17,23,0,14,0,14,6,9,5,9,6,10,15,22,7,16,26,23,7,11,154,69,0,14,7,11,0,14,0,14,16,22,0,14,7,11,29,27,40,44,30,27,11,11,3,8,11,13,2404,353,1203,153,141,69,6,12,110,64,45,46,17,14,30,22,79,31,178,67,159,78,171,81,161,49,64,34,42,29,1201,249,51,30,16,24,114,65,47,34,8,10,89,73,58,28,161,90,163,65,153,61,185,45,109,54,47,39
1400000US06037920045,4554,520,127,116,13,20,0,14,0,14,0,14,0,14,0,14,0,14,0,14,0,14,0,14,0,14,0,14,13,20,0,14,114,111,0,14,0,14,0,14,0,14,0,14,30,42,0,14,41,67,0,14,31,44,0,14,12,19,0,14,4427,517,2145,351,112,84,26,31,153,98,149,90,11,17,68,41,118,73,197,141,388,128,377,111,264,110,188,77,94,44,2282,259,78,57,0,14,140,77,199,99,74,46,73,47,243,121,222,102,355,105,310,82,365,134,155,69,68,38
1400000US06037920046,1910,969,102,63,61,58,0,14,0,14,0,14,0,14,0,14,0,14,45,61,16,27,0,14,0,14,0,14,0,14,0,14,41,34,0,14,0,14,0,14,0,14,0,14,0,14,0,14,0,14,19,20,0,14,6,11,0,14,16,24,1808,969,844,349,90,54,45,45,37,45,0,14,0,14,7,13,114,123,261,221,76,53,22,25,131,111,36,27,25,40,964,659,111,143,0,14,7,14,119,175,7,13,9,14,154,148,197,185,55,40,23,29,235,163,23,20,24,24
1400000US06037920047,6579,1457,1202,740,499,331,0,19,0,19,151,138,60,97,0,19,0,19,124,124,38,60,8,24,96,106,0,19,22,37,0,19,703,468,101,123,0,19,138,130,0,19,37,59,0,19,116,124,188,147,9,26,69,84,45,50,0,19,0,19,5377,1523,2501,838,141,120,87,142,247,213,238,224,26,34,25,41,460,433,406,247,394,189,290,193,110,115,52,54,25,44,2876,869,282,247,0,19,248,253,79,98,122,163,91,136,404,185,583,281,360,187,475,271,116,108,116,87,0,19
1400000US06037920048,5433,496,553,277,257,124,11,18,0,19,12,13,0,19,3,5,3,6,17,19,78,73,10,24,18,23,35,30,70,59,0,19,296,179,41,62,0,19,19,18,3,7,7,11,0,19,0,19,15,18,104,82,52,68,26,24,23,27,6,10,4880,570,2634,372,230,162,42,67,168,101,94,71,11,14,111,54,194,86,225,100,463,128,407,141,373,114,215,149,101,59,2246,316,114,85,45,51,259,103,109,67,8,13,91,60,135,76,232,98,460,145,231,84,297,105,127,71,138,71
1400000US06037920049,6441,818,388,220,251,158,20,32,0,19,8,12,0,19,0,19,0,19,19,29,14,42,41,35,33,55,106,124,10,14,0,19,137,98,0,19,0,19,8,15,8,15,26,30,0,19,0,19,0,19,52,52,5,8,10,14,19,27,9,13,6053,827,2863,376,140,100,33,40,187,113,169,113,38,38,92,55,147,56,186,81,494,157,653,190,391,137,208,67,125,90,3190,530,119,99,84,68,374,182,68,57,43,35,173,90,175,99,263,210,577,161,546,179,477,174,224,66,67,45
1400000US06037920050,1090,138,191,76,127,65,0,14,0,14,0,14,0,14,0,14,0,14,0,14,0,14,27,32,3,6,53,46,31,24,13,20,64,32,0,14,0,14,0,14,0,14,0,14,0,14,0,14,0,14,4,7,10,15,35,25,15,15,0,14,899,135,447,86,7,12,15,19,0,14,0,14,3,6,12,13,6,10,68,39,82,65,49,31,88,34,107,41,10,12,452,98,16,20,7,13,23,20,24,21,9,13,7,14,18,21,112,53,22,17,38,37,136,70,36,21,4,7
1400000US06037920102,4694,559,405,237,234,159,58,57,0,14,0,14,0,14,27,29,0,14,20,59,9,15,59,60,52,67,0,14,9,14,0,14,171,109,0,14,0,14,0,14,0,14,0,14,27,29,18,22,32,40,0,14,34,31,38,56,0,14,22,25,4289,515,2236,297,154,112,66,64,85,82,113,96,25,27,117,83,207,106,198,103,291,117,270,109,294,113,290,162,126,102,2053,411,51,70,8,13,292,122,115,75,60,73,0,14,206,103,229,109,320,129,177,85,239,88,308,145,48,45
1400000US06037920104,2956,421,135,142,73,84,0,14,20,27,27,30,0,14,0,14,0,14,0,14,0,14,17,24,4,6,0,14,5,9,0,14,62,59,0,14,0,14,26,29,0,14,0,14,5,8,0,14,0,14,17,23,14,14,0,14,0,14,0,14,2821,413,1474,288,111,75,23,26,175,102,69,64,81,60,70,65,65,48,89,47,284,95,179,62,211,53,87,46,30,17,1347,167,118,73,8,13,67,44,119,88,3,6,33,23,82,49,163,77,247,89,122,51,240,51,68,34,77,38
1400000US06037920106,3716,852,210,97,135,68,8,12,0,14,2,4,0,14,0,14,0,14,7,10,41,51,24,28,5,7,17,19,31,31,0,14,75,56,0,14,0,14,2,4,0,14,0,14,0,14,23,26,31,50,2,4,0,14,4,6,13,19,0,14,3506,850,1846,379,97,60,5,7,250,151,106,72,6,10,70,79,233,94,179,135,217,80,293,107,191,74,150,49,49,32,1660,507,85,51,0,14,161,70,238,234,15,15,19,30,88,32,140,65,260,131,180,84,358,143,87,33,29,18
1400000US06037920109,4799,556,418,247,132,107,0,14,0,14,25,38,0,14,0,14,0,14,0,14,0,14,25,37,50,76,15,26,17,28,0,14,286,206,0,14,0,14,24,38,0,14,17,28,0,14,138,182,39,45,34,41,0,14,17,27,0,14,17,29,4381,585,2101,327,209,123,16,27,48,62,81,73,0,14,17,26,195,117,130,83,373,142,343,136,340,143,256,96,93,64,2280,365,215,136,23,42,93,84,36,37,0,14,48,50,184,138,214,93,250,75,329,121,440,169,252,118,196,91
1400000US06037920110,2825,425,411,293,299,214,45,52,14,21,60,63,0,14,0,14,30,42,0,14,14,22,0,14,0,14,9,14,127,116,0,14,112,135,0,14,0,14,18,28,16,25,0,14,0,14,0,14,25,31,12,20,3,9,0,14,38,40,0,14,2414,425,1208,229,73,56,13,20,42,37,55,49,0,14,13,24,82,46,215,166,186,72,167,93,257,88,79,34,26,34,1206,241,13,19,12,17,50,41,73,55,18,29,56,63,49,32,115,55,163,59,245,132,280,74,118,53,14,18
1400000US06037920111,3141,548,98,63,51,29,0,14,0,14,0,14,0,14,0,14,0,14,0,14,18,2,0,14,13,25,7,13,13,16,0,14,47,58,0,14,0,14,0,14,0,14,0,14,0,14,0,14,0,14,0,14,29,41,7,12,8,12,3,28,3043,558,1631,398,13,26,173,164,136,133,35,38,0,14,55,59,28,33,197,95,317,160,226,76,195,76,151,69,105,46,1412,215,53,50,23,29,74,55,99,59,0,14,20,27,52,48,170,129,242,100,235,61,184,84,159,59,101,61
1400000US06037920112,4224,523,355,230,141,86,0,14,0,14,0,14,17,26,0,14,0,14,16,19,0,14,30,38,0,14,17,18,55,41,6,11,214,151,0,14,0,14,0,14,42,47,0,14,20,33,18,27,0,14,22,35,13,15,7,11,64,50,28,18,3869,483,2072,335,117,57,0,14,124,95,144,77,14,20,45,41,125,57,180,106,184,59,436,150,234,106,273,138,196,96,1797,261,56,33,78,110,77,53,99,74,38,50,64,53,59,44,192,125,216,75,287,120,210,65,218,48,203,83
1400000US06037920114,5350,1030,344,313,233,298,0,19,0,19,0,19,0,19,0,19,0,19,204,297,13,23,0,19,0,19,0,19,0,19,16,27,111,103,0,19,0,19,0,19,0,19,0,19,0,19,14,43,25,47,0,19,55,59,0,19,17,28,0,19,5006,817,2028,417,88,124,30,42,31,48,74,60,26,30,0,19,242,244,395,154,249,105,239,110,461,144,142,87,51,47,2978,468,295,159,0,19,88,70,168,105,0,19,94,97,87,68,716,199,327,144,493,164,459,277,191,68,60,65
1400000US06037920115,4154,573,122,84,64,63,0,14,0,14,0,14,0,14,9,14,11,16,0,14,0,14,0,14,36,54,8,13,0,14,0,14,58,54,0,14,0,14,0,14,0,14,0,14,0,14,0,14,13,20,0,14,0,14,20,22,20,23,5,8,4032,576,1705,277,33,36,0,14,114,91,63,61,0,14,39,28,189,121,261,115,231,113,232,81,309,100,137,67,97,58,2327,468,40,37,20,22,223,152,96,85,6,10,15,17,204,127,172,109,285,138,263,131,408,106,378,258,217,194
1400000US06037920116,4606,407,397,322,222,178,0,14,0,14,37,56,0,14,39,56,0,14,33,50,0,14,0,14,14,22,65,64,34,52,0,14,175,182,0,14,0,14,37,58,0,14,0,14,0,14,0,14,0,14,33,51,73,79,0,14,32,49,0,14,4209,431,2064,240,86,54,33,40,165,67,50,46,10,25,29,30,153,67,430,144,277,93,213,82,386,106,151,65,81,44,2145,269,86,69,10,17,297,117,91,60,0,14,17,20,126,68,323,99,272,99,314,95,333,82,190,84,86,53
1400000US06037920118,6019,656,96,83,63,58,0,19,0,19,0,19,0,19,0,19,0,19,0,19,0,19,0,19,2,7,15,19,9,15,37,50,33,39,0,19,0,19,9,16,6,12,0,19,0,19,0,19,0,19,8,13,0,19,0,19,3,6,7,14,5923,675,2653,409,130,99,34,27,265,233,116,66,85,69,50,42,165,64,327,133,315,88,552,122,285,91,220,99,109,55,3270,350,244,125,63,63,193,89,150,92,110,81,136,74,213,102,437,216,454,112,535,131,388,119,292,75,55,37
1400000US06037920119,1902,219,166,154,84,86,0,14,0,14,42,52,12,17,0,14,0,14,0,14,0,14,0,14,19,21,5,9,0,14,6,10,82,70,0,14,11,17,0,14,11,17,0,14,20,21,5,9,0,14,8,13,9,15,5,9,7,10,6,10,1736,215,868,97,73,48,0,14,48,40,23,25,36,24,45,36,147,52,64,40,60,37,155,54,84,41,113,60,20,29,868,158,18,20,0,14,75,38,69,43,29,43,8,12,23,17,94,51,138,63,179,64,92,49,86,56,57,34
1400000US06037920120,3876,622,367,315,165,131,0,14,0,14,8,17,26,37,0,14,25,36,14,18,31,52,0,14,28,36,0,14,0,14,33,51,202,222,70,115,0,14,33,54,0,14,4,8,9,16,8,16,29,49,4,8,33,38,0,14,12,18,0,14,3509,642,1860,338,49,72,18,28,271,153,202,84,32,28,83,56,195,102,137,101,308,131,283,93,157,61,125,66,0,14,1649,343,58,73,0,14,248,136,95,68,12,16,132,84,84,58,48,40,290,127,312,92,240,62,81,55,49,37
1400000US06037920121,11249,970,446,344,142,160,11,17,0,21,0,21,0,21,39,60,31,36,21,34,0,21,0,21,40,62,0,21,0,21,0,21,304,268,0,21,0,21,87,134,0,21,0,21,0,21,20,33,97,122,10,16,61,60,0,21,29,46,0,21,10803,1023,5362,578,333,150,34,35,503,161,283,117,147,104,251,117,599,201,270,100,1079,191,920,195,586,170,215,62,142,146,5441,567,499,177,25,28,768,218,278,120,23,23,194,100,419,191,279,147,1126,174,1092,209,325,140,295,102,118,91
1400000US06037920200,0,14,0,14,0,14,0,14,0,14,0,14,0,14,0,14,0,14,0,14,0,14,0,14,0,14,0,14,0,14,0,14,0,14,0,14,0,14,0,14,0,14,0,14,0,14,0,14,0,14,0,14,0,14,0,14,0,14,0,14,0,14,0,14,0,14,0,14,0,14,0,14,0,14,0,14,0,14,0,14,0,14,0,14,0,14,0,14,0,14,0,14,0,14,0,14,0,14,0,14,0,14,0,14,0,14,0,14,0,14,0,14,0,14,0,14,0,14
1400000US06037920303,1704,224,119,86,72,57,0,14,0,14,8,13,7,11,0,14,0,14,3,5,9,12,9,15,14,16,12,17,10,15,0,14,47,46,0,14,0,14,0,14,6,9,0,14,14,16,9,13,0,14,9,13,0,14,0,14,9,13,0,14,1585,201,781,94,25,25,0,14,25,23,40,36,11,15,5,8,39,22,138,59,76,35,90,49,184,64,144,52,4,6,804,139,65,64,7,11,27,26,5,8,11,16,0,14,32,21,175,69,117,66,136,52,133,44,64,41,32,27
1400000US06037920312,5609,1625,478,380,135,97,0,19,0,19,0,19,0,19,0,19,0,19,32,40,40,50,36,56,0,19,0,19,27,27,0,19,343,306,0,19,0,19,99,152,47,73,0,19,0,19,0,19,24,37,38,60,0,19,54,62,12,18,69,64,5131,1593,2323,538,234,297,0,19,142,77,35,40,35,39,131,113,245,105,257,175,229,96,294,139,336,138,272,155,113,75,2808,1136,443,591,23,36,286,357,77,70,10,23,65,67,153,67,308,211,278,121,268,79,274,147,444,208,179,101
1400000US06037920313,5347,794,247,187,82,68,0,19,0,19,0,19,0,19,11,17,0,19,0,19,0,19,0,19,13,19,11,19,47,54,0,19,165,127,0,19,0,19,0,19,0,19,0,19,0,19,0,19,27,37,35,52,10,16,0,19,46,55,47,59,5100,816,2672,459,178,126,21,26,249,175,103,90,10,16,88,67,189,97,385,138,298,103,351,185,350,133,290,97,160,64,2428,420,155,103,0,19,238,106,83,119,52,60,27,41,143,62,396,147,408,193,273,105,376,97,153,45,124,71
1400000US06037920314,3250,526,334,414,69,72,0,14,0,14,0,14,0,14,0,14,0,14,0,14,14,17,0,14,0,14,46,66,0,14,9,14,265,346,0,14,0,14,10,16,47,74,0,14,0,14,74,100,44,69,4,8,49,64,0,14,0,14,37,41,2916,414,1495,296,177,174,54,57,116,60,38,38,36,39,45,40,111,58,190,98,129,53,179,97,224,78,133,62,63,42,1421,251,0,14,27,33,174,82,55,57,12,18,40,49,160,87,198,98,181,79,151,85,277,102,95,59,51,34
1400000US06037920322,2689,297,239,145,96,70,0,14,0,14,0,14,0,14,0,14,0,14,0,14,44,55,0,14,0,14,10,16,10,15,32,36,143,88,0,14,0,14,0,14,0,14,0,14,0,14,0,14,0,14,0,14,0,14,0,14,79,60,64,61,2450,347,1132,196,76,62,15,25,97,42,82,61,0,14,32,35,69,47,24,29,189,70,128,61,220,63,123,83,77,45,1318,188,88,61,35,35,55,38,8,14,22,27,64,46,161,70,155,75,90,49,229,65,228,106,87,51,96,46
1400000US06037920326,6971,746,204,168,76,98,23,37,0,19,20,30,0,19,0,19,0,19,0,19,0,19,16,25,0,19,17,33,0,19,0,19,128,94,0,19,0,19,17,28,0,19,0,19,0,19,0,19,47,56,12,19,0,19,0,19,29,37,23,37,6767,738,3246,392,126,96,0,19,130,102,250,185,41,34,73,94,232,116,344,185,471,167,596,209,649,212,169,94,165,116,3521,499,162,215,0,19,319,201,242,152,0,19,109,66,197,123,339,151,305,168,684,166,561,209,360,170,243,147
1400000US06037920328,1961,388,228,133,95,66,0,14,0,14,26,38,0,14,0,14,0,14,22,25,0,14,11,12,9,14,7,11,20,22,0,14,133,71,0,14,0,14,10,19,0,14,8,12,0,14,17,18,46,43,0,14,22,21,20,23,0,14,10,14,1733,395,914,158,21,21,11,17,52,37,60,76,5,8,7,11,27,23,106,59,160,59,121,49,204,79,58,32,82,29,819,255,59,44,9,13,35,48,110,136,13,16,18,18,7,10,127,53,57,34,97,37,146,86,47,26,94,35
1400000US06037920329,5091,1124,272,162,120,85,0,19,0,19,0,19,0,19,0,19,11,21,37,45,0,19,35,44,14,19,0,19,23,41,0,19,152,94,0,19,0,19,0,19,19,32,0,19,0,19,0,19,16,25,53,44,0,19,22,39,0,19,42,40,4819,1139,2582,728,158,118,34,50,63,51,41,43,14,24,16,26,264,158,516,316,367,234,163,99,621,333,205,98,120,67,2237,507,74,67,0,19,200,139,19,33,0,19,30,37,202,132,340,190,158,106,227,114,524,267,295,103,168,103
1400000US06037920330,4383,449,457,154,239,78,0,14,0,14,11,22,11,22,11,21,0,14,6,9,56,65,0,14,6,10,62,56,6,9,70,79,218,111,0,14,0,14,0,14,0,14,0,14,0,14,8,13,16,25,60,77,10,21,34,34,37,33,53,58,3926,457,1942,313,69,74,41,37,99,46,117,111,0,14,31,34,128,71,339,97,181,92,197,119,242,97,225,85,273,90,1984,214,107,55,0,14,0,14,35,37,25,38,69,76,0,14,293,100,243,98,304,147,306,103,345,105,257,90
1400000US06037920331,3787,537,208,122,83,64,0,14,0,14,8,13,0,14,0,14,0,14,15,23,0,14,26,50,16,31,15,22,0,14,3,5,125,72,0,14,0,14,0,14,0,14,0,14,0,14,0,14,0,14,17,21,0,14,31,37,40,43,37,33,3579,544,1592,298,149,173,16,28,88,55,14,23,4,10,18,24,159,112,137,75,379,112,204,89,166,86,156,67,102,46,1987,293,193,137,43,34,170,92,78,87,19,29,59,45,94,63,93,93,346,109,238,92,202,79,292,80,160,63
1400000US06037920332,1538,176,103,62,74,48,0,14,0,14,9,14,9,14,0,14,0,14,7,12,0,14,0,14,10,14,39,29,0,14,0,14,29,22,0,14,0,14,0,14,0,14,0,14,0,14,0,14,0,14,4,7,22,21,0,14,3,8,0,14,1435,183,690,105,41,35,0,14,17,19,24,28,25,24,6,10,89,38,90,40,73,31,98,44,121,52,67,36,39,25,745,113,33,27,4,11,50,30,24,28,0,14,12,15,62,31,76,42,94,41,145,46,104,42,76,29,65,36
1400000US06037920334,5729,684,361,259,162,170,0,19,0,19,0,19,0,19,0,19,0,19,3,8,5,13,52,83,15,24,53,85,34,42,0,19,199,117,0,19,0,19,0,19,0,19,0,19,0,19,16,26,0,19,32,37,38,43,0,19,46,49,67,79,5368,700,2410,421,247,191,0,19,208,163,21,33,24,39,39,44,187,138,158,121,276,121,426,184,324,132,224,119,276,204,2958,421,59,56,94,118,328,175,125,92,0,19,103,111,45,53,243,125,500,179,396,148,305,138,331,154,429,241
1400000US06037920338,5594,743,289,177,178,122,0,19,0,19,0,19,45,50,0,19,41,46,0,19,13,20,0,19,12,19,31,35,17,21,19,28,111,86,0,19,0,19,16,25,17,25,0,19,0,19,0,19,0,19,0,19,56,50,16,20,0,19,6,10,5305,754,2576,401,163,124,44,42,292,138,125,56,36,32,68,38,113,61,187,147,213,62,592,130,435,101,202,81,106,74,2729,429,267,216,22,26,194,99,190,96,23,22,155,85,165,81,191,100,307,53,443,100,463,95,197,82,112,54
1400000US06037920339,10017,1349,391,422,159,251,0,21,0,21,0,21,0,21,0,21,0,21,71,113,0,21,0,21,88,139,0,21,0,21,0,21,232,190,0,21,0,21,0,21,0,21,0,21,0,21,0,21,16,26,0,21,203,188,13,21,0,21,0,21,9626,1336,4828,609,684,336,13,23,330,139,202,145,63,54,164,81,408,211,485,184,688,193,950,330,580,135,107,65,154,66,4798,918,219,180,0,21,594,272,363,176,307,291,218,158,249,165,239,112,1104,324,704,262,552,134,124,85,125,68
1400000US06037920340,2652,459,588,463,224,138,9,15,0,14,16,19,0,14,0,14,42,42,45,42,49,49,45,47,8,13,10,14,0,14,0,14,364,346,29,42,0,14,78,82,70,80,0,14,0,14,50,71,18,18,77,76,17,19,11,17,7,13,7,13,2064,260,1027,180,45,44,22,21,101,73,38,41,10,11,26,29,140,68,203,81,135,50,119,37,81,37,67,40,40,28,1037,163,86,98,29,31,122,64,35,28,0,14,15,17,78,39,119,59,193,68,122,37,129,58,65,40,44,34
1400000US06037920341,2885,414,493,361,184,125,27,38,0,14,18,30,16,24,34,54,16,24,29,36,38,37,0,14,6,10,0,14,0,14,0,14,309,260,20,30,0,14,57,67,40,56,16,24,37,53,29,28,18,25,69,68,23,24,0,14,0,14,0,14,2392,343,1079,212,67,49,0,14,87,46,67,58,12,15,40,36,152,81,143,64,174,79,102,46,189,88,23,29,23,22,1313,264,12,16,0,14,201,144,107,73,50,45,25,23,165,73,237,93,197,73,176,57,105,46,25,22,13,16
1400000US06037920342,2977,616,200,201,115,127,47,76,0,14,19,29,0,14,0,14,18,27,0,14,25,38,6,10,0,14,0,14,0,14,0,14,85,90,0,14,0,14,0,14,0,14,0,14,18,28,19,31,0,14,16,26,0,14,14,22,18,27,0,14,2777,649,1548,385,122,111,0,14,170,129,90,65,27,32,31,43,168,81,265,108,304,181,206,115,110,57,46,33,9,12,1229,318,24,24,0,14,39,39,97,93,8,12,115,112,111,59,345,170,199,117,183,76,75,49,20,21,13,15
1400000US06037920343,4090,574,264,182,136,109,30,53,0,14,0,14,0,14,0,14,0,14,39,46,2,5,53,80,0,14,12,28,0,14,0,14,128,105,0,14,0,14,0,14,0,14,0,14,31,46,31,46,15,23,39,44,0,14,12,27,0,14,0,14,3826,560,1787,336,51,60,22,25,157,133,49,60,91,72,71,67,155,114,332,140,276,132,274,138,166,90,128,68,15,25,2039,338,127,86,0,14,69,72,282,83,0,14,195,81,183,154,380,126,352,162,280,90,61,41,64,61,46,53
1400000US06037930400,1009,236,142,85,108,75,0,14,2,5,0,14,0,14,0,14,0,14,0,14,26,66,3,4,19,19,12,13,39,56,7,10,34,26,7,9,0,14,0,14,0,14,0,14,0,14,0,14,1,4,0,14,2,4,13,15,11,12,0,14,867,222,414,139,0,14,0,14,37,35,14,20,16,25,17,25,45,46,10,14,38,34,18,17,93,43,103,72,23,25,453,139,8,12,0,14,37,35,0,14,5,8,13,14,9,14,80,74,45,34,91,56,86,48,31,24,48,28
1400000US06037980001,0,14,0,14,0,14,0,14,0,14,0,14,0,14,0,14,0,14,0,14,0,14,0,14,0,14,0,14,0,14,0,14,0,14,0,14,0,14,0,14,0,14,0,14,0,14,0,14,0,14,0,14,0,14,0,14,0,14,0,14,0,14,0,14,0,14,0,14,0,14,0,14,0,14,0,14,0,14,0,14,0,14,0,14,0,14,0,14,0,14,0,14,0,14,0,14,0,14,0,14,0,14,0,14,0,14,0,14,0,14,0,14,0,14,0,14,0,14
1400000US06037980002,0,14,0,14,0,14,0,14,0,14,0,14,0,14,0,14,0,14,0,14,0,14,0,14,0,14,0,14,0,14,0,14,0,14,0,14,0,14,0,14,0,14,0,14,0,14,0,14,0,14,0,14,0,14,0,14,0,14,0,14,0,14,0,14,0,14,0,14,0,14,0,14,0,14,0,14,0,14,0,14,0,14,0,14,0,14,0,14,0,14,0,14,0,14,0,14,0,14,0,14,0,14,0,14,0,14,0,14,0,14,0,14,0,14,0,14,0,14
1400000US06037980003,0,14,0,14,0,14,0,14,0,14,0,14,0,14,0,14,0,14,0,14,0,14,0,14,0,14,0,14,0,14,0,14,0,14,0,14,0,14,0,14,0,14,0,14,0,14,0,14,0,14,0,14,0,14,0,14,0,14,0,14,0,14,0,14,0,14,0,14,0,14,0,14,0,14,0,14,0,14,0,14,0,14,0,14,0,14,0,14,0,14,0,14,0,14,0,14,0,14,0,14,0,14,0,14,0,14,0,14,0,14,0,14,0,14,0,14,0,14
1400000US06037980004,0,14,0,14,0,14,0,14,0,14,0,14,0,14,0,14,0,14,0,14,0,14,0,14,0,14,0,14,0,14,0,14,0,14,0,14,0,14,0,14,0,14,0,14,0,14,0,14,0,14,0,14,0,14,0,14,0,14,0,14,0,14,0,14,0,14,0,14,0,14,0,14,0,14,0,14,0,14,0,14,0,14,0,14,0,14,0,14,0,14,0,14,0,14,0,14,0,14,0,14,0,14,0,14,0,14,0,14,0,14,0,14,0,14,0,14,0,14
1400000US06037980005,0,14,0,14,0,14,0,14,0,14,0,14,0,14,0,14,0,14,0,14,0,14,0,14,0,14,0,14,0,14,0,14,0,14,0,14,0,14,0,14,0,14,0,14,0,14,0,14,0,14,0,14,0,14,0,14,0,14,0,14,0,14,0,14,0,14,0,14,0,14,0,14,0,14,0,14,0,14,0,14,0,14,0,14,0,14,0,14,0,14,0,14,0,14,0,14,0,14,0,14,0,14,0,14,0,14,0,14,0,14,0,14,0,14,0,14,0,14
1400000US06037980006,0,14,0,14,0,14,0,14,0,14,0,14,0,14,0,14,0,14,0,14,0,14,0,14,0,14,0,14,0,14,0,14,0,14,0,14,0,14,0,14,0,14,0,14,0,14,0,14,0,14,0,14,0,14,0,14,0,14,0,14,0,14,0,14,0,14,0,14,0,14,0,14,0,14,0,14,0,14,0,14,0,14,0,14,0,14,0,14,0,14,0,14,0,14,0,14,0,14,0,14,0,14,0,14,0,14,0,14,0,14,0,14,0,14,0,14,0,14
1400000US06037980007,0,14,0,14,0,14,0,14,0,14,0,14,0,14,0,14,0,14,0,14,0,14,0,14,0,14,0,14,0,14,0,14,0,14,0,14,0,14,0,14,0,14,0,14,0,14,0,14,0,14,0,14,0,14,0,14,0,14,0,14,0,14,0,14,0,14,0,14,0,14,0,14,0,14,0,14,0,14,0,14,0,14,0,14,0,14,0,14,0,14,0,14,0,14,0,14,0,14,0,14,0,14,0,14,0,14,0,14,0,14,0,14,0,14,0,14,0,14
1400000US06037980008,106,158,95,164,39,66,0,14,0,14,19,33,0,14,0,14,0,14,0,14,20,33,0,14,0,14,0,14,0,14,0,14,56,98,0,14,0,14,39,68,0,14,0,14,0,14,0,14,17,30,0,14,0,14,0,14,0,14,0,14,11,15,5,7,0,14,0,14,0,14,0,14,0,14,0,14,0,14,0,14,0,14,0,14,0,14,5,7,0,14,6,8,0,14,0,14,0,14,0,14,0,14,0,14,0,14,0,14,0,14,0,14,6,8,0,14,0,14
1400000US06037980009,0,14,0,14,0,14,0,14,0,14,0,14,0,14,0,14,0,14,0,14,0,14,0,14,0,14,0,14,0,14,0,14,0,14,0,14,0,14,0,14,0,14,0,14,0,14,0,14,0,14,0,14,0,14,0,14,0,14,0,14,0,14,0,14,0,14,0,14,0,14,0,14,0,14,0,14,0,14,0,14,0,14,0,14,0,14,0,14,0,14,0,14,0,14,0,14,0,14,0,14,0,14,0,14,0,14,0,14,0,14,0,14,0,14,0,14,0,14
1400000US06037980010,182,64,68,74,32,38,0,14,0,14,0,14,0,14,0,14,0,14,6,7,0,14,0,14,0,14,0,14,26,37,0,14,36,37,0,14,0,14,0,14,0,14,0,14,0,14,0,14,0,14,1,2,1,2,30,37,4,6,0,14,114,78,47,31,0,14,0,14,5,7,5,7,0,14,0,14,0,14,10,11,0,14,9,15,9,9,9,9,0,14,67,53,10,18,0,14,5,7,0,14,0,14,0,14,11,16,10,11,12,18,0,14,11,11,3,6,5,7
1400000US06037980011,121,64,7,114,7,114,0,14,0,14,0,14,0,14,0,14,0,14,0,14,0,14,0,14,4,63,0,14,3,55,0,14,0,14,0,14,0,14,0,14,0,14,0,14,0,14,0,14,0,14,0,14,0,14,0,14,0,14,0,14,114,137,88,108,0,14,0,14,0,14,0,14,0,14,0,14,0,14,21,26,15,23,22,27,16,25,14,21,0,14,26,31,0,14,0,14,0,14,0,14,0,14,0,14,0,14,0,14,0,14,19,24,0,14,7,11,0,14
1400000US06037980012,0,14,0,14,0,14,0,14,0,14,0,14,0,14,0,14,0,14,0,14,0,14,0,14,0,14,0,14,0,14,0,14,0,14,0,14,0,14,0,14,0,14,0,14,0,14,0,14,0,14,0,14,0,14,0,14,0,14,0,14,0,14,0,14,0,14,0,14,0,14,0,14,0,14,0,14,0,14,0,14,0,14,0,14,0,14,0,14,0,14,0,14,0,14,0,14,0,14,0,14,0,14,0,14,0,14,0,14,0,14,0,14,0,14,0,14,0,14
1400000US06037980013,0,14,0,14,0,14,0,14,0,14,0,14,0,14,0,14,0,14,0,14,0,14,0,14,0,14,0,14,0,14,0,14,0,14,0,14,0,14,0,14,0,14,0,14,0,14,0,14,0,14,0,14,0,14,0,14,0,14,0,14,0,14,0,14,0,14,0,14,0,14,0,14,0,14,0,14,0,14,0,14,0,14,0,14,0,14,0,14,0,14,0,14,0,14,0,14,0,14,0,14,0,14,0,14,0,14,0,14,0,14,0,14,0,14,0,14,0,14
1400000US06037980014,38,58,38,58,7,13,0,14,0,14,0,14,0,14,0,14,0,14,0,14,0,14,7,13,0,14,0,14,0,14,0,14,31,45,0,14,0,14,0,14,0,14,0,14,0,14,0,14,0,14,0,14,0,14,10,11,0,14,21,35,0,14,0,14,0,14,0,14,0,14,0,14,0,14,0,14,0,14,0,14,0,14,0,14,0,14,0,14,0,14,0,14,0,14,0,14,0,14,0,14,0,14,0,14,0,14,0,14,0,14,0,14,0,14,0,14,0,14
1400000US06037980015,1375,174,349,155,205,106,28,40,0,14,15,24,13,21,0,14,0,14,0,14,14,21,86,100,4,11,14,39,31,68,0,14,144,97,0,14,0,14,15,24,0,14,0,14,0,14,0,14,61,134,35,33,0,14,33,62,0,14,0,14,1026,132,499,110,43,46,0,14,56,29,18,19,0,14,0,14,68,44,64,32,138,53,103,53,9,10,0,14,0,14,527,116,39,31,0,14,0,14,0,14,0,14,24,34,40,64,107,48,169,56,85,52,38,35,0,14,25,27
1400000US06037980016,331,148,24,23,11,13,0,14,0,14,0,14,0,14,0,14,5,8,0,14,3,4,3,5,0,14,0,14,0,14,0,14,13,12,0,14,0,14,0,14,0,14,0,14,4,4,0,14,0,14,0,14,0,14,5,7,4,5,0,14,307,140,119,48,0,14,2,2,28,30,8,9,2,3,8,11,7,10,15,11,14,9,7,8,2,2,14,11,12,8,188,101,8,9,2,2,15,13,16,26,2,2,0,14,20,13,15,8,38,28,9,9,9,11,45,41,9,7
1400000US06037980017,1054,156,744,221,663,264,0,14,0,14,19,29,0,14,0,14,18,28,17,41,77,108,16,30,142,182,81,92,209,165,84,171,81,87,0,14,0,14,0,14,0,14,0,14,0,14,0,14,35,87,46,75,0,14,0,14,0,14,0,14,310,218,229,210,7,13,0,14,0,14,0,14,0,14,0,14,0,14,46,90,24,49,35,65,55,113,14,33,48,83,81,98,11,18,0,14,16,27,0,14,0,14,0,14,0,14,5,6,19,26,30,70,0,14,0,14,0,14
1400000US06037980018,0,14,0,14,0,14,0,14,0,14,0,14,0,14,0,14,0,14,0,14,0,14,0,14,0,14,0,14,0,14,0,14,0,14,0,14,0,14,0,14,0,14,0,14,0,14,0,14,0,14,0,14,0,14,0,14,0,14,0,14,0,14,0,14,0,14,0,14,0,14,0,14,0,14,0,14,0,14,0,14,0,14,0,14,0,14,0,14,0,14,0,14,0,14,0,14,0,14,0,14,0,14,0,14,0,14,0,14,0,14,0,14,0,14,0,14,0,14
1400000US06037980019,133,67,19,29,19,29,0,14,0,14,0,14,0,14,0,14,0,14,0,14,19,29,0,14,0,14,0,14,0,14,0,14,0,14,0,14,0,14,0,14,0,14,0,14,0,14,0,14,0,14,0,14,0,14,0,14,0,14,0,14,114,57,53,36,9,12,0,14,0,14,7,10,0,14,0,14,0,14,0,14,6,9,7,11,5,9,13,13,6,9,61,29,0,14,0,14,0,14,0,14,0,14,0,14,6,10,0,14,31,30,6,9,12,13,6,9,0,14
1400000US06037980020,0,14,0,14,0,14,0,14,0,14,0,14,0,14,0,14,0,14,0,14,0,14,0,14,0,14,0,14,0,14,0,14,0,14,0,14,0,14,0,14,0,14,0,14,0,14,0,14,0,14,0,14,0,14,0,14,0,14,0,14,0,14,0,14,0,14,0,14,0,14,0,14,0,14,0,14,0,14,0,14,0,14,0,14,0,14,0,14,0,14,0,14,0,14,0,14,0,14,0,14,0,14,0,14,0,14,0,14,0,14,0,14,0,14,0,14,0,14
1400000US06037980021,2,3,1,2,0,14,0,14,0,14,0,14,0,14,0,14,0,14,0,14,0,14,0,14,0,14,0,14,0,14,0,14,1,2,0,14,0,14,0,14,0,14,0,14,0,14,0,14,1,2,0,14,0,14,0,14,0,14,0,14,1,2,1,2,0,14,0,14,0,14,0,14,0,14,0,14,0,14,0,14,0,14,1,2,0,14,0,14,0,14,0,14,0,14,0,14,0,14,0,14,0,14,0,14,0,14,0,14,0,14,0,14,0,14,0,14,0,14
1400000US06037980022,0,14,0,14,0,14,0,14,0,14,0,14,0,14,0,14,0,14,0,14,0,14,0,14,0,14,0,14,0,14,0,14,0,14,0,14,0,14,0,14,0,14,0,14,0,14,0,14,0,14,0,14,0,14,0,14,0,14,0,14,0,14,0,14,0,14,0,14,0,14,0,14,0,14,0,14,0,14,0,14,0,14,0,14,0,14,0,14,0,14,0,14,0,14,0,14,0,14,0,14,0,14,0,14,0,14,0,14,0,14,0,14,0,14,0,14,0,14
1400000US06037980023,63,90,0,14,0,14,0,14,0,14,0,14,0,14,0,14,0,14,0,14,0,14,0,14,0,14,0,14,0,14,0,14,0,14,0,14,0,14,0,14,0,14,0,14,0,14,0,14,0,14,0,14,0,14,0,14,0,14,0,14,63,90,63,90,22,32,0,14,0,14,0,14,0,14,0,14,0,14,0,14,0,14,41,58,0,14,0,14,0,14,0,14,0,14,0,14,0,14,0,14,0,14,0,14,0,14,0,14,0,14,0,14,0,14,0,14,0,14
1400000US06037980024,222,152,27,33,27,33,0,14,0,14,0,14,0,14,0,14,0,14,21,31,0,14,0,14,0,14,0,14,6,9,0,14,0,14,0,14,0,14,0,14,0,14,0,14,0,14,0,14,0,14,0,14,0,14,0,14,0,14,0,14,195,153,75,75,0,14,0,14,0,14,23,36,0,14,0,14,0,14,0,14,36,38,0,14,4,5,12,13,0,14,120,82,8,11,0,14,14,21,28,38,0,14,0,14,3,4,22,35,17,14,3,4,13,14,0,14,12,10
1400000US06037980025,483,210,27,33,8,13,0,14,0,14,0,14,0,14,0,14,0,14,0,14,8,13,0,14,0,14,0,14,0,14,0,14,19,31,0,14,0,14,0,14,0,14,0,14,0,14,19,31,0,14,0,14,0,14,0,14,0,14,0,14,456,210,142,86,0,14,6,10,8,12,0,14,0,14,0,14,0,14,29,46,8,12,0,14,23,21,44,31,24,29,314,142,8,12,0,14,0,14,0,14,0,14,0,14,24,38,104,61,22,24,71,67,36,39,49,40,0,14
1400000US06037980026,23,18,5,7,0,14,0,14,0,14,0,14,0,14,0,14,0,14,0,14,0,14,0,14,0,14,0,14,0,14,0,14,5,7,0,14,0,14,0,14,0,14,0,14,0,14,0,14,5,7,0,14,0,14,0,14,0,14,0,14,18,20,8,9,0,14,0,14,0,14,0,14,0,14,0,14,0,14,0,14,0,14,0,14,8,9,0,14,0,14,10,12,0,14,0,14,0,14,0,14,0,14,0,14,0,14,0,14,0,14,10,12,0,14,0,14,0,14
1400000US06037980028,0,14,0,14,0,14,0,14,0,14,0,14,0,14,0,14,0,14,0,14,0,14,0,14,0,14,0,14,0,14,0,14,0,14,0,14,0,14,0,14,0,14,0,14,0,14,0,14,0,14,0,14,0,14,0,14,0,14,0,14,0,14,0,14,0,14,0,14,0,14,0,14,0,14,0,14,0,14,0,14,0,14,0,14,0,14,0,14,0,14,0,14,0,14,0,14,0,14,0,14,0,14,0,14,0,14,0,14,0,14,0,14,0,14,0,14,0,14
1400000US06037980030,0,14,0,14,0,14,0,14,0,14,0,14,0,14,0,14,0,14,0,14,0,14,0,14,0,14,0,14,0,14,0,14,0,14,0,14,0,14,0,14,0,14,0,14,0,14,0,14,0,14,0,14,0,14,0,14,0,14,0,14,0,14,0,14,0,14,0,14,0,14,0,14,0,14,0,14,0,14,0,14,0,14,0,14,0,14,0,14,0,14,0,14,0,14,0,14,0,14,0,14,0,14,0,14,0,14,0,14,0,14,0,14,0,14,0,14,0,14
1400000US06037980031,16,16,0,14,0,14,0,14,0,14,0,14,0,14,0,14,0,14,0,14,0,14,0,14,0,14,0,14,0,14,0,14,0,14,0,14,0,14,0,14,0,14,0,14,0,14,0,14,0,14,0,14,0,14,0,14,0,14,0,14,16,16,6,9,0,14,0,14,0,14,0,14,0,14,0,14,0,14,0,14,0,14,0,14,6,9,0,14,0,14,10,13,0,14,0,14,0,14,0,14,0,14,0,14,0,14,0,14,5,7,0,14,5,7,0,14,0,14
1400000US06037980033,18,7,12,10,9,11,0,14,0,14,0,14,0,14,0,14,0,14,0,14,6,5,0,14,3,8,0,14,0,14,0,14,3,7,0,14,0,14,0,14,0,14,0,14,0,14,3,7,0,14,0,14,0,14,0,14,0,14,0,14,6,5,6,5,0,14,0,14,0,14,0,14,0,14,0,14,0,14,0,14,0,14,3,7,0,14,0,14,3,7,0,14,0,14,0,14,0,14,0,14,0,14,0,14,0,14,0,14,0,14,0,14,0,14,0,14,0,14
1400000US06037980034,0,14,0,14,0,14,0,14,0,14,0,14,0,14,0,14,0,14,0,14,0,14,0,14,0,14,0,14,0,14,0,14,0,14,0,14,0,14,0,14,0,14,0,14,0,14,0,14,0,14,0,14,0,14,0,14,0,14,0,14,0,14,0,14,0,14,0,14,0,14,0,14,0,14,0,14,0,14,0,14,0,14,0,14,0,14,0,14,0,14,0,14,0,14,0,14,0,14,0,14,0,14,0,14,0,14,0,14,0,14,0,14,0,14,0,14,0,14
1400000US06037980035,671,204,20,19,5,4,0,14,0,14,0,14,0,14,0,14,0,14,0,14,0,14,2,3,0,14,1,3,2,2,0,14,15,18,0,14,0,14,0,14,0,14,0,14,0,14,11,17,0,14,4,7,0,14,0,14,0,14,0,14,651,201,343,117,24,24,2,3,9,8,28,30,0,14,19,24,63,50,23,21,41,29,32,25,68,43,16,24,18,19,308,98,25,25,0,14,8,8,8,8,0,14,0,14,50,36,21,19,45,34,24,22,76,42,18,19,33,26
1400000US06037980036,557,398,50,59,12,17,0,14,0,14,0,14,0,14,0,14,0,14,0,14,0,14,0,14,0,14,12,17,0,14,0,14,38,57,0,14,0,14,0,14,0,14,0,14,0,14,0,14,0,14,0,14,0,14,0,14,0,14,38,57,507,354,235,164,6,9,0,14,22,35,20,32,0,14,17,27,0,14,17,15,36,40,94,88,12,13,11,11,0,14,272,219,5,9,0,14,26,31,53,78,0,14,42,64,0,14,11,12,40,40,41,56,19,17,31,33,4,7
1400000US06037980037,0,14,0,14,0,14,0,14,0,14,0,14,0,14,0,14,0,14,0,14,0,14,0,14,0,14,0,14,0,14,0,14,0,14,0,14,0,14,0,14,0,14,0,14,0,14,0,14,0,14,0,14,0,14,0,14,0,14,0,14,0,14,0,14,0,14,0,14,0,14,0,14,0,14,0,14,0,14,0,14,0,14,0,14,0,14,0,14,0,14,0,14,0,14,0,14,0,14,0,14,0,14,0,14,0,14,0,14,0,14,0,14,0,14,0,14,0,14
1400000US06037980038,0,14,0,14,0,14,0,14,0,14,0,14,0,14,0,14,0,14,0,14,0,14,0,14,0,14,0,14,0,14,0,14,0,14,0,14,0,14,0,14,0,14,0,14,0,14,0,14,0,14,0,14,0,14,0,14,0,14,0,14,0,14,0,14,0,14,0,14,0,14,0,14,0,14,0,14,0,14,0,14,0,14,0,14,0,14,0,14,0,14,0,14,0,14,0,14,0,14,0,14,0,14,0,14,0,14,0,14,0,14,0,14,0,14,0,14,0,14
1400000US06037980039,0,14,0,14,0,14,0,14,0,14,0,14,0,14,0,14,0,14,0,14,0,14,0,14,0,14,0,14,0,14,0,14,0,14,0,14,0,14,0,14,0,14,0,14,0,14,0,14,0,14,0,14,0,14,0,14,0,14,0,14,0,14,0,14,0,14,0,14,0,14,0,14,0,14,0,14,0,14,0,14,0,14,0,14,0,14,0,14,0,14,0,14,0,14,0,14,0,14,0,14,0,14,0,14,0,14,0,14,0,14,0,14,0,14,0,14,0,14
1400000US06037990100,0,14,0,14,0,14,0,14,0,14,0,14,0,14,0,14,0,14,0,14,0,14,0,14,0,14,0,14,0,14,0,14,0,14,0,14,0,14,0,14,0,14,0,14,0,14,0,14,0,14,0,14,0,14,0,14,0,14,0,14,0,14,0,14,0,14,0,14,0,14,0,14,0,14,0,14,0,14,0,14,0,14,0,14,0,14,0,14,0,14,0,14,0,14,0,14,0,14,0,14,0,14,0,14,0,14,0,14,0,14,0,14,0,14,0,14,0,14
1400000US06037990200,0,14,0,14,0,14,0,14,0,14,0,14,0,14,0,14,0,14,0,14,0,14,0,14,0,14,0,14,0,14,0,14,0,14,0,14,0,14,0,14,0,14,0,14,0,14,0,14,0,14,0,14,0,14,0,14,0,14,0,14,0,14,0,14,0,14,0,14,0,14,0,14,0,14,0,14,0,14,0,14,0,14,0,14,0,14,0,14,0,14,0,14,0,14,0,14,0,14,0,14,0,14,0,14,0,14,0,14,0,14,0,14,0,14,0,14,0,14
1400000US06037990300,0,14,0,14,0,14,0,14,0,14,0,14,0,14,0,14,0,14,0,14,0,14,0,14,0,14,0,14,0,14,0,14,0,14,0,14,0,14,0,14,0,14,0,14,0,14,0,14,0,14,0,14,0,14,0,14,0,14,0,14,0,14,0,14,0,14,0,14,0,14,0,14,0,14,0,14,0,14,0,14,0,14,0,14,0,14,0,14,0,14,0,14,0,14,0,14,0,14,0,14,0,14,0,14,0,14,0,14,0,14,0,14,0,14,0,14,0,14
